system,rule,strategy,fraction,treatment,assessed,cec,cec_survival,prob_ruin,prob_ruin_survival,mean_consumption,p5_consumption,median_bequest,moneys_worth
us_social_security,fixed_real_rule,balanced_all_equity,0.0,exempt from the assets test,0.0,1.0479618872418284,1.0785104726241281,0.11592,0.05824817845075118,1.7334946912291456,0.7060061347011013,45.3073689533057,1.0
us_social_security,fixed_real_rule,target_date_fund,0.0,exempt from the assets test,0.0,0.9449159895762623,0.9761877399379453,0.21892,0.111136015834872,1.4228965458247633,0.6314716085587018,9.647987242658953,1.0
us_social_security,fixed_real_rule,balanced_all_equity,0.1,exempt from the assets test,0.0,1.095994711562323,1.1172169365023803,0.11592,0.05824817845075118,1.7930986509299802,0.7396693449278108,40.776632057975114,1.0
us_social_security,fixed_real_rule,target_date_fund,0.1,exempt from the assets test,0.0,0.9863529587465498,1.010097241224806,0.21892,0.111136015834872,1.4682355202356159,0.6686886011353043,8.683188518393033,1.0
us_social_security,fixed_real_rule,balanced_all_equity,0.25,exempt from the assets test,0.0,1.1415571259057902,1.1573096167295776,0.11592,0.05824817845075118,1.8825045904812334,0.7757628842928935,33.98052671497928,1.0
us_social_security,fixed_real_rule,target_date_fund,0.25,exempt from the assets test,0.0,1.0294787931949547,1.0473848282937233,0.21892,0.111136015834872,1.536243981851896,0.7085322976211539,7.235990431994236,1.0
us_social_security,fixed_real_rule,balanced_all_equity,0.5,exempt from the assets test,0.0,1.2009075458723195,1.2131598980013374,0.11592,0.05824817845075118,2.03151448973332,0.8213691097691548,22.65368447665285,1.0
us_social_security,fixed_real_rule,target_date_fund,0.5,exempt from the assets test,0.0,1.0848614659188933,1.0980301965360195,0.21892,0.111136015834872,1.6495914178790294,0.7503698501603802,4.8239936213294765,1.0
us_social_security,fixed_real_rule,balanced_all_equity,0.75,exempt from the assets test,0.0,1.2532266137729353,1.263969452179476,0.11592,0.05824817845075118,2.1805243889854067,0.8582641790964937,11.326842238326424,1.0
us_social_security,fixed_real_rule,target_date_fund,0.75,exempt from the assets test,0.0,1.1319154352797534,1.14255084108255,0.21892,0.111136015834872,1.7629388539061623,0.7853964698077582,2.411996810664739,1.0
us_social_security,fixed_real_rule,balanced_all_equity,0.9,exempt from the assets test,0.0,1.2825210799860074,1.291917609939107,0.11592,0.05824817845075118,2.2699303285366588,0.8783992518022288,4.530736895330573,1.0
us_social_security,fixed_real_rule,target_date_fund,0.9,exempt from the assets test,0.0,1.157428752898734,1.16624492848397,0.21892,0.111136015834872,1.830947315522441,0.8045374774394637,0.9647987242658891,1.0
us_social_security,fixed_real_rule,balanced_all_equity,0.95,exempt from the assets test,0.0,1.2913460855017282,1.2988259335284535,0.11592,0.05824817845075118,2.2997323083870755,0.8849223764505939,2.265368447665287,1.0
us_social_security,fixed_real_rule,target_date_fund,0.95,exempt from the assets test,0.0,1.1647973686403035,1.1717402990002648,0.21892,0.111136015834872,1.8536168027278694,0.8107509832939834,0.48239936213294565,1.0
us_social_security,fixed_real_rule,balanced_all_equity,1.0,exempt from the assets test,0.0,1.2778665375213194,1.2628408500994877,1.0,0.9914042022859769,2.3295342882374936,0.891673231006063,0.0,1.0
us_social_security,fixed_real_rule,target_date_fund,1.0,exempt from the assets test,0.0,1.1626709577846908,1.1557825301903955,1.0,0.9914042022859769,1.8762862899332946,0.8170210964685813,0.0,1.0
us_social_security,fixed_real_rule,balanced_all_equity,0.0,assessed at its remaining value,1.0,1.0479618872418284,1.0785104726241281,0.11592,0.05824817845075118,1.7334946912291456,0.7060061347011013,45.3073689533057,1.0
us_social_security,fixed_real_rule,target_date_fund,0.0,assessed at its remaining value,1.0,0.9449159895762623,0.9761877399379453,0.21892,0.111136015834872,1.4228965458247633,0.6314716085587018,9.647987242658953,1.0
us_social_security,fixed_real_rule,balanced_all_equity,0.1,assessed at its remaining value,1.0,1.095994711562323,1.1172169365023803,0.11592,0.05824817845075118,1.7930986509299802,0.7396693449278108,40.776632057975114,1.0
us_social_security,fixed_real_rule,target_date_fund,0.1,assessed at its remaining value,1.0,0.9863529587465498,1.010097241224806,0.21892,0.111136015834872,1.4682355202356159,0.6686886011353043,8.683188518393033,1.0
us_social_security,fixed_real_rule,balanced_all_equity,0.25,assessed at its remaining value,1.0,1.1415571259057902,1.1573096167295776,0.11592,0.05824817845075118,1.8825045904812334,0.7757628842928935,33.98052671497928,1.0
us_social_security,fixed_real_rule,target_date_fund,0.25,assessed at its remaining value,1.0,1.0294787931949547,1.0473848282937233,0.21892,0.111136015834872,1.536243981851896,0.7085322976211539,7.235990431994236,1.0
us_social_security,fixed_real_rule,balanced_all_equity,0.5,assessed at its remaining value,1.0,1.2009075458723195,1.2131598980013374,0.11592,0.05824817845075118,2.03151448973332,0.8213691097691548,22.65368447665285,1.0
us_social_security,fixed_real_rule,target_date_fund,0.5,assessed at its remaining value,1.0,1.0848614659188933,1.0980301965360195,0.21892,0.111136015834872,1.6495914178790294,0.7503698501603802,4.8239936213294765,1.0
us_social_security,fixed_real_rule,balanced_all_equity,0.75,assessed at its remaining value,1.0,1.2532266137729353,1.263969452179476,0.11592,0.05824817845075118,2.1805243889854067,0.8582641790964937,11.326842238326424,1.0
us_social_security,fixed_real_rule,target_date_fund,0.75,assessed at its remaining value,1.0,1.1319154352797534,1.14255084108255,0.21892,0.111136015834872,1.7629388539061623,0.7853964698077582,2.411996810664739,1.0
us_social_security,fixed_real_rule,balanced_all_equity,0.9,assessed at its remaining value,1.0,1.2825210799860074,1.291917609939107,0.11592,0.05824817845075118,2.2699303285366588,0.8783992518022288,4.530736895330573,1.0
us_social_security,fixed_real_rule,target_date_fund,0.9,assessed at its remaining value,1.0,1.157428752898734,1.16624492848397,0.21892,0.111136015834872,1.830947315522441,0.8045374774394637,0.9647987242658891,1.0
us_social_security,fixed_real_rule,balanced_all_equity,0.95,assessed at its remaining value,1.0,1.2913460855017282,1.2988259335284535,0.11592,0.05824817845075118,2.2997323083870755,0.8849223764505939,2.265368447665287,1.0
us_social_security,fixed_real_rule,target_date_fund,0.95,assessed at its remaining value,1.0,1.1647973686403035,1.1717402990002648,0.21892,0.111136015834872,1.8536168027278694,0.8107509832939834,0.48239936213294565,1.0
us_social_security,fixed_real_rule,balanced_all_equity,1.0,assessed at its remaining value,1.0,1.2778665375213194,1.2628408500994877,1.0,0.9914042022859769,2.3295342882374936,0.891673231006063,0.0,1.0
us_social_security,fixed_real_rule,target_date_fund,1.0,assessed at its remaining value,1.0,1.1626709577846908,1.1557825301903955,1.0,0.9914042022859769,1.8762862899332946,0.8170210964685813,0.0,1.0
us_social_security,constant_percent at 4%,balanced_all_equity,0.0,exempt from the assets test,0.0,1.1281165718858748,1.1332774283837341,0.0,0.0,2.4132194494062005,0.7637519566128143,36.966802343752896,1.0
us_social_security,constant_percent at 4%,target_date_fund,0.0,exempt from the assets test,0.0,0.9581987033875073,0.9763525104979293,0.0,0.0,1.4920989768542556,0.6518069903728645,13.394411807599305,1.0
us_social_security,constant_percent at 4%,balanced_all_equity,0.1,exempt from the assets test,0.0,1.162035905135427,1.1655017161865053,0.0,0.0,2.404850933289331,0.7892280872968717,33.27012210937762,1.0
us_social_security,constant_percent at 4%,target_date_fund,0.1,exempt from the assets test,0.0,0.991226304018225,1.0069267783451086,0.0,0.0,1.5305177081621593,0.6794070509165923,12.05497062683937,1.0
us_social_security,constant_percent at 4%,balanced_all_equity,0.25,exempt from the assets test,0.0,1.2038366018145443,1.2059007187082076,0.0,0.0,2.392298159114024,0.8215959908485113,27.725101757814684,1.0
us_social_security,constant_percent at 4%,target_date_fund,0.25,exempt from the assets test,0.0,1.0332595283487218,1.0463680218172475,0.0,0.0,1.5881458051240152,0.7131556286510691,10.045808855699473,1.0
us_social_security,constant_percent at 4%,balanced_all_equity,0.5,exempt from the assets test,0.0,1.2568648977227392,1.2586117353913027,0.0,0.0,2.371376868821847,0.8606467271004754,18.483401171876448,1.0
us_social_security,constant_percent at 4%,target_date_fund,0.5,exempt from the assets test,0.0,1.0914001592870433,1.1017768392323586,0.0,0.0,1.6841926333937747,0.7555804057714616,6.697205903799652,1.0
us_social_security,constant_percent at 4%,balanced_all_equity,0.75,exempt from the assets test,0.0,1.292273316216624,1.295920239347789,0.0,0.0,2.35045557852967,0.8872317873363961,9.241700585938224,1.0
us_social_security,constant_percent at 4%,target_date_fund,0.75,exempt from the assets test,0.0,1.1392831337164158,1.148124326101557,0.0,0.0,1.780239461663535,0.789822888222327,3.3486029518998253,1.0
us_social_security,constant_percent at 4%,balanced_all_equity,0.9,exempt from the assets test,0.0,1.303499892414697,1.3091265270350485,0.0,0.0,2.3379028043543646,0.8936642996032818,3.6966802343752905,1.0
us_social_security,constant_percent at 4%,target_date_fund,0.9,exempt from the assets test,0.0,1.163133263374487,1.1708935407224732,0.0,0.0,1.8378675586253908,0.8073444816868813,1.3394411807599305,1.0
us_social_security,constant_percent at 4%,balanced_all_equity,0.95,exempt from the assets test,0.0,1.3040079038035113,1.3093004106323214,0.0,0.0,2.333718546295929,0.8933227563693071,1.848340117187647,1.0
us_social_security,constant_percent at 4%,target_date_fund,0.95,exempt from the assets test,0.0,1.1690684008754038,1.175337513985254,0.0,0.0,1.8570769242793437,0.8121122369968963,0.6697205903799652,1.0
us_social_security,constant_percent at 4%,balanced_all_equity,1.0,exempt from the assets test,0.0,1.2778665375213194,1.2628408500994877,1.0,0.9914042022859769,2.3295342882374936,0.891673231006063,0.0,1.0
us_social_security,constant_percent at 4%,target_date_fund,1.0,exempt from the assets test,0.0,1.1626709577846908,1.1557825301903955,1.0,0.9914042022859769,1.8762862899332946,0.8170210964685813,0.0,1.0
us_social_security,constant_percent at 4%,balanced_all_equity,0.0,assessed at its remaining value,1.0,1.1281165718858748,1.1332774283837341,0.0,0.0,2.4132194494062005,0.7637519566128143,36.966802343752896,1.0
us_social_security,constant_percent at 4%,target_date_fund,0.0,assessed at its remaining value,1.0,0.9581987033875073,0.9763525104979293,0.0,0.0,1.4920989768542556,0.6518069903728645,13.394411807599305,1.0
us_social_security,constant_percent at 4%,balanced_all_equity,0.1,assessed at its remaining value,1.0,1.162035905135427,1.1655017161865053,0.0,0.0,2.404850933289331,0.7892280872968717,33.27012210937762,1.0
us_social_security,constant_percent at 4%,target_date_fund,0.1,assessed at its remaining value,1.0,0.991226304018225,1.0069267783451086,0.0,0.0,1.5305177081621593,0.6794070509165923,12.05497062683937,1.0
us_social_security,constant_percent at 4%,balanced_all_equity,0.25,assessed at its remaining value,1.0,1.2038366018145443,1.2059007187082076,0.0,0.0,2.392298159114024,0.8215959908485113,27.725101757814684,1.0
us_social_security,constant_percent at 4%,target_date_fund,0.25,assessed at its remaining value,1.0,1.0332595283487218,1.0463680218172475,0.0,0.0,1.5881458051240152,0.7131556286510691,10.045808855699473,1.0
us_social_security,constant_percent at 4%,balanced_all_equity,0.5,assessed at its remaining value,1.0,1.2568648977227392,1.2586117353913027,0.0,0.0,2.371376868821847,0.8606467271004754,18.483401171876448,1.0
us_social_security,constant_percent at 4%,target_date_fund,0.5,assessed at its remaining value,1.0,1.0914001592870433,1.1017768392323586,0.0,0.0,1.6841926333937747,0.7555804057714616,6.697205903799652,1.0
us_social_security,constant_percent at 4%,balanced_all_equity,0.75,assessed at its remaining value,1.0,1.292273316216624,1.295920239347789,0.0,0.0,2.35045557852967,0.8872317873363961,9.241700585938224,1.0
us_social_security,constant_percent at 4%,target_date_fund,0.75,assessed at its remaining value,1.0,1.1392831337164158,1.148124326101557,0.0,0.0,1.780239461663535,0.789822888222327,3.3486029518998253,1.0
us_social_security,constant_percent at 4%,balanced_all_equity,0.9,assessed at its remaining value,1.0,1.303499892414697,1.3091265270350485,0.0,0.0,2.3379028043543646,0.8936642996032818,3.6966802343752905,1.0
us_social_security,constant_percent at 4%,target_date_fund,0.9,assessed at its remaining value,1.0,1.163133263374487,1.1708935407224732,0.0,0.0,1.8378675586253908,0.8073444816868813,1.3394411807599305,1.0
us_social_security,constant_percent at 4%,balanced_all_equity,0.95,assessed at its remaining value,1.0,1.3040079038035113,1.3093004106323214,0.0,0.0,2.333718546295929,0.8933227563693071,1.848340117187647,1.0
us_social_security,constant_percent at 4%,target_date_fund,0.95,assessed at its remaining value,1.0,1.1690684008754038,1.175337513985254,0.0,0.0,1.8570769242793437,0.8121122369968963,0.6697205903799652,1.0
us_social_security,constant_percent at 4%,balanced_all_equity,1.0,assessed at its remaining value,1.0,1.2778665375213194,1.2628408500994877,1.0,0.9914042022859769,2.3295342882374936,0.891673231006063,0.0,1.0
us_social_security,constant_percent at 4%,target_date_fund,1.0,assessed at its remaining value,1.0,1.1626709577846908,1.1557825301903955,1.0,0.9914042022859769,1.8762862899332946,0.8170210964685813,0.0,1.0
us_social_security,amortisation at 6%,balanced_all_equity,0.0,exempt from the assets test,0.0,1.2413063352365137,1.294297236743299,0.0,0.0,2.8442681437568944,0.8295807299032805,0.0,1.0
us_social_security,amortisation at 6%,target_date_fund,0.0,exempt from the assets test,0.0,1.0340948716170981,1.0849270357801788,0.0,0.0,1.7564321926196997,0.68263516123651,0.0,1.0
us_social_security,amortisation at 6%,balanced_all_equity,0.1,exempt from the assets test,0.0,1.2655902151157015,1.3147655364403288,0.0,0.0,2.7927947582049546,0.8519609865892915,0.0,1.0
us_social_security,amortisation at 6%,target_date_fund,0.1,exempt from the assets test,0.0,1.06326756892114,1.1094379928394111,0.0,0.0,1.768417602351059,0.7103274213789388,0.0,1.0
us_social_security,amortisation at 6%,balanced_all_equity,0.25,exempt from the assets test,0.0,1.2898967125743,1.334285314033929,0.0,0.0,2.7155846798770447,0.8780588344511243,0.0,1.0
us_social_security,amortisation at 6%,target_date_fund,0.25,exempt from the assets test,0.0,1.0960195640586985,1.136196719770802,0.0,0.0,1.7863957169480982,0.7429201168080298,0.0,1.0
us_social_security,amortisation at 6%,balanced_all_equity,0.5,exempt from the assets test,0.0,1.3086922353486103,1.3460742309149916,0.0,0.0,2.5869012159971945,0.9035295740381116,0.0,1.0
us_social_security,amortisation at 6%,target_date_fund,0.5,exempt from the assets test,0.0,1.132566350402044,1.1640397544846024,0.0,0.0,1.8163592412764964,0.7812548765978105,0.0,1.0
us_social_security,amortisation at 6%,balanced_all_equity,0.75,exempt from the assets test,0.0,1.305696798194486,1.3358959808831836,0.0,0.0,2.458217752117344,0.9098196556796266,0.0,1.0
us_social_security,amortisation at 6%,target_date_fund,0.75,exempt from the assets test,0.0,1.1536868965919813,1.1766604475363591,0.0,0.0,1.846322765604896,0.8051255172598498,0.0,1.0
us_social_security,amortisation at 6%,balanced_all_equity,0.9,exempt from the assets test,0.0,1.292828166989783,1.31608635757107,0.0,0.0,2.3810076737894343,0.9041909453403562,0.0,1.0
us_social_security,amortisation at 6%,target_date_fund,0.9,exempt from the assets test,0.0,1.1604466253111103,1.1760840419550378,0.0,0.0,1.8643008802019354,0.8140139122423824,0.0,1.0
us_social_security,amortisation at 6%,balanced_all_equity,0.95,exempt from the assets test,0.0,1.2861577268198021,1.3035562336907938,0.0,0.0,2.3552709810134633,0.8981534421358338,0.0,1.0
us_social_security,amortisation at 6%,target_date_fund,0.95,exempt from the assets test,0.0,1.161785630530184,1.1723733217579997,0.0,0.0,1.8702935850676143,0.8157404295784288,0.0,1.0
us_social_security,amortisation at 6%,balanced_all_equity,1.0,exempt from the assets test,0.0,1.2778665375213194,1.2628408500994877,1.0,0.9914042022859769,2.3295342882374936,0.891673231006063,0.0,1.0
us_social_security,amortisation at 6%,target_date_fund,1.0,exempt from the assets test,0.0,1.1626709577846908,1.1557825301903955,1.0,0.9914042022859769,1.8762862899332946,0.8170210964685813,0.0,1.0
us_social_security,amortisation at 6%,balanced_all_equity,0.0,assessed at its remaining value,1.0,1.2413063352365137,1.294297236743299,0.0,0.0,2.8442681437568944,0.8295807299032805,0.0,1.0
us_social_security,amortisation at 6%,target_date_fund,0.0,assessed at its remaining value,1.0,1.0340948716170981,1.0849270357801788,0.0,0.0,1.7564321926196997,0.68263516123651,0.0,1.0
us_social_security,amortisation at 6%,balanced_all_equity,0.1,assessed at its remaining value,1.0,1.2655902151157015,1.3147655364403288,0.0,0.0,2.7927947582049546,0.8519609865892915,0.0,1.0
us_social_security,amortisation at 6%,target_date_fund,0.1,assessed at its remaining value,1.0,1.06326756892114,1.1094379928394111,0.0,0.0,1.768417602351059,0.7103274213789388,0.0,1.0
us_social_security,amortisation at 6%,balanced_all_equity,0.25,assessed at its remaining value,1.0,1.2898967125743,1.334285314033929,0.0,0.0,2.7155846798770447,0.8780588344511243,0.0,1.0
us_social_security,amortisation at 6%,target_date_fund,0.25,assessed at its remaining value,1.0,1.0960195640586985,1.136196719770802,0.0,0.0,1.7863957169480982,0.7429201168080298,0.0,1.0
us_social_security,amortisation at 6%,balanced_all_equity,0.5,assessed at its remaining value,1.0,1.3086922353486103,1.3460742309149916,0.0,0.0,2.5869012159971945,0.9035295740381116,0.0,1.0
us_social_security,amortisation at 6%,target_date_fund,0.5,assessed at its remaining value,1.0,1.132566350402044,1.1640397544846024,0.0,0.0,1.8163592412764964,0.7812548765978105,0.0,1.0
us_social_security,amortisation at 6%,balanced_all_equity,0.75,assessed at its remaining value,1.0,1.305696798194486,1.3358959808831836,0.0,0.0,2.458217752117344,0.9098196556796266,0.0,1.0
us_social_security,amortisation at 6%,target_date_fund,0.75,assessed at its remaining value,1.0,1.1536868965919813,1.1766604475363591,0.0,0.0,1.846322765604896,0.8051255172598498,0.0,1.0
us_social_security,amortisation at 6%,balanced_all_equity,0.9,assessed at its remaining value,1.0,1.292828166989783,1.31608635757107,0.0,0.0,2.3810076737894343,0.9041909453403562,0.0,1.0
us_social_security,amortisation at 6%,target_date_fund,0.9,assessed at its remaining value,1.0,1.1604466253111103,1.1760840419550378,0.0,0.0,1.8643008802019354,0.8140139122423824,0.0,1.0
us_social_security,amortisation at 6%,balanced_all_equity,0.95,assessed at its remaining value,1.0,1.2861577268198021,1.3035562336907938,0.0,0.0,2.3552709810134633,0.8981534421358338,0.0,1.0
us_social_security,amortisation at 6%,target_date_fund,0.95,assessed at its remaining value,1.0,1.161785630530184,1.1723733217579997,0.0,0.0,1.8702935850676143,0.8157404295784288,0.0,1.0
us_social_security,amortisation at 6%,balanced_all_equity,1.0,assessed at its remaining value,1.0,1.2778665375213194,1.2628408500994877,1.0,0.9914042022859769,2.3295342882374936,0.891673231006063,0.0,1.0
us_social_security,amortisation at 6%,target_date_fund,1.0,assessed at its remaining value,1.0,1.1626709577846908,1.1557825301903955,1.0,0.9914042022859769,1.8762862899332946,0.8170210964685813,0.0,1.0
age_pension_matched,fixed_real_rule,balanced_all_equity,0.0,exempt from the assets test,0.0,0.4159074372399515,0.4453337149970984,0.11592,0.05824817845075118,1.1375837625179384,0.3398425598252197,45.3073689533057,1.0
age_pension_matched,fixed_real_rule,target_date_fund,0.0,exempt from the assets test,0.0,0.4755108619605084,0.5025286799240993,0.21892,0.111136015834872,0.8864899600440282,0.3725612013925447,9.647987242658953,1.0
age_pension_matched,fixed_real_rule,balanced_all_equity,0.1,exempt from the assets test,0.0,0.45150562749932904,0.48588814638889777,0.11592,0.05824817845075118,1.2045250814924182,0.36748762266658735,40.776632057975114,1.0
age_pension_matched,fixed_real_rule,target_date_fund,0.1,exempt from the assets test,0.0,0.5272408365595703,0.5574052444793773,0.21892,0.111136015834872,0.9445003527188438,0.41340795680493264,8.683188518393033,1.0
age_pension_matched,fixed_real_rule,balanced_all_equity,0.25,exempt from the assets test,0.0,0.5401678611377515,0.5766068753000534,0.11592,0.05824817845075118,1.3088517155681514,0.418530672145103,33.98052671497928,1.0
age_pension_matched,fixed_real_rule,target_date_fund,0.25,exempt from the assets test,0.0,0.6121856692555155,0.6491985005393912,0.21892,0.111136015834872,1.0374789427614057,0.482086591925576,7.235990431994236,1.0
age_pension_matched,fixed_real_rule,balanced_all_equity,0.5,exempt from the assets test,0.0,0.6884517916877173,0.7418464853536756,0.11592,0.05824817845075118,1.5019183872734252,0.5347579410372854,22.65368447665285,1.0
age_pension_matched,fixed_real_rule,target_date_fund,0.5,exempt from the assets test,0.0,0.7970514679961769,0.8419069593237073,0.21892,0.111136015834872,1.2180051516983896,0.5946395864228454,4.8239936213294765,1.0
age_pension_matched,fixed_real_rule,balanced_all_equity,0.75,exempt from the assets test,0.0,0.9324581118884706,0.996953302045218,0.11592,0.05824817845075118,1.7552626501492798,0.6814708197537139,11.326842238326424,1.0
age_pension_matched,fixed_real_rule,target_date_fund,0.75,exempt from the assets test,0.0,1.0014189038783532,1.0189677160186674,0.21892,0.111136015834872,1.4505543727626133,0.6896195524253531,2.411996810664739,1.0
age_pension_matched,fixed_real_rule,balanced_all_equity,0.9,exempt from the assets test,0.0,1.1295957421648353,1.1591280452306545,0.11592,0.05824817845075118,1.9742799529996737,0.7754548394116403,4.530736895330573,1.0
age_pension_matched,fixed_real_rule,target_date_fund,0.9,exempt from the assets test,0.0,1.0524326533203439,1.0610788512223914,0.21892,0.111136015834872,1.6022739924850518,0.7207474324532079,0.9647987242658891,1.0
age_pension_matched,fixed_real_rule,balanced_all_equity,0.95,exempt from the assets test,0.0,1.1745183493808717,1.1877083039896978,0.11592,0.05824817845075118,2.0573243019939493,0.7962193692207967,2.265368447665287,1.0
age_pension_matched,fixed_real_rule,target_date_fund,0.95,exempt from the assets test,0.0,1.0612723899789391,1.068222087896735,0.21892,0.111136015834872,1.6406720641439774,0.7267830734549077,0.48239936213294565,1.0
age_pension_matched,fixed_real_rule,balanced_all_equity,1.0,exempt from the assets test,0.0,1.1795089427222867,1.171622227837547,1.0,0.9914042022859769,2.120236639300499,0.8056514432008447,0.0,1.0
age_pension_matched,fixed_real_rule,target_date_fund,1.0,exempt from the assets test,0.0,1.0631546714677529,1.0610205733153268,1.0,0.9914042022859769,1.6669886409962997,0.733205895243855,0.0,1.0
age_pension_matched,fixed_real_rule,balanced_all_equity,0.0,assessed at its remaining value,1.0,0.4159074372399515,0.4453337149970984,0.11592,0.05824817845075118,1.1375837625179384,0.3398425598252197,45.3073689533057,1.0
age_pension_matched,fixed_real_rule,target_date_fund,0.0,assessed at its remaining value,1.0,0.4755108619605084,0.5025286799240993,0.21892,0.111136015834872,0.8864899600440282,0.3725612013925447,9.647987242658953,1.0
age_pension_matched,fixed_real_rule,balanced_all_equity,0.1,assessed at its remaining value,1.0,0.4474870661326547,0.4797932258504708,0.11592,0.05824817845075118,1.1976279542039245,0.3629233531779863,40.776632057975114,1.0
age_pension_matched,fixed_real_rule,target_date_fund,0.1,assessed at its remaining value,1.0,0.5176669949866923,0.5441632053407428,0.21892,0.111136015834872,0.93399127615902,0.402373460612503,8.683188518393033,1.0
age_pension_matched,fixed_real_rule,balanced_all_equity,0.25,assessed at its remaining value,1.0,0.5244445743965799,0.5542024058325582,0.11592,0.05824817845075118,1.2880490898148145,0.40171235793345983,33.98052671497928,1.0
age_pension_matched,fixed_real_rule,target_date_fund,0.25,assessed at its remaining value,1.0,0.5817728023779534,0.6074407920754049,0.21892,0.111136015834872,1.0059890386202304,0.45120781003248295,7.235990431994236,1.0
age_pension_matched,fixed_real_rule,balanced_all_equity,0.5,assessed at its remaining value,1.0,0.6401633091233772,0.672731644232046,0.11592,0.05824817845075118,1.4419159829564112,0.4842785455729469,22.65368447665285,1.0
age_pension_matched,fixed_real_rule,target_date_fund,0.5,assessed at its remaining value,1.0,0.7062268387182492,0.7238883516242774,0.21892,0.111136015834872,1.1296365603173828,0.5366065844591333,4.8239936213294765,1.0
age_pension_matched,fixed_real_rule,balanced_all_equity,0.75,assessed at its remaining value,1.0,0.8106685099375798,0.8350295243359563,0.11592,0.05824817845075118,1.606648209382625,0.5985846397362502,11.326842238326424,1.0
age_pension_matched,fixed_real_rule,target_date_fund,0.75,assessed at its remaining value,1.0,0.8452310472018326,0.8413832304179109,0.21892,0.111136015834872,1.264248535613396,0.6250740171211309,2.411996810664739,1.0
age_pension_matched,fixed_real_rule,balanced_all_equity,0.9,assessed at its remaining value,1.0,0.95188584863855,0.9525295598826169,0.11592,0.05824817845075118,1.7239229100006663,0.6831683430325592,4.530736895330573,1.0
age_pension_matched,fixed_real_rule,target_date_fund,0.9,assessed at its remaining value,1.0,0.9077520302856805,0.8976177760606115,0.21892,0.111136015834872,1.3572798163780815,0.6736303041205552,0.9647987242658891,1.0
age_pension_matched,fixed_real_rule,balanced_all_equity,0.95,assessed at its remaining value,1.0,0.9970925816731903,0.9875879066354697,0.11592,0.05824817845075118,1.7735512401490439,0.711696803523538,2.265368447665287,1.0
age_pension_matched,fixed_real_rule,target_date_fund,0.95,assessed at its remaining value,1.0,0.9244465623215509,0.9131221576547711,0.21892,0.111136015834872,1.3917830927764017,0.6828593395618003,0.48239936213294565,1.0
age_pension_matched,fixed_real_rule,balanced_all_equity,1.0,assessed at its remaining value,1.0,1.021991529588933,1.0015786654883334,1.0,0.9914042022859769,1.8377656428180198,0.727875348930694,0.0,1.0
age_pension_matched,fixed_real_rule,target_date_fund,1.0,assessed at its remaining value,1.0,0.9362419678582973,0.9206747305217593,1.0,0.9914042022859769,1.4274521411803198,0.6920688078686741,0.0,1.0
age_pension_matched,constant_percent at 4%,balanced_all_equity,0.0,exempt from the assets test,0.0,0.6744021866546849,0.67380130432689,0.0,0.0,1.7965513883164081,0.4580613437234453,36.966802343752896,1.0
age_pension_matched,constant_percent at 4%,target_date_fund,0.0,exempt from the assets test,0.0,0.595053004640991,0.6003540795099088,0.0,0.0,0.9293190964711219,0.4404006173364801,13.394411807599305,1.0
age_pension_matched,constant_percent at 4%,balanced_all_equity,0.1,exempt from the assets test,0.0,0.7500718560039271,0.7487451357948753,0.0,0.0,1.7962383649696774,0.5260945512161185,33.27012210937762,1.0
age_pension_matched,constant_percent at 4%,target_date_fund,0.1,exempt from the assets test,0.0,0.665804140604277,0.6702422514074484,0.0,0.0,0.9820975682017912,0.5092081462415727,12.05497062683937,1.0
age_pension_matched,constant_percent at 4%,balanced_all_equity,0.25,exempt from the assets test,0.0,0.8550214454032772,0.8550790814031005,0.0,0.0,1.8003301068034587,0.6137820827228753,27.725101757814684,1.0
age_pension_matched,constant_percent at 4%,target_date_fund,0.25,exempt from the assets test,0.0,0.7672579950328826,0.772560681386402,0.0,0.0,1.0683027655598778,0.5927316219328173,10.045808855699473,1.0
age_pension_matched,constant_percent at 4%,balanced_all_equity,0.5,exempt from the assets test,0.0,1.0216547329292083,1.0271147381651122,0.0,0.0,1.8297540302467767,0.7236559954186573,18.483401171876448,1.0
age_pension_matched,constant_percent at 4%,target_date_fund,0.5,exempt from the assets test,0.0,0.924081730712527,0.9327757123560038,0.0,0.0,1.2421312542530796,0.671971513968494,6.697205903799652,1.0
age_pension_matched,constant_percent at 4%,balanced_all_equity,0.75,exempt from the assets test,0.0,1.1556791669365876,1.1631257946171307,0.0,0.0,1.9300684322291237,0.793917225440243,9.241700585938224,1.0
age_pension_matched,constant_percent at 4%,target_date_fund,0.75,exempt from the assets test,0.0,1.028023870912248,1.0366360623495097,0.0,0.0,1.4736616537414708,0.7082463303872906,3.3486029518998253,1.0
age_pension_matched,constant_percent at 4%,balanced_all_equity,0.9,exempt from the assets test,0.0,1.193597399558001,1.1995204151546843,0.0,0.0,2.0594858333043917,0.8063645271262878,3.6966802343752905,1.0
age_pension_matched,constant_percent at 4%,target_date_fund,0.9,exempt from the assets test,0.0,1.0578878042504436,1.0652410515538133,0.0,0.0,1.6151646321476378,0.7237755688639647,1.3394411807599305,1.0
age_pension_matched,constant_percent at 4%,balanced_all_equity,0.95,exempt from the assets test,0.0,1.1965920037440128,1.2021000871920404,0.0,0.0,2.1042114734371844,0.8066394983668583,1.848340117187647,1.0
age_pension_matched,constant_percent at 4%,target_date_fund,0.95,exempt from the assets test,0.0,1.0645566018793255,1.0709422274974318,0.0,0.0,1.645980083258265,0.728490712614699,0.6697205903799652,1.0
age_pension_matched,constant_percent at 4%,balanced_all_equity,1.0,exempt from the assets test,0.0,1.1795089427222867,1.171622227837547,1.0,0.9914042022859769,2.120236639300499,0.8056514432008447,0.0,1.0
age_pension_matched,constant_percent at 4%,target_date_fund,1.0,exempt from the assets test,0.0,1.0631546714677529,1.0610205733153268,1.0,0.9914042022859769,1.6669886409962997,0.733205895243855,0.0,1.0
age_pension_matched,constant_percent at 4%,balanced_all_equity,0.0,assessed at its remaining value,1.0,0.6744021866546849,0.67380130432689,0.0,0.0,1.7965513883164081,0.4580613437234453,36.966802343752896,1.0
age_pension_matched,constant_percent at 4%,target_date_fund,0.0,assessed at its remaining value,1.0,0.595053004640991,0.6003540795099088,0.0,0.0,0.9293190964711219,0.4404006173364801,13.394411807599305,1.0
age_pension_matched,constant_percent at 4%,balanced_all_equity,0.1,assessed at its remaining value,1.0,0.7196701413827448,0.7159819866140272,0.0,0.0,1.7900409521713068,0.49960895670713273,33.27012210937762,1.0
age_pension_matched,constant_percent at 4%,target_date_fund,0.1,assessed at its remaining value,1.0,0.6389766448369979,0.6407027866719365,0.0,0.0,0.9715927133745856,0.48351564736611125,12.05497062683937,1.0
age_pension_matched,constant_percent at 4%,balanced_all_equity,0.25,assessed at its remaining value,1.0,0.777558590661898,0.7710235274173499,0.0,0.0,1.7813617086377496,0.5467834937574939,27.725101757814684,1.0
age_pension_matched,constant_percent at 4%,target_date_fund,0.25,assessed at its remaining value,1.0,0.6969504763983072,0.6949433106753513,0.0,0.0,1.0364365859576943,0.5301748385102655,10.045808855699473,1.0
age_pension_matched,constant_percent at 4%,balanced_all_equity,0.5,assessed at its remaining value,1.0,0.863413386902853,0.8537753829024142,0.0,0.0,1.771577741014292,0.613021242205369,18.483401171876448,1.0
age_pension_matched,constant_percent at 4%,target_date_fund,0.5,assessed at its remaining value,1.0,0.7847350244422836,0.7781645492784843,0.0,0.0,1.1505648660171908,0.5945118263093414,6.697205903799652,1.0
age_pension_matched,constant_percent at 4%,balanced_all_equity,0.75,assessed at its remaining value,1.0,0.9471793639295975,0.9347527087006062,0.0,0.0,1.7756011369143656,0.6759512769424324,9.241700585938224,1.0
age_pension_matched,constant_percent at 4%,target_date_fund,0.75,assessed at its remaining value,1.0,0.8672557527177861,0.85718345095157,0.0,0.0,1.2782827203867875,0.6490140754060113,3.3486029518998253,1.0
age_pension_matched,constant_percent at 4%,balanced_all_equity,0.9,assessed at its remaining value,1.0,0.998715376730187,0.9844567587927106,0.0,0.0,1.798092061360479,0.7105212730502335,3.6966802343752905,1.0
age_pension_matched,constant_percent at 4%,target_date_fund,0.9,assessed at its remaining value,1.0,0.913055097894757,0.9016901771693242,0.0,0.0,1.3654296028191049,0.6760696786892565,1.3394411807599305,1.0
age_pension_matched,constant_percent at 4%,balanced_all_equity,0.95,assessed at its remaining value,1.0,1.0151086332440253,1.0002290004244991,0.0,0.0,1.8142769933782086,0.7197548769522344,1.848340117187647,1.0
age_pension_matched,constant_percent at 4%,target_date_fund,0.95,assessed at its remaining value,1.0,0.926964948702888,0.9151239605861348,0.0,0.0,1.396379847693137,0.6837775325632415,0.6697205903799652,1.0
age_pension_matched,constant_percent at 4%,balanced_all_equity,1.0,assessed at its remaining value,1.0,1.021991529588933,1.0015786654883334,1.0,0.9914042022859769,1.8377656428180198,0.727875348930694,0.0,1.0
age_pension_matched,constant_percent at 4%,target_date_fund,1.0,assessed at its remaining value,1.0,0.9362419678582973,0.9206747305217593,1.0,0.9914042022859769,1.4274521411803198,0.6920688078686741,0.0,1.0
age_pension_matched,amortisation at 6%,balanced_all_equity,0.0,exempt from the assets test,0.0,1.030118892405021,1.049821053148697,0.0,0.0,2.3336417106315994,0.718626708311674,0.0,1.0
age_pension_matched,amortisation at 6%,target_date_fund,0.0,exempt from the assets test,0.0,0.862319851914176,0.8921955760830518,0.0,0.0,1.3289738421980928,0.5769732164080772,0.0,1.0
age_pension_matched,amortisation at 6%,balanced_all_equity,0.1,exempt from the assets test,0.0,1.0724308653741266,1.0917223718586373,0.0,0.0,2.296104254572407,0.7471633503340792,0.0,1.0
age_pension_matched,amortisation at 6%,target_date_fund,0.1,exempt from the assets test,0.0,0.9049560717483155,0.9326386968751501,0.0,0.0,1.3570550790153293,0.6130086658934504,0.0,1.0
age_pension_matched,amortisation at 6%,balanced_all_equity,0.25,exempt from the assets test,0.0,1.123798365057972,1.1442449408728548,0.0,0.0,2.2448104060724035,0.7804361521229775,0.0,1.0
age_pension_matched,amortisation at 6%,target_date_fund,0.25,exempt from the assets test,0.0,0.9566308906795902,0.9828888040557926,0.0,0.0,1.4035499817276638,0.6531313308271468,0.0,1.0
age_pension_matched,amortisation at 6%,balanced_all_equity,0.5,exempt from the assets test,0.0,1.184363283622027,1.2079255319084454,0.0,0.0,2.18006699001117,0.8131340532716688,0.0,1.0
age_pension_matched,amortisation at 6%,target_date_fund,0.5,exempt from the assets test,0.0,1.0198654066337731,1.044356124764506,0.0,0.0,1.4960032580879865,0.6966599104819304,0.0,1.0
age_pension_matched,amortisation at 6%,balanced_all_equity,0.75,exempt from the assets test,0.0,1.2056330438091092,1.2284340735294168,0.0,0.0,2.158362991840025,0.8227861088729592,0.0,1.0
age_pension_matched,amortisation at 6%,target_date_fund,0.75,exempt from the assets test,0.0,1.0532795637282097,1.0724917830984846,0.0,0.0,1.6033220193509174,0.7216262569531184,0.0,1.0
age_pension_matched,amortisation at 6%,balanced_all_equity,0.9,exempt from the assets test,0.0,1.1953348169370233,1.2133673597177526,0.0,0.0,2.1556190713125507,0.81612893879501,0.0,1.0
age_pension_matched,amortisation at 6%,target_date_fund,0.9,exempt from the assets test,0.0,1.061045810895094,1.0742632011887587,0.0,0.0,1.652243372229819,0.7299813138770751,0.0,1.0
age_pension_matched,amortisation at 6%,balanced_all_equity,0.95,exempt from the assets test,0.0,1.1883733475561689,1.202391762332838,0.0,0.0,2.1432824602106924,0.8117436035928879,0.0,1.0
age_pension_matched,amortisation at 6%,target_date_fund,0.95,exempt from the assets test,0.0,1.0623667042018081,1.0719191459666375,0.0,0.0,1.6607511976664728,0.7312069121652014,0.0,1.0
age_pension_matched,amortisation at 6%,balanced_all_equity,1.0,exempt from the assets test,0.0,1.1795089427222867,1.171622227837547,1.0,0.9914042022859769,2.120236639300499,0.8056514432008447,0.0,1.0
age_pension_matched,amortisation at 6%,target_date_fund,1.0,exempt from the assets test,0.0,1.0631546714677529,1.0610205733153268,1.0,0.9914042022859769,1.6669886409962997,0.733205895243855,0.0,1.0
age_pension_matched,amortisation at 6%,balanced_all_equity,0.0,assessed at its remaining value,1.0,1.030118892405021,1.049821053148697,0.0,0.0,2.3336417106315994,0.718626708311674,0.0,1.0
age_pension_matched,amortisation at 6%,target_date_fund,0.0,assessed at its remaining value,1.0,0.862319851914176,0.8921955760830518,0.0,0.0,1.3289738421980928,0.5769732164080772,0.0,1.0
age_pension_matched,amortisation at 6%,balanced_all_equity,0.1,assessed at its remaining value,1.0,1.0466839257351657,1.060392672189347,0.0,0.0,2.2814903746844406,0.7453776391948307,0.0,1.0
age_pension_matched,amortisation at 6%,target_date_fund,0.1,assessed at its remaining value,1.0,0.8884658008919587,0.9113079596035589,0.0,0.0,1.3385417359539586,0.6130086658934504,0.0,1.0
age_pension_matched,amortisation at 6%,balanced_all_equity,0.25,assessed at its remaining value,1.0,1.059511188038837,1.0666776285209891,0.0,0.0,2.2038545200245085,0.7541019386994107,0.0,1.0
age_pension_matched,amortisation at 6%,target_date_fund,0.25,assessed at its remaining value,1.0,0.9130703018669732,0.9278333697000692,0.0,0.0,1.3527253125803482,0.6531313308271468,0.0,1.0
age_pension_matched,amortisation at 6%,balanced_all_equity,0.5,assessed at its remaining value,1.0,1.0627126401574987,1.0622716808748127,0.0,0.0,2.0767355566344463,0.7537675585501958,0.0,1.0
age_pension_matched,amortisation at 6%,target_date_fund,0.5,assessed at its remaining value,1.0,0.9340121737975565,0.9387854553055848,0.0,0.0,1.3764825160502845,0.6948608127610211,0.0,1.0
age_pension_matched,amortisation at 6%,balanced_all_equity,0.75,assessed at its remaining value,1.0,1.0502375751768214,1.0444704536035854,0.0,0.0,1.9537507272958619,0.746009581234645,0.0,1.0
age_pension_matched,amortisation at 6%,target_date_fund,0.75,assessed at its remaining value,1.0,0.9402118738540383,0.9373629691281499,0.0,0.0,1.401188101866018,0.6995754605660192,0.0,1.0
age_pension_matched,amortisation at 6%,balanced_all_equity,0.9,assessed at its remaining value,1.0,1.0356169954087402,1.0268403691570545,0.0,0.0,1.8829968822605228,0.7370978259764961,0.0,1.0
age_pension_matched,amortisation at 6%,target_date_fund,0.9,assessed at its remaining value,1.0,0.9389162496402621,0.9315784796860566,0.0,0.0,1.4167290593102766,0.6959885945464853,0.0,1.0
age_pension_matched,amortisation at 6%,balanced_all_equity,0.95,assessed at its remaining value,1.0,1.0292871877369252,1.018668975676009,0.0,0.0,1.8601506255354299,0.7327367051065837,0.0,1.0
age_pension_matched,amortisation at 6%,target_date_fund,0.95,assessed at its remaining value,1.0,0.9377549651807098,0.9282316821040818,0.0,0.0,1.4220517305722546,0.6946237387360464,0.0,1.0
age_pension_matched,amortisation at 6%,balanced_all_equity,1.0,assessed at its remaining value,1.0,1.021991529588933,1.0015786654883334,1.0,0.9914042022859769,1.8377656428180198,0.727875348930694,0.0,1.0
age_pension_matched,amortisation at 6%,target_date_fund,1.0,assessed at its remaining value,1.0,0.9362419678582973,0.9206747305217593,1.0,0.9914042022859769,1.4274521411803198,0.6920688078686741,0.0,1.0
australia_as_legislated,fixed_real_rule,balanced_all_equity,0.0,exempt from the assets test,0.0,0.6332876017515864,0.669557912827888,0.11592,0.05824817845075118,2.2036376484604077,0.4492869049050311,91.52088528567768,1.0
australia_as_legislated,fixed_real_rule,target_date_fund,0.0,exempt from the assets test,0.0,0.6423318149544522,0.6733438413656428,0.21892,0.111136015834872,1.6110038983559671,0.4492869049050311,19.488934230171044,1.0
australia_as_legislated,fixed_real_rule,balanced_all_equity,0.1,exempt from the assets test,0.0,0.6908283626227734,0.7295419055088711,0.11592,0.05824817845075118,2.326972726328868,0.5622851112876994,82.36879675710973,1.0
australia_as_legislated,fixed_real_rule,target_date_fund,0.1,exempt from the assets test,0.0,0.7181456474246614,0.7478191391511875,0.21892,0.111136015834872,1.708150942764497,0.5346696124325075,17.54004080715399,1.0
australia_as_legislated,fixed_real_rule,balanced_all_equity,0.25,exempt from the assets test,0.0,0.7893688167332565,0.837350251801866,0.11592,0.05824817845075118,2.5137787014554656,0.6387994242542244,68.64066396425812,1.0
australia_as_legislated,fixed_real_rule,target_date_fund,0.25,exempt from the assets test,0.0,0.833661197667994,0.864429094229187,0.21892,0.111136015834872,1.8570310273756143,0.61962784871183,14.61670067262827,1.0
australia_as_legislated,fixed_real_rule,balanced_all_equity,0.5,exempt from the assets test,0.0,1.0006466530826184,1.057949203801974,0.11592,0.05824817845075118,2.8353435906383835,0.7752492068294133,45.76044264283884,1.0
australia_as_legislated,fixed_real_rule,target_date_fund,0.5,exempt from the assets test,0.0,1.0604340642883505,1.1012559921247729,0.21892,0.111136015834872,2.1228815181503977,0.7592765317400023,9.744467115085522,1.0
australia_as_legislated,fixed_real_rule,balanced_all_equity,0.75,exempt from the assets test,0.0,1.3486552526546247,1.4142553485420413,0.11592,0.05824817845075118,3.2020449233299595,0.9512696768165037,22.880221321419416,1.0
australia_as_legislated,fixed_real_rule,target_date_fund,0.75,exempt from the assets test,0.0,1.3363469975814886,1.3714685405896778,0.21892,0.111136015834872,2.456014219373878,0.9192129765969324,4.8722335575427635,1.0
australia_as_legislated,fixed_real_rule,balanced_all_equity,0.9,exempt from the assets test,0.0,1.605115375061554,1.6461427803425808,0.11592,0.05824817845075118,3.522735491899331,1.0988553792069689,9.152088528567747,1.0
australia_as_legislated,fixed_real_rule,target_date_fund,0.9,exempt from the assets test,0.0,1.4534461270034436,1.468089156014647,0.21892,0.111136015834872,2.742784339829209,0.9956433710608519,1.948893423017104,1.0
australia_as_legislated,fixed_real_rule,balanced_all_equity,0.95,exempt from the assets test,0.0,1.6734448434286784,1.6931077510132926,0.11592,0.05824817845075118,3.6769951341287026,1.1448574243935536,4.576044264283883,1.0
australia_as_legislated,fixed_real_rule,target_date_fund,0.95,exempt from the assets test,0.0,1.4686911793730424,1.479062021861531,0.21892,0.111136015834872,2.843445153942293,1.0098211544019917,0.9744467115085548,1.0
australia_as_legislated,fixed_real_rule,balanced_all_equity,1.0,exempt from the assets test,0.0,1.6217445856478876,1.5586477465391297,1.0,0.9914042022859769,3.8246053683838728,1.169143272262574,0.0,1.0
australia_as_legislated,fixed_real_rule,target_date_fund,1.0,exempt from the assets test,0.0,1.4464006839233519,1.4129313938111472,1.0,0.9914042022859769,2.9090444118093934,1.0228032653894559,0.0,1.0
australia_as_legislated,fixed_real_rule,balanced_all_equity,0.0,assessed at its remaining value,1.0,0.6332876017515864,0.669557912827888,0.11592,0.05824817845075118,2.2036376484604077,0.4492869049050311,91.52088528567768,1.0
australia_as_legislated,fixed_real_rule,target_date_fund,0.0,assessed at its remaining value,1.0,0.6423318149544522,0.6733438413656428,0.21892,0.111136015834872,1.6110038983559671,0.4492869049050311,19.488934230171044,1.0
australia_as_legislated,fixed_real_rule,balanced_all_equity,0.1,assessed at its remaining value,1.0,0.6846710755371614,0.7207246274692013,0.11592,0.05824817845075118,2.32268400582502,0.5557193326690502,82.36879675710973,1.0
australia_as_legislated,fixed_real_rule,target_date_fund,0.1,assessed at its remaining value,1.0,0.7064005297772217,0.7325836343101657,0.21892,0.111136015834872,1.7015961035251692,0.5260499094817846,17.54004080715399,1.0
australia_as_legislated,fixed_real_rule,balanced_all_equity,0.25,assessed at its remaining value,1.0,0.7662481422490468,0.8050813884161611,0.11592,0.05824817845075118,2.500769242471944,0.6082259249028987,68.64066396425812,1.0
australia_as_legislated,fixed_real_rule,target_date_fund,0.25,assessed at its remaining value,1.0,0.7944163750340286,0.8150208797498742,0.21892,0.111136015834872,1.8367371113171094,0.5798452853732518,14.61670067262827,1.0
australia_as_legislated,fixed_real_rule,balanced_all_equity,0.5,assessed at its remaining value,1.0,0.9258852991684804,0.9568950252473944,0.11592,0.05824817845075118,2.799239233556282,0.6823187829378485,45.76044264283884,1.0
australia_as_legislated,fixed_real_rule,target_date_fund,0.5,assessed at its remaining value,1.0,0.9393945316231875,0.9528486600144901,0.21892,0.111136015834872,2.062979743617702,0.6552335641310764,9.744467115085522,1.0
australia_as_legislated,fixed_real_rule,balanced_all_equity,0.75,assessed at its remaining value,1.0,1.1373721929995457,1.1514559990607527,0.11592,0.05824817845075118,3.1026253209220327,0.7692111611386158,22.880221321419416,1.0
australia_as_legislated,fixed_real_rule,target_date_fund,0.75,assessed at its remaining value,1.0,1.1003733188884395,1.0986560138618902,0.21892,0.111136015834872,2.296441597577351,0.7404003927187495,4.8722335575427635,1.0
australia_as_legislated,fixed_real_rule,balanced_all_equity,0.9,assessed at its remaining value,1.0,1.2872811173073584,1.2827849275743473,0.11592,0.05824817845075118,3.2931782965279712,0.8526976602745894,9.152088528567747,1.0
australia_as_legislated,fixed_real_rule,target_date_fund,0.9,assessed at its remaining value,1.0,1.1953093224890114,1.1812346906548854,0.21892,0.111136015834872,2.4468433535591685,0.8065113610696536,1.948893423017104,1.0
australia_as_legislated,fixed_real_rule,balanced_all_equity,0.95,assessed at its remaining value,1.0,1.3436273267165952,1.328521598262863,0.11592,0.05824817845075118,3.3633185844022773,0.8983528192450007,4.576044264283883,1.0
australia_as_legislated,fixed_real_rule,target_date_fund,0.95,assessed at its remaining value,1.0,1.2208342701705757,1.20408210870613,0.21892,0.111136015834872,2.5018614576178098,0.8286198694216739,0.9744467115085548,1.0
australia_as_legislated,fixed_real_rule,balanced_all_equity,1.0,assessed at its remaining value,1.0,1.3604013128058055,1.3118627820549527,1.0,0.9914042022859769,3.4517119777483694,0.9454512342843506,0.0,1.0
australia_as_legislated,fixed_real_rule,target_date_fund,1.0,assessed at its remaining value,1.0,1.2293071233278954,1.194967620640067,1.0,0.9914042022859769,2.5618904766866293,0.8473177280366739,0.0,1.0
australia_as_legislated,constant_percent at 4%,balanced_all_equity,0.0,exempt from the assets test,0.0,0.8606028855732422,0.8646139966343699,0.0,0.0,3.555255230165416,0.5280670340264092,74.67294073438092,1.0
australia_as_legislated,constant_percent at 4%,target_date_fund,0.0,exempt from the assets test,0.0,0.72819517207646,0.7417301037118694,0.0,0.0,1.7191673894583064,0.4712592273135763,27.056711851350595,1.0
australia_as_legislated,constant_percent at 4%,balanced_all_equity,0.1,exempt from the assets test,0.0,0.9798139524383042,0.9793185875605542,0.0,0.0,3.5410455611015594,0.6126813685585947,67.20564666094279,1.0
australia_as_legislated,constant_percent at 4%,target_date_fund,0.1,exempt from the assets test,0.0,0.8355683206973425,0.8445452511365302,0.0,0.0,1.802623962038721,0.5575534695919587,24.35104066621554,1.0
australia_as_legislated,constant_percent at 4%,balanced_all_equity,0.25,exempt from the assets test,0.0,1.1332091809626583,1.1310566682246461,0.0,0.0,3.521717084303175,0.7190720075719175,56.00470555078566,1.0
australia_as_legislated,constant_percent at 4%,target_date_fund,0.25,exempt from the assets test,0.0,0.975621837508978,0.9824520239824683,0.0,0.0,1.931408488748579,0.6645402220612167,20.292533888512963,1.0
australia_as_legislated,constant_percent at 4%,balanced_all_equity,0.5,exempt from the assets test,0.0,1.380843884804684,1.3833313413901012,0.0,0.0,3.501051377515615,0.9137410420948665,37.33647036719046,1.0
australia_as_legislated,constant_percent at 4%,target_date_fund,0.5,exempt from the assets test,0.0,1.2060373798848707,1.2156654476747097,0.0,0.0,2.1662602700985776,0.8411718850207804,13.528355925675298,1.0
australia_as_legislated,constant_percent at 4%,balanced_all_equity,0.75,exempt from the assets test,0.0,1.621246680641341,1.631913540109674,0.0,0.0,3.5330828426523406,1.0992219643593533,18.668235183595222,1.0
australia_as_legislated,constant_percent at 4%,target_date_fund,0.75,exempt from the assets test,0.0,1.4085530752923294,1.4210392838779087,0.0,0.0,2.480198255275157,0.9682318989925045,6.764177962837647,1.0
australia_as_legislated,constant_percent at 4%,balanced_all_equity,0.9,exempt from the assets test,0.0,1.7135866108404483,1.722599642020513,0.0,0.0,3.6697439591243044,1.1658011609786503,7.4672940734380875,1.0
australia_as_legislated,constant_percent at 4%,target_date_fund,0.9,exempt from the assets test,0.0,1.4735463427963744,1.4838441189498486,0.0,0.0,2.764568853237447,1.0037540061020767,2.705671185135058,1.0
australia_as_legislated,constant_percent at 4%,balanced_all_equity,0.95,exempt from the assets test,0.0,1.7221900513331918,1.7286819985644295,0.0,0.0,3.7628722154108694,1.1709275462884157,3.73364703671905,1.0
australia_as_legislated,constant_percent at 4%,target_date_fund,0.95,exempt from the assets test,0.0,1.4835092708860613,1.4914230284485155,0.0,0.0,2.8564756358838888,1.01327859647856,1.3528355925675304,1.0
australia_as_legislated,constant_percent at 4%,balanced_all_equity,1.0,exempt from the assets test,0.0,1.6217445856478876,1.5586477465391297,1.0,0.9914042022859769,3.8246053683838728,1.169143272262574,0.0,1.0
australia_as_legislated,constant_percent at 4%,target_date_fund,1.0,exempt from the assets test,0.0,1.4464006839233519,1.4129313938111472,1.0,0.9914042022859769,2.9090444118093934,1.0228032653894559,0.0,1.0
australia_as_legislated,constant_percent at 4%,balanced_all_equity,0.0,assessed at its remaining value,1.0,0.8606028855732422,0.8646139966343699,0.0,0.0,3.555255230165416,0.5280670340264092,74.67294073438092,1.0
australia_as_legislated,constant_percent at 4%,target_date_fund,0.0,assessed at its remaining value,1.0,0.72819517207646,0.7417301037118694,0.0,0.0,1.7191673894583064,0.4712592273135763,27.056711851350595,1.0
australia_as_legislated,constant_percent at 4%,balanced_all_equity,0.1,assessed at its remaining value,1.0,0.9416440359895325,0.9388702060491044,0.0,0.0,3.5385110576365064,0.5886923401214136,67.20564666094279,1.0
australia_as_legislated,constant_percent at 4%,target_date_fund,0.1,assessed at its remaining value,1.0,0.803755027248209,0.8098926185766792,0.0,0.0,1.7969808710974786,0.5333728063412626,24.35104066621554,1.0
australia_as_legislated,constant_percent at 4%,balanced_all_equity,0.25,assessed at its remaining value,1.0,1.0361605140189907,1.0276137048542664,0.0,0.0,3.513846682541954,0.6598540907105734,56.00470555078566,1.0
australia_as_legislated,constant_percent at 4%,target_date_fund,0.25,assessed at its remaining value,1.0,0.8932726936000983,0.8927765245148124,0.0,0.0,1.914524998606818,0.5988351726499064,20.292533888512963,1.0
australia_as_legislated,constant_percent at 4%,balanced_all_equity,0.5,assessed at its remaining value,1.0,1.1653382145489515,1.1510057025383829,0.0,0.0,3.4745418808202975,0.7581086893164636,37.33647036719046,1.0
australia_as_legislated,constant_percent at 4%,target_date_fund,0.5,assessed at its remaining value,1.0,1.0207900818187226,1.0128815255068335,0.0,0.0,2.113882006594756,0.684318593875023,13.528355925675298,1.0
australia_as_legislated,constant_percent at 4%,balanced_all_equity,0.75,assessed at its remaining value,1.0,1.2803076460922453,1.2619630464664118,0.0,0.0,3.4406832699860823,0.8457492193737464,18.668235183595222,1.0
australia_as_legislated,constant_percent at 4%,target_date_fund,0.75,assessed at its remaining value,1.0,1.1390641451154513,1.1251514128650102,0.0,0.0,2.3222908303571326,0.7664113627475979,6.764177962837647,1.0
australia_as_legislated,constant_percent at 4%,balanced_all_equity,0.9,assessed at its remaining value,1.0,1.3507224288265403,1.3293327698367594,0.0,0.0,3.4311683991005166,0.9043186366574644,7.4672940734380875,1.0
australia_as_legislated,constant_percent at 4%,target_date_fund,0.9,assessed at its remaining value,1.0,1.2073875219403745,1.1902569419591074,0.0,0.0,2.4592186643717158,0.8159549865088352,2.705671185135058,1.0
australia_as_legislated,constant_percent at 4%,balanced_all_equity,0.95,assessed at its remaining value,1.0,1.3747354323726533,1.3515847362635318,0.0,0.0,3.4351898978474105,0.9266574946090413,3.73364703671905,1.0
australia_as_legislated,constant_percent at 4%,target_date_fund,0.95,assessed at its remaining value,1.0,1.2284209805982493,1.209918094890904,0.0,0.0,2.509162775598744,0.8317710705608587,1.3528355925675304,1.0
australia_as_legislated,constant_percent at 4%,balanced_all_equity,1.0,assessed at its remaining value,1.0,1.3604013128058055,1.3118627820549527,1.0,0.9914042022859769,3.4517119777483694,0.9454512342843506,0.0,1.0
australia_as_legislated,constant_percent at 4%,target_date_fund,1.0,assessed at its remaining value,1.0,1.2293071233278954,1.194967620640067,1.0,0.9914042022859769,2.5618904766866293,0.8473177280366739,0.0,1.0
australia_as_legislated,amortisation at 6%,balanced_all_equity,0.0,exempt from the assets test,0.0,1.3335374142990688,1.3829707475349955,0.0,0.0,4.491540714698536,0.8712885217617271,0.0,1.0
australia_as_legislated,amortisation at 6%,target_date_fund,0.0,exempt from the assets test,0.0,1.0711858867807698,1.1248753601186934,0.0,0.0,2.357640016266437,0.7072132541411842,0.0,1.0
australia_as_legislated,amortisation at 6%,balanced_all_equity,0.1,exempt from the assets test,0.0,1.4100426703250026,1.4607252616030293,0.0,0.0,4.395950629173382,0.9410250550223654,0.0,1.0
australia_as_legislated,amortisation at 6%,target_date_fund,0.1,exempt from the assets test,0.0,1.1553009017289333,1.2042356288585454,0.0,0.0,2.3934225017342032,0.7800048621016379,0.0,1.0
australia_as_legislated,amortisation at 6%,balanced_all_equity,0.25,exempt from the assets test,0.0,1.494556016896149,1.5517817607780708,0.0,0.0,4.256343187558995,1.0253904248656833,0.0,1.0
australia_as_legislated,amortisation at 6%,target_date_fund,0.25,exempt from the assets test,0.0,1.2466720460285805,1.2938869533225263,0.0,0.0,2.451538156736562,0.8610516873674772,0.0,1.0
australia_as_legislated,amortisation at 6%,balanced_all_equity,0.5,exempt from the assets test,0.0,1.596041517623497,1.6699044198172155,0.0,0.0,4.041882069898567,1.153930629464404,0.0,1.0
australia_as_legislated,amortisation at 6%,target_date_fund,0.5,exempt from the assets test,0.0,1.3588661277927327,1.4089663732779865,0.0,0.0,2.5683325985463794,0.9489803761703682,0.0,1.0
australia_as_legislated,amortisation at 6%,balanced_all_equity,0.75,exempt from the assets test,0.0,1.6496894723249147,1.7342267961711126,0.0,0.0,3.885376655403656,1.2035780729230057,0.0,1.0
australia_as_legislated,amortisation at 6%,target_date_fund,0.75,exempt from the assets test,0.0,1.4279159076403758,1.4771884017913048,0.0,0.0,2.736009273603299,0.9994123960421674,0.0,1.0
australia_as_legislated,amortisation at 6%,balanced_all_equity,0.9,exempt from the assets test,0.0,1.6439225268035105,1.716943528266956,0.0,0.0,3.863466006003666,1.190307813362788,0.0,1.0
australia_as_legislated,amortisation at 6%,target_date_fund,0.9,exempt from the assets test,0.0,1.443514782602453,1.481444734153581,0.0,0.0,2.86415460119917,1.0162896110285602,0.0,1.0
australia_as_legislated,amortisation at 6%,balanced_all_equity,0.95,exempt from the assets test,0.0,1.6345687128153736,1.692809259873527,0.0,0.0,3.8601298731453495,1.1814494362545016,0.0,1.0
australia_as_legislated,amortisation at 6%,target_date_fund,0.95,exempt from the assets test,0.0,1.445471707461058,1.4725282014222554,0.0,0.0,2.894088761185332,1.0187653195705748,0.0,1.0
australia_as_legislated,amortisation at 6%,balanced_all_equity,1.0,exempt from the assets test,0.0,1.6217445856478876,1.5586477465391297,1.0,0.9914042022859769,3.8246053683838728,1.169143272262574,0.0,1.0
australia_as_legislated,amortisation at 6%,target_date_fund,1.0,exempt from the assets test,0.0,1.4464006839233519,1.4129313938111472,1.0,0.9914042022859769,2.9090444118093934,1.0228032653894559,0.0,1.0
australia_as_legislated,amortisation at 6%,balanced_all_equity,0.0,assessed at its remaining value,1.0,1.3335374142990688,1.3829707475349955,0.0,0.0,4.491540714698536,0.8712885217617271,0.0,1.0
australia_as_legislated,amortisation at 6%,target_date_fund,0.0,assessed at its remaining value,1.0,1.0711858867807698,1.1248753601186934,0.0,0.0,2.357640016266437,0.7072132541411842,0.0,1.0
australia_as_legislated,amortisation at 6%,balanced_all_equity,0.1,assessed at its remaining value,1.0,1.3720650002177914,1.4121509501525402,0.0,0.0,4.385093883648369,0.9007683509933126,0.0,1.0
australia_as_legislated,amortisation at 6%,target_date_fund,0.1,assessed at its remaining value,1.0,1.1304903626630214,1.171678487140942,0.0,0.0,2.3766052689881993,0.7679781936344368,0.0,1.0
australia_as_legislated,amortisation at 6%,balanced_all_equity,0.25,assessed at its remaining value,1.0,1.4018591400284963,1.4329847538250011,0.0,0.0,4.226260630364798,0.9348246739946677,0.0,1.0
australia_as_legislated,amortisation at 6%,target_date_fund,0.25,assessed at its remaining value,1.0,1.180057611843905,1.2087421341268025,0.0,0.0,2.4051986954377393,0.8001761710324912,0.0,1.0
australia_as_legislated,amortisation at 6%,balanced_all_equity,0.5,assessed at its remaining value,1.0,1.4166362730750082,1.4371331770216105,0.0,0.0,3.9638899090877175,0.966327370155497,0.0,1.0
australia_as_legislated,amortisation at 6%,target_date_fund,0.5,assessed at its remaining value,1.0,1.2204614441242907,1.2350047971489901,0.0,0.0,2.4546142733228624,0.8317246172583749,0.0,1.0
australia_as_legislated,amortisation at 6%,balanced_all_equity,0.75,assessed at its remaining value,1.0,1.4025840821573015,1.4135495456891582,0.0,0.0,3.7048588492729166,0.9719106233065847,0.0,1.0
australia_as_legislated,amortisation at 6%,target_date_fund,0.75,assessed at its remaining value,1.0,1.2338981777228348,1.2375810054276595,0.0,0.0,2.5068149907600903,0.8446581044718182,0.0,1.0
australia_as_legislated,amortisation at 6%,balanced_all_equity,0.9,assessed at its remaining value,1.0,1.3813308100882258,1.3848891639459868,0.0,0.0,3.5518680740724,0.9601395011995935,0.0,1.0
australia_as_legislated,amortisation at 6%,target_date_fund,0.9,assessed at its remaining value,1.0,1.2330904212379488,1.2291603375054976,0.0,0.0,2.539508399476005,0.8485470881719102,0.0,1.0
australia_as_legislated,amortisation at 6%,balanced_all_equity,0.95,assessed at its remaining value,1.0,1.3716958967584791,1.3697938599188875,0.0,0.0,3.5015319275883634,0.9535307101858681,0.0,1.0
australia_as_legislated,amortisation at 6%,target_date_fund,0.95,assessed at its remaining value,1.0,1.2315217212288518,1.2226326367927538,0.0,0.0,2.5506399450257065,0.848199950485148,0.0,1.0
australia_as_legislated,amortisation at 6%,balanced_all_equity,1.0,assessed at its remaining value,1.0,1.3604013128058055,1.3118627820549527,1.0,0.9914042022859769,3.4517119777483694,0.9454512342843506,0.0,1.0
australia_as_legislated,amortisation at 6%,target_date_fund,1.0,assessed at its remaining value,1.0,1.2293071233278954,1.194967620640067,1.0,0.9914042022859769,2.5618904766866293,0.8473177280366739,0.0,1.0
us_social_security,fixed_real_rule,balanced_all_equity,0.0,exempt from the assets test,0.0,1.0479618872418284,1.0785104726241281,0.11592,0.05824817845075118,1.7334946912291456,0.7060061347011013,45.3073689533057,0.9
us_social_security,fixed_real_rule,target_date_fund,0.0,exempt from the assets test,0.0,0.9449159895762623,0.9761877399379453,0.21892,0.111136015834872,1.4228965458247633,0.6314716085587018,9.647987242658953,0.9
us_social_security,fixed_real_rule,balanced_all_equity,0.1,exempt from the assets test,0.0,1.0888581180663406,1.1103955808512918,0.11592,0.05824817845075118,1.7763891535860263,0.7352491111482118,40.776632057975114,0.9
us_social_security,fixed_real_rule,target_date_fund,0.1,exempt from the assets test,0.0,0.9803333740455334,1.0043357696453492,0.21892,0.111136015834872,1.4560585028747042,0.6645568100898217,8.683188518393033,0.9
us_social_security,fixed_real_rule,balanced_all_equity,0.25,exempt from the assets test,0.0,1.1257431702886687,1.1416501616996497,0.11592,0.05824817845075118,1.8407308471213468,0.765673938880955,33.98052671497928,0.9
us_social_security,fixed_real_rule,target_date_fund,0.25,exempt from the assets test,0.0,1.0161277076500375,1.0342028843976883,0.21892,0.111136015834872,1.5058014384496137,0.6995642098339356,7.235990431994236,0.9
us_social_security,fixed_real_rule,balanced_all_equity,0.5,exempt from the assets test,0.0,1.1712068844032106,1.1833073467843305,0.11592,0.05824817845075118,1.9479670030135459,0.8007493575136583,22.65368447665285,0.9
us_social_security,fixed_real_rule,target_date_fund,0.5,exempt from the assets test,0.0,1.0600918613933057,1.073158667994012,0.21892,0.111136015834872,1.5887063310744658,0.7342682663710276,4.8239936213294765,0.9
us_social_security,fixed_real_rule,balanced_all_equity,0.75,exempt from the assets test,0.0,1.2100327585019048,1.220424642621539,0.11592,0.05824817845075118,2.055203158905747,0.8289590114563103,11.326842238326424,0.9
us_social_security,fixed_real_rule,target_date_fund,0.75,exempt from the assets test,0.0,1.0961536658175106,1.1064965358353671,0.21892,0.111136015834872,1.6716112236993173,0.7609327475765478,2.411996810664739,0.9
us_social_security,fixed_real_rule,balanced_all_equity,0.9,exempt from the assets test,0.0,1.231517164874569,1.2406302111867906,0.11592,0.05824817845075118,2.119544852441067,0.8449216114739218,4.530736895330573,0.9
us_social_security,fixed_real_rule,target_date_fund,0.9,exempt from the assets test,0.0,1.1153705105621903,1.123951598114042,0.21892,0.111136015834872,1.7213541592742283,0.7759706629704938,0.9647987242658891,0.9
us_social_security,fixed_real_rule,balanced_all_equity,0.95,exempt from the assets test,0.0,1.237919690691652,1.2454360052717206,0.11592,0.05824817845075118,2.140992083619507,0.8500977819007585,2.265368447665287,0.9
us_social_security,fixed_real_rule,target_date_fund,0.95,exempt from the assets test,0.0,1.120833881868368,1.1278024483195173,0.21892,0.111136015834872,1.7379351377991974,0.7808148296068266,0.48239936213294565,0.9
us_social_security,fixed_real_rule,balanced_all_equity,1.0,exempt from the assets test,0.0,1.2263030920366698,1.2153104980017515,1.0,0.9914042022859769,2.1624393147979477,0.8550048045278344,0.0,0.9
us_social_security,fixed_real_rule,target_date_fund,1.0,exempt from the assets test,0.0,1.118507050755425,1.113959321708004,1.0,0.9914042022859769,1.7545161163241687,0.7863474262252104,0.0,0.9
us_social_security,fixed_real_rule,balanced_all_equity,0.0,assessed at its remaining value,1.0,1.0479618872418284,1.0785104726241281,0.11592,0.05824817845075118,1.7334946912291456,0.7060061347011013,45.3073689533057,0.9
us_social_security,fixed_real_rule,target_date_fund,0.0,assessed at its remaining value,1.0,0.9449159895762623,0.9761877399379453,0.21892,0.111136015834872,1.4228965458247633,0.6314716085587018,9.647987242658953,0.9
us_social_security,fixed_real_rule,balanced_all_equity,0.1,assessed at its remaining value,1.0,1.0888581180663406,1.1103955808512918,0.11592,0.05824817845075118,1.7763891535860263,0.7352491111482118,40.776632057975114,0.9
us_social_security,fixed_real_rule,target_date_fund,0.1,assessed at its remaining value,1.0,0.9803333740455334,1.0043357696453492,0.21892,0.111136015834872,1.4560585028747042,0.6645568100898217,8.683188518393033,0.9
us_social_security,fixed_real_rule,balanced_all_equity,0.25,assessed at its remaining value,1.0,1.1257431702886687,1.1416501616996497,0.11592,0.05824817845075118,1.8407308471213468,0.765673938880955,33.98052671497928,0.9
us_social_security,fixed_real_rule,target_date_fund,0.25,assessed at its remaining value,1.0,1.0161277076500375,1.0342028843976883,0.21892,0.111136015834872,1.5058014384496137,0.6995642098339356,7.235990431994236,0.9
us_social_security,fixed_real_rule,balanced_all_equity,0.5,assessed at its remaining value,1.0,1.1712068844032106,1.1833073467843305,0.11592,0.05824817845075118,1.9479670030135459,0.8007493575136583,22.65368447665285,0.9
us_social_security,fixed_real_rule,target_date_fund,0.5,assessed at its remaining value,1.0,1.0600918613933057,1.073158667994012,0.21892,0.111136015834872,1.5887063310744658,0.7342682663710276,4.8239936213294765,0.9
us_social_security,fixed_real_rule,balanced_all_equity,0.75,assessed at its remaining value,1.0,1.2100327585019048,1.220424642621539,0.11592,0.05824817845075118,2.055203158905747,0.8289590114563103,11.326842238326424,0.9
us_social_security,fixed_real_rule,target_date_fund,0.75,assessed at its remaining value,1.0,1.0961536658175106,1.1064965358353671,0.21892,0.111136015834872,1.6716112236993173,0.7609327475765478,2.411996810664739,0.9
us_social_security,fixed_real_rule,balanced_all_equity,0.9,assessed at its remaining value,1.0,1.231517164874569,1.2406302111867906,0.11592,0.05824817845075118,2.119544852441067,0.8449216114739218,4.530736895330573,0.9
us_social_security,fixed_real_rule,target_date_fund,0.9,assessed at its remaining value,1.0,1.1153705105621903,1.123951598114042,0.21892,0.111136015834872,1.7213541592742283,0.7759706629704938,0.9647987242658891,0.9
us_social_security,fixed_real_rule,balanced_all_equity,0.95,assessed at its remaining value,1.0,1.237919690691652,1.2454360052717206,0.11592,0.05824817845075118,2.140992083619507,0.8500977819007585,2.265368447665287,0.9
us_social_security,fixed_real_rule,target_date_fund,0.95,assessed at its remaining value,1.0,1.120833881868368,1.1278024483195173,0.21892,0.111136015834872,1.7379351377991974,0.7808148296068266,0.48239936213294565,0.9
us_social_security,fixed_real_rule,balanced_all_equity,1.0,assessed at its remaining value,1.0,1.2263030920366698,1.2153104980017515,1.0,0.9914042022859769,2.1624393147979477,0.8550048045278344,0.0,0.9
us_social_security,fixed_real_rule,target_date_fund,1.0,assessed at its remaining value,1.0,1.118507050755425,1.113959321708004,1.0,0.9914042022859769,1.7545161163241687,0.7863474262252104,0.0,0.9
us_social_security,constant_percent at 4%,balanced_all_equity,0.0,exempt from the assets test,0.0,1.1281165718858748,1.1332774283837341,0.0,0.0,2.4132194494062005,0.7637519566128143,36.966802343752896,0.9
us_social_security,constant_percent at 4%,target_date_fund,0.0,exempt from the assets test,0.0,0.9581987033875073,0.9763525104979293,0.0,0.0,1.4920989768542556,0.6518069903728645,13.394411807599305,0.9
us_social_security,constant_percent at 4%,balanced_all_equity,0.1,exempt from the assets test,0.0,1.1549541846027638,1.1584926162181535,0.0,0.0,2.388141435945375,0.7844448290390502,33.27012210937762,0.9
us_social_security,constant_percent at 4%,target_date_fund,0.1,exempt from the assets test,0.0,0.9853952399560744,1.0011658564721049,0.0,0.0,1.5183406908012471,0.6751561456330297,12.05497062683937,0.9
us_social_security,constant_percent at 4%,balanced_all_equity,0.25,exempt from the assets test,0.0,1.1873200300336182,1.1894429613513162,0.0,0.0,2.350524415754139,0.8104311902245372,27.725101757814684,0.9
us_social_security,constant_percent at 4%,target_date_fund,0.25,exempt from the assets test,0.0,1.0196603501595491,1.0328230982546147,0.0,0.0,1.5577032617217343,0.704043402704424,10.045808855699473,0.9
us_social_security,constant_percent at 4%,balanced_all_equity,0.5,exempt from the assets test,0.0,1.226178210809862,1.2278379502516676,0.0,0.0,2.287829382102074,0.8405250145676405,18.483401171876448,0.9
us_social_security,constant_percent at 4%,target_date_fund,0.5,exempt from the assets test,0.0,1.0660273440993406,1.0763312698477556,0.0,0.0,1.623307546589212,0.7390033237588681,6.697205903799652,0.9
us_social_security,constant_percent at 4%,balanced_all_equity,0.75,exempt from the assets test,0.0,1.2483874494778602,1.2517660007003604,0.0,0.0,2.2251343484500112,0.8583411796372514,9.241700585938224,0.9
us_social_security,constant_percent at 4%,target_date_fund,0.75,exempt from the assets test,0.0,1.1028781155583545,1.1115147904941174,0.0,0.0,1.68891183145669,0.7659105761170472,3.3486029518998253,0.9
us_social_security,constant_percent at 4%,balanced_all_equity,0.9,exempt from the assets test,0.0,1.2519297026366898,1.2573272337539663,0.0,0.0,2.1875173282587737,0.8591645365656784,3.6966802343752905,0.9
us_social_security,constant_percent at 4%,target_date_fund,0.9,exempt from the assets test,0.0,1.1204467427064144,1.1280581760786137,0.0,0.0,1.7282744023771761,0.7789171695314343,1.3394411807599305,0.9
us_social_security,constant_percent at 4%,balanced_all_equity,0.95,exempt from the assets test,0.0,1.2500504167578987,1.2554216825419307,0.0,0.0,2.1749783215283607,0.856470094779847,1.848340117187647,0.9
us_social_security,constant_percent at 4%,target_date_fund,0.95,exempt from the assets test,0.0,1.1245557351656204,1.1309197952620391,0.0,0.0,1.741395259350673,0.7825148697125074,0.6697205903799652,0.9
us_social_security,constant_percent at 4%,balanced_all_equity,1.0,exempt from the assets test,0.0,1.2263030920366698,1.2153104980017515,1.0,0.9914042022859769,2.1624393147979477,0.8550048045278344,0.0,0.9
us_social_security,constant_percent at 4%,target_date_fund,1.0,exempt from the assets test,0.0,1.118507050755425,1.113959321708004,1.0,0.9914042022859769,1.7545161163241687,0.7863474262252104,0.0,0.9
us_social_security,constant_percent at 4%,balanced_all_equity,0.0,assessed at its remaining value,1.0,1.1281165718858748,1.1332774283837341,0.0,0.0,2.4132194494062005,0.7637519566128143,36.966802343752896,0.9
us_social_security,constant_percent at 4%,target_date_fund,0.0,assessed at its remaining value,1.0,0.9581987033875073,0.9763525104979293,0.0,0.0,1.4920989768542556,0.6518069903728645,13.394411807599305,0.9
us_social_security,constant_percent at 4%,balanced_all_equity,0.1,assessed at its remaining value,1.0,1.1549541846027638,1.1584926162181535,0.0,0.0,2.388141435945375,0.7844448290390502,33.27012210937762,0.9
us_social_security,constant_percent at 4%,target_date_fund,0.1,assessed at its remaining value,1.0,0.9853952399560744,1.0011658564721049,0.0,0.0,1.5183406908012471,0.6751561456330297,12.05497062683937,0.9
us_social_security,constant_percent at 4%,balanced_all_equity,0.25,assessed at its remaining value,1.0,1.1873200300336182,1.1894429613513162,0.0,0.0,2.350524415754139,0.8104311902245372,27.725101757814684,0.9
us_social_security,constant_percent at 4%,target_date_fund,0.25,assessed at its remaining value,1.0,1.0196603501595491,1.0328230982546147,0.0,0.0,1.5577032617217343,0.704043402704424,10.045808855699473,0.9
us_social_security,constant_percent at 4%,balanced_all_equity,0.5,assessed at its remaining value,1.0,1.226178210809862,1.2278379502516676,0.0,0.0,2.287829382102074,0.8405250145676405,18.483401171876448,0.9
us_social_security,constant_percent at 4%,target_date_fund,0.5,assessed at its remaining value,1.0,1.0660273440993406,1.0763312698477556,0.0,0.0,1.623307546589212,0.7390033237588681,6.697205903799652,0.9
us_social_security,constant_percent at 4%,balanced_all_equity,0.75,assessed at its remaining value,1.0,1.2483874494778602,1.2517660007003604,0.0,0.0,2.2251343484500112,0.8583411796372514,9.241700585938224,0.9
us_social_security,constant_percent at 4%,target_date_fund,0.75,assessed at its remaining value,1.0,1.1028781155583545,1.1115147904941174,0.0,0.0,1.68891183145669,0.7659105761170472,3.3486029518998253,0.9
us_social_security,constant_percent at 4%,balanced_all_equity,0.9,assessed at its remaining value,1.0,1.2519297026366898,1.2573272337539663,0.0,0.0,2.1875173282587737,0.8591645365656784,3.6966802343752905,0.9
us_social_security,constant_percent at 4%,target_date_fund,0.9,assessed at its remaining value,1.0,1.1204467427064144,1.1280581760786137,0.0,0.0,1.7282744023771761,0.7789171695314343,1.3394411807599305,0.9
us_social_security,constant_percent at 4%,balanced_all_equity,0.95,assessed at its remaining value,1.0,1.2500504167578987,1.2554216825419307,0.0,0.0,2.1749783215283607,0.856470094779847,1.848340117187647,0.9
us_social_security,constant_percent at 4%,target_date_fund,0.95,assessed at its remaining value,1.0,1.1245557351656204,1.1309197952620391,0.0,0.0,1.741395259350673,0.7825148697125074,0.6697205903799652,0.9
us_social_security,constant_percent at 4%,balanced_all_equity,1.0,assessed at its remaining value,1.0,1.2263030920366698,1.2153104980017515,1.0,0.9914042022859769,2.1624393147979477,0.8550048045278344,0.0,0.9
us_social_security,constant_percent at 4%,target_date_fund,1.0,assessed at its remaining value,1.0,1.118507050755425,1.113959321708004,1.0,0.9914042022859769,1.7545161163241687,0.7863474262252104,0.0,0.9
us_social_security,amortisation at 6%,balanced_all_equity,0.0,exempt from the assets test,0.0,1.2413063352365137,1.294297236743299,0.0,0.0,2.8442681437568944,0.8295807299032805,0.0,0.9
us_social_security,amortisation at 6%,target_date_fund,0.0,exempt from the assets test,0.0,1.0340948716170981,1.0849270357801788,0.0,0.0,1.7564321926196997,0.68263516123651,0.0,0.9
us_social_security,amortisation at 6%,balanced_all_equity,0.1,exempt from the assets test,0.0,1.2591498159994077,1.3080413760944745,0.0,0.0,2.7760852608609996,0.8468806258489743,0.0,0.9
us_social_security,amortisation at 6%,target_date_fund,0.1,exempt from the assets test,0.0,1.057633628250874,1.1037964250116237,0.0,0.0,1.7562405849901466,0.7059388715425395,0.0,0.9
us_social_security,amortisation at 6%,balanced_all_equity,0.25,exempt from the assets test,0.0,1.275240560317201,1.3187430267168168,0.0,0.0,2.6738109365171585,0.8664615247520481,0.0,0.9
us_social_security,amortisation at 6%,target_date_fund,0.25,exempt from the assets test,0.0,1.083232533375535,1.123210152185308,0.0,0.0,1.7559531735458171,0.7335568492813241,0.0,0.9
us_social_security,amortisation at 6%,balanced_all_equity,0.5,exempt from the assets test,0.0,1.2818739866196933,1.317258791285951,0.0,0.0,2.503353729277421,0.8826562001729102,0.0,0.9
us_social_security,amortisation at 6%,target_date_fund,0.5,exempt from the assets test,0.0,1.1091903272144528,1.139945383855354,0.0,0.0,1.7554741544719341,0.7642898186504075,0.0,0.9
us_social_security,amortisation at 6%,balanced_all_equity,0.75,exempt from the assets test,0.0,1.2670732599246952,1.2944213120718262,0.0,0.0,2.332896522037683,0.8804232765579041,0.0,0.9
us_social_security,amortisation at 6%,target_date_fund,0.75,exempt from the assets test,0.0,1.12012032044279,1.141909087840444,0.0,0.0,1.754995135398052,0.7810934230489995,0.0,0.9
us_social_security,amortisation at 6%,balanced_all_equity,0.9,exempt from the assets test,0.0,1.246735794375509,1.2673743035598481,0.0,0.0,2.2306221976938407,0.8695377440270587,0.0,0.9
us_social_security,amortisation at 6%,target_date_fund,0.9,exempt from the assets test,0.0,1.1206171423092506,1.1352749295081566,0.0,0.0,1.75470772395372,0.7861248398510191,0.0,0.9
us_social_security,amortisation at 6%,balanced_all_equity,0.95,exempt from the assets test,0.0,1.2374084015327922,1.2530295600868284,0.0,0.0,2.1965307562458927,0.8617250905639757,0.0,0.9
us_social_security,amortisation at 6%,target_date_fund,0.95,exempt from the assets test,0.0,1.1198093462333842,1.129979254618334,0.0,0.0,1.7546119201389445,0.7861516960769235,0.0,0.9
us_social_security,amortisation at 6%,balanced_all_equity,1.0,exempt from the assets test,0.0,1.2263030920366698,1.2153104980017515,1.0,0.9914042022859769,2.1624393147979477,0.8550048045278344,0.0,0.9
us_social_security,amortisation at 6%,target_date_fund,1.0,exempt from the assets test,0.0,1.118507050755425,1.113959321708004,1.0,0.9914042022859769,1.7545161163241687,0.7863474262252104,0.0,0.9
us_social_security,amortisation at 6%,balanced_all_equity,0.0,assessed at its remaining value,1.0,1.2413063352365137,1.294297236743299,0.0,0.0,2.8442681437568944,0.8295807299032805,0.0,0.9
us_social_security,amortisation at 6%,target_date_fund,0.0,assessed at its remaining value,1.0,1.0340948716170981,1.0849270357801788,0.0,0.0,1.7564321926196997,0.68263516123651,0.0,0.9
us_social_security,amortisation at 6%,balanced_all_equity,0.1,assessed at its remaining value,1.0,1.2591498159994077,1.3080413760944745,0.0,0.0,2.7760852608609996,0.8468806258489743,0.0,0.9
us_social_security,amortisation at 6%,target_date_fund,0.1,assessed at its remaining value,1.0,1.057633628250874,1.1037964250116237,0.0,0.0,1.7562405849901466,0.7059388715425395,0.0,0.9
us_social_security,amortisation at 6%,balanced_all_equity,0.25,assessed at its remaining value,1.0,1.275240560317201,1.3187430267168168,0.0,0.0,2.6738109365171585,0.8664615247520481,0.0,0.9
us_social_security,amortisation at 6%,target_date_fund,0.25,assessed at its remaining value,1.0,1.083232533375535,1.123210152185308,0.0,0.0,1.7559531735458171,0.7335568492813241,0.0,0.9
us_social_security,amortisation at 6%,balanced_all_equity,0.5,assessed at its remaining value,1.0,1.2818739866196933,1.317258791285951,0.0,0.0,2.503353729277421,0.8826562001729102,0.0,0.9
us_social_security,amortisation at 6%,target_date_fund,0.5,assessed at its remaining value,1.0,1.1091903272144528,1.139945383855354,0.0,0.0,1.7554741544719341,0.7642898186504075,0.0,0.9
us_social_security,amortisation at 6%,balanced_all_equity,0.75,assessed at its remaining value,1.0,1.2670732599246952,1.2944213120718262,0.0,0.0,2.332896522037683,0.8804232765579041,0.0,0.9
us_social_security,amortisation at 6%,target_date_fund,0.75,assessed at its remaining value,1.0,1.12012032044279,1.141909087840444,0.0,0.0,1.754995135398052,0.7810934230489995,0.0,0.9
us_social_security,amortisation at 6%,balanced_all_equity,0.9,assessed at its remaining value,1.0,1.246735794375509,1.2673743035598481,0.0,0.0,2.2306221976938407,0.8695377440270587,0.0,0.9
us_social_security,amortisation at 6%,target_date_fund,0.9,assessed at its remaining value,1.0,1.1206171423092506,1.1352749295081566,0.0,0.0,1.75470772395372,0.7861248398510191,0.0,0.9
us_social_security,amortisation at 6%,balanced_all_equity,0.95,assessed at its remaining value,1.0,1.2374084015327922,1.2530295600868284,0.0,0.0,2.1965307562458927,0.8617250905639757,0.0,0.9
us_social_security,amortisation at 6%,target_date_fund,0.95,assessed at its remaining value,1.0,1.1198093462333842,1.129979254618334,0.0,0.0,1.7546119201389445,0.7861516960769235,0.0,0.9
us_social_security,amortisation at 6%,balanced_all_equity,1.0,assessed at its remaining value,1.0,1.2263030920366698,1.2153104980017515,1.0,0.9914042022859769,2.1624393147979477,0.8550048045278344,0.0,0.9
us_social_security,amortisation at 6%,target_date_fund,1.0,assessed at its remaining value,1.0,1.118507050755425,1.113959321708004,1.0,0.9914042022859769,1.7545161163241687,0.7863474262252104,0.0,0.9
age_pension_matched,fixed_real_rule,balanced_all_equity,0.0,exempt from the assets test,0.0,0.4159074372399515,0.4453337149970984,0.11592,0.05824817845075118,1.1375837625179384,0.3398425598252197,45.3073689533057,0.9
age_pension_matched,fixed_real_rule,target_date_fund,0.0,exempt from the assets test,0.0,0.4755108619605084,0.5025286799240993,0.21892,0.111136015834872,0.8864899600440282,0.3725612013925447,9.647987242658953,0.9
age_pension_matched,fixed_real_rule,balanced_all_equity,0.1,exempt from the assets test,0.0,0.4452552997578504,0.4792360845988171,0.11592,0.05824817845075118,1.1878155841484637,0.36254172517352057,40.776632057975114,0.9
age_pension_matched,fixed_real_rule,target_date_fund,0.1,exempt from the assets test,0.0,0.5203704184175234,0.5502853126044819,0.21892,0.111136015834872,0.9323233353579308,0.4083458648743558,8.683188518393033,0.9
age_pension_matched,fixed_real_rule,balanced_all_equity,0.25,exempt from the assets test,0.0,0.5231138825563744,0.5586535447981769,0.11592,0.05824817845075118,1.2670779722082648,0.4054913337206756,33.98052671497928,0.9
age_pension_matched,fixed_real_rule,target_date_fund,0.25,exempt from the assets test,0.0,0.5944448864819665,0.6309323403373974,0.21892,0.111136015834872,1.0070363993591234,0.46978926208476784,7.235990431994236,0.9
age_pension_matched,fixed_real_rule,balanced_all_equity,0.5,exempt from the assets test,0.0,0.651019095281068,0.7027071939556908,0.11592,0.05824817845075118,1.418370900553652,0.5079432806838238,22.65368447665285,0.9
age_pension_matched,fixed_real_rule,target_date_fund,0.5,exempt from the assets test,0.0,0.7618471260531322,0.8071413881989655,0.21892,0.111136015834872,1.157120064893827,0.5762106309260654,4.8239936213294765,0.9
age_pension_matched,fixed_real_rule,balanced_all_equity,0.75,exempt from the assets test,0.0,0.8738532310384737,0.9392842931125565,0.11592,0.05824817845075118,1.6299414200696203,0.6510709773553534,11.326842238326424,0.9
age_pension_matched,fixed_real_rule,target_date_fund,0.75,exempt from the assets test,0.0,0.9616904479979751,0.9799790819202648,0.21892,0.111136015834872,1.3592267425557685,0.6662324464828828,2.411996810664739,0.9
age_pension_matched,fixed_real_rule,balanced_all_equity,0.9,exempt from the assets test,0.0,1.0715080944275124,1.1034830925861288,0.11592,0.05824817845075118,1.8238944769040821,0.7412253802331057,4.530736895330573,0.9
age_pension_matched,fixed_real_rule,target_date_fund,0.9,exempt from the assets test,0.0,1.0097937699768262,1.0182646720614574,0.21892,0.111136015834872,1.492680836236838,0.6950248919810218,0.9647987242658891,0.9
age_pension_matched,fixed_real_rule,balanced_all_equity,0.95,exempt from the assets test,0.0,1.1188145496542523,1.1328938719245694,0.11592,0.05824817845075118,1.8985840772263811,0.7619551007813774,2.265368447665287,0.9
age_pension_matched,fixed_real_rule,target_date_fund,0.95,exempt from the assets test,0.0,1.0168223044082185,1.0236942104116655,0.21892,0.111136015834872,1.524990399215307,0.6999684499331784,0.48239936213294565,0.9
age_pension_matched,fixed_real_rule,balanced_all_equity,1.0,exempt from the assets test,0.0,1.1262791841960733,1.1213475473245804,1.0,0.9914042022859769,1.9531416658609504,0.7700149893712633,0.0,0.9
age_pension_matched,fixed_real_rule,target_date_fund,1.0,exempt from the assets test,0.0,1.0179314836826734,1.017387105768009,1.0,0.9914042022859769,1.5452184673871725,0.7048139962099728,0.0,0.9
age_pension_matched,fixed_real_rule,balanced_all_equity,0.0,assessed at its remaining value,1.0,0.4159074372399515,0.4453337149970984,0.11592,0.05824817845075118,1.1375837625179384,0.3398425598252197,45.3073689533057,0.9
age_pension_matched,fixed_real_rule,target_date_fund,0.0,assessed at its remaining value,1.0,0.4755108619605084,0.5025286799240993,0.21892,0.111136015834872,0.8864899600440282,0.3725612013925447,9.647987242658953,0.9
age_pension_matched,fixed_real_rule,balanced_all_equity,0.1,assessed at its remaining value,1.0,0.441689679633302,0.47382123525001196,0.11592,0.05824817845075118,1.1815705895822342,0.3583351089736581,40.776632057975114,0.9
age_pension_matched,fixed_real_rule,target_date_fund,0.1,assessed at its remaining value,1.0,0.5118451866494114,0.538465856185241,0.21892,0.111136015834872,0.9228090894176356,0.3985203645908582,8.683188518393033,0.9
age_pension_matched,fixed_real_rule,balanced_all_equity,0.25,assessed at its remaining value,1.0,0.5094144598112821,0.5390636780671041,0.11592,0.05824817845075118,1.2480326334965002,0.391140334663856,33.98052671497928,0.9
age_pension_matched,fixed_real_rule,target_date_fund,0.25,assessed at its remaining value,1.0,0.567638634669107,0.5938860805500776,0.21892,0.111136015834872,0.9782837749605303,0.4408129628451841,7.235990431994236,0.9
age_pension_matched,fixed_real_rule,balanced_all_equity,0.5,assessed at its remaining value,1.0,0.6097280207074619,0.6429773867545413,0.11592,0.05824817845075118,1.3623239400891662,0.46363962627065425,22.65368447665285,0.9
age_pension_matched,fixed_real_rule,target_date_fund,0.5,assessed at its remaining value,1.0,0.6808918402388693,0.7004481125614096,0.21892,0.111136015834872,1.0751732518404844,0.5225981813289559,4.8239936213294765,0.9
age_pension_matched,fixed_real_rule,balanced_all_equity,0.75,assessed at its remaining value,1.0,0.7683727747467638,0.7959505108580869,0.11592,0.05824817845075118,1.4886654444370742,0.5791668965759751,11.326842238326424,0.9
age_pension_matched,fixed_real_rule,target_date_fund,0.75,assessed at its remaining value,1.0,0.8165346823573245,0.8141035690421625,0.21892,0.111136015834872,1.184494881561238,0.6108005215702558,2.411996810664739,0.9
age_pension_matched,fixed_real_rule,balanced_all_equity,0.9,assessed at its remaining value,1.0,0.9111859104880986,0.9148122030672514,0.11592,0.05824817845075118,1.5849971480889085,0.6662821047917225,4.530736895330573,0.9
age_pension_matched,fixed_real_rule,target_date_fund,0.9,assessed at its remaining value,1.0,0.8777548540816128,0.8686502280633028,0.21892,0.111136015834872,1.2636921792353488,0.659903203081414,0.9647987242658891,0.9
age_pension_matched,fixed_real_rule,balanced_all_equity,0.95,assessed at its remaining value,1.0,0.9584693828032086,0.9508934263586344,0.11592,0.05824817845075118,1.6287195369107799,0.6968460164863951,2.265368447665287,0.9
age_pension_matched,fixed_real_rule,target_date_fund,0.95,assessed at its remaining value,1.0,0.8936918863204008,0.8834927264031557,0.21892,0.111136015834872,1.2938596115974923,0.6692953671969875,0.48239936213294565,0.9
age_pension_matched,fixed_real_rule,balanced_all_equity,1.0,assessed at its remaining value,1.0,0.9847932548818196,0.9667721439712411,1.0,0.9914042022859769,1.687883187399172,0.7137024166264156,0.0,0.9
age_pension_matched,fixed_real_rule,target_date_fund,1.0,assessed at its remaining value,1.0,0.9049766777720513,0.8912443556525829,1.0,0.9914042022859769,1.3250926410068373,0.6772682078862999,0.0,0.9
age_pension_matched,constant_percent at 4%,balanced_all_equity,0.0,exempt from the assets test,0.0,0.6744021866546849,0.67380130432689,0.0,0.0,1.7965513883164081,0.4580613437234453,36.966802343752896,0.9
age_pension_matched,constant_percent at 4%,target_date_fund,0.0,exempt from the assets test,0.0,0.595053004640991,0.6003540795099088,0.0,0.0,0.9293190964711219,0.4404006173364801,13.394411807599305,0.9
age_pension_matched,constant_percent at 4%,balanced_all_equity,0.1,exempt from the assets test,0.0,0.7412212913054785,0.7399036238930183,0.0,0.0,1.7795288676257246,0.5197595548767786,33.27012210937762,0.9
age_pension_matched,constant_percent at 4%,target_date_fund,0.1,exempt from the assets test,0.0,0.6579752489132581,0.6624027798656453,0.0,0.0,0.9699205508408787,0.503169351247329,12.05497062683937,0.9
age_pension_matched,constant_percent at 4%,balanced_all_equity,0.25,exempt from the assets test,0.0,0.8348571267932517,0.8347222063834552,0.0,0.0,1.7585563634435717,0.601163538245783,27.725101757814684,0.9
age_pension_matched,constant_percent at 4%,target_date_fund,0.25,exempt from the assets test,0.0,0.7494542036568715,0.7545497272760034,0.0,0.0,1.037860222157596,0.5816163250020029,10.045808855699473,0.9
age_pension_matched,constant_percent at 4%,balanced_all_equity,0.5,exempt from the assets test,0.0,0.9861390889007946,0.991167157281948,0.0,0.0,1.7462065435270033,0.7039662475917265,18.483401171876448,0.9
age_pension_matched,constant_percent at 4%,target_date_fund,0.5,exempt from the assets test,0.0,0.8943875345436778,0.9027506392782331,0.0,0.0,1.1812461674485164,0.656468247134542,6.697205903799652,0.9
age_pension_matched,constant_percent at 4%,balanced_all_equity,0.75,exempt from the assets test,0.0,1.10973887172676,1.1169952384087232,0.0,0.0,1.8047472021494644,0.7664558674372794,9.241700585938224,0.9
age_pension_matched,constant_percent at 4%,target_date_fund,0.75,exempt from the assets test,0.0,0.9907549383237084,0.999182297254939,0.0,0.0,1.3823340235346262,0.6866559069019323,3.3486029518998253,0.9
age_pension_matched,constant_percent at 4%,balanced_all_equity,0.9,exempt from the assets test,0.0,1.141649995937209,1.1473487096422446,0.0,0.0,1.9091003572088001,0.7741578585480039,3.6966802343752905,0.9
age_pension_matched,constant_percent at 4%,target_date_fund,0.9,exempt from the assets test,0.0,1.0149739822723711,1.0221326574283207,0.0,0.0,1.5055714758994234,0.6983265437809529,1.3394411807599305,0.9
age_pension_matched,constant_percent at 4%,balanced_all_equity,0.95,exempt from the assets test,0.0,1.1423607779881022,1.1478127188157798,0.0,0.0,1.9454712486696142,0.7726921527406816,1.848340117187647,0.9
age_pension_matched,constant_percent at 4%,target_date_fund,0.95,exempt from the assets test,0.0,1.0197358254799058,1.0260838697397552,0.0,0.0,1.530298418329595,0.7014611057693001,0.6697205903799652,0.9
age_pension_matched,constant_percent at 4%,balanced_all_equity,1.0,exempt from the assets test,0.0,1.1262791841960733,1.1213475473245804,1.0,0.9914042022859769,1.9531416658609504,0.7700149893712633,0.0,0.9
age_pension_matched,constant_percent at 4%,target_date_fund,1.0,exempt from the assets test,0.0,1.0179314836826734,1.017387105768009,1.0,0.9914042022859769,1.5452184673871725,0.7048139962099728,0.0,0.9
age_pension_matched,constant_percent at 4%,balanced_all_equity,0.0,assessed at its remaining value,1.0,0.6744021866546849,0.67380130432689,0.0,0.0,1.7965513883164081,0.4580613437234453,36.966802343752896,0.9
age_pension_matched,constant_percent at 4%,target_date_fund,0.0,assessed at its remaining value,1.0,0.595053004640991,0.6003540795099088,0.0,0.0,0.9293190964711219,0.4404006173364801,13.394411807599305,0.9
age_pension_matched,constant_percent at 4%,balanced_all_equity,0.1,assessed at its remaining value,1.0,0.7136824445857122,0.710231333538586,0.0,0.0,1.773899643014886,0.4957920366918458,33.27012210937762,0.9
age_pension_matched,constant_percent at 4%,target_date_fund,0.1,assessed at its remaining value,1.0,0.6337035444228696,0.6356764583209309,0.0,0.0,0.9604020015467641,0.47984920004076903,12.05497062683937,0.9
age_pension_matched,constant_percent at 4%,balanced_all_equity,0.25,assessed at its remaining value,1.0,0.7642980880923621,0.758174805100918,0.0,0.0,1.7411078354658096,0.5394073676505612,27.725101757814684,0.9
age_pension_matched,constant_percent at 4%,target_date_fund,0.25,assessed at its remaining value,1.0,0.6853074263704543,0.6837228842225967,0.0,0.0,1.0086839714846874,0.5235276630568207,10.045808855699473,0.9
age_pension_matched,constant_percent at 4%,balanced_all_equity,0.5,assessed at its remaining value,1.0,0.8400371563214462,0.8310395968997893,0.0,0.0,1.6916339013944668,0.6018037024880193,18.483401171876448,0.9
age_pension_matched,constant_percent at 4%,target_date_fund,0.5,assessed at its remaining value,1.0,0.7646841066781246,0.7587142326350221,0.0,0.0,1.0960294945429734,0.5845985836713643,6.697205903799652,0.9
age_pension_matched,constant_percent at 4%,balanced_all_equity,0.75,assessed at its remaining value,1.0,0.91549993001521,0.9039654597267461,0.0,0.0,1.657609235879956,0.6627987439398297,9.241700585938224,0.9
age_pension_matched,constant_percent at 4%,target_date_fund,0.75,assessed at its remaining value,1.0,0.840743788496626,0.8314355173242244,0.0,0.0,1.1986879259151524,0.637126336399555,3.3486029518998253,0.9
age_pension_matched,constant_percent at 4%,balanced_all_equity,0.9,assessed at its remaining value,1.0,0.9628610026076146,0.9496777403520734,0.0,0.0,1.6596450872194335,0.6969154032435825,3.6966802343752905,0.9
age_pension_matched,constant_percent at 4%,target_date_fund,0.9,assessed at its remaining value,1.0,0.8832728266782752,0.8728911307262925,0.0,0.0,1.272059997447126,0.6629334572373234,1.3394411807599305,0.9
age_pension_matched,constant_percent at 4%,balanced_all_equity,0.95,assessed at its remaining value,1.0,0.9779755334552284,0.9643413405498835,0.0,0.0,1.6699117889663724,0.7059150854212554,1.848340117187647,0.9
age_pension_matched,constant_percent at 4%,target_date_fund,0.95,assessed at its remaining value,1.0,0.8961460459064795,0.8854511559717457,0.0,0.0,1.298563720460809,0.670699660039971,0.6697205903799652,0.9
age_pension_matched,constant_percent at 4%,balanced_all_equity,1.0,assessed at its remaining value,1.0,0.9847932548818196,0.9667721439712411,1.0,0.9914042022859769,1.687883187399172,0.7137024166264156,0.0,0.9
age_pension_matched,constant_percent at 4%,target_date_fund,1.0,assessed at its remaining value,1.0,0.9049766777720513,0.8912443556525829,1.0,0.9914042022859769,1.3250926410068373,0.6772682078862999,0.0,0.9
age_pension_matched,amortisation at 6%,balanced_all_equity,0.0,exempt from the assets test,0.0,1.030118892405021,1.049821053148697,0.0,0.0,2.3336417106315994,0.718626708311674,0.0,0.9
age_pension_matched,amortisation at 6%,target_date_fund,0.0,exempt from the assets test,0.0,0.862319851914176,0.8921955760830518,0.0,0.0,1.3289738421980928,0.5769732164080772,0.0,0.9
age_pension_matched,amortisation at 6%,balanced_all_equity,0.1,exempt from the assets test,0.0,1.0650852843480048,1.0841707225230117,0.0,0.0,2.2793947572284528,0.742064363247986,0.0,0.9
age_pension_matched,amortisation at 6%,target_date_fund,0.1,exempt from the assets test,0.0,0.898624776001097,0.9262794560850734,0.0,0.0,1.344878061654417,0.6084838237461159,0.0,0.9
age_pension_matched,amortisation at 6%,balanced_all_equity,0.25,exempt from the assets test,0.0,1.1071898846900432,1.126898438095616,0.0,0.0,2.2030366627125155,0.768755914802867,0.0,0.9
age_pension_matched,amortisation at 6%,target_date_fund,0.25,exempt from the assets test,0.0,0.9424777729364755,0.9684710372961477,0.0,0.0,1.3731074383253818,0.6436291207632763,0.0,0.9
age_pension_matched,amortisation at 6%,balanced_all_equity,0.5,exempt from the assets test,0.0,1.1550330789879335,1.1769352679975398,0.0,0.0,2.0965195032913964,0.7926153788951275,0.0,0.9
age_pension_matched,amortisation at 6%,target_date_fund,0.5,exempt from the assets test,0.0,0.9949766232495779,1.0188339647535358,0.0,0.0,1.4351181712834242,0.6807973764485598,0.0,0.9
age_pension_matched,amortisation at 6%,balanced_all_equity,0.75,exempt from the assets test,0.0,1.1652724546023414,1.185882141949988,0.0,0.0,2.0330417617603644,0.7949067503931444,0.0,0.9
age_pension_matched,amortisation at 6%,target_date_fund,0.75,exempt from the assets test,0.0,1.0187218137124783,1.0370698285765787,0.0,0.0,1.511994389144073,0.6998519174145957,0.0,0.9
age_pension_matched,amortisation at 6%,balanced_all_equity,0.9,exempt from the assets test,0.0,1.1476696222490541,1.1636791915082445,0.0,0.0,2.005233595216958,0.7838220403232256,0.0,0.9
age_pension_matched,amortisation at 6%,target_date_fund,0.9,exempt from the assets test,0.0,1.0202357050994741,1.0326937346115763,0.0,0.0,1.542650215981605,0.7043858832893934,0.0,0.9
age_pension_matched,amortisation at 6%,balanced_all_equity,0.95,exempt from the assets test,0.0,1.1380157823835177,1.1506173489101075,0.0,0.0,1.9845422354431237,0.777835777230203,0.0,0.9
age_pension_matched,amortisation at 6%,target_date_fund,0.95,exempt from the assets test,0.0,1.0193746458493005,1.0285456884387885,0.0,0.0,1.5450695327378021,0.7042267502726651,0.0,0.9
age_pension_matched,amortisation at 6%,balanced_all_equity,1.0,exempt from the assets test,0.0,1.1262791841960733,1.1213475473245804,1.0,0.9914042022859769,1.9531416658609504,0.7700149893712633,0.0,0.9
age_pension_matched,amortisation at 6%,target_date_fund,1.0,exempt from the assets test,0.0,1.0179314836826734,1.017387105768009,1.0,0.9914042022859769,1.5452184673871725,0.7048139962099728,0.0,0.9
age_pension_matched,amortisation at 6%,balanced_all_equity,0.0,assessed at its remaining value,1.0,1.030118892405021,1.049821053148697,0.0,0.0,2.3336417106315994,0.718626708311674,0.0,0.9
age_pension_matched,amortisation at 6%,target_date_fund,0.0,assessed at its remaining value,1.0,0.862319851914176,0.8921955760830518,0.0,0.0,1.3289738421980928,0.5769732164080772,0.0,0.9
age_pension_matched,amortisation at 6%,balanced_all_equity,0.1,assessed at its remaining value,1.0,1.041865028124927,1.0558990395924979,0.0,0.0,2.2661584465306017,0.7420609884402771,0.0,0.9
age_pension_matched,amortisation at 6%,target_date_fund,0.1,assessed at its remaining value,1.0,0.8838208177853446,0.9070939486329306,0.0,0.0,1.3281446985972414,0.6084838237461159,0.0,0.9
age_pension_matched,amortisation at 6%,balanced_all_equity,0.25,assessed at its remaining value,1.0,1.048922873085652,1.0565691450599213,0.0,0.0,2.165565094232959,0.7501874408373004,0.0,0.9
age_pension_matched,amortisation at 6%,target_date_fund,0.25,assessed at its remaining value,1.0,0.9032629093676976,0.9187598324210123,0.0,0.0,1.3268539146613183,0.6436291207632763,0.0,0.9
age_pension_matched,amortisation at 6%,balanced_all_equity,0.5,assessed at its remaining value,1.0,1.0436422772823601,1.0436385770694998,0.0,0.0,2.00035641076618,0.7470947888196254,0.0,0.9
age_pension_matched,amortisation at 6%,target_date_fund,0.5,assessed at its remaining value,1.0,0.9170724748333683,0.9226995473612434,0.0,0.0,1.3249795017753088,0.6807973764485598,0.0,0.9
age_pension_matched,amortisation at 6%,balanced_all_equity,0.75,assessed at its remaining value,1.0,1.0226794653592564,1.0172630351098046,0.0,0.0,1.8398893695883105,0.7357407334263147,0.0,0.9
age_pension_matched,amortisation at 6%,target_date_fund,0.75,assessed at its remaining value,1.0,0.9163849074806636,0.914356869287238,0.0,0.0,1.3241656720253296,0.6881734776189573,0.0,0.9
age_pension_matched,amortisation at 6%,balanced_all_equity,0.9,assessed at its remaining value,1.0,1.0025102618268942,0.9942218645026788,0.0,0.0,1.7472680463172858,0.7247133265500889,0.0,0.9
age_pension_matched,amortisation at 6%,target_date_fund,0.9,assessed at its remaining value,1.0,0.9107160820125336,0.90428042012856,0.0,0.0,1.3244740517132607,0.6829374649762531,0.0,0.9
age_pension_matched,amortisation at 6%,balanced_all_equity,0.95,assessed at its remaining value,1.0,0.994198141426667,0.9843230071700391,0.0,0.0,1.717296266383557,0.71966487262249,0.0,0.9
age_pension_matched,amortisation at 6%,target_date_fund,0.95,assessed at its remaining value,1.0,0.9080388366342914,0.8995772987158476,0.0,0.0,1.324739439748541,0.6802296519142436,0.0,0.9
age_pension_matched,amortisation at 6%,balanced_all_equity,1.0,assessed at its remaining value,1.0,0.9847932548818196,0.9667721439712411,1.0,0.9914042022859769,1.687883187399172,0.7137024166264156,0.0,0.9
age_pension_matched,amortisation at 6%,target_date_fund,1.0,assessed at its remaining value,1.0,0.9049766777720513,0.8912443556525829,1.0,0.9914042022859769,1.3250926410068373,0.6772682078862999,0.0,0.9
australia_as_legislated,fixed_real_rule,balanced_all_equity,0.0,exempt from the assets test,0.0,0.6332876017515864,0.669557912827888,0.11592,0.05824817845075118,2.2036376484604077,0.4492869049050311,91.52088528567768,0.9
australia_as_legislated,fixed_real_rule,target_date_fund,0.0,exempt from the assets test,0.0,0.6423318149544522,0.6733438413656428,0.21892,0.111136015834872,1.6110038983559671,0.4492869049050311,19.488934230171044,0.9
australia_as_legislated,fixed_real_rule,balanced_all_equity,0.1,exempt from the assets test,0.0,0.6810420600627216,0.7193328868360341,0.11592,0.05824817845075118,2.2932195416940786,0.5539062646798794,82.36879675710973,0.9
australia_as_legislated,fixed_real_rule,target_date_fund,0.1,exempt from the assets test,0.0,0.7081614691156812,0.7376469269792668,0.21892,0.111136015834872,1.6835533676954542,0.5273837797235733,17.54004080715399,0.9
australia_as_legislated,fixed_real_rule,balanced_all_equity,0.25,exempt from the assets test,0.0,0.7641101064648806,0.8108360757990011,0.11592,0.05824817845075118,2.4293957398684953,0.6196164344829609,68.64066396425812,0.9
australia_as_legislated,fixed_real_rule,target_date_fund,0.25,exempt from the assets test,0.0,0.8085079143199811,0.8386739747111499,0.21892,0.111136015834872,1.7955370897030056,0.6029728397552323,14.61670067262827,0.9
australia_as_legislated,fixed_real_rule,balanced_all_equity,0.5,exempt from the assets test,0.0,0.9451445825580129,1.000330620382561,0.11592,0.05824817845075118,2.6665776674644417,0.7363740130651408,45.76044264283884,0.9
australia_as_legislated,fixed_real_rule,target_date_fund,0.5,exempt from the assets test,0.0,1.0091654996710377,1.0493355134795133,0.21892,0.111136015834872,1.9998936428051801,0.7266276262049295,9.744467115085522,0.9
australia_as_legislated,fixed_real_rule,balanced_all_equity,0.75,exempt from the assets test,0.0,1.2602619173727414,1.3255309681369565,0.11592,0.05824817845075118,2.948896038569046,0.8916720038561421,22.880221321419416,0.9
australia_as_legislated,fixed_real_rule,target_date_fund,0.75,exempt from the assets test,0.0,1.2694751334026415,1.3054992345354524,0.21892,0.111136015834872,2.2715324063560516,0.8728629664839233,4.8722335575427635,0.9
australia_as_legislated,fixed_real_rule,balanced_all_equity,0.9,exempt from the assets test,0.0,1.510806302882074,1.5536526262483163,0.11592,0.05824817845075118,3.2189568301862344,1.0328622743580136,9.152088528567747,0.9
australia_as_legislated,fixed_real_rule,target_date_fund,0.9,exempt from the assets test,0.0,1.3846612006456027,1.3987751986497343,0.21892,0.111136015834872,2.5214061642078156,0.9440971363753317,1.948893423017104,0.9
australia_as_legislated,fixed_real_rule,balanced_all_equity,0.95,exempt from the assets test,0.0,1.5812097350679999,1.6017701686380612,0.11592,0.05824817845075118,3.3563398800982127,1.07671855819306,4.576044264283883,0.9
australia_as_legislated,fixed_real_rule,target_date_fund,0.95,exempt from the assets test,0.0,1.3976989554278418,1.4078440443524312,0.21892,0.111136015834872,2.60976819078638,0.9556066328926618,0.9744467115085548,0.9
australia_as_legislated,fixed_real_rule,balanced_all_equity,1.0,exempt from the assets test,0.0,1.5473929270458089,1.4983125851449548,1.0,0.9914042022859769,3.487073522035989,1.0971576355268196,0.0,0.9
australia_as_legislated,fixed_real_rule,target_date_fund,1.0,exempt from the assets test,0.0,1.3801058160704496,1.3549370898446251,1.0,0.9914042022859769,2.6630686611189556,0.9654516293410131,0.0,0.9
australia_as_legislated,fixed_real_rule,balanced_all_equity,0.0,assessed at its remaining value,1.0,0.6332876017515864,0.669557912827888,0.11592,0.05824817845075118,2.2036376484604077,0.4492869049050311,91.52088528567768,0.9
australia_as_legislated,fixed_real_rule,target_date_fund,0.0,assessed at its remaining value,1.0,0.6423318149544522,0.6733438413656428,0.21892,0.111136015834872,1.6110038983559671,0.4492869049050311,19.488934230171044,0.9
australia_as_legislated,fixed_real_rule,balanced_all_equity,0.1,assessed at its remaining value,1.0,0.6755799625442238,0.7114979522596664,0.11592,0.05824817845075118,2.289355518854395,0.5481990121671185,82.36879675710973,0.9
australia_as_legislated,fixed_real_rule,target_date_fund,0.1,assessed at its remaining value,1.0,0.6976973846129362,0.7240537847160269,0.21892,0.111136015834872,1.6776335680364598,0.5200249950920646,17.54004080715399,0.9
australia_as_legislated,fixed_real_rule,balanced_all_equity,0.25,assessed at its remaining value,1.0,0.7438860077037119,0.7824841308865804,0.11592,0.05824817845075118,2.4174770009833053,0.5920289680208825,68.64066396425812,0.9
australia_as_legislated,fixed_real_rule,target_date_fund,0.25,assessed at its remaining value,1.0,0.7738308839499147,0.7948654332926459,0.21892,0.111136015834872,1.7770620841305655,0.5679690984429286,14.61670067262827,0.9
australia_as_legislated,fixed_real_rule,balanced_all_equity,0.5,assessed at its remaining value,1.0,0.879984490436579,0.9115705781268346,0.11592,0.05824817845075118,2.632495683135433,0.6522045847945468,45.76044264283884,0.9
australia_as_legislated,fixed_real_rule,target_date_fund,0.5,assessed at its remaining value,1.0,0.9010522717703875,0.9157785103683614,0.21892,0.111136015834872,1.9438498100027064,0.6338966523913843,9.744467115085522,0.9
australia_as_legislated,fixed_real_rule,balanced_all_equity,0.75,assessed at its remaining value,1.0,1.072263511975858,1.0885486656650514,0.11592,0.05824817845075118,2.8527172498499347,0.7285018743747129,22.880221321419416,0.9
australia_as_legislated,fixed_real_rule,target_date_fund,0.75,assessed at its remaining value,1.0,1.0497784445807048,1.0496236710326392,0.21892,0.111136015834872,2.1183507687469723,0.7103850840376591,4.8722335575427635,0.9
australia_as_legislated,fixed_real_rule,balanced_all_equity,0.9,assessed at its remaining value,1.0,1.2173124650362133,1.2150460690844729,0.11592,0.05824817845075118,2.994566259401962,0.8062584016672452,9.152088528567747,0.9
australia_as_legislated,fixed_real_rule,target_date_fund,0.9,assessed at its remaining value,1.0,1.1406506530326872,1.1273711434072022,0.21892,0.111136015834872,2.234733457761941,0.7721429410617642,1.948893423017104,0.9
australia_as_legislated,fixed_real_rule,balanced_all_equity,0.95,assessed at its remaining value,1.0,1.2740368093637122,1.260607578467037,0.11592,0.05824817845075118,3.049442205277336,0.8488492912676833,4.576044264283883,0.9
australia_as_legislated,fixed_real_rule,target_date_fund,0.95,assessed at its remaining value,1.0,1.1647891278765043,1.1488980934863802,0.21892,0.111136015834872,2.2791018201438797,0.7931109507125068,0.9744467115085548,0.9
australia_as_legislated,fixed_real_rule,balanced_all_equity,1.0,assessed at its remaining value,1.0,1.2975617086660023,1.2554966483425611,1.0,0.9914042022859769,3.124767715846407,0.8951792571930142,0.0,0.9
australia_as_legislated,fixed_real_rule,target_date_fund,1.0,assessed at its remaining value,1.0,1.1747106044296611,1.144540281873949,1.0,0.9914042022859769,2.3289925132486133,0.8062303691724635,0.0,0.9
australia_as_legislated,constant_percent at 4%,balanced_all_equity,0.0,exempt from the assets test,0.0,0.8606028855732422,0.8646139966343699,0.0,0.0,3.555255230165416,0.5280670340264092,74.67294073438092,0.9
australia_as_legislated,constant_percent at 4%,target_date_fund,0.0,exempt from the assets test,0.0,0.72819517207646,0.7417301037118694,0.0,0.0,1.7191673894583064,0.4712592273135763,27.056711851350595,0.9
australia_as_legislated,constant_percent at 4%,balanced_all_equity,0.1,exempt from the assets test,0.0,0.9655269323329684,0.9652279456919441,0.0,0.0,3.507292376466771,0.6034483526121386,67.20564666094279,0.9
australia_as_legislated,constant_percent at 4%,target_date_fund,0.1,exempt from the assets test,0.0,0.8233586827648114,0.8324816252614811,0.0,0.0,1.7780263869696769,0.5494557024298328,24.35104066621554,0.9
australia_as_legislated,constant_percent at 4%,balanced_all_equity,0.25,exempt from the assets test,0.0,1.1009929643047331,1.0988486239820556,0.0,0.0,3.437334122716203,0.6997188777727051,56.00470555078566,0.9
australia_as_legislated,constant_percent at 4%,target_date_fund,0.25,exempt from the assets test,0.0,0.9479805601316277,0.9547123470584775,0.0,0.0,1.8699145510759692,0.6474331803754751,20.292533888512963,0.9
australia_as_legislated,constant_percent at 4%,balanced_all_equity,0.5,exempt from the assets test,0.0,1.3216407082640815,1.3235524941852645,0.0,0.0,3.3322854543416716,0.8757352521116896,37.33647036719046,0.9
australia_as_legislated,constant_percent at 4%,target_date_fund,0.5,exempt from the assets test,0.0,1.1564164436667266,1.1654432136830992,0.0,0.0,2.0432723947533598,0.8106897241556382,13.528355925675298,0.9
australia_as_legislated,constant_percent at 4%,balanced_all_equity,0.75,exempt from the assets test,0.0,1.5408504132658143,1.5509596562723564,0.0,0.0,3.279933957891427,1.0444239088320637,18.668235183595222,0.9
australia_as_legislated,constant_percent at 4%,target_date_fund,0.75,exempt from the assets test,0.0,1.3450761521871102,1.3571572799721294,0.0,0.0,2.2957164422573304,0.9251506715628657,6.764177962837647,0.9
australia_as_legislated,constant_percent at 4%,balanced_all_equity,0.9,exempt from the assets test,0.0,1.623602655560241,1.632318592287718,0.0,0.0,3.3659652974112073,1.1009917789177917,7.4672940734380875,0.9
australia_as_legislated,constant_percent at 4%,target_date_fund,0.9,exempt from the assets test,0.0,1.40250747143627,1.412518761068863,0.0,0.0,2.5431906776160536,0.952346975434393,2.705671185135058,0.9
australia_as_legislated,constant_percent at 4%,balanced_all_equity,0.95,exempt from the assets test,0.0,1.6289569641923511,1.6356879710330112,0.0,0.0,3.44221696138038,1.1024149617231285,3.73364703671905,0.9
australia_as_legislated,constant_percent at 4%,target_date_fund,0.95,exempt from the assets test,0.0,1.4098681822980677,1.4179388428019195,0.0,0.0,2.622798672727974,0.9586787906508548,1.3528355925675304,0.9
australia_as_legislated,constant_percent at 4%,balanced_all_equity,1.0,exempt from the assets test,0.0,1.5473929270458089,1.4983125851449548,1.0,0.9914042022859769,3.487073522035989,1.0971576355268196,0.0,0.9
australia_as_legislated,constant_percent at 4%,target_date_fund,1.0,exempt from the assets test,0.0,1.3801058160704496,1.3549370898446251,1.0,0.9914042022859769,2.6630686611189556,0.9654516293410131,0.0,0.9
australia_as_legislated,constant_percent at 4%,balanced_all_equity,0.0,assessed at its remaining value,1.0,0.8606028855732422,0.8646139966343699,0.0,0.0,3.555255230165416,0.5280670340264092,74.67294073438092,0.9
australia_as_legislated,constant_percent at 4%,target_date_fund,0.0,assessed at its remaining value,1.0,0.72819517207646,0.7417301037118694,0.0,0.0,1.7191673894583064,0.4712592273135763,27.056711851350595,0.9
australia_as_legislated,constant_percent at 4%,balanced_all_equity,0.1,assessed at its remaining value,1.0,0.9308576757271988,0.9284918884127806,0.0,0.0,3.5049795692436123,0.5814092499999635,67.20564666094279,0.9
australia_as_legislated,constant_percent at 4%,target_date_fund,0.1,assessed at its remaining value,1.0,0.7945278693720684,0.8010810359488569,0.0,0.0,1.7729000362154428,0.5274887394932174,24.35104066621554,0.9
australia_as_legislated,constant_percent at 4%,balanced_all_equity,0.25,assessed at its remaining value,1.0,1.0124764623471254,1.0045080193854348,0.0,0.0,3.4300204497289317,0.6447809540252778,56.00470555078566,0.9
australia_as_legislated,constant_percent at 4%,target_date_fund,0.25,assessed at its remaining value,1.0,0.8732170926373131,0.87330652539816,0.0,0.0,1.8543505449172857,0.587448037222723,20.292533888512963,0.9
australia_as_legislated,constant_percent at 4%,balanced_all_equity,0.5,assessed at its remaining value,1.0,1.1229905466172079,1.1093652949267914,0.0,0.0,3.307037820039659,0.7292862593053907,37.33647036719046,0.9
australia_as_legislated,constant_percent at 4%,target_date_fund,0.5,assessed at its remaining value,1.0,0.9853763115111056,0.9781698015194158,0.0,0.0,1.9938071051341453,0.6659828169128331,13.528355925675298,0.9
australia_as_legislated,constant_percent at 4%,balanced_all_equity,0.75,assessed at its remaining value,1.0,1.2216095958727722,1.204144509269076,0.0,0.0,3.1902651546497576,0.8054745233384543,18.668235183595222,0.9
australia_as_legislated,constant_percent at 4%,target_date_fund,0.75,assessed at its remaining value,1.0,1.0905382421932586,1.0774166602204374,0.0,0.0,2.1435144162981032,0.7389787877404953,6.764177962837647,0.9
australia_as_legislated,constant_percent at 4%,balanced_all_equity,0.9,assessed at its remaining value,1.0,1.2838120893118563,1.2634975363616578,0.0,0.0,3.132621691529699,0.8584454994642349,7.4672940734380875,0.9
australia_as_legislated,constant_percent at 4%,target_date_fund,0.9,assessed at its remaining value,1.0,1.152270172692283,1.136030361582397,0.0,0.0,2.247030836890389,0.7814432364331894,2.705671185135058,0.9
australia_as_legislated,constant_percent at 4%,balanced_all_equity,0.95,assessed at its remaining value,1.0,1.3056426599034627,1.2837889044550124,0.0,0.0,3.121667553942357,0.8786450863026523,3.73364703671905,0.9
australia_as_legislated,constant_percent at 4%,target_date_fund,0.95,assessed at its remaining value,1.0,1.1715069676143997,1.1540706994751069,0.0,0.0,2.286469403938388,0.7954573954186532,1.3528355925675304,0.9
australia_as_legislated,constant_percent at 4%,balanced_all_equity,1.0,assessed at its remaining value,1.0,1.2975617086660023,1.2554966483425611,1.0,0.9914042022859769,3.124767715846407,0.8951792571930142,0.0,0.9
australia_as_legislated,constant_percent at 4%,target_date_fund,1.0,assessed at its remaining value,1.0,1.1747106044296611,1.144540281873949,1.0,0.9914042022859769,2.3289925132486133,0.8062303691724635,0.0,0.9
australia_as_legislated,amortisation at 6%,balanced_all_equity,0.0,exempt from the assets test,0.0,1.3335374142990688,1.3829707475349955,0.0,0.0,4.491540714698536,0.8712885217617271,0.0,0.9
australia_as_legislated,amortisation at 6%,target_date_fund,0.0,exempt from the assets test,0.0,1.0711858867807698,1.1248753601186934,0.0,0.0,2.357640016266437,0.7072132541411842,0.0,0.9
australia_as_legislated,amortisation at 6%,balanced_all_equity,0.1,exempt from the assets test,0.0,1.3982043473964905,1.4477743461524473,0.0,0.0,4.362197444538592,0.9315108036094035,0.0,0.9
australia_as_legislated,amortisation at 6%,target_date_fund,0.1,exempt from the assets test,0.0,1.14443805650263,1.1931384033540866,0.0,0.0,2.3688249266651606,0.7708646809640225,0.0,0.9
australia_as_legislated,amortisation at 6%,balanced_all_equity,0.25,exempt from the assets test,0.0,1.4693088213729637,1.5229470159915328,0.0,0.0,4.1719602259720245,1.0041137591414462,0.0,0.9
australia_as_legislated,amortisation at 6%,target_date_fund,0.25,exempt from the assets test,0.0,1.2237450180433722,1.2696646396994804,0.0,0.0,2.390044219063953,0.8418581809386865,0.0,0.9
australia_as_legislated,amortisation at 6%,balanced_all_equity,0.5,exempt from the assets test,0.0,1.5535372969481882,1.6188518026183607,0.0,0.0,3.873116146724624,1.1154687966882273,0.0,0.9
australia_as_legislated,amortisation at 6%,target_date_fund,0.5,exempt from the assets test,0.0,1.3200927455405818,1.366642001577156,0.0,0.0,2.445344723201162,0.9169380574229586,0.0,0.9
australia_as_legislated,amortisation at 6%,balanced_all_equity,0.75,exempt from the assets test,0.0,1.5935822467053153,1.6656931324534807,0.0,0.0,3.632227770642745,1.1473633343699061,0.0,0.9
australia_as_legislated,amortisation at 6%,target_date_fund,0.75,exempt from the assets test,0.0,1.3764045217037673,1.420494081980192,0.0,0.0,2.5515274605854708,0.9554282301743516,0.0,0.9
australia_as_legislated,amortisation at 6%,balanced_all_equity,0.9,exempt from the assets test,0.0,1.5782316180903984,1.638945947642565,0.0,0.0,3.5596873442905714,1.125047878449784,0.0,0.9
australia_as_legislated,amortisation at 6%,target_date_fund,0.9,exempt from the assets test,0.0,1.3836213797143757,1.4166601091220217,0.0,0.0,2.6427764255777784,0.9645868412414427,0.0,0.9
australia_as_legislated,amortisation at 6%,balanced_all_equity,0.95,exempt from the assets test,0.0,1.564813907263467,1.613051706815399,0.0,0.0,3.53947461911486,1.1129556270018781,0.0,0.9
australia_as_legislated,amortisation at 6%,target_date_fund,0.95,exempt from the assets test,0.0,1.3824425262295617,1.406152474951016,0.0,0.0,2.6604117980294175,0.9642653925476519,0.0,0.9
australia_as_legislated,amortisation at 6%,balanced_all_equity,1.0,exempt from the assets test,0.0,1.5473929270458089,1.4983125851449548,1.0,0.9914042022859769,3.487073522035989,1.0971576355268196,0.0,0.9
australia_as_legislated,amortisation at 6%,target_date_fund,1.0,exempt from the assets test,0.0,1.3801058160704496,1.3549370898446251,1.0,0.9914042022859769,2.6630686611189556,0.9654516293410131,0.0,0.9
australia_as_legislated,amortisation at 6%,balanced_all_equity,0.0,assessed at its remaining value,1.0,1.3335374142990688,1.3829707475349955,0.0,0.0,4.491540714698536,0.8712885217617271,0.0,0.9
australia_as_legislated,amortisation at 6%,target_date_fund,0.0,assessed at its remaining value,1.0,1.0711858867807698,1.1248753601186934,0.0,0.0,2.357640016266437,0.7072132541411842,0.0,0.9
australia_as_legislated,amortisation at 6%,balanced_all_equity,0.1,assessed at its remaining value,1.0,1.3637550348689107,1.403768961466923,0.0,0.0,4.35233040478712,0.8947185482758628,0.0,0.9
australia_as_legislated,amortisation at 6%,target_date_fund,0.1,assessed at its remaining value,1.0,1.1221575951753595,1.1638486746822478,0.0,0.0,2.353592447525868,0.7629197685382937,0.0,0.9
australia_as_legislated,amortisation at 6%,balanced_all_equity,0.25,assessed at its remaining value,1.0,1.3840914731014256,1.4143072169015962,0.0,0.0,4.144209446677536,0.9205999473972881,0.0,0.9
australia_as_legislated,amortisation at 6%,target_date_fund,0.25,assessed at its remaining value,1.0,1.1634032476344751,1.1924925597674592,0.0,0.0,2.347552531222986,0.7917791800706356,0.0,0.9
australia_as_legislated,amortisation at 6%,balanced_all_equity,0.5,assessed at its remaining value,1.0,1.3845234244613234,1.4023557107330116,0.0,0.0,3.7995339102565646,0.9383972170459187,0.0,0.9
australia_as_legislated,amortisation at 6%,target_date_fund,0.5,assessed at its remaining value,1.0,1.1918956390013085,1.2060403896387772,0.0,0.0,2.3387718805898894,0.816246789683676,0.0,0.9
australia_as_legislated,amortisation at 6%,balanced_all_equity,0.75,assessed at its remaining value,1.0,1.3559623528003764,1.3629755909475842,0.0,0.0,3.4584958523749845,0.9320560179458928,0.0,0.9
australia_as_legislated,amortisation at 6%,target_date_fund,0.75,assessed at its remaining value,1.0,1.1930649544610952,1.1955493491145632,0.0,0.0,2.3324090741349246,0.8172701023432574,0.0,0.9
australia_as_legislated,amortisation at 6%,balanced_all_equity,0.9,assessed at its remaining value,1.0,1.3252954702894988,1.3249547441277068,0.0,0.0,3.2568344457759175,0.9132980976889332,0.0,0.9
australia_as_legislated,amortisation at 6%,target_date_fund,0.9,assessed at its remaining value,1.0,1.1842451514402772,1.1791544300475578,0.0,0.0,2.329965254796418,0.8120241586037841,0.0,0.9
australia_as_legislated,amortisation at 6%,balanced_all_equity,0.95,assessed at its remaining value,1.0,1.3123300402888494,1.3073412926434957,0.0,0.0,3.1904620344848174,0.9052701082857946,0.0,0.9
australia_as_legislated,amortisation at 6%,target_date_fund,0.95,assessed at its remaining value,1.0,1.1798376813042066,1.170360482524893,0.0,0.0,2.3294079848234497,0.8082096001840092,0.0,0.9
australia_as_legislated,amortisation at 6%,balanced_all_equity,1.0,assessed at its remaining value,1.0,1.2975617086660023,1.2554966483425611,1.0,0.9914042022859769,3.124767715846407,0.8951792571930142,0.0,0.9
australia_as_legislated,amortisation at 6%,target_date_fund,1.0,assessed at its remaining value,1.0,1.1747106044296611,1.144540281873949,1.0,0.9914042022859769,2.3289925132486133,0.8062303691724635,0.0,0.9
us_social_security,fixed_real_rule,balanced_all_equity,0.0,exempt from the assets test,0.0,1.0479618872418284,1.0785104726241281,0.11592,0.05824817845075118,1.7334946912291456,0.7060061347011013,45.3073689533057,0.8
us_social_security,fixed_real_rule,target_date_fund,0.0,exempt from the assets test,0.0,0.9449159895762623,0.9761877399379453,0.21892,0.111136015834872,1.4228965458247633,0.6314716085587018,9.647987242658953,0.8
us_social_security,fixed_real_rule,balanced_all_equity,0.1,exempt from the assets test,0.0,1.0816100045035884,1.1034927696214663,0.11592,0.05824817845075118,1.7596796562420716,0.7304647531869624,40.776632057975114,0.8
us_social_security,fixed_real_rule,target_date_fund,0.1,exempt from the assets test,0.0,0.9742318104618842,0.9985114347172935,0.21892,0.111136015834872,1.4438814855137911,0.6597987437005037,8.683188518393033,0.8
us_social_security,fixed_real_rule,balanced_all_equity,0.25,exempt from the assets test,0.0,1.1096960430883362,1.1257949360639599,0.11592,0.05824817845075118,1.7989571037614598,0.7549638496794334,33.98052671497928,0.8
us_social_security,fixed_real_rule,target_date_fund,0.25,exempt from the assets test,0.0,1.002563529993534,1.0208389882734015,0.21892,0.111136015834872,1.4753588950473324,0.6904894994131077,7.235990431994236,0.8
us_social_security,fixed_real_rule,balanced_all_equity,0.5,exempt from the assets test,0.0,1.1409728045063943,1.152942211798047,0.11592,0.05824817845075118,1.8644195162937724,0.780430188194745,22.65368447665285,0.8
us_social_security,fixed_real_rule,target_date_fund,0.5,exempt from the assets test,0.0,1.034815268150763,1.0478007387932982,0.21892,0.111136015834872,1.5278212442699022,0.7178495454645034,4.8239936213294765,0.8
us_social_security,fixed_real_rule,balanced_all_equity,0.75,exempt from the assets test,0.0,1.1658229757031706,1.1758705627569048,0.11592,0.05824817845075118,1.929881928826087,0.7990447996118698,11.326842238326424,0.8
us_social_security,fixed_real_rule,target_date_fund,0.75,exempt from the assets test,0.0,1.0594230335893478,1.069479650568776,0.21892,0.111136015834872,1.5802835934924717,0.737409315543351,2.411996810664739,0.8
us_social_security,fixed_real_rule,balanced_all_equity,0.9,exempt from the assets test,0.0,1.1791209396334852,1.1879310832544252,0.11592,0.05824817845075118,1.9691593763454749,0.8091345326449144,4.530736895330573,0.8
us_social_security,fixed_real_rule,target_date_fund,0.9,exempt from the assets test,0.0,1.0719747770606873,1.0803051624023934,0.21892,0.111136015834872,1.6117610030260139,0.7477520631589794,0.9647987242658891,0.8
us_social_security,fixed_real_rule,balanced_all_equity,0.95,exempt from the assets test,0.0,1.1829438873127454,1.1904282329015488,0.11592,0.05824817845075118,1.982251858851938,0.8120808699676709,2.265368447665287,0.8
us_social_security,fixed_real_rule,target_date_fund,0.95,exempt from the assets test,0.0,1.0753781269510572,1.082321315828708,0.21892,0.111136015834872,1.622253472870527,0.7506680993941315,0.48239936213294565,0.8
us_social_security,fixed_real_rule,balanced_all_equity,1.0,exempt from the assets test,0.0,1.172467322970719,1.1650054836679296,1.0,0.9914042022859769,1.9953443413584,0.8152083471507084,0.0,0.8
us_social_security,fixed_real_rule,target_date_fund,1.0,exempt from the assets test,0.0,1.0724900583482835,1.0699866346622087,1.0,0.9914042022859769,1.6327459427150413,0.7535020296453672,0.0,0.8
us_social_security,fixed_real_rule,balanced_all_equity,0.0,assessed at its remaining value,1.0,1.0479618872418284,1.0785104726241281,0.11592,0.05824817845075118,1.7334946912291456,0.7060061347011013,45.3073689533057,0.8
us_social_security,fixed_real_rule,target_date_fund,0.0,assessed at its remaining value,1.0,0.9449159895762623,0.9761877399379453,0.21892,0.111136015834872,1.4228965458247633,0.6314716085587018,9.647987242658953,0.8
us_social_security,fixed_real_rule,balanced_all_equity,0.1,assessed at its remaining value,1.0,1.0816100045035884,1.1034927696214663,0.11592,0.05824817845075118,1.7596796562420716,0.7304647531869624,40.776632057975114,0.8
us_social_security,fixed_real_rule,target_date_fund,0.1,assessed at its remaining value,1.0,0.9742318104618842,0.9985114347172935,0.21892,0.111136015834872,1.4438814855137911,0.6597987437005037,8.683188518393033,0.8
us_social_security,fixed_real_rule,balanced_all_equity,0.25,assessed at its remaining value,1.0,1.1096960430883362,1.1257949360639599,0.11592,0.05824817845075118,1.7989571037614598,0.7549638496794334,33.98052671497928,0.8
us_social_security,fixed_real_rule,target_date_fund,0.25,assessed at its remaining value,1.0,1.002563529993534,1.0208389882734015,0.21892,0.111136015834872,1.4753588950473324,0.6904894994131077,7.235990431994236,0.8
us_social_security,fixed_real_rule,balanced_all_equity,0.5,assessed at its remaining value,1.0,1.1409728045063943,1.152942211798047,0.11592,0.05824817845075118,1.8644195162937724,0.780430188194745,22.65368447665285,0.8
us_social_security,fixed_real_rule,target_date_fund,0.5,assessed at its remaining value,1.0,1.034815268150763,1.0478007387932982,0.21892,0.111136015834872,1.5278212442699022,0.7178495454645034,4.8239936213294765,0.8
us_social_security,fixed_real_rule,balanced_all_equity,0.75,assessed at its remaining value,1.0,1.1658229757031706,1.1758705627569048,0.11592,0.05824817845075118,1.929881928826087,0.7990447996118698,11.326842238326424,0.8
us_social_security,fixed_real_rule,target_date_fund,0.75,assessed at its remaining value,1.0,1.0594230335893478,1.069479650568776,0.21892,0.111136015834872,1.5802835934924717,0.737409315543351,2.411996810664739,0.8
us_social_security,fixed_real_rule,balanced_all_equity,0.9,assessed at its remaining value,1.0,1.1791209396334852,1.1879310832544252,0.11592,0.05824817845075118,1.9691593763454749,0.8091345326449144,4.530736895330573,0.8
us_social_security,fixed_real_rule,target_date_fund,0.9,assessed at its remaining value,1.0,1.0719747770606873,1.0803051624023934,0.21892,0.111136015834872,1.6117610030260139,0.7477520631589794,0.9647987242658891,0.8
us_social_security,fixed_real_rule,balanced_all_equity,0.95,assessed at its remaining value,1.0,1.1829438873127454,1.1904282329015488,0.11592,0.05824817845075118,1.982251858851938,0.8120808699676709,2.265368447665287,0.8
us_social_security,fixed_real_rule,target_date_fund,0.95,assessed at its remaining value,1.0,1.0753781269510572,1.082321315828708,0.21892,0.111136015834872,1.622253472870527,0.7506680993941315,0.48239936213294565,0.8
us_social_security,fixed_real_rule,balanced_all_equity,1.0,assessed at its remaining value,1.0,1.172467322970719,1.1650054836679296,1.0,0.9914042022859769,1.9953443413584,0.8152083471507084,0.0,0.8
us_social_security,fixed_real_rule,target_date_fund,1.0,assessed at its remaining value,1.0,1.0724900583482835,1.0699866346622087,1.0,0.9914042022859769,1.6327459427150413,0.7535020296453672,0.0,0.8
us_social_security,constant_percent at 4%,balanced_all_equity,0.0,exempt from the assets test,0.0,1.1281165718858748,1.1332774283837341,0.0,0.0,2.4132194494062005,0.7637519566128143,36.966802343752896,0.8
us_social_security,constant_percent at 4%,target_date_fund,0.0,exempt from the assets test,0.0,0.9581987033875073,0.9763525104979293,0.0,0.0,1.4920989768542556,0.6518069903728645,13.394411807599305,0.8
us_social_security,constant_percent at 4%,balanced_all_equity,0.1,exempt from the assets test,0.0,1.1478214912498428,1.1514363106316756,0.0,0.0,2.3714319386014204,0.7795267922116937,33.27012210937762,0.8
us_social_security,constant_percent at 4%,target_date_fund,0.1,exempt from the assets test,0.0,0.9795199455924947,0.9953646828029192,0.0,0.0,1.5061636734403334,0.6710779469998395,12.05497062683937,0.8
us_social_security,constant_percent at 4%,balanced_all_equity,0.25,exempt from the assets test,0.0,1.1705930436209957,1.172784633413222,0.0,0.0,2.3087506723942504,0.7990759809009692,27.725101757814684,0.8
us_social_security,constant_percent at 4%,target_date_fund,0.25,exempt from the assets test,0.0,1.0058793509891881,1.0191061996706927,0.0,0.0,1.5272607183194526,0.6947497583292263,10.045808855699473,0.8
us_social_security,constant_percent at 4%,balanced_all_equity,0.5,exempt from the assets test,0.0,1.1949335592666315,1.1965157701212086,0.0,0.0,2.204281895382301,0.8200787332116009,18.483401171876448,0.8
us_social_security,constant_percent at 4%,target_date_fund,0.5,exempt from the assets test,0.0,1.0401514731760917,1.0503917595451042,0.0,0.0,1.5624224597846488,0.7222708517168177,6.697205903799652,0.8
us_social_security,constant_percent at 4%,balanced_all_equity,0.75,exempt from the assets test,0.0,1.2035249107880666,1.2066307439085753,0.0,0.0,2.099813118370351,0.828722187101529,9.241700585938224,0.8
us_social_security,constant_percent at 4%,target_date_fund,0.75,exempt from the assets test,0.0,1.0655422402834678,1.0739713475194776,0.0,0.0,1.5975842012498451,0.7415017364102267,3.3486029518998253,0.8
us_social_security,constant_percent at 4%,balanced_all_equity,0.9,exempt from the assets test,0.0,1.1990664649399096,1.204200737321008,0.0,0.0,2.03713185216318,0.8246241834719644,3.6966802343752905,0.8
us_social_security,constant_percent at 4%,target_date_fund,0.9,exempt from the assets test,0.0,1.076492197640205,1.0839282447347962,0.0,0.0,1.6186812461289621,0.7498660907463383,1.3394411807599305,0.8
us_social_security,constant_percent at 4%,balanced_all_equity,0.95,exempt from the assets test,0.0,1.194644300370069,1.2000121852483083,0.0,0.0,2.0162380967607905,0.819832039978387,1.848340117187647,0.8
us_social_security,constant_percent at 4%,target_date_fund,0.95,exempt from the assets test,0.0,1.0786172710339972,1.085015401731977,0.0,0.0,1.625713594422002,0.7516648882471634,0.6697205903799652,0.8
us_social_security,constant_percent at 4%,balanced_all_equity,1.0,exempt from the assets test,0.0,1.172467322970719,1.1650054836679296,1.0,0.9914042022859769,1.9953443413584,0.8152083471507084,0.0,0.8
us_social_security,constant_percent at 4%,target_date_fund,1.0,exempt from the assets test,0.0,1.0724900583482835,1.0699866346622087,1.0,0.9914042022859769,1.6327459427150413,0.7535020296453672,0.0,0.8
us_social_security,constant_percent at 4%,balanced_all_equity,0.0,assessed at its remaining value,1.0,1.1281165718858748,1.1332774283837341,0.0,0.0,2.4132194494062005,0.7637519566128143,36.966802343752896,0.8
us_social_security,constant_percent at 4%,target_date_fund,0.0,assessed at its remaining value,1.0,0.9581987033875073,0.9763525104979293,0.0,0.0,1.4920989768542556,0.6518069903728645,13.394411807599305,0.8
us_social_security,constant_percent at 4%,balanced_all_equity,0.1,assessed at its remaining value,1.0,1.1478214912498428,1.1514363106316756,0.0,0.0,2.3714319386014204,0.7795267922116937,33.27012210937762,0.8
us_social_security,constant_percent at 4%,target_date_fund,0.1,assessed at its remaining value,1.0,0.9795199455924947,0.9953646828029192,0.0,0.0,1.5061636734403334,0.6710779469998395,12.05497062683937,0.8
us_social_security,constant_percent at 4%,balanced_all_equity,0.25,assessed at its remaining value,1.0,1.1705930436209957,1.172784633413222,0.0,0.0,2.3087506723942504,0.7990759809009692,27.725101757814684,0.8
us_social_security,constant_percent at 4%,target_date_fund,0.25,assessed at its remaining value,1.0,1.0058793509891881,1.0191061996706927,0.0,0.0,1.5272607183194526,0.6947497583292263,10.045808855699473,0.8
us_social_security,constant_percent at 4%,balanced_all_equity,0.5,assessed at its remaining value,1.0,1.1949335592666315,1.1965157701212086,0.0,0.0,2.204281895382301,0.8200787332116009,18.483401171876448,0.8
us_social_security,constant_percent at 4%,target_date_fund,0.5,assessed at its remaining value,1.0,1.0401514731760917,1.0503917595451042,0.0,0.0,1.5624224597846488,0.7222708517168177,6.697205903799652,0.8
us_social_security,constant_percent at 4%,balanced_all_equity,0.75,assessed at its remaining value,1.0,1.2035249107880666,1.2066307439085753,0.0,0.0,2.099813118370351,0.828722187101529,9.241700585938224,0.8
us_social_security,constant_percent at 4%,target_date_fund,0.75,assessed at its remaining value,1.0,1.0655422402834678,1.0739713475194776,0.0,0.0,1.5975842012498451,0.7415017364102267,3.3486029518998253,0.8
us_social_security,constant_percent at 4%,balanced_all_equity,0.9,assessed at its remaining value,1.0,1.1990664649399096,1.204200737321008,0.0,0.0,2.03713185216318,0.8246241834719644,3.6966802343752905,0.8
us_social_security,constant_percent at 4%,target_date_fund,0.9,assessed at its remaining value,1.0,1.076492197640205,1.0839282447347962,0.0,0.0,1.6186812461289621,0.7498660907463383,1.3394411807599305,0.8
us_social_security,constant_percent at 4%,balanced_all_equity,0.95,assessed at its remaining value,1.0,1.194644300370069,1.2000121852483083,0.0,0.0,2.0162380967607905,0.819832039978387,1.848340117187647,0.8
us_social_security,constant_percent at 4%,target_date_fund,0.95,assessed at its remaining value,1.0,1.0786172710339972,1.085015401731977,0.0,0.0,1.625713594422002,0.7516648882471634,0.6697205903799652,0.8
us_social_security,constant_percent at 4%,balanced_all_equity,1.0,assessed at its remaining value,1.0,1.172467322970719,1.1650054836679296,1.0,0.9914042022859769,1.9953443413584,0.8152083471507084,0.0,0.8
us_social_security,constant_percent at 4%,target_date_fund,1.0,assessed at its remaining value,1.0,1.0724900583482835,1.0699866346622087,1.0,0.9914042022859769,1.6327459427150413,0.7535020296453672,0.0,0.8
us_social_security,amortisation at 6%,balanced_all_equity,0.0,exempt from the assets test,0.0,1.2413063352365137,1.294297236743299,0.0,0.0,2.8442681437568944,0.8295807299032805,0.0,0.8
us_social_security,amortisation at 6%,target_date_fund,0.0,exempt from the assets test,0.0,1.0340948716170981,1.0849270357801788,0.0,0.0,1.7564321926196997,0.68263516123651,0.0,0.8
us_social_security,amortisation at 6%,balanced_all_equity,0.1,exempt from the assets test,0.0,1.2526425695405317,1.301262579403175,0.0,0.0,2.759375763517046,0.8417103267416808,0.0,0.8
us_social_security,amortisation at 6%,target_date_fund,0.1,exempt from the assets test,0.0,1.0519434669061187,1.0981067133727107,0.0,0.0,1.7440635676292335,0.7016349378925307,0.0,0.8
us_social_security,amortisation at 6%,balanced_all_equity,0.25,exempt from the assets test,0.0,1.2603078944580555,1.3029781729618186,0.0,0.0,2.632037193157272,0.8548018664618003,0.0,0.8
us_social_security,amortisation at 6%,target_date_fund,0.25,exempt from the assets test,0.0,1.0702232340946594,1.1100333502223667,0.0,0.0,1.725510630143535,0.7240952597210895,0.0,0.8
us_social_security,amortisation at 6%,balanced_all_equity,0.5,exempt from the assets test,0.0,1.2543081658531492,1.2878498514880823,0.0,0.0,2.419806242557648,0.8615528261861745,0.0,0.8
us_social_security,amortisation at 6%,target_date_fund,0.5,exempt from the assets test,0.0,1.0852247948053226,1.1153413053564447,0.0,0.0,1.6945890676673703,0.7471269083978155,0.0,0.8
us_social_security,amortisation at 6%,balanced_all_equity,0.75,exempt from the assets test,0.0,1.2270837201935796,1.2518398723914275,0.0,0.0,2.2075752919580243,0.8510426449453428,0.0,0.8
us_social_security,amortisation at 6%,target_date_fund,0.75,exempt from the assets test,0.0,1.085458421795342,1.1061763455941527,0.0,0.0,1.6636675051912067,0.7562410815116951,0.0,0.8
us_social_security,amortisation at 6%,balanced_all_equity,0.9,exempt from the assets test,0.0,1.198793780924098,1.2170622973423162,0.0,0.0,2.0802367215982493,0.834883783200099,0.0,0.8
us_social_security,amortisation at 6%,target_date_fund,0.9,exempt from the assets test,0.0,1.0792797148377502,1.09303567292189,0.0,0.0,1.6451145677055068,0.756826153092525,0.0,0.8
us_social_security,amortisation at 6%,balanced_all_equity,0.95,exempt from the assets test,0.0,1.1866143973657908,1.2006108305116472,0.0,0.0,2.037790531478325,0.8251276809814744,0.0,0.8
us_social_security,amortisation at 6%,target_date_fund,0.95,exempt from the assets test,0.0,1.0761610521609069,1.0859214135528656,0.0,0.0,1.6389302552102736,0.755537867100774,0.0,0.8
us_social_security,amortisation at 6%,balanced_all_equity,1.0,exempt from the assets test,0.0,1.172467322970719,1.1650054836679296,1.0,0.9914042022859769,1.9953443413584,0.8152083471507084,0.0,0.8
us_social_security,amortisation at 6%,target_date_fund,1.0,exempt from the assets test,0.0,1.0724900583482835,1.0699866346622087,1.0,0.9914042022859769,1.6327459427150413,0.7535020296453672,0.0,0.8
us_social_security,amortisation at 6%,balanced_all_equity,0.0,assessed at its remaining value,1.0,1.2413063352365137,1.294297236743299,0.0,0.0,2.8442681437568944,0.8295807299032805,0.0,0.8
us_social_security,amortisation at 6%,target_date_fund,0.0,assessed at its remaining value,1.0,1.0340948716170981,1.0849270357801788,0.0,0.0,1.7564321926196997,0.68263516123651,0.0,0.8
us_social_security,amortisation at 6%,balanced_all_equity,0.1,assessed at its remaining value,1.0,1.2526425695405317,1.301262579403175,0.0,0.0,2.759375763517046,0.8417103267416808,0.0,0.8
us_social_security,amortisation at 6%,target_date_fund,0.1,assessed at its remaining value,1.0,1.0519434669061187,1.0981067133727107,0.0,0.0,1.7440635676292335,0.7016349378925307,0.0,0.8
us_social_security,amortisation at 6%,balanced_all_equity,0.25,assessed at its remaining value,1.0,1.2603078944580555,1.3029781729618186,0.0,0.0,2.632037193157272,0.8548018664618003,0.0,0.8
us_social_security,amortisation at 6%,target_date_fund,0.25,assessed at its remaining value,1.0,1.0702232340946594,1.1100333502223667,0.0,0.0,1.725510630143535,0.7240952597210895,0.0,0.8
us_social_security,amortisation at 6%,balanced_all_equity,0.5,assessed at its remaining value,1.0,1.2543081658531492,1.2878498514880823,0.0,0.0,2.419806242557648,0.8615528261861745,0.0,0.8
us_social_security,amortisation at 6%,target_date_fund,0.5,assessed at its remaining value,1.0,1.0852247948053226,1.1153413053564447,0.0,0.0,1.6945890676673703,0.7471269083978155,0.0,0.8
us_social_security,amortisation at 6%,balanced_all_equity,0.75,assessed at its remaining value,1.0,1.2270837201935796,1.2518398723914275,0.0,0.0,2.2075752919580243,0.8510426449453428,0.0,0.8
us_social_security,amortisation at 6%,target_date_fund,0.75,assessed at its remaining value,1.0,1.085458421795342,1.1061763455941527,0.0,0.0,1.6636675051912067,0.7562410815116951,0.0,0.8
us_social_security,amortisation at 6%,balanced_all_equity,0.9,assessed at its remaining value,1.0,1.198793780924098,1.2170622973423162,0.0,0.0,2.0802367215982493,0.834883783200099,0.0,0.8
us_social_security,amortisation at 6%,target_date_fund,0.9,assessed at its remaining value,1.0,1.0792797148377502,1.09303567292189,0.0,0.0,1.6451145677055068,0.756826153092525,0.0,0.8
us_social_security,amortisation at 6%,balanced_all_equity,0.95,assessed at its remaining value,1.0,1.1866143973657908,1.2006108305116472,0.0,0.0,2.037790531478325,0.8251276809814744,0.0,0.8
us_social_security,amortisation at 6%,target_date_fund,0.95,assessed at its remaining value,1.0,1.0761610521609069,1.0859214135528656,0.0,0.0,1.6389302552102736,0.755537867100774,0.0,0.8
us_social_security,amortisation at 6%,balanced_all_equity,1.0,assessed at its remaining value,1.0,1.172467322970719,1.1650054836679296,1.0,0.9914042022859769,1.9953443413584,0.8152083471507084,0.0,0.8
us_social_security,amortisation at 6%,target_date_fund,1.0,assessed at its remaining value,1.0,1.0724900583482835,1.0699866346622087,1.0,0.9914042022859769,1.6327459427150413,0.7535020296453672,0.0,0.8
age_pension_matched,fixed_real_rule,balanced_all_equity,0.0,exempt from the assets test,0.0,0.4159074372399515,0.4453337149970984,0.11592,0.05824817845075118,1.1375837625179384,0.3398425598252197,45.3073689533057,0.8
age_pension_matched,fixed_real_rule,target_date_fund,0.0,exempt from the assets test,0.0,0.4755108619605084,0.5025286799240993,0.21892,0.111136015834872,0.8864899600440282,0.3725612013925447,9.647987242658953,0.8
age_pension_matched,fixed_real_rule,balanced_all_equity,0.1,exempt from the assets test,0.0,0.4389963202848993,0.4725731205016372,0.11592,0.05824817845075118,1.1711060868045087,0.35734150755071964,40.776632057975114,0.8
age_pension_matched,fixed_real_rule,target_date_fund,0.1,exempt from the assets test,0.0,0.5134732469015144,0.5431352686892842,0.21892,0.111136015834872,0.9201463179970182,0.40286889947617854,8.683188518393033,0.8
age_pension_matched,fixed_real_rule,balanced_all_equity,0.25,exempt from the assets test,0.0,0.5059868888810654,0.5406062368356005,0.11592,0.05824817845075118,1.225304228848378,0.3925219541864815,33.98052671497928,0.8
age_pension_matched,fixed_real_rule,target_date_fund,0.25,exempt from the assets test,0.0,0.5765096638184475,0.6124345219267077,0.21892,0.111136015834872,0.9765938559568419,0.4558294179056731,7.235990431994236,0.8
age_pension_matched,fixed_real_rule,balanced_all_equity,0.5,exempt from the assets test,0.0,0.613060341712736,0.6628700745403406,0.11592,0.05824817845075118,1.3348234138338788,0.47903740289549596,22.65368447665285,0.8
age_pension_matched,fixed_real_rule,target_date_fund,0.5,exempt from the assets test,0.0,0.7253252724988173,0.7709394664499605,0.21892,0.111136015834872,1.0962349780892633,0.555138572299422,4.8239936213294765,0.8
age_pension_matched,fixed_real_rule,balanced_all_equity,0.75,exempt from the assets test,0.0,0.812577932474398,0.8785691652689749,0.11592,0.05824817845075118,1.5046201899899598,0.6176997221726556,11.326842238326424,0.8
age_pension_matched,fixed_real_rule,target_date_fund,0.75,exempt from the assets test,0.0,0.9200160048634017,0.9392883841591365,0.21892,0.111136015834872,1.2678991123489234,0.6430218352592504,2.411996810664739,0.8
age_pension_matched,fixed_real_rule,balanced_all_equity,0.9,exempt from the assets test,0.0,1.0100863344752846,1.045171561310467,0.11592,0.05824817845075118,1.6735090008084894,0.7074184275015549,4.530736895330573,0.8
age_pension_matched,fixed_real_rule,target_date_fund,0.9,exempt from the assets test,0.0,0.9657325874221914,0.9740420696570022,0.21892,0.111136015834872,1.3830876799886231,0.6696254526750044,0.9647987242658891,0.8
age_pension_matched,fixed_real_rule,balanced_all_equity,0.95,exempt from the assets test,0.0,1.0608970594139047,1.076156574949065,0.11592,0.05824817845075118,1.7398438524588116,0.7274254532365926,2.265368447665287,0.8
age_pension_matched,fixed_real_rule,target_date_fund,0.95,exempt from the assets test,0.0,0.9708615625233995,0.9776152102157277,0.21892,0.111136015834872,1.4093087342866373,0.6731342390418391,0.48239936213294565,0.8
age_pension_matched,fixed_real_rule,balanced_all_equity,1.0,exempt from the assets test,0.0,1.0708817803254571,1.0684430329416603,1.0,0.9914042022859769,1.786046692421405,0.734378535541682,0.0,0.8
age_pension_matched,fixed_real_rule,target_date_fund,1.0,exempt from the assets test,0.0,0.9708857574616198,0.9716739397654925,1.0,0.9914042022859769,1.4234482937780457,0.6764220971760904,0.0,0.8
age_pension_matched,fixed_real_rule,balanced_all_equity,0.0,assessed at its remaining value,1.0,0.4159074372399515,0.4453337149970984,0.11592,0.05824817845075118,1.1375837625179384,0.3398425598252197,45.3073689533057,0.8
age_pension_matched,fixed_real_rule,target_date_fund,0.0,assessed at its remaining value,1.0,0.4755108619605084,0.5025286799240993,0.21892,0.111136015834872,0.8864899600440282,0.3725612013925447,9.647987242658953,0.8
age_pension_matched,fixed_real_rule,balanced_all_equity,0.1,assessed at its remaining value,1.0,0.43587076995299245,0.46782061163518734,0.11592,0.05824817845075118,1.1655208569247946,0.3535668813985343,40.776632057975114,0.8
age_pension_matched,fixed_real_rule,target_date_fund,0.1,assessed at its remaining value,1.0,0.5059802427840415,0.5327224382352457,0.21892,0.111136015834872,0.911639215264364,0.3945490397331798,8.683188518393033,0.8
age_pension_matched,fixed_real_rule,balanced_all_equity,0.25,assessed at its remaining value,1.0,0.49421739822824645,0.5237159800722516,0.11592,0.05824817845075118,1.2080838948690886,0.37951397710583057,33.98052671497928,0.8
age_pension_matched,fixed_real_rule,target_date_fund,0.25,assessed at its remaining value,1.0,0.5532198486169096,0.5800285908775498,0.21892,0.111136015834872,0.950658613737521,0.4303446061836552,7.235990431994236,0.8
age_pension_matched,fixed_real_rule,balanced_all_equity,0.5,assessed at its remaining value,1.0,0.5784208571832281,0.6122121196139301,0.11592,0.05824817845075118,1.2830736301067067,0.4433198834179421,22.65368447665285,0.8
age_pension_matched,fixed_real_rule,target_date_fund,0.5,assessed at its remaining value,1.0,0.654397317132382,0.6759774956127936,0.21892,0.111136015834872,1.0211483072755312,0.5083694743385029,4.8239936213294765,0.8
age_pension_matched,fixed_real_rule,balanced_all_equity,0.75,assessed at its remaining value,1.0,0.7232877579864598,0.7542019614503445,0.11592,0.05824817845075118,1.3716705416195443,0.5555339196234845,11.326842238326424,0.8
age_pension_matched,fixed_real_rule,target_date_fund,0.75,assessed at its remaining value,1.0,0.7866947101895739,0.7859585483357879,0.21892,0.111136015834872,1.1060459611692648,0.5944090836825651,2.411996810664739,0.8
age_pension_matched,fixed_real_rule,balanced_all_equity,0.9,assessed at its remaining value,1.0,0.867981235534109,0.8752363809124892,0.11592,0.05824817845075118,1.447972391307633,0.647558818516064,4.530736895330573,0.8
age_pension_matched,fixed_real_rule,target_date_fund,0.9,assessed at its remaining value,1.0,0.847260902824297,0.8393625510785457,0.21892,0.111136015834872,1.172265988490805,0.6449389697527121,0.9647987242658891,0.8
age_pension_matched,fixed_real_rule,balanced_all_equity,0.95,assessed at its remaining value,1.0,0.9183202559496514,0.913023662998359,0.11592,0.05824817845075118,1.4862707549350438,0.6803541730111968,2.265368447665287,0.8
age_pension_matched,fixed_real_rule,target_date_fund,0.95,assessed at its remaining value,1.0,0.8625208443853712,0.8536255887460089,0.21892,0.111136015834872,1.1984116586811384,0.6542754835397544,0.48239936213294565,0.8
age_pension_matched,fixed_real_rule,balanced_all_equity,1.0,assessed at its remaining value,1.0,0.9463768584887959,0.9307593910020182,1.0,0.9914042022859769,1.5408506648909865,0.6971149744076002,0.0,0.8
age_pension_matched,fixed_real_rule,target_date_fund,1.0,assessed at its remaining value,1.0,0.8731672519562902,0.8614115619062784,1.0,0.9914042022859769,1.2254466507702937,0.6615859609961985,0.0,0.8
age_pension_matched,constant_percent at 4%,balanced_all_equity,0.0,exempt from the assets test,0.0,0.6744021866546849,0.67380130432689,0.0,0.0,1.7965513883164081,0.4580613437234453,36.966802343752896,0.8
age_pension_matched,constant_percent at 4%,target_date_fund,0.0,exempt from the assets test,0.0,0.595053004640991,0.6003540795099088,0.0,0.0,0.9293190964711219,0.4404006173364801,13.394411807599305,0.8
age_pension_matched,constant_percent at 4%,balanced_all_equity,0.1,exempt from the assets test,0.0,0.7322641595904842,0.7309628264182361,0.0,0.0,1.7628193702817683,0.5133055279158836,33.27012210937762,0.8
age_pension_matched,constant_percent at 4%,target_date_fund,0.1,exempt from the assets test,0.0,0.6500568252403116,0.6544800773550863,0.0,0.0,0.9577435334799659,0.4969730760788469,12.05497062683937,0.8
age_pension_matched,constant_percent at 4%,balanced_all_equity,0.25,exempt from the assets test,0.0,0.8142825354553385,0.8139624490586767,0.0,0.0,1.7167826200836862,0.5875782946087292,27.725101757814684,0.8
age_pension_matched,constant_percent at 4%,target_date_fund,0.25,exempt from the assets test,0.0,0.7312529526168998,0.7361458858347232,0.0,0.0,1.0074176787553142,0.5700568547641229,10.045808855699473,0.8
age_pension_matched,constant_percent at 4%,balanced_all_equity,0.5,exempt from the assets test,0.0,0.9495410631911416,0.9541042617138704,0.0,0.0,1.6626590568072293,0.6837386812206947,18.483401171876448,0.8
age_pension_matched,constant_percent at 4%,target_date_fund,0.5,exempt from the assets test,0.0,0.8636313897139358,0.8716310002042763,0.0,0.0,1.1203610806439526,0.6408382671855457,6.697205903799652,0.8
age_pension_matched,constant_percent at 4%,balanced_all_equity,0.75,exempt from the assets test,0.0,1.0624521948968988,1.0695111641524577,0.0,0.0,1.6794259720698042,0.7388484533265282,9.241700585938224,0.8
age_pension_matched,constant_percent at 4%,target_date_fund,0.75,exempt from the assets test,0.0,0.95235211695306,0.9605922301731384,0.0,0.0,1.2910063933277804,0.6649517510375659,3.3486029518998253,0.8
age_pension_matched,constant_percent at 4%,balanced_all_equity,0.9,exempt from the assets test,0.0,1.0883415023158938,1.093796152808618,0.0,0.0,1.7587148811132085,0.7418728444861743,3.6966802343752905,0.8
age_pension_matched,constant_percent at 4%,target_date_fund,0.9,exempt from the assets test,0.0,0.9707478673546005,0.9776908354508619,0.0,0.0,1.3959783196512092,0.6728570180166381,1.3394411807599305,0.8
age_pension_matched,constant_percent at 4%,balanced_all_equity,0.95,exempt from the assets test,0.0,1.0866591125907097,1.0919896542068048,0.0,0.0,1.786731023902046,0.7387843780772699,1.848340117187647,0.8
age_pension_matched,constant_percent at 4%,target_date_fund,0.95,exempt from the assets test,0.0,0.9734591016382725,0.9797200346520303,0.0,0.0,1.4146167534009249,0.6744522642579482,0.6697205903799652,0.8
age_pension_matched,constant_percent at 4%,balanced_all_equity,1.0,exempt from the assets test,0.0,1.0708817803254571,1.0684430329416603,1.0,0.9914042022859769,1.786046692421405,0.734378535541682,0.0,0.8
age_pension_matched,constant_percent at 4%,target_date_fund,1.0,exempt from the assets test,0.0,0.9708857574616198,0.9716739397654925,1.0,0.9914042022859769,1.4234482937780457,0.6764220971760904,0.0,0.8
age_pension_matched,constant_percent at 4%,balanced_all_equity,0.0,assessed at its remaining value,1.0,0.6744021866546849,0.67380130432689,0.0,0.0,1.7965513883164081,0.4580613437234453,36.966802343752896,0.8
age_pension_matched,constant_percent at 4%,target_date_fund,0.0,assessed at its remaining value,1.0,0.595053004640991,0.6003540795099088,0.0,0.0,0.9293190964711219,0.4404006173364801,13.394411807599305,0.8
age_pension_matched,constant_percent at 4%,balanced_all_equity,0.1,assessed at its remaining value,1.0,0.7076268461509676,0.7044227311337917,0.0,0.0,1.7577696724962708,0.49170338810400344,33.27012210937762,0.8
age_pension_matched,constant_percent at 4%,target_date_fund,0.1,assessed at its remaining value,1.0,0.628365778821584,0.630594592120244,0.0,0.0,0.9492251809514013,0.47612393405883247,12.05497062683937,0.8
age_pension_matched,constant_percent at 4%,balanced_all_equity,0.25,assessed at its remaining value,1.0,0.7507407845818304,0.7450452075912553,0.0,0.0,1.700921427277897,0.5316981765006377,27.725101757814684,0.8
age_pension_matched,constant_percent at 4%,target_date_fund,0.25,assessed at its remaining value,1.0,0.673441328605782,0.6723042645044104,0.0,0.0,0.981034094146156,0.516509120636911,10.045808855699473,0.8
age_pension_matched,constant_percent at 4%,balanced_all_equity,0.5,assessed at its remaining value,1.0,0.8160581616155611,0.8077299781317231,0.0,0.0,1.6120314833600409,0.5897837468251049,18.483401171876448,0.8
age_pension_matched,constant_percent at 4%,target_date_fund,0.5,assessed at its remaining value,1.0,0.7441480725208683,0.7388232362410732,0.0,0.0,1.041985826654933,0.574081054169445,6.697205903799652,0.8
age_pension_matched,constant_percent at 4%,balanced_all_equity,0.75,assessed at its remaining value,1.0,0.8827837497103704,0.872169837661442,0.0,0.0,1.5406357509140258,0.648821233437814,9.241700585938224,0.8
age_pension_matched,constant_percent at 4%,target_date_fund,0.75,assessed at its remaining value,1.0,0.8137679069700684,0.805314746203042,0.0,0.0,1.1204753591506293,0.6247135693904897,3.3486029518998253,0.8
age_pension_matched,constant_percent at 4%,balanced_all_equity,0.9,assessed at its remaining value,1.0,0.9260189346463992,0.9139673550738449,0.0,0.0,1.5231464259992487,0.6825757465921086,3.6966802343752905,0.8
age_pension_matched,constant_percent at 4%,target_date_fund,0.9,assessed at its remaining value,1.0,0.8531057508880288,0.8438510831640311,0.0,0.0,1.180898757234407,0.6487183361181302,1.3394411807599305,0.8
age_pension_matched,constant_percent at 4%,balanced_all_equity,0.95,assessed at its remaining value,1.0,0.9398933380241741,0.9275753834641522,0.0,0.0,1.5279815820173546,0.6909077177854525,1.848340117187647,0.8
age_pension_matched,constant_percent at 4%,target_date_fund,0.95,assessed at its remaining value,1.0,0.8649385657152484,0.8555601495318832,0.0,0.0,1.2032395864617549,0.6554381592011932,0.6697205903799652,0.8
age_pension_matched,constant_percent at 4%,balanced_all_equity,1.0,assessed at its remaining value,1.0,0.9463768584887959,0.9307593910020182,1.0,0.9914042022859769,1.5408506648909865,0.6971149744076002,0.0,0.8
age_pension_matched,constant_percent at 4%,target_date_fund,1.0,assessed at its remaining value,1.0,0.8731672519562902,0.8614115619062784,1.0,0.9914042022859769,1.2254466507702937,0.6615859609961985,0.0,0.8
age_pension_matched,amortisation at 6%,balanced_all_equity,0.0,exempt from the assets test,0.0,1.030118892405021,1.049821053148697,0.0,0.0,2.3336417106315994,0.718626708311674,0.0,0.8
age_pension_matched,amortisation at 6%,target_date_fund,0.0,exempt from the assets test,0.0,0.862319851914176,0.8921955760830518,0.0,0.0,1.3289738421980928,0.5769732164080772,0.0,0.8
age_pension_matched,amortisation at 6%,balanced_all_equity,0.1,exempt from the assets test,0.0,1.057660616424617,1.0765507696596819,0.0,0.0,2.262685259884498,0.7366047011566188,0.0,0.8
age_pension_matched,amortisation at 6%,target_date_fund,0.1,exempt from the assets test,0.0,0.8922207860985377,0.9198565274518148,0.0,0.0,1.3327010442935032,0.6040363342384583,0.0,0.8
age_pension_matched,amortisation at 6%,balanced_all_equity,0.25,exempt from the assets test,0.0,1.090255586153751,1.1092665394380705,0.0,0.0,2.161262919352629,0.7568627781363365,0.0,0.8
age_pension_matched,amortisation at 6%,target_date_fund,0.25,exempt from the assets test,0.0,0.928047902248409,0.9537998932197551,0.0,0.0,1.3426648949231,0.6341864787900223,0.0,0.8
age_pension_matched,amortisation at 6%,balanced_all_equity,0.5,exempt from the assets test,0.0,1.124833414172148,1.1451857541814758,0.0,0.0,2.012972016571624,0.7717068592705651,0.0,0.8
age_pension_matched,amortisation at 6%,target_date_fund,0.5,exempt from the assets test,0.0,0.9693925338298992,0.9926662933249668,0.0,0.0,1.3742330844788604,0.6647908570882995,0.0,0.8
age_pension_matched,amortisation at 6%,balanced_all_equity,0.75,exempt from the assets test,0.0,1.1235336348148701,1.142168208508152,0.0,0.0,1.9077205316807055,0.7668706962564964,0.0,0.8
age_pension_matched,amortisation at 6%,target_date_fund,0.75,exempt from the assets test,0.0,0.9830455731582335,1.000623479625423,0.0,0.0,1.4206667589372268,0.6782643284835834,0.0,0.8
age_pension_matched,amortisation at 6%,balanced_all_equity,0.9,exempt from the assets test,0.0,1.0982332810087598,1.112434434769035,0.0,0.0,1.854848119121366,0.751363323206669,0.0,0.8
age_pension_matched,amortisation at 6%,target_date_fund,0.9,exempt from the assets test,0.0,0.9779370707805675,0.9897008599083806,0.0,0.0,1.4330570597333914,0.6787072090892773,0.0,0.8
age_pension_matched,amortisation at 6%,balanced_all_equity,0.95,exempt from the assets test,0.0,1.0857076423770031,1.0970233570087649,0.0,0.0,1.8258020106755544,0.7438471800010474,0.0,0.8
age_pension_matched,amortisation at 6%,target_date_fund,0.95,exempt from the assets test,0.0,0.9747365826994068,0.983532590445091,0.0,0.0,1.429387867809132,0.6773093549539574,0.0,0.8
age_pension_matched,amortisation at 6%,balanced_all_equity,1.0,exempt from the assets test,0.0,1.0708817803254571,1.0684430329416603,1.0,0.9914042022859769,1.786046692421405,0.734378535541682,0.0,0.8
age_pension_matched,amortisation at 6%,target_date_fund,1.0,exempt from the assets test,0.0,0.9708857574616198,0.9716739397654925,1.0,0.9914042022859769,1.4234482937780457,0.6764220971760904,0.0,0.8
age_pension_matched,amortisation at 6%,balanced_all_equity,0.0,assessed at its remaining value,1.0,1.030118892405021,1.049821053148697,0.0,0.0,2.3336417106315994,0.718626708311674,0.0,0.8
age_pension_matched,amortisation at 6%,target_date_fund,0.0,assessed at its remaining value,1.0,0.862319851914176,0.8921955760830518,0.0,0.0,1.3289738421980928,0.5769732164080772,0.0,0.8
age_pension_matched,amortisation at 6%,balanced_all_equity,0.1,assessed at its remaining value,1.0,1.0369786157380656,1.0513535757011592,0.0,0.0,2.250844538168354,0.7366047011566188,0.0,0.8
age_pension_matched,amortisation at 6%,target_date_fund,0.1,assessed at its remaining value,1.0,0.8790986683168354,0.9028171817398096,0.0,0.0,1.3177631901656315,0.6040363342384583,0.0,0.8
age_pension_matched,amortisation at 6%,balanced_all_equity,0.25,assessed at its remaining value,1.0,1.0381050739185989,1.046284561997871,0.0,0.0,2.127398279911388,0.7453391908613258,0.0,0.8
age_pension_matched,amortisation at 6%,target_date_fund,0.25,assessed at its remaining value,1.0,0.893214500679613,0.9094986717146313,0.0,0.0,1.3010978159989341,0.6341864787900223,0.0,0.8
age_pension_matched,amortisation at 6%,balanced_all_equity,0.5,assessed at its remaining value,1.0,1.0241168193382244,1.0246702438763262,0.0,0.0,1.9245283195883738,0.739929737401364,0.0,0.8
age_pension_matched,amortisation at 6%,target_date_fund,0.5,assessed at its remaining value,1.0,0.8996958555498877,0.9063019963808249,0.0,0.0,1.2740293974098191,0.6647908570882995,0.0,0.8
age_pension_matched,amortisation at 6%,balanced_all_equity,0.75,assessed at its remaining value,1.0,0.994346649914293,0.9894428712344261,0.0,0.0,1.7274100312888203,0.7247134316076338,0.0,0.8
age_pension_matched,amortisation at 6%,target_date_fund,0.75,assessed at its remaining value,1.0,0.8920296988179034,0.8910129003862222,0.0,0.0,1.248553605961626,0.6745754626667434,0.0,0.8
age_pension_matched,amortisation at 6%,balanced_all_equity,0.9,assessed at its remaining value,1.0,0.9684297797582748,0.9608127606356495,0.0,0.0,1.6137152113426407,0.7102805972002102,0.0,0.8
age_pension_matched,amortisation at 6%,target_date_fund,0.9,assessed at its remaining value,1.0,0.8820026046917562,0.8766927399189,0.0,0.0,1.23436563199631,0.6677175955391914,0.0,0.8
age_pension_matched,amortisation at 6%,balanced_all_equity,0.95,assessed at its remaining value,1.0,0.9580339117738572,0.949074624082494,0.0,0.0,1.5769406705846685,0.7043551765695093,0.0,0.8
age_pension_matched,amortisation at 6%,target_date_fund,0.95,assessed at its remaining value,1.0,0.8778053355674322,0.8706250234863739,0.0,0.0,1.229850729264601,0.664903338014664,0.0,0.8
age_pension_matched,amortisation at 6%,balanced_all_equity,1.0,assessed at its remaining value,1.0,0.9463768584887959,0.9307593910020182,1.0,0.9914042022859769,1.5408506648909865,0.6971149744076002,0.0,0.8
age_pension_matched,amortisation at 6%,target_date_fund,1.0,assessed at its remaining value,1.0,0.8731672519562902,0.8614115619062784,1.0,0.9914042022859769,1.2254466507702937,0.6615859609961985,0.0,0.8
australia_as_legislated,fixed_real_rule,balanced_all_equity,0.0,exempt from the assets test,0.0,0.6332876017515864,0.669557912827888,0.11592,0.05824817845075118,2.2036376484604077,0.4492869049050311,91.52088528567768,0.8
australia_as_legislated,fixed_real_rule,target_date_fund,0.0,exempt from the assets test,0.0,0.6423318149544522,0.6733438413656428,0.21892,0.111136015834872,1.6110038983559671,0.4492869049050311,19.488934230171044,0.8
australia_as_legislated,fixed_real_rule,balanced_all_equity,0.1,exempt from the assets test,0.0,0.6712221319496986,0.7090941792559593,0.11592,0.05824817845075118,2.2594663570592908,0.5452918738283162,82.36879675710973,0.8
australia_as_legislated,fixed_real_rule,target_date_fund,0.1,exempt from the assets test,0.0,0.6981042791716788,0.7274122816861361,0.21892,0.111136015834872,1.6589557926264096,0.5197658021229526,17.54004080715399,0.8
australia_as_legislated,fixed_real_rule,balanced_all_equity,0.25,exempt from the assets test,0.0,0.7387624599399747,0.7842158504168001,0.11592,0.05824817845075118,2.345012778281524,0.6006668936313242,68.64066396425812,0.8
australia_as_legislated,fixed_real_rule,target_date_fund,0.25,exempt from the assets test,0.0,0.7831232181117441,0.8126766712258985,0.21892,0.111136015834872,1.7340431520303978,0.5861966578656486,14.61670067262827,0.8
australia_as_legislated,fixed_real_rule,balanced_all_equity,0.5,exempt from the assets test,0.0,0.8890619570650568,0.9420004728613863,0.11592,0.05824817845075118,2.497811744290499,0.6979729446001257,45.76044264283884,0.8
australia_as_legislated,fixed_real_rule,target_date_fund,0.5,exempt from the assets test,0.0,0.9565283659544617,0.9959386911871467,0.21892,0.111136015834872,1.8769057674599625,0.6949254041962,9.744467115085522,0.8
australia_as_legislated,fixed_real_rule,balanced_all_equity,0.75,exempt from the assets test,0.0,1.1687582736169801,1.2334067652954426,0.11592,0.05824817845075118,2.6957471538081332,0.834187948210635,22.880221321419416,0.8
australia_as_legislated,fixed_real_rule,target_date_fund,0.75,exempt from the assets test,0.0,1.199111630359971,1.236284242137804,0.21892,0.111136015834872,2.087050593338224,0.8265988143290535,4.8722335575427635,0.8
australia_as_legislated,fixed_real_rule,balanced_all_equity,0.9,exempt from the assets test,0.0,1.4119068168151285,1.4571034419967703,0.11592,0.05824817845075118,2.915178168473138,0.9657454515494013,9.152088528567747,0.8
australia_as_legislated,fixed_real_rule,target_date_fund,0.9,exempt from the assets test,0.0,1.313072170203529,1.326746454304488,0.21892,0.111136015834872,2.300027988586423,0.8929412963138399,1.948893423017104,0.8
australia_as_legislated,fixed_real_rule,balanced_all_equity,0.95,exempt from the assets test,0.0,1.4852241538833422,1.506905456938158,0.11592,0.05824817845075118,3.0356846260677224,1.007123822593352,4.576044264283883,0.8
australia_as_legislated,fixed_real_rule,target_date_fund,0.95,exempt from the assets test,0.0,1.323741001629722,1.3336087227997897,0.21892,0.111136015834872,2.3760912276304658,0.9012068999858638,0.9744467115085548,0.8
australia_as_legislated,fixed_real_rule,balanced_all_equity,1.0,exempt from the assets test,0.0,1.4668084220036135,1.4304842966765312,1.0,0.9914042022859769,3.1495416756881047,1.0251719987910655,0.0,0.8
australia_as_legislated,fixed_real_rule,target_date_fund,1.0,exempt from the assets test,0.0,1.309459052877392,1.2916187378909232,1.0,0.9914042022859769,2.4170929104285213,0.9080999932925707,0.0,0.8
australia_as_legislated,fixed_real_rule,balanced_all_equity,0.0,assessed at its remaining value,1.0,0.6332876017515864,0.669557912827888,0.11592,0.05824817845075118,2.2036376484604077,0.4492869049050311,91.52088528567768,0.8
australia_as_legislated,fixed_real_rule,target_date_fund,0.0,assessed at its remaining value,1.0,0.6423318149544522,0.6733438413656428,0.21892,0.111136015834872,1.6110038983559671,0.4492869049050311,19.488934230171044,0.8
australia_as_legislated,fixed_real_rule,balanced_all_equity,0.1,assessed at its remaining value,1.0,0.666437086174892,0.7022182008660479,0.11592,0.05824817845075118,2.2560290834513634,0.5402495047360913,82.36879675710973,0.8
australia_as_legislated,fixed_real_rule,target_date_fund,0.1,assessed at its remaining value,1.0,0.6888984290989122,0.7154375592727201,0.21892,0.111136015834872,1.6536735426054088,0.5133012323309712,17.54004080715399,0.8
australia_as_legislated,fixed_real_rule,balanced_all_equity,0.25,assessed at its remaining value,1.0,0.7213184942171845,0.7596518940246197,0.11592,0.05824817845075118,2.3342358338557765,0.575062002573821,68.64066396425812,0.8
australia_as_legislated,fixed_real_rule,target_date_fund,0.25,assessed at its remaining value,1.0,0.7529024051582132,0.7743564480559859,0.21892,0.111136015834872,1.7174350589848522,0.5548768679987631,14.61670067262827,0.8
australia_as_legislated,fixed_real_rule,balanced_all_equity,0.5,assessed at its remaining value,1.0,0.8332281114349809,0.8653329562267181,0.11592,0.05824817845075118,2.465991037561778,0.6234087785590261,45.76044264283884,0.8
australia_as_legislated,fixed_real_rule,target_date_fund,0.5,assessed at its remaining value,1.0,0.8613745101743056,0.8774179386230082,0.21892,0.111136015834872,1.8250738765570829,0.6122448032792547,9.744467115085522,0.8
australia_as_legislated,fixed_real_rule,balanced_all_equity,0.75,assessed at its remaining value,1.0,1.0052552961903858,1.0241050148334796,0.11592,0.05824817845075118,2.603419926297192,0.6914251978010403,22.880221321419416,0.8
australia_as_legislated,fixed_real_rule,target_date_fund,0.75,assessed at its remaining value,1.0,0.996989138624931,0.9986454809185301,0.21892,0.111136015834872,1.941290267545719,0.6821771661022107,4.8722335575427635,0.8
australia_as_legislated,fixed_real_rule,balanced_all_equity,0.9,assessed at its remaining value,1.0,1.1458310744607616,1.1464392540046613,0.11592,0.05824817845075118,2.6971480291500454,0.7609451679863778,9.152088528567747,0.8
australia_as_legislated,fixed_real_rule,target_date_fund,0.9,assessed at its remaining value,1.0,1.084199177276811,1.0718040664902393,0.21892,0.111136015834872,2.024508280872002,0.7420937101085856,1.948893423017104,0.8
australia_as_legislated,fixed_real_rule,balanced_all_equity,0.95,assessed at its remaining value,1.0,1.2036953809073976,1.192397818251027,0.11592,0.05824817845075118,2.7371907726180846,0.8039392778372043,4.576044264283883,0.8
australia_as_legislated,fixed_real_rule,target_date_fund,0.95,assessed at its remaining value,1.0,1.1071228769354673,1.0921517153910338,0.21892,0.111136015834872,2.058680756493097,0.7616723282199123,0.9744467115085548,0.8
australia_as_legislated,fixed_real_rule,balanced_all_equity,1.0,assessed at its remaining value,1.0,1.2331681369771545,1.1970434555521565,1.0,0.9914042022859769,2.800321846630671,0.8453435457665764,0.0,0.8
australia_as_legislated,fixed_real_rule,target_date_fund,1.0,assessed at its remaining value,1.0,1.1180976493087431,1.0917451617400367,1.0,0.9914042022859769,2.0989878520552145,0.7760416245299477,0.0,0.8
australia_as_legislated,constant_percent at 4%,balanced_all_equity,0.0,exempt from the assets test,0.0,0.8606028855732422,0.8646139966343699,0.0,0.0,3.555255230165416,0.5280670340264092,74.67294073438092,0.8
australia_as_legislated,constant_percent at 4%,target_date_fund,0.0,exempt from the assets test,0.0,0.72819517207646,0.7417301037118694,0.0,0.0,1.7191673894583064,0.4712592273135763,27.056711851350595,0.8
australia_as_legislated,constant_percent at 4%,balanced_all_equity,0.1,exempt from the assets test,0.0,0.9510469806150161,0.9509629110517118,0.0,0.0,3.4735391918319816,0.5939453260788443,67.20564666094279,0.8
australia_as_legislated,constant_percent at 4%,target_date_fund,0.1,exempt from the assets test,0.0,0.8109791986415624,0.8202665003494428,0.0,0.0,1.7534288119006347,0.5412309625280317,24.35104066621554,0.8
australia_as_legislated,constant_percent at 4%,balanced_all_equity,0.25,exempt from the assets test,0.0,1.0682086389010899,1.066104913647605,0.0,0.0,3.3529511611292344,0.6801631515438596,56.00470555078566,0.8
australia_as_legislated,constant_percent at 4%,target_date_fund,0.25,exempt from the assets test,0.0,0.9198004131354145,0.9264639219921121,0.0,0.0,1.808420613403362,0.6298844278623399,20.292533888512963,0.8
australia_as_legislated,constant_percent at 4%,balanced_all_equity,0.5,exempt from the assets test,0.0,1.2610148544188196,1.2623467057590545,0.0,0.0,3.16351953116773,0.8373421475504128,37.33647036719046,0.8
australia_as_legislated,constant_percent at 4%,target_date_fund,0.5,exempt from the assets test,0.0,1.105233152821933,1.1136385343920223,0.0,0.0,1.9202845194081415,0.779866106062619,13.528355925675298,0.8
australia_as_legislated,constant_percent at 4%,balanced_all_equity,0.75,exempt from the assets test,0.0,1.4582101115092372,1.467713620888592,0.0,0.0,3.0267850731305153,0.9889173336734299,18.668235183595222,0.8
australia_as_legislated,constant_percent at 4%,target_date_fund,0.75,exempt from the assets test,0.0,1.27941600188316,1.2910629420226578,0.0,0.0,2.111234629239504,0.881605169879661,6.764177962837647,0.8
australia_as_legislated,constant_percent at 4%,balanced_all_equity,0.9,exempt from the assets test,0.0,1.531383882173231,1.5397613922673965,0.0,0.0,3.0621866356981124,1.0361227082644258,7.4672940734380875,0.8
australia_as_legislated,constant_percent at 4%,target_date_fund,0.9,exempt from the assets test,0.0,1.3292315227709104,1.3389158601421363,0.0,0.0,2.321812501994661,0.9008985333904775,2.705671185135058,0.8
australia_as_legislated,constant_percent at 4%,balanced_all_equity,0.95,exempt from the assets test,0.0,1.5333210151218806,1.5401096020516623,0.0,0.0,3.121561707349891,1.0339455560758384,3.73364703671905,0.8
australia_as_legislated,constant_percent at 4%,target_date_fund,0.95,exempt from the assets test,0.0,1.3337009363158285,1.34179908287631,0.0,0.0,2.3891217095720596,0.9041209307979235,1.3528355925675304,0.8
australia_as_legislated,constant_percent at 4%,balanced_all_equity,1.0,exempt from the assets test,0.0,1.4668084220036135,1.4304842966765312,1.0,0.9914042022859769,3.1495416756881047,1.0251719987910655,0.0,0.8
australia_as_legislated,constant_percent at 4%,target_date_fund,1.0,exempt from the assets test,0.0,1.309459052877392,1.2916187378909232,1.0,0.9914042022859769,2.4170929104285213,0.9080999932925707,0.0,0.8
australia_as_legislated,constant_percent at 4%,balanced_all_equity,0.0,assessed at its remaining value,1.0,0.8606028855732422,0.8646139966343699,0.0,0.0,3.555255230165416,0.5280670340264092,74.67294073438092,0.8
australia_as_legislated,constant_percent at 4%,target_date_fund,0.0,assessed at its remaining value,1.0,0.72819517207646,0.7417301037118694,0.0,0.0,1.7191673894583064,0.4712592273135763,27.056711851350595,0.8
australia_as_legislated,constant_percent at 4%,balanced_all_equity,0.1,assessed at its remaining value,1.0,0.9199293347074571,0.9179943966692821,0.0,0.0,3.471454248504864,0.5741685662276323,67.20564666094279,0.8
australia_as_legislated,constant_percent at 4%,target_date_fund,0.1,assessed at its remaining value,1.0,0.7851478942845156,0.7921347821684477,0.0,0.0,1.7488295801335234,0.521516893741754,24.35104066621554,0.8
australia_as_legislated,constant_percent at 4%,balanced_all_equity,0.25,assessed at its remaining value,1.0,0.9884250878477546,0.9810809117082283,0.0,0.0,3.346234269011638,0.6299384326621396,56.00470555078566,0.8
australia_as_legislated,constant_percent at 4%,target_date_fund,0.25,assessed at its remaining value,1.0,0.852737690525569,0.8534520169205422,0.0,0.0,1.7942459588302684,0.5757734256858963,20.292533888512963,0.8
australia_as_legislated,constant_percent at 4%,balanced_all_equity,0.5,assessed at its remaining value,1.0,1.0800387897823744,1.0672009905138429,0.0,0.0,3.139707519995322,0.7011390669712497,37.33647036719046,0.8
australia_as_legislated,constant_percent at 4%,target_date_fund,0.5,assessed at its remaining value,1.0,0.9489257260188383,0.9424476610308404,0.0,0.0,1.874055635193263,0.6473976991661258,13.528355925675298,0.8
australia_as_legislated,constant_percent at 4%,balanced_all_equity,0.75,assessed at its remaining value,1.0,1.162579843899223,1.1461570391670846,0.0,0.0,2.940391737932882,0.7673563984355483,18.668235183595222,0.8
australia_as_legislated,constant_percent at 4%,target_date_fund,0.75,assessed at its remaining value,1.0,1.0405922614544942,1.0282844657661174,0.0,0.0,1.9657179423409623,0.7130258533543447,6.764177962837647,0.8
australia_as_legislated,constant_percent at 4%,balanced_all_equity,0.9,assessed at its remaining value,1.0,1.2168505026325662,1.1978171926366228,0.0,0.0,2.8352737914341115,0.8149600652234789,7.4672940734380875,0.8
australia_as_legislated,constant_percent at 4%,target_date_fund,0.9,assessed at its remaining value,1.0,1.0956773281672267,1.0803438914683086,0.0,0.0,2.036740372013563,0.7515329573092545,2.705671185135058,0.8
australia_as_legislated,constant_percent at 4%,balanced_all_equity,0.95,assessed at its remaining value,1.0,1.2365299743227076,1.216166993934436,0.0,0.0,2.80983129304655,0.8322845753088344,3.73364703671905,0.8
australia_as_legislated,constant_percent at 4%,target_date_fund,0.95,assessed at its remaining value,1.0,1.11315883997591,1.096803942795969,0.0,0.0,2.066142081791056,0.7641036081177177,1.3528355925675304,0.8
australia_as_legislated,constant_percent at 4%,balanced_all_equity,1.0,assessed at its remaining value,1.0,1.2331681369771545,1.1970434555521565,1.0,0.9914042022859769,2.800321846630671,0.8453435457665764,0.0,0.8
australia_as_legislated,constant_percent at 4%,target_date_fund,1.0,assessed at its remaining value,1.0,1.1180976493087431,1.0917451617400367,1.0,0.9914042022859769,2.0989878520552145,0.7760416245299477,0.0,0.8
australia_as_legislated,amortisation at 6%,balanced_all_equity,0.0,exempt from the assets test,0.0,1.3335374142990688,1.3829707475349955,0.0,0.0,4.491540714698536,0.8712885217617271,0.0,0.8
australia_as_legislated,amortisation at 6%,target_date_fund,0.0,exempt from the assets test,0.0,1.0711858867807698,1.1248753601186934,0.0,0.0,2.357640016266437,0.7072132541411842,0.0,0.8
australia_as_legislated,amortisation at 6%,balanced_all_equity,0.1,exempt from the assets test,0.0,1.3861501213350789,1.4346543254093023,0.0,0.0,4.328444259903803,0.921835020202103,0.0,0.8
australia_as_legislated,amortisation at 6%,target_date_fund,0.1,exempt from the assets test,0.0,1.1333743223640216,1.1818738802246542,0.0,0.0,2.3442273515961163,0.7618807521585537,0.0,0.8
australia_as_legislated,amortisation at 6%,balanced_all_equity,0.25,exempt from the assets test,0.0,1.4432398905874082,1.4935016312148046,0.0,0.0,4.087577264385054,0.9828296065740842,0.0,0.8
australia_as_legislated,amortisation at 6%,target_date_fund,0.25,exempt from the assets test,0.0,1.2001747644067546,1.244912584477978,0.0,0.0,2.328550281391344,0.8227840441527133,0.0,0.8
australia_as_legislated,amortisation at 6%,balanced_all_equity,0.5,exempt from the assets test,0.0,1.5087096726252751,1.5661107281068067,0.0,0.0,3.7043502235506818,1.076489193200914,0.0,0.8
australia_as_legislated,amortisation at 6%,target_date_fund,0.5,exempt from the assets test,0.0,1.2796813991617364,1.3229732245384351,0.0,0.0,2.3223568478559433,0.8846048883152331,0.0,0.8
australia_as_legislated,amortisation at 6%,balanced_all_equity,0.75,exempt from the assets test,0.0,1.5333972158378235,1.5942284889917202,0.0,0.0,3.3790788858818317,1.090729434503004,0.0,0.8
australia_as_legislated,amortisation at 6%,target_date_fund,0.75,exempt from the assets test,0.0,1.3221382150848218,1.361588378396863,0.0,0.0,2.367045647567644,0.9118213005337066,0.0,0.8
australia_as_legislated,amortisation at 6%,balanced_all_equity,0.9,exempt from the assets test,0.0,1.5073584317919375,1.5571114603164087,0.0,0.0,3.255908682577476,1.0594812698743399,0.0,0.8
australia_as_legislated,amortisation at 6%,target_date_fund,0.9,exempt from the assets test,0.0,1.3201536418629474,1.3488607852615622,0.0,0.0,2.4213982499563858,0.9127159193572087,0.0,0.8
australia_as_legislated,amortisation at 6%,balanced_all_equity,0.95,exempt from the assets test,0.0,1.4893953895214442,1.52873441955923,0.0,0.0,3.2188193650843693,1.0442986605989841,0.0,0.8
australia_as_legislated,amortisation at 6%,target_date_fund,0.95,exempt from the assets test,0.0,1.3154731229366237,1.3361896793375165,0.0,0.0,2.426734834873502,0.9098922540038622,0.0,0.8
australia_as_legislated,amortisation at 6%,balanced_all_equity,1.0,exempt from the assets test,0.0,1.4668084220036135,1.4304842966765312,1.0,0.9914042022859769,3.1495416756881047,1.0251719987910655,0.0,0.8
australia_as_legislated,amortisation at 6%,target_date_fund,1.0,exempt from the assets test,0.0,1.309459052877392,1.2916187378909232,1.0,0.9914042022859769,2.4170929104285213,0.9080999932925707,0.0,0.8
australia_as_legislated,amortisation at 6%,balanced_all_equity,0.0,assessed at its remaining value,1.0,1.3335374142990688,1.3829707475349955,0.0,0.0,4.491540714698536,0.8712885217617271,0.0,0.8
australia_as_legislated,amortisation at 6%,target_date_fund,0.0,assessed at its remaining value,1.0,1.0711858867807698,1.1248753601186934,0.0,0.0,2.357640016266437,0.7072132541411842,0.0,0.8
australia_as_legislated,amortisation at 6%,balanced_all_equity,0.1,assessed at its remaining value,1.0,1.3552841576626307,1.395271070740306,0.0,0.0,4.319586353794612,0.8884818932074365,0.0,0.8
australia_as_legislated,amortisation at 6%,target_date_fund,0.1,assessed at its remaining value,1.0,1.1136263721452933,1.1558619147366087,0.0,0.0,2.3306015817444075,0.7573389019923681,0.0,0.8
australia_as_legislated,amortisation at 6%,balanced_all_equity,0.25,assessed at its remaining value,1.0,1.3658991854715086,1.3953745636324693,0.0,0.0,4.062285617400895,0.9055588189058861,0.0,0.8
australia_as_legislated,amortisation at 6%,target_date_fund,0.25,assessed at its remaining value,1.0,1.14625062516318,1.1758701231051616,0.0,0.0,2.2900706788394145,0.7829196814651141,0.0,0.8
australia_as_legislated,amortisation at 6%,balanced_all_equity,0.5,assessed at its remaining value,1.0,1.351743073303775,1.3673906722659632,0.0,0.0,3.635657478795978,0.9114054878488124,0.0,0.8
australia_as_legislated,amortisation at 6%,target_date_fund,0.5,assessed at its remaining value,1.0,1.1624848152149994,1.1764837363125817,0.0,0.0,2.2236200344402732,0.799518375123294,0.0,0.8
australia_as_legislated,amortisation at 6%,balanced_all_equity,0.75,assessed at its remaining value,1.0,1.308368735827377,1.3122603083032978,0.0,0.0,3.2132603575600505,0.8937415416464815,0.0,0.8
australia_as_legislated,amortisation at 6%,target_date_fund,0.75,assessed at its remaining value,1.0,1.15093776072397,1.1525794428970693,0.0,0.0,2.159560740656183,0.7943102625008689,0.0,0.8
australia_as_legislated,amortisation at 6%,balanced_all_equity,0.9,assessed at its remaining value,1.0,1.268116416467953,1.26487275693439,0.0,0.0,2.963591304135857,0.8694661956608629,0.0,0.8
australia_as_legislated,amortisation at 6%,target_date_fund,0.9,assessed at its remaining value,1.0,1.1336755360102764,1.1277867794668381,0.0,0.0,2.122708580909728,0.7847035354837774,0.0,0.8
australia_as_legislated,amortisation at 6%,balanced_all_equity,0.95,assessed at its remaining value,1.0,1.251673332180624,1.24451480229355,0.0,0.0,2.881497737448313,0.8593018988499387,0.0,0.8
australia_as_legislated,amortisation at 6%,target_date_fund,0.95,assessed at its remaining value,1.0,1.1262955926132705,1.116524302612588,0.0,0.0,2.1107511696264996,0.7807916929706891,0.0,0.8
australia_as_legislated,amortisation at 6%,balanced_all_equity,1.0,assessed at its remaining value,1.0,1.2331681369771545,1.1970434555521565,1.0,0.9914042022859769,2.800321846630671,0.8453435457665764,0.0,0.8
australia_as_legislated,amortisation at 6%,target_date_fund,1.0,assessed at its remaining value,1.0,1.1180976493087431,1.0917451617400367,1.0,0.9914042022859769,2.0989878520552145,0.7760416245299477,0.0,0.8
