scale,equity,arm,median_wealth,free_area,cutoff,share_below_the_free_area,share_inside_the_taper_band,share_above_the_cut-off,cec,cec_lifetime,cec_gamma2,cec_gamma10,cec_floor0.01,cec_floor0.05,prob_ruin,mean_consumption,p5_consumption,mean_working_consumption
0.015,0.0,pension from the day work stops,0.7245438035969703,3.014330021789434,6.767475613460695,0.96964,0.02844,0.00192,0.4845865289970413,0.6156309368956435,0.5072551920725092,0.21906990253539121,0.4845865289970413,0.4845865289970413,0.33024,0.49685685960349224,0.44696535850574537,1.3764607291220528
0.015,0.05,pension from the day work stops,0.7245438035969703,3.014330021789434,6.767475613460695,0.96964,0.02844,0.00192,0.4845432607024167,0.6156122905349738,0.5075900469688089,0.2301713533848459,0.4845432607024167,0.4845432607024167,0.29376,0.49709436746437363,0.44696535850574537,1.3764607291220528
0.015,0.1,pension from the day work stops,0.7245438035969703,3.014330021789434,6.767475613460695,0.96964,0.02844,0.00192,0.482806526098173,0.6148592911457,0.5077899034331532,0.23409655272177735,0.482806526098173,0.482806526098173,0.259,0.4972002722026605,0.44696535850574537,1.3764607291220528
0.015,0.15,pension from the day work stops,0.7245438035969703,3.014330021789434,6.767475613460695,0.96964,0.02844,0.00192,0.4794640929673731,0.6133848146497232,0.5078526504380911,0.22373716221899762,0.4794640929673731,0.4794640929673731,0.22604,0.49716977354187125,0.44696535850574537,1.3764607291220528
0.015,0.2,pension from the day work stops,0.7245438035969703,3.014330021789434,6.767475613460695,0.96964,0.02844,0.00192,0.4737722742980963,0.6107956615278531,0.5077401103825847,0.21436401694676996,0.4737722742980963,0.4737722742980963,0.19856,0.49698588645345926,0.44696535850574537,1.3764607291220528
0.015,0.25,pension from the day work stops,0.7245438035969703,3.014330021789434,6.767475613460695,0.96964,0.02844,0.00192,0.46385072789610643,0.6060377278563145,0.5073992214267735,0.19600424632700666,0.46385072789610643,0.46385072789610643,0.17544,0.49664763854530336,0.44696535850574537,1.3764607291220528
0.015,0.3,pension from the day work stops,0.7245438035969703,3.014330021789434,6.767475613460695,0.96964,0.02844,0.00192,0.4503896292998654,0.5990570554253057,0.5068189082652093,0.1762877105641096,0.4503896292998654,0.4512806679643099,0.15408,0.4961524406473643,0.44696535850574537,1.3764607291220528
0.015,0.35,pension from the day work stops,0.7245438035969703,3.014330021789434,6.767475613460695,0.96964,0.02844,0.00192,0.43717033555895946,0.5915733738046267,0.5059848693375671,0.17189813522494377,0.43717033555895946,0.4379376376601561,0.1368,0.4955032461898713,0.44696535850574537,1.3764607291220528
0.015,0.4,pension from the day work stops,0.7245438035969703,3.014330021789434,6.767475613460695,0.96964,0.02844,0.00192,0.4163500897026968,0.578422041076761,0.5048338538964261,0.14018175770071034,0.4163500897026968,0.4215331546830446,0.12264,0.49470042347714394,0.44696535850574537,1.3764607291220528
0.015,0.45,pension from the day work stops,0.7245438035969703,3.014330021789434,6.767475613460695,0.96964,0.02844,0.00192,0.3898741832107915,0.5590734704439083,0.5032983524548171,0.1268871668820828,0.3898741832107915,0.4000172081391833,0.11092,0.4937321305965751,0.44696535850574537,1.3764607291220528
0.015,0.5,pension from the day work stops,0.7245438035969703,3.014330021789434,6.767475613460695,0.96964,0.02844,0.00192,0.3621133293858549,0.5353655366732516,0.5012961748483172,0.11458564979870693,0.3621133293858549,0.3754520271311939,0.09972,0.49260707966398687,0.44696535850574537,1.3764607291220528
0.015,0.55,pension from the day work stops,0.7245438035969703,3.014330021789434,6.767475613460695,0.96964,0.02844,0.00192,0.33669372183429513,0.5104273420410798,0.49884564145079935,0.11045424912373686,0.33669372183429513,0.349980747052783,0.09072,0.491333727647776,0.44696535850574537,1.3764607291220528
0.015,0.6,pension from the day work stops,0.7245438035969703,3.014330021789434,6.767475613460695,0.96964,0.02844,0.00192,0.3136696766869058,0.4851509263559136,0.4959296631683742,0.10799285761081916,0.3136696766869058,0.32675640411185664,0.08352,0.4898944183391459,0.44696535850574537,1.3764607291220528
0.015,0.65,pension from the day work stops,0.7245438035969703,3.014330021789434,6.767475613460695,0.96964,0.02844,0.00192,0.2844618096873748,0.4495456818848946,0.4924794947663192,0.07754851018823554,0.2844618096873748,0.30605958883002715,0.07544,0.48827295634598006,0.44696535850574537,1.3764607291220528
0.015,0.7,pension from the day work stops,0.7245438035969703,3.014330021789434,6.767475613460695,0.96964,0.02844,0.00192,0.2603405313024481,0.41740434600798254,0.48834714413031555,0.07589105678476538,0.2603405313024481,0.28426635141840784,0.06788,0.4864810266226259,0.43936628616125367,1.3764607291220528
0.015,0.75,pension from the day work stops,0.7245438035969703,3.014330021789434,6.767475613460695,0.96964,0.02844,0.00192,0.23653606888670564,0.38357783493138375,0.483580921071536,0.07145773809481816,0.23653606888670564,0.2642362283766286,0.06296,0.48451901662763575,0.4125915929926872,1.3764607291220528
0.015,0.8,pension from the day work stops,0.7245438035969703,3.014330021789434,6.767475613460695,0.96964,0.02844,0.00192,0.21343392862183913,0.34908162694616507,0.4779692871426617,0.06827117483478042,0.21343392862183913,0.24568101007818463,0.0594,0.4823758087294059,0.38445837352149387,1.3764607291220528
0.015,0.85,pension from the day work stops,0.7245438035969703,3.014330021789434,6.767475613460695,0.96964,0.02844,0.00192,0.18233064266334456,0.30063997940982223,0.47151756891621477,0.050080781524509434,0.18233064266334456,0.22817122485867153,0.05696,0.48008380388835004,0.3554043030044074,1.3764607291220528
0.015,0.9,pension from the day work stops,0.7245438035969703,3.014330021789434,6.767475613460695,0.96964,0.02844,0.00192,0.15879434291927172,0.2628869710865889,0.464494854855814,0.042596840024226944,0.15879434291927172,0.2144341273126753,0.0562,0.47765319341238205,0.3249155005315538,1.3764607291220528
0.015,0.95,pension from the day work stops,0.7245438035969703,3.014330021789434,6.767475613460695,0.96964,0.02844,0.00192,0.1419682547241737,0.2354996206843037,0.45669732849625694,0.03896523720797263,0.1419682547241737,0.202186535882364,0.0548,0.4750873585342448,0.2948736723524407,1.3764607291220528
0.015,1.0,pension from the day work stops,0.7245438035969703,3.014330021789434,6.767475613460695,0.96964,0.02844,0.00192,0.1287358050274312,0.21379475418155755,0.448114861522248,0.03699198524019847,0.1287358050274312,0.19080553893527272,0.05508,0.4724097880644113,0.263762756036844,1.3764607291220528
0.03,0.0,pension from the day work stops,1.4490876071939407,3.014330021789434,6.767475613460695,0.83488,0.14296,0.02216,0.4875180874920838,0.6168815484237635,0.5377696865911843,0.22531749778896687,0.4875180874920838,0.4875180874920838,0.33024,0.5325993677434364,0.44696535850574537,1.3764607291220528
0.03,0.05,pension from the day work stops,1.4490876071939407,3.014330021789434,6.767475613460695,0.83488,0.14296,0.02216,0.4834361362991337,0.6151333026200476,0.5372926323846112,0.22464292189289953,0.4834361362991337,0.4834361362991337,0.29376,0.5321153736531118,0.44696535850574537,1.3764607291220528
0.03,0.1,pension from the day work stops,1.4490876071939407,3.014330021789434,6.767475613460695,0.83488,0.14296,0.02216,0.4785040310269534,0.6129550656482909,0.5364550560158019,0.22244059857122156,0.4785040310269534,0.4785040310269534,0.259,0.5313256124669806,0.44696535850574537,1.3764607291220528
0.03,0.15,pension from the day work stops,1.4490876071939407,3.014330021789434,6.767475613460695,0.83488,0.14296,0.02216,0.4696003053322921,0.60883358668137,0.5351824355771434,0.2155239191634095,0.4696003053322921,0.4696003053322921,0.22604,0.5302111434996651,0.44696535850574537,1.3764607291220528
0.03,0.2,pension from the day work stops,1.4490876071939407,3.014330021789434,6.767475613460695,0.83488,0.14296,0.02216,0.45815009858801964,0.6031574543870993,0.5334255036739481,0.20598673631188005,0.45815009858801964,0.45815009858801964,0.19856,0.5287468520733897,0.44696535850574537,1.3764607291220528
0.03,0.25,pension from the day work stops,1.4490876071939407,3.014330021789434,6.767475613460695,0.83488,0.14296,0.02216,0.4435488788580111,0.5952648443004543,0.5311675650042816,0.1918303712075093,0.4435488788580111,0.4435488788580111,0.17544,0.5269685122877661,0.44696535850574537,1.3764607291220528
0.03,0.3,pension from the day work stops,1.4490876071939407,3.014330021789434,6.767475613460695,0.83488,0.14296,0.02216,0.42318058879632175,0.5829282523330188,0.5283967384092035,0.14770464906884134,0.42318058879632175,0.42721182446125255,0.15408,0.5248737301868928,0.432257003779379,1.3764607291220528
0.03,0.35,pension from the day work stops,1.4490876071939407,3.014330021789434,6.767475613460695,0.83488,0.14296,0.02216,0.4059028649379038,0.5711519990468484,0.5250879985234738,0.14247101290995146,0.4059028649379038,0.4103751507364533,0.1368,0.5224676301056855,0.4118691498810455,1.3764607291220528
0.03,0.4,pension from the day work stops,1.4490876071939407,3.014330021789434,6.767475613460695,0.83488,0.14296,0.02216,0.38676088897593297,0.5565934974346024,0.5211491901464036,0.13840889098974468,0.38676088897593297,0.3912515495309052,0.12264,0.5197729100282693,0.3879781091572741,1.3764607291220528
0.03,0.45,pension from the day work stops,1.4490876071939407,3.014330021789434,6.767475613460695,0.83488,0.14296,0.02216,0.3607076703149792,0.5340680139442903,0.5165083790574558,0.10732174048203927,0.3607076703149792,0.36999090807819496,0.11092,0.5168039072126824,0.3645542319047483,1.3764607291220528
0.03,0.5,pension from the day work stops,1.4490876071939407,3.014330021789434,6.767475613460695,0.83488,0.14296,0.02216,0.33256733089292917,0.506084123658139,0.5111438801744883,0.09612663505786825,0.33256733089292917,0.3462970934804786,0.09972,0.5135955426259373,0.3396975526554555,1.3764607291220528
0.03,0.55,pension from the day work stops,1.4490876071939407,3.014330021789434,6.767475613460695,0.83488,0.14296,0.02216,0.3091820688279244,0.47993203007551827,0.5051146349729649,0.0927836948762949,0.3091820688279244,0.32329441731968284,0.09072,0.5101500969319538,0.31395447074698796,1.3764607291220528
0.03,0.6,pension from the day work stops,1.4490876071939407,3.014330021789434,6.767475613460695,0.83488,0.14296,0.02216,0.2837294316937295,0.4486046081549677,0.4983867973791217,0.08657678175601827,0.2837294316937295,0.3018536845630686,0.08352,0.5064841199860447,0.2899809332925388,1.3764607291220528
0.03,0.65,pension from the day work stops,1.4490876071939407,3.014330021789434,6.767475613460695,0.83488,0.14296,0.02216,0.26124040009331917,0.4186441253006616,0.49097298377573717,0.08385254812647683,0.26124040009331917,0.2810073840273132,0.07544,0.5026388735180043,0.2677589553394167,1.3764607291220528
0.03,0.7,pension from the day work stops,1.4490876071939407,3.014330021789434,6.767475613460695,0.83488,0.14296,0.02216,0.24085190255848268,0.3898505755696367,0.4830377810949635,0.07660788017735592,0.24085190255848268,0.26291394930428724,0.06788,0.49865328703224676,0.24714163006990716,1.3764607291220528
0.03,0.75,pension from the day work stops,1.4490876071939407,3.014330021789434,6.767475613460695,0.83488,0.14296,0.02216,0.22211034406019856,0.3622081131752196,0.47447720728539916,0.0737642091321485,0.22211034406019856,0.2455818942804894,0.06296,0.49452039949697973,0.22879585287356205,1.3764607291220528
0.03,0.8,pension from the day work stops,1.4490876071939407,3.014330021789434,6.767475613460695,0.83488,0.14296,0.02216,0.2046496947540899,0.33560504978830086,0.4653923071442664,0.06981545713427388,0.2046496947540899,0.2307313258235174,0.0594,0.4902649414793908,0.21040585337117637,1.3764607291220528
0.03,0.85,pension from the day work stops,1.4490876071939407,3.014330021789434,6.767475613460695,0.83488,0.14296,0.02216,0.18772047824037824,0.3091687352555135,0.4558988733375939,0.05875599324464601,0.18772047824037824,0.21722825724038747,0.05696,0.4859516383865916,0.19420358170134022,1.3764607291220528
0.03,0.9,pension from the day work stops,1.4490876071939407,3.014330021789434,6.767475613460695,0.83488,0.14296,0.02216,0.17379820731719095,0.2870427430111469,0.4462048446753718,0.054578516300358954,0.17379820731719095,0.20582660561392477,0.0562,0.4816177133461902,0.1810967938654705,1.3764607291220528
0.03,0.95,pension from the day work stops,1.4490876071939407,3.014330021789434,6.767475613460695,0.83488,0.14296,0.02216,0.16249965771978075,0.26887854256212784,0.4363481857661217,0.05106981254320976,0.16249965771978075,0.19584138649315777,0.0548,0.4772980749815654,0.1677050148658721,1.3764607291220528
0.03,1.0,pension from the day work stops,1.4490876071939407,3.014330021789434,6.767475613460695,0.83488,0.14296,0.02216,0.15193894504514924,0.2517618293515151,0.42638572296598065,0.048530157368085164,0.15193894504514924,0.1870228946162547,0.05508,0.4730165906709883,0.15608741463242035,1.3764607291220528
0.05,0.0,pension from the day work stops,2.415146011989901,3.014330021789434,6.767475613460695,0.61436,0.30004,0.0856,0.4923427417179464,0.6188859732324298,0.5614335693747763,0.25974846626015,0.4923427417179464,0.4923427417179464,0.33024,0.5677016142166083,0.44696535850574537,1.3764607291220528
0.05,0.05,pension from the day work stops,2.415146011989901,3.014330021789434,6.767475613460695,0.61436,0.30004,0.0856,0.48554008894354017,0.6160404773492123,0.5595683631831045,0.2549078638219934,0.48554008894354017,0.48554008894354017,0.29376,0.5659826006656933,0.4363251656841046,1.3764607291220528
0.05,0.1,pension from the day work stops,2.415146011989901,3.014330021789434,6.767475613460695,0.61436,0.30004,0.0856,0.47648768746704656,0.6120433333711401,0.5570986113209048,0.24539754509834047,0.47648768746704656,0.47648768746704656,0.259,0.5637929215782863,0.4226701187074929,1.3764607291220528
0.05,0.15,pension from the day work stops,2.415146011989901,3.014330021789434,6.767475613460695,0.61436,0.30004,0.0856,0.4649064049121092,0.6065591862890288,0.5540036298618323,0.22176677505738354,0.4649064049121092,0.4649064049121092,0.22604,0.561103264250733,0.4072581846715659,1.3764607291220528
0.05,0.2,pension from the day work stops,2.415146011989901,3.014330021789434,6.767475613460695,0.61436,0.30004,0.0856,0.4526572203182982,0.6002770006629297,0.5502265439389525,0.21557762167501263,0.4526572203182982,0.4526572203182982,0.19856,0.5579047768991414,0.3894045829501198,1.3764607291220528
0.05,0.25,pension from the day work stops,2.415146011989901,3.014330021789434,6.767475613460695,0.61436,0.30004,0.0856,0.43690585780606683,0.591417000129213,0.5457117637815133,0.19795107701269932,0.43690585780606683,0.43692627171758525,0.17544,0.5542562521512495,0.3707646017660091,1.3764607291220528
0.05,0.3,pension from the day work stops,2.415146011989901,3.014330021789434,6.767475613460695,0.61436,0.30004,0.0856,0.41718407302185884,0.5789825502876219,0.5405198722563197,0.15405701980245778,0.41718407302185884,0.42047060270019837,0.15408,0.5501889450993103,0.3510370583071266,1.3764607291220528
0.05,0.35,pension from the day work stops,2.415146011989901,3.014330021789434,6.767475613460695,0.61436,0.30004,0.0856,0.3973055372553465,0.5648155228152139,0.5345842651319251,0.1465131670887611,0.3973055372553465,0.4013496269217298,0.1368,0.5457490117907746,0.3301809476726749,1.3764607291220528
0.05,0.4,pension from the day work stops,2.415146011989901,3.014330021789434,6.767475613460695,0.61436,0.30004,0.0856,0.3754546901896114,0.5472108858281196,0.5279747025512285,0.13494053003520626,0.3754546901896114,0.3807096347904843,0.12264,0.5410287075144637,0.31224305319375667,1.3764607291220528
0.05,0.45,pension from the day work stops,2.415146011989901,3.014330021789434,6.767475613460695,0.61436,0.30004,0.0856,0.3545756143497534,0.5282964482030981,0.520746883347203,0.12806378213217146,0.3545756143497534,0.36051436141334803,0.11092,0.5360619390286466,0.2941786327878393,1.3764607291220528
0.05,0.5,pension from the day work stops,2.415146011989901,3.014330021789434,6.767475613460695,0.61436,0.30004,0.0856,0.33298037167834904,0.5065225696808342,0.5130264909952212,0.12347274750213093,0.33298037167834904,0.33953886330036176,0.09972,0.5309482902171718,0.27695597205256234,1.3764607291220528
0.05,0.55,pension from the day work stops,2.415146011989901,3.014330021789434,6.767475613460695,0.61436,0.30004,0.0856,0.3115230390503782,0.4826661820885474,0.5047729201398058,0.11779549733627293,0.3115230390503782,0.31919543121847516,0.09072,0.5257076894154961,0.2610003300885599,1.3764607291220528
0.05,0.6,pension from the day work stops,2.415146011989901,3.014330021789434,6.767475613460695,0.61436,0.30004,0.0856,0.29084825343789916,0.4576548158565304,0.496071798805449,0.09854584006502032,0.29084825343789916,0.3010458037160463,0.08352,0.52037486549504,0.24404313181535262,1.3764607291220528
0.05,0.65,pension from the day work stops,2.415146011989901,3.014330021789434,6.767475613460695,0.61436,0.30004,0.0856,0.26776764932531527,0.42754561331907165,0.4869755647447115,0.08694478643853705,0.26776764932531527,0.2830861664818899,0.07544,0.5149944814191825,0.2301521949626212,1.3764607291220528
0.05,0.7,pension from the day work stops,2.415146011989901,3.014330021789434,6.767475613460695,0.61436,0.30004,0.0856,0.25059880664415873,0.4037949239832846,0.47768789967532127,0.08151279431851696,0.25059880664415873,0.26746126078872723,0.06788,0.5096291734389599,0.21613570558785702,1.3764607291220528
0.05,0.75,pension from the day work stops,2.415146011989901,3.014330021789434,6.767475613460695,0.61436,0.30004,0.0856,0.2375838502578165,0.3851060529612196,0.4682277805838095,0.08047555747979622,0.2375838502578165,0.25396363449381093,0.06296,0.5042718350141822,0.20395603019598338,1.3764607291220528
0.05,0.8,pension from the day work stops,2.415146011989901,3.014330021789434,6.767475613460695,0.61436,0.30004,0.0856,0.22313606681513481,0.3637469517374164,0.4585220088922027,0.07605675155665145,0.22313606681513481,0.24066748293126614,0.0594,0.498957931600222,0.19240374787071537,1.3764607291220528
0.05,0.85,pension from the day work stops,2.415146011989901,3.014330021789434,6.767475613460695,0.61436,0.30004,0.0856,0.21160242262659615,0.34628668726900913,0.4488949159917132,0.07528471623525734,0.21160242262659615,0.22876321085011053,0.05696,0.4937970365206162,0.18219375658772743,1.3764607291220528
0.05,0.9,pension from the day work stops,2.415146011989901,3.014330021789434,6.767475613460695,0.61436,0.30004,0.0856,0.2004079949157364,0.32903557488255136,0.4394022597839455,0.0719425674179132,0.2004079949157364,0.21810532315435222,0.0562,0.4888124551634256,0.172466658120707,1.3764607291220528
0.05,0.95,pension from the day work stops,2.415146011989901,3.014330021789434,6.767475613460695,0.61436,0.30004,0.0856,0.19030125734630426,0.31323456992541304,0.4301776292515693,0.06975004777345623,0.19030125734630426,0.2087690099230721,0.0548,0.48401469624883314,0.16294651566401622,1.3764607291220528
0.05,1.0,pension from the day work stops,2.415146011989901,3.014330021789434,6.767475613460695,0.61436,0.30004,0.0856,0.18049863515872694,0.2977300429009965,0.42115434144823877,0.06639994055116447,0.18049863515872694,0.20036220961649523,0.05508,0.4794192389790745,0.15561095211220163,1.3764607291220528
0.07,0.0,pension from the day work stops,3.3812044167858617,3.014330021789434,6.767475613460695,0.43836,0.38344,0.1782,0.49941662094821865,0.6217075221154094,0.578775392905231,0.26931862417093366,0.49941662094821865,0.49941662094821865,0.33024,0.6002164288113276,0.42089128146498056,1.3764607291220528
0.07,0.05,pension from the day work stops,3.3812044167858617,3.014330021789434,6.767475613460695,0.43836,0.38344,0.1782,0.49176932319511907,0.6186511962063415,0.5758399009873525,0.26523999905876033,0.49176932319511907,0.49176932319511907,0.29376,0.5975633452838293,0.4088805078731982,1.3764607291220528
0.07,0.1,pension from the day work stops,3.3812044167858617,3.014330021789434,6.767475613460695,0.43836,0.38344,0.1782,0.48188051858922565,0.6144541447999866,0.5721758995923513,0.25806403120183286,0.48188051858922565,0.48188051858922565,0.259,0.5943201331873084,0.3941253870300243,1.3764607291220528
0.07,0.15,pension from the day work stops,3.3812044167858617,3.014330021789434,6.767475613460695,0.43836,0.38344,0.1782,0.46966798346735017,0.6088658579006029,0.567808458448092,0.2397128798190482,0.46966798346735017,0.46966798346735017,0.22604,0.5904988395709655,0.3794534512213083,1.3764607291220528
0.07,0.2,pension from the day work stops,3.3812044167858617,3.014330021789434,6.767475613460695,0.43836,0.38344,0.1782,0.45336876896751355,0.6006560634886816,0.5627004748066085,0.19190729555731656,0.45336876896751355,0.45375682974056963,0.19856,0.5861451478120009,0.3626527257078774,1.3764607291220528
0.07,0.25,pension from the day work stops,3.3812044167858617,3.014330021789434,6.767475613460695,0.43836,0.38344,0.1782,0.43697255088705955,0.5914564578433308,0.5568026100730643,0.18186495644110784,0.43697255088705955,0.43763264657998174,0.17544,0.5812996022242951,0.3465780299126998,1.3764607291220528
0.07,0.3,pension from the day work stops,3.3812044167858617,3.014330021789434,6.767475613460695,0.43836,0.38344,0.1782,0.4199241299770674,0.5808038199673542,0.5502921992015213,0.17804315678217858,0.4199241299770674,0.4204648203480887,0.15408,0.576077125649317,0.32999522382316887,1.3764607291220528
0.07,0.35,pension from the day work stops,3.3812044167858617,3.014330021789434,6.767475613460695,0.43836,0.38344,0.1782,0.4011664054280494,0.5677012905729182,0.5432086850523726,0.16739237856173333,0.4011664054280494,0.40182589769175453,0.1368,0.570544506701941,0.31345916315740047,1.3764607291220528
0.07,0.4,pension from the day work stops,3.3812044167858617,3.014330021789434,6.767475613460695,0.43836,0.38344,0.1782,0.3827972436143739,0.5533717712161074,0.53552292649139,0.16350736528325172,0.3827972436143739,0.38331858888686127,0.12264,0.5647921753002315,0.2982056263937457,1.3764607291220528
0.07,0.45,pension from the day work stops,3.3812044167858617,3.014330021789434,6.767475613460695,0.43836,0.38344,0.1782,0.36112855386380494,0.5344575146886963,0.5273118173613497,0.13741382626238818,0.36112855386380494,0.3629124469771029,0.11092,0.5588795682716076,0.28301323635984893,1.3764607291220528
0.07,0.5,pension from the day work stops,3.3812044167858617,3.014330021789434,6.767475613460695,0.43836,0.38344,0.1782,0.34065747924757445,0.514521868828019,0.5187325826427979,0.1242719434013522,0.34065747924757445,0.3448506896105459,0.09972,0.5529123895707978,0.2680261514346177,1.3764607291220528
0.07,0.55,pension from the day work stops,3.3812044167858617,3.014330021789434,6.767475613460695,0.43836,0.38344,0.1782,0.32080289400256157,0.49325214944635015,0.5098713061188292,0.1139829881176954,0.32080289400256157,0.3270676955355222,0.09072,0.5469902963185392,0.25460115368174174,1.3764607291220528
0.07,0.6,pension from the day work stops,3.3812044167858617,3.014330021789434,6.767475613460695,0.43836,0.38344,0.1782,0.30336881784408243,0.4730329769999451,0.5008652532239166,0.10812619842584584,0.30336881784408243,0.3100098925910793,0.08352,0.5411610046120031,0.24171735683424042,1.3764607291220528
0.07,0.65,pension from the day work stops,3.3812044167858617,3.014330021789434,6.767475613460695,0.43836,0.38344,0.1782,0.2876212064948493,0.4535792150495787,0.4917064021622814,0.10592607107688294,0.2876212064948493,0.2944055955783059,0.07544,0.5354233529583262,0.22826833815739772,1.3764607291220528
0.07,0.7,pension from the day work stops,3.3812044167858617,3.014330021789434,6.767475613460695,0.43836,0.38344,0.1782,0.27236882465759193,0.4337215283637921,0.48253668438555647,0.10162467187290984,0.27236882465759193,0.279472057575243,0.06788,0.5298377039913448,0.21773625843664968,1.3764607291220528
0.07,0.75,pension from the day work stops,3.3812044167858617,3.014330021789434,6.767475613460695,0.43836,0.38344,0.1782,0.25936550905811656,0.4160576442992486,0.4734270674581251,0.1000716881562417,0.25936550905811656,0.26629052847915563,0.06296,0.5244167531875472,0.20856659015929294,1.3764607291220528
0.07,0.8,pension from the day work stops,3.3812044167858617,3.014330021789434,6.767475613460695,0.43836,0.38344,0.1782,0.2468753360125936,0.39850533372072705,0.4644605686543146,0.09514710113460388,0.2468753360125936,0.25455985832898503,0.0594,0.5191652997312015,0.1985158309424821,1.3764607291220528
0.07,0.85,pension from the day work stops,3.3812044167858617,3.014330021789434,6.767475613460695,0.43836,0.38344,0.1782,0.23516797573472645,0.3815773582900663,0.45569562718832657,0.09183347823117478,0.23516797573472645,0.24353190629416036,0.05696,0.5141787973850765,0.18932559523676543,1.3764607291220528
0.07,0.9,pension from the day work stops,3.3812044167858617,3.014330021789434,6.767475613460695,0.43836,0.38344,0.1782,0.22404972738224463,0.36511527356264484,0.4471632500285132,0.08893815990884063,0.22404972738224463,0.23324932146314506,0.0562,0.5094650837300475,0.18095737398935693,1.3764607291220528
0.07,0.95,pension from the day work stops,3.3812044167858617,3.014330021789434,6.767475613460695,0.43836,0.38344,0.1782,0.212080324181289,0.3470167605336679,0.438927555501573,0.06943019675836712,0.212080324181289,0.22394018096913235,0.0548,0.505022759965838,0.1735648640905318,1.3764607291220528
0.07,1.0,pension from the day work stops,3.3812044167858617,3.014330021789434,6.767475613460695,0.43836,0.38344,0.1782,0.1967836892125089,0.3233924430843805,0.4310958760756886,0.055943625931134895,0.1967836892125089,0.21616876029955717,0.05508,0.5008816162430634,0.16684009206504744,1.3764607291220528
0.09,0.0,pension from the day work stops,4.347262821581822,3.014330021789434,6.767475613460695,0.31356,0.4078,0.27864,0.5057065246732313,0.6241035970111223,0.5961611378292223,0.24336883043714244,0.5057065246732313,0.5057065246732313,0.33024,0.6357792860219118,0.4144088848928323,1.3764607291220528
0.09,0.05,pension from the day work stops,4.347262821581822,3.014330021789434,6.767475613460695,0.31356,0.4078,0.27864,0.49675027273764977,0.6206600664199912,0.5925320377943611,0.2248677620029513,0.49675027273764977,0.49682598942080336,0.29376,0.6326153459410995,0.40133578988367347,1.3764607291220528
0.09,0.1,pension from the day work stops,4.347262821581822,3.014330021789434,6.767475613460695,0.31356,0.4078,0.27864,0.4849907588368657,0.6158048731729308,0.5881422162828156,0.21453391169456837,0.4849907588368657,0.4850579254117691,0.259,0.6288315495844955,0.3876269126311182,1.3764607291220528
0.09,0.15,pension from the day work stops,4.347262821581822,3.014330021789434,6.767475613460695,0.31356,0.4078,0.27864,0.4723145050867703,0.6101163406756143,0.582962943708326,0.21183588052740332,0.4723145050867703,0.47237333892537253,0.22604,0.6244296344142803,0.37336944174670145,1.3764607291220528
0.09,0.2,pension from the day work stops,4.347262821581822,3.014330021789434,6.767475613460695,0.31356,0.4078,0.27864,0.4587685345622331,0.6034752382000967,0.5770971598616165,0.20768073241412763,0.4587685345622331,0.4588194001448871,0.19856,0.6194969621490615,0.3576164404590495,1.3764607291220528
0.09,0.25,pension from the day work stops,4.347262821581822,3.014330021789434,6.767475613460695,0.31356,0.4078,0.27864,0.4432490971256926,0.5950947508740442,0.5705837006318233,0.2019756549061141,0.4432490971256926,0.4432490971256926,0.17544,0.6141299057166981,0.34246390408670596,1.3764607291220528
0.09,0.3,pension from the day work stops,4.347262821581822,3.014330021789434,6.767475613460695,0.31356,0.4078,0.27864,0.42759179326995184,0.5857375811961472,0.5634096479632382,0.20143986573836176,0.42759179326995184,0.42759179326995184,0.15408,0.6083896185995139,0.3274306165418511,1.3764607291220528
0.09,0.35,pension from the day work stops,4.347262821581822,3.014330021789434,6.767475613460695,0.31356,0.4078,0.27864,0.4091574879496245,0.573466708763015,0.5557177893990074,0.17458607193387737,0.4091574879496245,0.4098177441182919,0.1368,0.6023885320899462,0.3125024365713845,1.3764607291220528
0.09,0.4,pension from the day work stops,4.347262821581822,3.014330021789434,6.767475613460695,0.31356,0.4078,0.27864,0.39081683972477754,0.5598156513129661,0.5476658044369376,0.16128325487946737,0.39081683972477754,0.3920229689566435,0.12264,0.5962757261227233,0.29690140300713874,1.3764607291220528
0.09,0.45,pension from the day work stops,4.347262821581822,3.014330021789434,6.767475613460695,0.31356,0.4078,0.27864,0.3707435106990579,0.5431245865528008,0.5393136716256889,0.1452260651016645,0.3707435106990579,0.37362644229525577,0.11092,0.5901366123014247,0.2839706179015384,1.3764607291220528
0.09,0.5,pension from the day work stops,4.347262821581822,3.014330021789434,6.767475613460695,0.31356,0.4078,0.27864,0.35278677469016184,0.5265785812560607,0.5307594244344603,0.13754522195048963,0.35278677469016184,0.3558903129731233,0.09972,0.5841045071965464,0.27176835888876477,1.3764607291220528
0.09,0.55,pension from the day work stops,4.347262821581822,3.014330021789434,6.767475613460695,0.31356,0.4078,0.27864,0.3367665961566884,0.5105033064980684,0.5220469694066733,0.13426191523981332,0.3367665961566884,0.3398569702894987,0.09072,0.5782234100114789,0.2599456785840201,1.3764607291220528
0.09,0.6,pension from the day work stops,4.347262821581822,3.014330021789434,6.767475613460695,0.31356,0.4078,0.27864,0.32091110190707794,0.4933731890588909,0.5132600468531635,0.12887171581733983,0.32091110190707794,0.32423246489198043,0.08352,0.57251379657559,0.24767076308410038,1.3764607291220528
0.09,0.65,pension from the day work stops,4.347262821581822,3.014330021789434,6.767475613460695,0.31356,0.4078,0.27864,0.30584297464686155,0.4759882309271303,0.5045069844325208,0.12318614848928915,0.30584297464686155,0.309601131578312,0.07544,0.5670054994658201,0.23646620015759148,1.3764607291220528
0.09,0.7,pension from the day work stops,4.347262821581822,3.014330021789434,6.767475613460695,0.31356,0.4078,0.27864,0.2929012450451687,0.4602240639506182,0.49591550042677207,0.12174372238461059,0.2929012450451687,0.29612281638061466,0.06788,0.5617487935564041,0.22628342298461127,1.3764607291220528
0.09,0.75,pension from the day work stops,4.347262821581822,3.014330021789434,6.767475613460695,0.31356,0.4078,0.27864,0.2798960588237689,0.4436421056750695,0.48752226279842625,0.1171746676251971,0.2798960588237689,0.28361527453514823,0.06296,0.5567243477126663,0.21681750327470045,1.3764607291220528
0.09,0.8,pension from the day work stops,4.347262821581822,3.014330021789434,6.767475613460695,0.31356,0.4078,0.27864,0.2672634631912758,0.4268638380901988,0.47936444382814325,0.11232128306844576,0.2672634631912758,0.2717322786808518,0.0594,0.5519136645035267,0.20818509263714355,1.3764607291220528
0.09,0.85,pension from the day work stops,4.347262821581822,3.014330021789434,6.767475613460695,0.31356,0.4078,0.27864,0.25373801611753316,0.40821738937042923,0.4714889826425212,0.0888955520689634,0.25373801611753316,0.2608100835113548,0.05696,0.5474118997733958,0.20009173528377486,1.3764607291220528
0.09,0.9,pension from the day work stops,4.347262821581822,3.014330021789434,6.767475613460695,0.31356,0.4078,0.27864,0.23712864404426903,0.38444253874435536,0.46399522071733135,0.06980471336741537,0.23712864404426903,0.2518490218109266,0.0562,0.5432374177020607,0.19267157104318333,1.3764607291220528
0.09,0.95,pension from the day work stops,4.347262821581822,3.014330021789434,6.767475613460695,0.31356,0.4078,0.27864,0.2259543599737426,0.3679603487106607,0.4568341477872135,0.06704390757523562,0.2259543599737426,0.24296538456484196,0.0548,0.5393873635619042,0.18662243307839038,1.3764607291220528
0.09,1.0,pension from the day work stops,4.347262821581822,3.014330021789434,6.767475613460695,0.31356,0.4078,0.27864,0.2142292043493927,0.3502927070033734,0.45005159181753385,0.06407884573950934,0.2142292043493927,0.23463558644115526,0.05508,0.5358733145914257,0.18034874163672135,1.3764607291220528
0.11,0.0,pension from the day work stops,5.3133212263777825,3.014330021789434,6.767475613460695,0.23008,0.39468,0.37524,0.5140410817522271,0.6271224720252385,0.6150598675212999,0.25679550079871116,0.5140410817522271,0.5140410817522271,0.33024,0.6757993264783829,0.41380875020747565,1.3764607291220528
0.11,0.05,pension from the day work stops,5.3133212263777825,3.014330021789434,6.767475613460695,0.23008,0.39468,0.37524,0.5047868522115536,0.6237597088123116,0.6110938914196147,0.25117318247283854,0.5047868522115536,0.5047868522115536,0.29376,0.6725424410207154,0.40075694080750796,1.3764607291220528
0.11,0.1,pension from the day work stops,5.3133212263777825,3.014330021789434,6.767475613460695,0.23008,0.39468,0.37524,0.49404794042260086,0.619578711014879,0.6063454847578141,0.24654949955849007,0.49404794042260086,0.49404794042260086,0.259,0.6686204808456402,0.3869423988713803,1.3764607291220528
0.11,0.15,pension from the day work stops,5.3133212263777825,3.014330021789434,6.767475613460695,0.23008,0.39468,0.37524,0.4817164788400708,0.6143821076073549,0.6008962713007091,0.2390844068644054,0.4817164788400708,0.4817164788400708,0.22604,0.6641449278384551,0.3733499706281732,1.3764607291220528
0.11,0.2,pension from the day work stops,5.3133212263777825,3.014330021789434,6.767475613460695,0.23008,0.39468,0.37524,0.46808178856698135,0.6081056299421226,0.5947123388657113,0.23253662294387334,0.46808178856698135,0.46808178856698135,0.19856,0.6591423425016173,0.35828729151146177,1.3764607291220528
0.11,0.25,pension from the day work stops,5.3133212263777825,3.014330021789434,6.767475613460695,0.23008,0.39468,0.37524,0.45320762040776336,0.600570370831321,0.5879320035109998,0.22660886819744755,0.45320762040776336,0.45320762040776336,0.17544,0.6537076568200378,0.344364068570341,1.3764607291220528
0.11,0.3,pension from the day work stops,5.3133212263777825,3.014330021789434,6.767475613460695,0.23008,0.39468,0.37524,0.4359300152507016,0.5908377194626367,0.5806736820838971,0.19699386083784748,0.4359300152507016,0.43604069143472907,0.15408,0.6479358037081386,0.3311542612637572,1.3764607291220528
0.11,0.35,pension from the day work stops,5.3133212263777825,3.014330021789434,6.767475613460695,0.23008,0.39468,0.37524,0.41927387670114313,0.5803744115953874,0.5729992350113978,0.18587983445135572,0.41927387670114313,0.4195589869952103,0.1368,0.641974327221667,0.3180430220705734,1.3764607291220528
0.11,0.4,pension from the day work stops,5.3133212263777825,3.014330021789434,6.767475613460695,0.23008,0.39468,0.37524,0.401147240886556,0.5676871288992572,0.5650054795821742,0.16776169815838407,0.401147240886556,0.4020773828550169,0.12264,0.635971792350298,0.3049001695484235,1.3764607291220528
0.11,0.45,pension from the day work stops,5.3133212263777825,3.014330021789434,6.767475613460695,0.23008,0.39468,0.37524,0.3846400088940924,0.5548786153884762,0.5567272071368528,0.16266995925743197,0.3846400088940924,0.3856594373982571,0.11092,0.6300250940945306,0.2918979573782079,1.3764607291220528
0.11,0.5,pension from the day work stops,5.3133212263777825,3.014330021789434,6.767475613460695,0.23008,0.39468,0.37524,0.36739166218906927,0.5401532803363189,0.5483140931508106,0.15462604901857147,0.36739166218906927,0.3687205767449641,0.09972,0.6242693196073508,0.27934315175697955,1.3764607291220528
0.11,0.55,pension from the day work stops,5.3133212263777825,3.014330021789434,6.767475613460695,0.23008,0.39468,0.37524,0.3522971993209247,0.5261057333697822,0.5399121189334243,0.14971312584969176,0.3522971993209247,0.35374891860970525,0.09072,0.6187366173871145,0.26825700446339823,1.3764607291220528
0.11,0.6,pension from the day work stops,5.3133212263777825,3.014330021789434,6.767475613460695,0.23008,0.39468,0.37524,0.3387714200109608,0.5125830685480893,0.5316211282435076,0.1480929291584821,0.3387714200109608,0.33998053780884696,0.08352,0.6134791120832755,0.2569723276058396,1.3764607291220528
0.11,0.65,pension from the day work stops,5.3133212263777825,3.014330021789434,6.767475613460695,0.23008,0.39468,0.37524,0.32532362550534616,0.49826148296397355,0.5234817775904661,0.14538821403438862,0.32532362550534616,0.32633685404037277,0.07544,0.6084806874712559,0.2460437238968071,1.3764607291220528
0.11,0.7,pension from the day work stops,5.3133212263777825,3.014330021789434,6.767475613460695,0.23008,0.39468,0.37524,0.3111476828596565,0.4822294971133837,0.5155756560151517,0.136497674910144,0.3111476828596565,0.3129438832150075,0.06788,0.6037586527776441,0.23653962643225288,1.3764607291220528
0.11,0.75,pension from the day work stops,5.3133212263777825,3.014330021789434,6.767475613460695,0.23008,0.39468,0.37524,0.29690567291527464,0.46518205228077714,0.507921244230878,0.10861927887626861,0.29690567291527464,0.30044000631845597,0.06296,0.5992519379501217,0.22838194539974013,1.3764607291220528
0.11,0.8,pension from the day work stops,5.3133212263777825,3.014330021789434,6.767475613460695,0.23008,0.39468,0.37524,0.2804754288754774,0.44439606786256947,0.5005160262517554,0.08787167488886655,0.2804754288754774,0.2889561356311703,0.0594,0.5949595586316411,0.22025784704543774,1.3764607291220528
0.11,0.85,pension from the day work stops,5.3133212263777825,3.014330021789434,6.767475613460695,0.23008,0.39468,0.37524,0.26840592606760194,0.42840729520951903,0.49344855401901216,0.0851831478391298,0.26840592606760194,0.2781717603530072,0.05696,0.5909926787496439,0.21365202740512157,1.3764607291220528
0.11,0.9,pension from the day work stops,5.3133212263777825,3.014330021789434,6.767475613460695,0.23008,0.39468,0.37524,0.25337716332040944,0.4077107818078537,0.48668011618103807,0.07908997781912651,0.25337716332040944,0.26846500794090944,0.0562,0.5873629630364161,0.20694205968048893,1.3764607291220528
0.11,0.95,pension from the day work stops,5.3133212263777825,3.014330021789434,6.767475613460695,0.23008,0.39468,0.37524,0.24261238750684455,0.39239236268080213,0.48034281000382123,0.07707009756758033,0.24261238750684455,0.2597973162607039,0.0548,0.5840778001458719,0.20100526962589968,1.3764607291220528
0.11,1.0,pension from the day work stops,5.3133212263777825,3.014330021789434,6.767475613460695,0.23008,0.39468,0.37524,0.23488510544825433,0.38116302350254544,0.4744212201900535,0.07687584997927312,0.23488510544825433,0.25158306169369943,0.05508,0.5811067679956523,0.19643162204894307,1.3764607291220528
0.13,0.0,pension from the day work stops,6.279379631173743,3.014330021789434,6.767475613460695,0.17036,0.36928,0.46036,0.5239943797260066,0.6305067641990321,0.6359650160004737,0.2782220053017314,0.5239943797260066,0.5239943797260066,0.33024,0.7204426278602133,0.4143390061832104,1.3764607291220528
0.13,0.05,pension from the day work stops,6.279379631173743,3.014330021789434,6.767475613460695,0.17036,0.36928,0.46036,0.5147856553335156,0.6273837942650442,0.6319125979968373,0.27113575144942,0.5147856553335156,0.5147856553335156,0.29376,0.7173818875071674,0.40267283950702254,1.3764607291220528
0.13,0.1,pension from the day work stops,6.279379631173743,3.014330021789434,6.767475613460695,0.17036,0.36928,0.46036,0.5039785444587324,0.6234556559251893,0.6270892150224188,0.26565904845960664,0.5039785444587324,0.5039785444587324,0.259,0.7136902784281955,0.390830281146851,1.3764607291220528
0.13,0.15,pension from the day work stops,6.279379631173743,3.014330021789434,6.767475613460695,0.17036,0.36928,0.46036,0.4916236842035763,0.6185914196047456,0.6216336544988118,0.2578412186905366,0.4916236842035763,0.4916236842035763,0.22604,0.7094833680309901,0.37807910925248506,1.3764607291220528
0.13,0.2,pension from the day work stops,6.279379631173743,3.014330021789434,6.767475613460695,0.17036,0.36928,0.46036,0.4788522467017142,0.6131112599501063,0.6155415910304788,0.24997166336772444,0.4788522467017142,0.4788522467017142,0.19856,0.7046964797418627,0.36507616810109195,1.3764607291220528
0.13,0.25,pension from the day work stops,6.279379631173743,3.014330021789434,6.767475613460695,0.17036,0.36928,0.46036,0.4645259355974695,0.6063716756034911,0.6088416996724245,0.2295441253080458,0.4645259355974695,0.4645259355974695,0.17544,0.6994543644593474,0.3515256910575861,1.3764607291220528
0.13,0.3,pension from the day work stops,6.279379631173743,3.014330021789434,6.767475613460695,0.17036,0.36928,0.46036,0.44868966506828556,0.5981304775289473,0.6016168475550089,0.21529683140246078,0.44868966506828556,0.44868966506828556,0.15408,0.6938970940524847,0.3384588557754717,1.3764607291220528
0.13,0.35,pension from the day work stops,6.279379631173743,3.014330021789434,6.767475613460695,0.17036,0.36928,0.46036,0.431240913686122,0.5880030172429729,0.5940009502772894,0.19577410294320577,0.431240913686122,0.4313178565917582,0.1368,0.6882060872390078,0.3255143077669253,1.3764607291220528
0.13,0.4,pension from the day work stops,6.279379631173743,3.014330021789434,6.767475613460695,0.17036,0.36928,0.46036,0.41485060359798864,0.5774069593015819,0.5861042219950237,0.18739643785905982,0.41485060359798864,0.4149800700745023,0.12264,0.6825617238788024,0.3131848495127561,1.3764607291220528
0.13,0.45,pension from the day work stops,6.279379631173743,3.014330021789434,6.767475613460695,0.17036,0.36928,0.46036,0.39856223194086443,0.565762077502465,0.5780744184389789,0.17744293809098138,0.39856223194086443,0.3987833189349267,0.11092,0.6770344742946053,0.3008013163837444,1.3764607291220528
0.13,0.5,pension from the day work stops,6.279379631173743,3.014330021789434,6.767475613460695,0.17036,0.36928,0.46036,0.38398984333981917,0.5543487611443791,0.5700917159880432,0.17440874654945848,0.38398984333981917,0.38417332715737135,0.09972,0.671767642406889,0.28864646015300577,1.3764607291220528
0.13,0.55,pension from the day work stops,6.279379631173743,3.014330021789434,6.767475613460695,0.17036,0.36928,0.46036,0.3701428219338402,0.5425960224610106,0.562196075682604,0.17176907488263551,0.3701428219338402,0.37029549936035394,0.09072,0.6668030307582675,0.27736965422370635,1.3764607291220528
0.13,0.6,pension from the day work stops,6.279379631173743,3.014330021789434,6.767475613460695,0.17036,0.36928,0.46036,0.3561382529796457,0.5297844378150159,0.5544817490178242,0.16424034512851768,0.3561382529796457,0.35635151803492937,0.08352,0.6621269476942094,0.26781608604232476,1.3764607291220528
0.13,0.65,pension from the day work stops,6.279379631173743,3.014330021789434,6.767475613460695,0.17036,0.36928,0.46036,0.34213948127931754,0.5160332265849431,0.546916063079331,0.15653775377005735,0.34213948127931754,0.34240093322614185,0.07544,0.6576855237564829,0.2578580621325419,1.3764607291220528
0.13,0.7,pension from the day work stops,6.279379631173743,3.014330021789434,6.767475613460695,0.17036,0.36928,0.46036,0.32304860437784977,0.49575275210981634,0.5395811572898819,0.1083512794247027,0.32304860437784977,0.3281118159066974,0.06788,0.6535247742491318,0.24951946074745157,1.3764607291220528
0.13,0.75,pension from the day work stops,6.279379631173743,3.014330021789434,6.767475613460695,0.17036,0.36928,0.46036,0.30940742005968014,0.4801963370521503,0.5324792090240066,0.10248009912497368,0.30940742005968014,0.31548829805619205,0.06296,0.6495463123720948,0.24194724940010157,1.3764607291220528
0.13,0.8,pension from the day work stops,6.279379631173743,3.014330021789434,6.767475613460695,0.17036,0.36928,0.46036,0.2962368603738257,0.4643589239193864,0.5257080213249069,0.09783055083504047,0.2962368603738257,0.30413430613306774,0.0594,0.6457646020890089,0.23442812431152832,1.3764607291220528
0.13,0.85,pension from the day work stops,6.279379631173743,3.014330021789434,6.767475613460695,0.17036,0.36928,0.46036,0.28285262178244336,0.44747496633632694,0.5192884403620067,0.09317512635851713,0.28285262178244336,0.2941375519983514,0.05696,0.6423015558185763,0.22777389870211154,1.3764607291220528
0.13,0.9,pension from the day work stops,6.279379631173743,3.014330021789434,6.767475613460695,0.17036,0.36928,0.46036,0.27150568733433955,0.43256934545303133,0.51326655946039,0.09087770990832182,0.27150568733433955,0.2841029938706559,0.0562,0.6391888238648946,0.221824126634012,1.3764607291220528
0.13,0.95,pension from the day work stops,6.279379631173743,3.014330021789434,6.767475613460695,0.17036,0.36928,0.46036,0.2630818552080485,0.42117174611423747,0.5076993997183242,0.08928282943194059,0.2630818552080485,0.2758648113702006,0.0548,0.6363861655551203,0.21604800830488255,1.3764607291220528
0.13,1.0,pension from the day work stops,6.279379631173743,3.014330021789434,6.767475613460695,0.17036,0.36928,0.46036,0.2536249064585437,0.4080586421787493,0.5025229607283421,0.08630609349111532,0.2536249064585437,0.2690723010628183,0.05508,0.6338711244958821,0.21123942085797842,1.3764607291220528
0.15,0.0,pension from the day work stops,7.245438035969704,3.014330021789434,6.767475613460695,0.12804,0.335,0.53696,0.5338668315512762,0.6336404857631559,0.658718575978045,0.29087358154561793,0.5338668315512762,0.5338668315512762,0.33024,0.7692008794749633,0.4200917914800521,1.3764607291220528
0.15,0.05,pension from the day work stops,7.245438035969704,3.014330021789434,6.767475613460695,0.12804,0.335,0.53696,0.5243730720678713,0.6306309713170841,0.6548018050065082,0.28382305009340025,0.5243730720678713,0.5243730720678713,0.29376,0.7665853239588062,0.4098100807306472,1.3764607291220528
0.15,0.1,pension from the day work stops,7.245438035969704,3.014330021789434,6.767475613460695,0.12804,0.335,0.53696,0.51409807496833,0.6271425225121299,0.6501856493726124,0.2775580004577643,0.51409807496833,0.51409807496833,0.259,0.7633576364022508,0.39827562800795013,1.3764607291220528
0.15,0.15,pension from the day work stops,7.245438035969704,3.014330021789434,6.767475613460695,0.12804,0.335,0.53696,0.5032390594586095,0.6231760029827468,0.6448940475340738,0.2728082822881478,0.5032390594586095,0.5032390594586095,0.22604,0.7595614869807017,0.38577994163372287,1.3764607291220528
0.15,0.2,pension from the day work stops,7.245438035969704,3.014330021789434,6.767475613460695,0.12804,0.335,0.53696,0.49004387056327686,0.6179391491301778,0.6388540496150397,0.2562133080395069,0.49004387056327686,0.49004387056327686,0.19856,0.7551146397031503,0.3722503307394073,1.3764607291220528
0.15,0.25,pension from the day work stops,7.245438035969704,3.014330021789434,6.767475613460695,0.12804,0.335,0.53696,0.4749532161583047,0.6113410957398621,0.6322288092112902,0.23982001648245116,0.4749532161583047,0.4749532161583047,0.17544,0.7502434477642044,0.3599636901424307,1.3764607291220528
0.15,0.3,pension from the day work stops,7.245438035969704,3.014330021789434,6.767475613460695,0.12804,0.335,0.53696,0.4590848391857405,0.6036372671821748,0.625174789698334,0.22116580231850885,0.4590848391857405,0.4590848391857405,0.15408,0.7450993928167069,0.3473143215235966,1.3764607291220528
0.15,0.35,pension from the day work stops,7.245438035969704,3.014330021789434,6.767475613460695,0.12804,0.335,0.53696,0.44326786046834465,0.5951054067641496,0.6178042590615924,0.2091792319612639,0.44326786046834465,0.44326786046834465,0.1368,0.7398786980116708,0.33434233702161803,1.3764607291220528
0.15,0.4,pension from the day work stops,7.245438035969704,3.014330021789434,6.767475613460695,0.12804,0.335,0.53696,0.4284306134152138,0.5862629916376259,0.6102867620635619,0.20168709518123312,0.4284306134152138,0.4284306134152138,0.12264,0.734747450158928,0.3222582793038585,1.3764607291220528
0.15,0.45,pension from the day work stops,7.245438035969704,3.014330021789434,6.767475613460695,0.12804,0.335,0.53696,0.4140269410642753,0.5768453715672198,0.6027007930368321,0.19668089692632337,0.4140269410642753,0.4140269410642753,0.11092,0.7297801215724854,0.31113938265638813,1.3764607291220528
0.15,0.5,pension from the day work stops,7.245438035969704,3.014330021789434,6.767475613460695,0.12804,0.335,0.53696,0.4000556611293845,0.5668778328703044,0.595172383242496,0.1904785419927925,0.4000556611293845,0.4000556611293845,0.09972,0.7251082043930689,0.299286467183685,1.3764607291220528
0.15,0.55,pension from the day work stops,7.245438035969704,3.014330021789434,6.767475613460695,0.12804,0.335,0.53696,0.3858662785878067,0.5558726641169521,0.5877574284556467,0.18294876623237757,0.3858662785878067,0.3858662785878067,0.09072,0.7207332874056771,0.2896297374656685,1.3764607291220528
0.15,0.6,pension from the day work stops,7.245438035969704,3.014330021789434,6.767475613460695,0.12804,0.335,0.53696,0.3708021102403238,0.5431760584031495,0.5805192150600158,0.17293514829503198,0.3708021102403238,0.3708021102403238,0.08352,0.716641154456186,0.2799463440327705,1.3764607291220528
0.15,0.65,pension from the day work stops,7.245438035969704,3.014330021789434,6.767475613460695,0.12804,0.335,0.53696,0.35158564685454285,0.525416425567229,0.5734655357183518,0.11984604288404609,0.35158564685454285,0.35605908858082713,0.07544,0.7127767797033071,0.27106293938509035,1.3764607291220528
0.15,0.7,pension from the day work stops,7.245438035969704,3.014330021789434,6.767475613460695,0.12804,0.335,0.53696,0.33835985910940436,0.5121577101661293,0.5667019345545105,0.11786571779565529,0.33835985910940436,0.3430352021679569,0.06788,0.7091492897250377,0.2628265984195343,1.3764607291220528
0.15,0.75,pension from the day work stops,7.245438035969704,3.014330021789434,6.767475613460695,0.12804,0.335,0.53696,0.3253459114980596,0.4982859360794493,0.5602401201315086,0.11176388194760044,0.3253459114980596,0.3321023184357971,0.06296,0.7056892627748443,0.25513301980088743,1.3764607291220528
0.15,0.8,pension from the day work stops,7.245438035969704,3.014330021789434,6.767475613460695,0.12804,0.335,0.53696,0.3121458592203241,0.48338931529822776,0.5540499415151601,0.10726956566404414,0.3121458592203241,0.32101363957622353,0.0594,0.7024029495926953,0.24785579970474922,1.3764607291220528
0.15,0.85,pension from the day work stops,7.245438035969704,3.014330021789434,6.767475613460695,0.12804,0.335,0.53696,0.3003433017978716,0.4693812703698327,0.5482335111487846,0.10353418535991449,0.3003433017978716,0.31052572941472895,0.05696,0.6994098404921455,0.24142393060053213,1.3764607291220528
0.15,0.9,pension from the day work stops,7.245438035969704,3.014330021789434,6.767475613460695,0.12804,0.335,0.53696,0.2911141876188916,0.45798866196273974,0.5427903709050745,0.10226042936190223,0.2911141876188916,0.30152762502378005,0.0562,0.6967266661825949,0.235928272593171,1.3764607291220528
0.15,0.95,pension from the day work stops,7.245438035969704,3.014330021789434,6.767475613460695,0.12804,0.335,0.53696,0.2812079385208802,0.4453473193013136,0.5376848084244628,0.09880213770990273,0.2812079385208802,0.2935135504966763,0.0548,0.6943002383714846,0.23043748417925322,1.3764607291220528
0.15,1.0,pension from the day work stops,7.245438035969704,3.014330021789434,6.767475613460695,0.12804,0.335,0.53696,0.27167489767511627,0.4327954538226937,0.5329684452849895,0.08739419894057189,0.27167489767511627,0.28663676193380144,0.05508,0.6921309906143286,0.22566611457797056,1.3764607291220528
0.17,0.0,pension from the day work stops,8.211496440765664,3.014330021789434,6.767475613460695,0.10048,0.29772,0.6018,0.5436143309492169,0.6365307487967786,0.6831436997247465,0.29436297572353665,0.5436143309492169,0.5436143309492169,0.33024,0.821485660021612,0.42546744709938766,1.3764607291220528
0.17,0.05,pension from the day work stops,8.211496440765664,3.014330021789434,6.767475613460695,0.10048,0.29772,0.6018,0.5352169199365995,0.6340525757846371,0.6794935675575017,0.2913483261314797,0.5352169199365995,0.5352169199365995,0.29376,0.8194523419302201,0.41708568266553026,1.3764607291220528
0.17,0.1,pension from the day work stops,8.211496440765664,3.014330021789434,6.767475613460695,0.10048,0.29772,0.6018,0.5253547279894591,0.6309514287916611,0.6751081019401904,0.28582713411831856,0.5253547279894591,0.5253547279894591,0.259,0.8167921765191848,0.40526543538870924,1.3764607291220528
0.17,0.15,pension from the day work stops,8.211496440765664,3.014330021789434,6.767475613460695,0.10048,0.29772,0.6018,0.5136840421129002,0.6269966836356616,0.6700257448991384,0.27372224921402466,0.5136840421129002,0.5136840421129002,0.22604,0.8135141405318331,0.3929358581975901,1.3764607291220528
0.17,0.2,pension from the day work stops,8.211496440765664,3.014330021789434,6.767475613460695,0.10048,0.29772,0.6018,0.5000100885734564,0.621938059235028,0.664230121137752,0.2612280848748804,0.5000100885734564,0.5000100885734564,0.19856,0.8095857341884094,0.3798890634484706,1.3764607291220528
0.17,0.25,pension from the day work stops,8.211496440765664,3.014330021789434,6.767475613460695,0.10048,0.29772,0.6018,0.4853971531148105,0.6159792580415803,0.6579105027350889,0.24084433947386955,0.4853971531148105,0.4853971531148105,0.17544,0.8052371183950956,0.36851727369898,1.3764607291220528
0.17,0.3,pension from the day work stops,8.211496440765664,3.014330021789434,6.767475613460695,0.10048,0.29772,0.6018,0.47096749895409173,0.6094826669163532,0.6511887631079921,0.2295310942893449,0.47096749895409173,0.47096749895409173,0.15408,0.8006441426972774,0.3569663984936027,1.3764607291220528
0.17,0.35,pension from the day work stops,8.211496440765664,3.014330021789434,6.767475613460695,0.10048,0.29772,0.6018,0.4568903394919008,0.6025060736540925,0.6442180293798601,0.22194962040633898,0.4568903394919008,0.4568903394919008,0.1368,0.7959788077143691,0.3450820516959128,1.3764607291220528
0.17,0.4,pension from the day work stops,8.211496440765664,3.014330021789434,6.767475613460695,0.10048,0.29772,0.6018,0.44299435111136826,0.5949499492369282,0.6370180194873571,0.21726320131670626,0.44299435111136826,0.44299435111136826,0.12264,0.7914185822759463,0.3325588172063014,1.3764607291220528
0.17,0.45,pension from the day work stops,8.211496440765664,3.014330021789434,6.767475613460695,0.10048,0.29772,0.6018,0.4286680365559193,0.586411199314346,0.6298056054620078,0.20918917102612114,0.4286680365559193,0.4286680365559193,0.11092,0.7870396411043616,0.3213361736080907,1.3764607291220528
0.17,0.5,pension from the day work stops,8.211496440765664,3.014330021789434,6.767475613460695,0.10048,0.29772,0.6018,0.41407183711992873,0.5768760559229122,0.6227112675743873,0.19909972422496364,0.41407183711992873,0.41407183711992873,0.09972,0.7829627374299465,0.31107218955528615,1.3764607291220528
0.17,0.55,pension from the day work stops,8.211496440765664,3.014330021789434,6.767475613460695,0.10048,0.29772,0.6018,0.39935552178158096,0.5663559813409875,0.6157515295241124,0.18817525843997165,0.39935552178158096,0.39935552178158096,0.09072,0.7791704312709121,0.3013494981990291,1.3764607291220528
0.17,0.6,pension from the day work stops,8.211496440765664,3.014330021789434,6.767475613460695,0.10048,0.29772,0.6018,0.3809253254037106,0.5518249850210403,0.6089868232023712,0.1355350861738576,0.3809253254037106,0.3845955965129068,0.08352,0.7756357316561674,0.2924503774300751,1.3764607291220528
0.17,0.65,pension from the day work stops,8.211496440765664,3.014330021789434,6.767475613460695,0.10048,0.29772,0.6018,0.36762230921916583,0.5403594544900865,0.6024992660412518,0.13318531109997658,0.36762230921916583,0.37136386394087667,0.07544,0.7722917197252289,0.283094092172658,1.3764607291220528
0.17,0.7,pension from the day work stops,8.211496440765664,3.014330021789434,6.767475613460695,0.10048,0.29772,0.6018,0.35473094621182166,0.5284448875197812,0.5962752220554693,0.1264594117178361,0.35473094621182166,0.3601232906120783,0.06788,0.7691723264758993,0.2752859806061994,1.3764607291220528
0.17,0.75,pension from the day work stops,8.211496440765664,3.014330021789434,6.767475613460695,0.10048,0.29772,0.6018,0.34180860765160076,0.51569672148131,0.5902529512536859,0.12278697810596048,0.34180860765160076,0.34818711333464497,0.06296,0.7661878028676941,0.26794975612710953,1.3764607291220528
0.17,0.8,pension from the day work stops,8.211496440765664,3.014330021789434,6.767475613460695,0.10048,0.29772,0.6018,0.3291505704630582,0.5024256930489311,0.5845321717382693,0.11753695985347751,0.3291505704630582,0.33689745536663596,0.0594,0.763347956518189,0.26147335032838426,1.3764607291220528
0.17,0.85,pension from the day work stops,8.211496440765664,3.014330021789434,6.767475613460695,0.10048,0.29772,0.6018,0.3175987339713646,0.48964287329817624,0.5791826117932359,0.11335183993646394,0.3175987339713646,0.32705157963428677,0.05696,0.7607589042495972,0.25533533455530855,1.3764607291220528
0.17,0.9,pension from the day work stops,8.211496440765664,3.014330021789434,6.767475613460695,0.10048,0.29772,0.6018,0.3093745370982546,0.48015778438032886,0.5742082019672359,0.11208354224057408,0.3093745370982546,0.3186556401101627,0.0562,0.7584396806273713,0.25069702414976147,1.3764607291220528
0.17,0.95,pension from the day work stops,8.211496440765664,3.014330021789434,6.767475613460695,0.10048,0.29772,0.6018,0.2977126245806226,0.46617253694640176,0.5695677713146428,0.09430003004823058,0.2977126245806226,0.3111507481112718,0.0548,0.7563358134270725,0.2453040079537085,1.3764607291220528
0.17,1.0,pension from the day work stops,8.211496440765664,3.014330021789434,6.767475613460695,0.10048,0.29772,0.6018,0.29097782221957824,0.45781751128718606,0.565294185732847,0.09397962009631666,0.29097782221957824,0.30418598373309813,0.05508,0.7544610368926291,0.24167663317365537,1.3764607291220528
0.2,0.0,pension from the day work stops,9.660584047959604,3.014330021789434,6.767475613460695,0.06912,0.25,0.68088,0.5596650844395356,0.6408836216994446,0.7221320523837705,0.31427075468317195,0.5596650844395356,0.5596650844395356,0.33024,0.9051912554542455,0.43535476105576826,1.3764607291220528
0.2,0.05,pension from the day work stops,9.660584047959604,3.014330021789434,6.767475613460695,0.06912,0.25,0.68088,0.5514669908830755,0.6387209523968177,0.7191078148171209,0.30614355325679765,0.5514669908830755,0.5514669908830755,0.29376,0.9042414066083957,0.4265128427811454,1.3764607291220528
0.2,0.1,pension from the day work stops,9.660584047959604,3.014330021789434,6.767475613460695,0.06912,0.25,0.68088,0.5412782253805477,0.6358557883191938,0.7152933838323247,0.29132876992172474,0.5412782253805477,0.5412782253805477,0.259,0.9026114072023275,0.41697414569856295,1.3764607291220528
0.2,0.15,pension from the day work stops,9.660584047959604,3.014330021789434,6.767475613460695,0.06912,0.25,0.68088,0.5305033729770388,0.632596888021985,0.7108449788816052,0.2810858727858073,0.5305033729770388,0.5305033729770388,0.22604,0.9003163336825586,0.40698529088368507,1.3764607291220528
0.2,0.2,pension from the day work stops,9.660584047959604,3.014330021789434,6.767475613460695,0.06912,0.25,0.68088,0.5184790991147855,0.6286603452582047,0.7056265955598472,0.26912026266251293,0.5184790991147855,0.5184790991147855,0.19856,0.8972947974051207,0.39443923740480474,1.3764607291220528
0.2,0.25,pension from the day work stops,9.660584047959604,3.014330021789434,6.767475613460695,0.06912,0.25,0.68088,0.5053494913401724,0.623970352521948,0.699842450715939,0.2579987688542184,0.5053494913401724,0.5053494913401724,0.17544,0.8938535891540289,0.38348641487491847,1.3764607291220528
0.2,0.3,pension from the day work stops,9.660584047959604,3.014330021789434,6.767475613460695,0.06912,0.25,0.68088,0.49165165014478507,0.6186029026757592,0.6935731116647457,0.24408784608840836,0.49165165014478507,0.49165165014478507,0.15408,0.8901381909523476,0.371734879247519,1.3764607291220528
0.2,0.35,pension from the day work stops,9.660584047959604,3.014330021789434,6.767475613460695,0.06912,0.25,0.68088,0.4775324375307239,0.6125172950250846,0.6870089177092491,0.2356596983122354,0.4775324375307239,0.4775324375307239,0.1368,0.8863415432446554,0.3601262712839296,1.3764607291220528
0.2,0.4,pension from the day work stops,9.660584047959604,3.014330021789434,6.767475613460695,0.06912,0.25,0.68088,0.4638805793486796,0.6060525238433448,0.6803924324798964,0.23043553822866614,0.4638805793486796,0.4638805793486796,0.12264,0.8826942769456932,0.3489645350588433,1.3764607291220528
0.2,0.45,pension from the day work stops,9.660584047959604,3.014330021789434,6.767475613460695,0.06912,0.25,0.68088,0.4493720606989543,0.598503665842347,0.6738203003163534,0.21815035582013634,0.4493720606989543,0.4493720606989543,0.11092,0.8791987447194961,0.3380181832943645,1.3764607291220528
0.2,0.5,pension from the day work stops,9.660584047959604,3.014330021789434,6.767475613460695,0.06912,0.25,0.68088,0.43544699569446343,0.5905496407917211,0.6673600656925773,0.21017165283718983,0.43544699569446343,0.43544699569446343,0.09972,0.8759710807926548,0.3284412083752837,1.3764607291220528
0.2,0.55,pension from the day work stops,9.660584047959604,3.014330021789434,6.767475613460695,0.06912,0.25,0.68088,0.4178213325421654,0.5794088964132177,0.6610588958641098,0.15861403000254107,0.4178213325421654,0.42017065036712486,0.09072,0.8729963304420674,0.31862501827745876,1.3764607291220528
0.2,0.6,pension from the day work stops,9.660584047959604,3.014330021789434,6.767475613460695,0.06912,0.25,0.68088,0.40426981781570864,0.5699733115470764,0.6550551849111241,0.1507619624725917,0.40426981781570864,0.4075081396017048,0.08352,0.8702366316134859,0.3097322225075244,1.3764607291220528
0.2,0.65,pension from the day work stops,9.660584047959604,3.014330021789434,6.767475613460695,0.06912,0.25,0.68088,0.39229821318295194,0.5609738341710309,0.6491995302324567,0.14816117555210223,0.39229821318295194,0.39562532950418716,0.07544,0.8676177472789139,0.30193682517172615,1.3764607291220528
0.2,0.7,pension from the day work stops,9.660584047959604,3.014330021789434,6.767475613460695,0.06912,0.25,0.68088,0.37892864470567944,0.5501571409382527,0.6435323979584081,0.141939268257497,0.37892864470567944,0.3831977990633666,0.06788,0.8651635409323264,0.2952116354859169,1.3764607291220528
0.2,0.75,pension from the day work stops,9.660584047959604,3.014330021789434,6.767475613460695,0.06912,0.25,0.68088,0.3646235068916766,0.537659030730966,0.6380963615176136,0.1352729687589867,0.3646235068916766,0.3701681154065004,0.06296,0.862794291135562,0.28826162070315775,1.3764607291220528
0.2,0.8,pension from the day work stops,9.660584047959604,3.014330021789434,6.767475613460695,0.06912,0.25,0.68088,0.35408402868920597,0.527825907458966,0.6330182920825402,0.13255180634030736,0.35408402868920597,0.3599318194163105,0.0594,0.8605111329914563,0.2824940104575444,1.3764607291220528
0.2,0.85,pension from the day work stops,9.660584047959604,3.014330021789434,6.767475613460695,0.06912,0.25,0.68088,0.34284254035522277,0.5167464908229538,0.6282858351633267,0.11705351161173826,0.34284254035522277,0.35097236262903353,0.05696,0.8584485700900715,0.2769396938662343,1.3764607291220528
0.2,0.9,pension from the day work stops,9.660584047959604,3.014330021789434,6.767475613460695,0.06912,0.25,0.68088,0.33315448008551174,0.506707140635527,0.6238753244371116,0.11064704246398395,0.33315448008551174,0.34271291318454383,0.0562,0.856596950514513,0.273099880137383,1.3764607291220528
0.2,0.95,pension from the day work stops,9.660584047959604,3.014330021789434,6.767475613460695,0.06912,0.25,0.68088,0.32163079664200284,0.4941768124381947,0.6197663254721074,0.10372838296963964,0.32163079664200284,0.3344291710446288,0.0548,0.8548998433597975,0.26820353606741976,1.3764607291220528
0.2,1.0,pension from the day work stops,9.660584047959604,3.014330021789434,6.767475613460695,0.06912,0.25,0.68088,0.3126062175849023,0.48392265703671355,0.6159569092339302,0.10089131439987427,0.3126062175849023,0.3266759211355101,0.05508,0.8533663384469785,0.263872226265133,1.3764607291220528
0.25,0.0,pension from the day work stops,12.075730059949507,3.014330021789434,6.767475613460695,0.03948,0.1854,0.77512,0.5884599288965005,0.6475770233911052,0.7918569105808261,0.33684249580640185,0.5884599288965005,0.5884599288965005,0.33024,1.0550929083177212,0.44696535850574537,1.3764607291220528
0.25,0.05,pension from the day work stops,12.075730059949507,3.014330021789434,6.767475613460695,0.03948,0.1854,0.77512,0.5812921861579269,0.6460331082089488,0.7901687447209342,0.32763872879135714,0.5812921861579269,0.5812921861579269,0.29376,1.056172906744016,0.4458452741015808,1.3764607291220528
0.25,0.1,pension from the day work stops,12.075730059949507,3.014330021789434,6.767475613460695,0.03948,0.1854,0.77512,0.5719290126287266,0.6438978799604994,0.7875597105935438,0.30469577069003073,0.5719290126287266,0.5719290126287266,0.259,1.0564718479941873,0.43711345488463504,1.3764607291220528
0.25,0.15,pension from the day work stops,12.075730059949507,3.014330021789434,6.767475613460695,0.03948,0.1854,0.77512,0.5611140064820038,0.6412532242967768,0.7841320573968646,0.2961764329560131,0.5611140064820038,0.5611140064820038,0.22604,1.0559255970578654,0.4273237860709226,1.3764607291220528
0.25,0.2,pension from the day work stops,12.075730059949507,3.014330021789434,6.767475613460695,0.03948,0.1854,0.77512,0.5487416075569377,0.6379743042884997,0.7797995417450825,0.28579314744800705,0.5487416075569377,0.5487416075569377,0.19856,1.054574196814322,0.41653396979195,1.3764607291220528
0.25,0.25,pension from the day work stops,12.075730059949507,3.014330021789434,6.767475613460695,0.03948,0.1854,0.77512,0.5361966573572077,0.6343492123165958,0.7748534413271421,0.27703305737633005,0.5361966573572077,0.5361966573572077,0.17544,1.0527136259577863,0.40614601902786956,1.3764607291220528
0.25,0.3,pension from the day work stops,12.075730059949507,3.014330021789434,6.767475613460695,0.03948,0.1854,0.77512,0.5235071234091979,0.6303464684291139,0.7695769099404233,0.26861757137814257,0.5235071234091979,0.5235071234091979,0.15408,1.050564991073098,0.39523246796092487,1.3764607291220528
0.25,0.35,pension from the day work stops,12.075730059949507,3.014330021789434,6.767475613460695,0.03948,0.1854,0.77512,0.510507105498618,0.625863629703299,0.7641281436530425,0.2587358322830143,0.510507105498618,0.510507105498618,0.1368,1.0483036820643796,0.38529243305058025,1.3764607291220528
0.25,0.4,pension from the day work stops,12.075730059949507,3.014330021789434,6.767475613460695,0.03948,0.1854,0.77512,0.4976821602013739,0.6210283366825329,0.7586769778590957,0.24978493724343612,0.4976821602013739,0.4976821602013739,0.12264,1.0461316949460349,0.375195592262348,1.3764607291220528
0.25,0.45,pension from the day work stops,12.075730059949507,3.014330021789434,6.767475613460695,0.03948,0.1854,0.77512,0.4819329540835206,0.6144771546176222,0.7531520652057536,0.1971520964241803,0.4819329540835206,0.48249103885745726,0.11092,1.0439996537939404,0.36604113689172785,1.3764607291220528
0.25,0.5,pension from the day work stops,12.075730059949507,3.014330021789434,6.767475613460695,0.03948,0.1854,0.77512,0.4679160861435407,0.6080257437334712,0.7477764845266985,0.187247979010017,0.4679160861435407,0.4686542758135504,0.09972,1.0420695926981447,0.3574803616393917,1.3764607291220528
0.25,0.55,pension from the day work stops,12.075730059949507,3.014330021789434,6.767475613460695,0.03948,0.1854,0.77512,0.45568465316402457,0.6018775326194474,0.74255285828332,0.18406942613374158,0.45568465316402457,0.45633101793003,0.09072,1.0403221416287505,0.3488061752593724,1.3764607291220528
0.25,0.6,pension from the day work stops,12.075730059949507,3.014330021789434,6.767475613460695,0.03948,0.1854,0.77512,0.4414948915860414,0.5940927553047545,0.7374484597642222,0.17622443275326127,0.4414948915860414,0.4422466984599001,0.08352,1.0386904552136866,0.34196224943674247,1.3764607291220528
0.25,0.65,pension from the day work stops,12.075730059949507,3.014330021789434,6.767475613460695,0.03948,0.1854,0.77512,0.428231570318078,0.5861385699988981,0.7325211830312301,0.17012027472231694,0.428231570318078,0.42905600770614405,0.07544,1.0371020474639752,0.3345651250568651,1.3764607291220528
0.25,0.7,pension from the day work stops,12.075730059949507,3.014330021789434,6.767475613460695,0.03948,0.1854,0.77512,0.416813200256886,0.5787336488471008,0.7278324029771621,0.1648063743362743,0.416813200256886,0.41761835829385613,0.06788,1.0355965508232394,0.3277761247489232,1.3764607291220528
0.25,0.75,pension from the day work stops,12.075730059949507,3.014330021789434,6.767475613460695,0.03948,0.1854,0.77512,0.40225058626491456,0.5684998189113601,0.7233791260707169,0.1383217394073867,0.40225058626491456,0.406607257531762,0.06296,1.03412314148054,0.32245548452440387,1.3764607291220528
0.25,0.8,pension from the day work stops,12.075730059949507,3.014330021789434,6.767475613460695,0.03948,0.1854,0.77512,0.39166074548972835,0.560476660835238,0.7191634387079197,0.13368986386982795,0.39166074548972835,0.3968418802987301,0.0594,1.032609808301352,0.3171857467843046,1.3764607291220528
0.25,0.85,pension from the day work stops,12.075730059949507,3.014330021789434,6.767475613460695,0.03948,0.1854,0.77512,0.3801554181922857,0.5511840760508592,0.7152454685962109,0.12710508502513848,0.3801554181922857,0.38734829179911023,0.05696,1.0312310660552515,0.3128457859538394,1.3764607291220528
0.25,0.9,pension from the day work stops,12.075730059949507,3.014330021789434,6.767475613460695,0.03948,0.1854,0.77512,0.3716550487696506,0.5439234078735428,0.7116486588524957,0.1257965326004531,0.3716550487696506,0.37900366267230795,0.0562,1.0299707356149008,0.30883274862675186,1.3764607291220528
0.25,0.95,pension from the day work stops,12.075730059949507,3.014330021789434,6.767475613460695,0.03948,0.1854,0.77512,0.36415211571949696,0.537230633160962,0.7083042456928437,0.1233862348311121,0.36415211571949696,0.37203824230075677,0.0548,1.028742708779801,0.30518021889361013,1.3764607291220528
0.25,1.0,pension from the day work stops,12.075730059949507,3.014330021789434,6.767475613460695,0.03948,0.1854,0.77512,0.35730973209509553,0.5308922248221355,0.7051451510112794,0.12282549168193903,0.35730973209509553,0.36478137197383853,0.05508,1.0275634890784966,0.30101080886250353,1.3764607291220528
0.35,0.0,pension from the day work stops,16.906022083929308,3.014330021789434,6.767475613460695,0.01624,0.10216,0.8816,0.6420133011073919,0.6570045798915766,0.9381959781425251,0.3623131233937427,0.6420133011073919,0.6420133011073919,0.33024,1.3774649956515044,0.44696535850574537,1.3764607291220528
0.35,0.05,pension from the day work stops,16.906022083929308,3.014330021789434,6.767475613460695,0.01624,0.10216,0.8816,0.6368741514523855,0.6562405546498409,0.9399265152531995,0.3579536659905806,0.6368741514523855,0.6368741514523855,0.29376,1.382919142667843,0.44696535850574537,1.3764607291220528
0.35,0.1,pension from the day work stops,16.906022083929308,3.014330021789434,6.767475613460695,0.01624,0.10216,0.8816,0.6298841300874152,0.6551582164515409,0.9405413746388562,0.3506688174820656,0.6298841300874152,0.6298841300874152,0.259,1.3873108887411854,0.44696535850574537,1.3764607291220528
0.35,0.15,pension from the day work stops,16.906022083929308,3.014330021789434,6.767475613460695,0.01624,0.10216,0.8816,0.6217100622432259,0.6538262352485081,0.940291547521404,0.34147002231024215,0.6217100622432259,0.6217100622432259,0.22604,1.3905883716087482,0.44696535850574537,1.3764607291220528
0.35,0.2,pension from the day work stops,16.906022083929308,3.014330021789434,6.767475613460695,0.01624,0.10216,0.8816,0.6130684909298523,0.6523356711053113,0.9390407146865142,0.3325666119141302,0.6130684909298523,0.6130684909298523,0.19856,1.392792224808633,0.44696535850574537,1.3764607291220528
0.35,0.25,pension from the day work stops,16.906022083929308,3.014330021789434,6.767475613460695,0.01624,0.10216,0.8816,0.6029592385210132,0.650477130156016,0.9370199075231946,0.3184178517990262,0.6029592385210132,0.6029592385210132,0.17544,1.3942404637187042,0.44696535850574537,1.3764607291220528
0.35,0.3,pension from the day work stops,16.906022083929308,3.014330021789434,6.767475613460695,0.01624,0.10216,0.8816,0.59180561605633,0.6482720322383443,0.9343870853935432,0.3078448305991433,0.59180561605633,0.59180561605633,0.15408,1.3951437639443158,0.4442956863353192,1.3764607291220528
0.35,0.35,pension from the day work stops,16.906022083929308,3.014330021789434,6.767475613460695,0.01624,0.10216,0.8816,0.5788200628370562,0.6454826898733947,0.9313483189095615,0.2690657548497197,0.5788200628370562,0.5788200628370562,0.1368,1.395647787716636,0.4370877146730699,1.3764607291220528
0.35,0.4,pension from the day work stops,16.906022083929308,3.014330021789434,6.767475613460695,0.01624,0.10216,0.8816,0.5657805277771993,0.6424186840089346,0.9281454263506927,0.25156928923163946,0.5657805277771993,0.5657805277771993,0.12264,1.3960278309590295,0.4298565574817629,1.3764607291220528
0.35,0.45,pension from the day work stops,16.906022083929308,3.014330021789434,6.767475613460695,0.01624,0.10216,0.8816,0.5529588882491961,0.6391237296285055,0.9247744062647423,0.23865827004088414,0.5529588882491961,0.5529588882491961,0.11092,1.396219023676627,0.42254197306611346,1.3764607291220528
0.35,0.5,pension from the day work stops,16.906022083929308,3.014330021789434,6.767475613460695,0.01624,0.10216,0.8816,0.5420484188728174,0.6360795283143811,0.9214527571250083,0.23492210006765837,0.5420484188728174,0.5420484188728174,0.09972,1.3964737857497609,0.41569345632873167,1.3764607291220528
0.35,0.55,pension from the day work stops,16.906022083929308,3.014330021789434,6.767475613460695,0.01624,0.10216,0.8816,0.5295436695366741,0.6322946186538413,0.9180623277999361,0.22840633102264848,0.5295436695366741,0.5295436695366741,0.09072,1.3967257005109956,0.4092551728147222,1.3764607291220528
0.35,0.6,pension from the day work stops,16.906022083929308,3.014330021789434,6.767475613460695,0.01624,0.10216,0.8816,0.5131707230216725,0.6268152910178761,0.9148340235244009,0.18968853809356082,0.5131707230216725,0.5141672261030947,0.08352,1.3969455636781125,0.402466507006098,1.3764607291220528
0.35,0.65,pension from the day work stops,16.906022083929308,3.014330021789434,6.767475613460695,0.01624,0.10216,0.8816,0.4991326378469611,0.6215968731711194,0.911715515290237,0.17766537726032605,0.4991326378469611,0.5011859033221788,0.07544,1.3970321729951853,0.39605469673807786,1.3764607291220528
0.35,0.7,pension from the day work stops,16.906022083929308,3.014330021789434,6.767475613460695,0.01624,0.10216,0.8816,0.49035688753248,0.61806894808901,0.9087842500774034,0.17726521787581984,0.49035688753248,0.4922345590887604,0.06788,1.3970635719326558,0.3899269503269985,1.3764607291220528
0.35,0.75,pension from the day work stops,16.906022083929308,3.014330021789434,6.767475613460695,0.01624,0.10216,0.8816,0.4786206612597818,0.6130074219810263,0.9058659341991181,0.1727417755284557,0.4786206612597818,0.48066754736794326,0.06296,1.3968523907613544,0.38574509599235063,1.3764607291220528
0.35,0.8,pension from the day work stops,16.906022083929308,3.014330021789434,6.767475613460695,0.01624,0.10216,0.8816,0.4688735042849287,0.6084860954531105,0.9029430452918767,0.16926528675181102,0.4688735042849287,0.47101421653468223,0.0594,1.3963673368534235,0.3819432568000061,1.3764607291220528
0.35,0.85,pension from the day work stops,16.906022083929308,3.014330021789434,6.767475613460695,0.01624,0.10216,0.8816,0.4615365536571082,0.604881666349199,0.9001882963006024,0.16867674633433602,0.4615365536571082,0.46351355081206497,0.05696,1.3958589205233949,0.3778480833566064,1.3764607291220528
0.35,0.9,pension from the day work stops,16.906022083929308,3.014330021789434,6.767475613460695,0.01624,0.10216,0.8816,0.4533629822765832,0.6006529879254737,0.8975368233973056,0.16739989081483791,0.4533629822765832,0.4551696729450171,0.0562,1.3952785283558755,0.37410319479960297,1.3764607291220528
0.35,0.95,pension from the day work stops,16.906022083929308,3.014330021789434,6.767475613460695,0.01624,0.10216,0.8816,0.4448667178381338,0.596008646639633,0.8951322862335624,0.1636894186300578,0.4448667178381338,0.4467874632527787,0.0548,1.3945459626768562,0.37068290464231757,1.3764607291220528
0.35,1.0,pension from the day work stops,16.906022083929308,3.014330021789434,6.767475613460695,0.01624,0.10216,0.8816,0.43853065345183345,0.5923734681794083,0.8927860659024988,0.1614200713880503,0.43853065345183345,0.44057177929208863,0.05508,1.3936672518247861,0.3683391364977889,1.3764607291220528
0.6,0.0,pension from the day work stops,28.981752143878815,3.014330021789434,6.767475613460695,0.00348,0.03004,0.96648,0.7580686442684685,0.6689134944302103,1.3072969398798069,0.47282286398161566,0.7580686442684685,0.7580686442684685,0.33024,2.2358103751384006,0.44696535850574537,1.3764607291220528
0.6,0.05,pension from the day work stops,28.981752143878815,3.014330021789434,6.767475613460695,0.00348,0.03004,0.96648,0.7615269207566149,0.6691518537648545,1.322095270649198,0.45557229185723175,0.7615269207566149,0.7615269207566149,0.29376,2.2523042221278233,0.44696535850574537,1.3764607291220528
0.6,0.1,pension from the day work stops,28.981752143878815,3.014330021789434,6.767475613460695,0.00348,0.03004,0.96648,0.7635668273553964,0.669290128850377,1.335179063930458,0.4470263801020016,0.7635668273553964,0.7635668273553964,0.259,2.266905820663693,0.44696535850574537,1.3764607291220528
0.6,0.15,pension from the day work stops,28.981752143878815,3.014330021789434,6.767475613460695,0.00348,0.03004,0.96648,0.7623639471287602,0.6692087981622166,1.3465663278559235,0.4155006622925833,0.7623639471287602,0.7623639471287602,0.22604,2.2794350222181894,0.44696535850574537,1.3764607291220528
0.6,0.2,pension from the day work stops,28.981752143878815,3.014330021789434,6.767475613460695,0.00348,0.03004,0.96648,0.7599181001264356,0.6690415886961111,1.3556125898365088,0.40151432327021486,0.7599181001264356,0.7599181001264356,0.19856,2.289845047381781,0.44696535850574537,1.3764607291220528
0.6,0.25,pension from the day work stops,28.981752143878815,3.014330021789434,6.767475613460695,0.00348,0.03004,0.96648,0.7550831026765387,0.6687036521551346,1.3629013332171662,0.3869005441442117,0.7550831026765387,0.7550831026765387,0.17544,2.2986692762783996,0.44696535850574537,1.3764607291220528
0.6,0.3,pension from the day work stops,28.981752143878815,3.014330021789434,6.767475613460695,0.00348,0.03004,0.96648,0.7479555358776644,0.6681869584326043,1.368636165537865,0.37672292724464956,0.7479555358776644,0.7479555358776644,0.15408,2.3061176392703246,0.44696535850574537,1.3764607291220528
0.6,0.35,pension from the day work stops,28.981752143878815,3.014330021789434,6.767475613460695,0.00348,0.03004,0.96648,0.7378587662967089,0.6674152385498447,1.3732852731637248,0.3583544874166562,0.7378587662967089,0.7378587662967089,0.1368,2.3124425529499013,0.44696535850574537,1.3764607291220528
0.6,0.4,pension from the day work stops,28.981752143878815,3.014330021789434,6.767475613460695,0.00348,0.03004,0.96648,0.7248418131680823,0.6663464085774483,1.3772451581535885,0.3011299493445553,0.7248418131680823,0.7248418131680823,0.12264,2.3180574801792195,0.4495571230234036,1.3764607291220528
0.6,0.45,pension from the day work stops,28.981752143878815,3.014330021789434,6.767475613460695,0.00348,0.03004,0.96648,0.7153391078195735,0.6655093489712486,1.380445945575417,0.29240974173987194,0.7153391078195735,0.7153391078195735,0.11092,2.322939600734831,0.457888594545479,1.3764607291220528
0.6,0.5,pension from the day work stops,28.981752143878815,3.014330021789434,6.767475613460695,0.00348,0.03004,0.96648,0.7077010807506612,0.6647992252837737,1.3833763901174387,0.2898436732430418,0.7077010807506612,0.7077010807506612,0.09972,2.327473083964889,0.46493886417408337,1.3764607291220528
0.6,0.55,pension from the day work stops,28.981752143878815,3.014330021789434,6.767475613460695,0.00348,0.03004,0.96648,0.6990637748880216,0.6639535815287156,1.3857638341521674,0.28483686989266865,0.6990637748880216,0.6990637748880216,0.09072,2.3316186553135,0.47160114267705405,1.3764607291220528
0.6,0.6,pension from the day work stops,28.981752143878815,3.014330021789434,6.767475613460695,0.00348,0.03004,0.96648,0.6913977908532493,0.6631629062395477,1.387906843048323,0.282508116048521,0.6913977908532493,0.6913977908532493,0.08352,2.335281346649311,0.478769615127317,1.3764607291220528
0.6,0.65,pension from the day work stops,28.981752143878815,3.014330021789434,6.767475613460695,0.00348,0.03004,0.96648,0.6833092058663222,0.6622852498259932,1.389455302859983,0.2779049522407679,0.6833092058663222,0.6833092058663222,0.07544,2.3383753329973334,0.4824002160031578,1.3764607291220528
0.6,0.7,pension from the day work stops,28.981752143878815,3.014330021789434,6.767475613460695,0.00348,0.03004,0.96648,0.6756931376443119,0.6614157663895974,1.3905055220711324,0.2752459153261033,0.6756931376443119,0.6756931376443119,0.06788,2.3409754134225818,0.48566623384791335,1.3764607291220528
0.6,0.75,pension from the day work stops,28.981752143878815,3.014330021789434,6.767475613460695,0.00348,0.03004,0.96648,0.6683885138767747,0.6605403137653127,1.3909508811090407,0.27306590751262977,0.6683885138767747,0.6683885138767747,0.06296,2.3428169814530544,0.48808223390414635,1.3764607291220528
0.6,0.8,pension from the day work stops,28.981752143878815,3.014330021789434,6.767475613460695,0.00348,0.03004,0.96648,0.6597492946835437,0.6594493343456419,1.3907705522626177,0.26260437908043543,0.6597492946835437,0.6597492946835437,0.0594,2.343856428936483,0.4884981186192937,1.3764607291220528
0.6,0.85,pension from the day work stops,28.981752143878815,3.014330021789434,6.767475613460695,0.00348,0.03004,0.96648,0.6532775301739443,0.6585903924457119,1.3902849771873882,0.2585681467931279,0.6532775301739443,0.6532775301739443,0.05696,2.344459736995148,0.48890739023070845,1.3764607291220528
0.6,0.9,pension from the day work stops,28.981752143878815,3.014330021789434,6.767475613460695,0.00348,0.03004,0.96648,0.6457421000434224,0.6575427452999577,1.3892532534176794,0.2510667957079539,0.6457421000434224,0.6457421000434224,0.0562,2.3446525586279763,0.48860981154837585,1.3764607291220528
0.6,0.95,pension from the day work stops,28.981752143878815,3.014330021789434,6.767475613460695,0.00348,0.03004,0.96648,0.6288914369713835,0.6550003430956897,1.3879402458699805,0.20027612395242506,0.6288914369713835,0.6310970991482557,0.0548,2.3442812957564945,0.48819460253349206,1.3764607291220528
0.6,1.0,pension from the day work stops,28.981752143878815,3.014330021789434,6.767475613460695,0.00348,0.03004,0.96648,0.6168666527940687,0.6530015740693841,1.3861036019189983,0.1882480453021072,0.6168666527940687,0.6209878312581305,0.05508,2.3433919462767947,0.48682840509321,1.3764607291220528
1.0,0.0,pension from the day work stops,48.30292023979803,3.014330021789434,6.767475613460695,0.0008,0.00776,0.99144,0.8520019513579733,0.673933576050163,1.8452258220041233,0.5695650391650777,0.8520019513579733,0.8520019513579733,0.33024,3.6511607326721545,0.44696535850574537,1.3764607291220528
1.0,0.05,pension from the day work stops,48.30292023979803,3.014330021789434,6.767475613460695,0.0008,0.00776,0.99144,0.8668996657310013,0.6745100849760632,1.8876782115128765,0.5527865835740655,0.8668996657310013,0.8668996657310013,0.29376,3.684578829810109,0.44696535850574537,1.3764607291220528
1.0,0.1,pension from the day work stops,48.30292023979803,3.014330021789434,6.767475613460695,0.0008,0.00776,0.99144,0.8816420230767084,0.6750359742472427,1.9274172235098195,0.5456094820134753,0.8816420230767084,0.8816420230767084,0.259,3.7145394193813264,0.44696535850574537,1.3764607291220528
1.0,0.15,pension from the day work stops,48.30292023979803,3.014330021789434,6.767475613460695,0.0008,0.00776,0.99144,0.8951892889799076,0.6754835491552957,1.9643343742764137,0.5406539424337204,0.8951892889799076,0.8951892889799076,0.22604,3.7407825607926433,0.44696535850574537,1.3764607291220528
1.0,0.2,pension from the day work stops,48.30292023979803,3.014330021789434,6.767475613460695,0.0008,0.00776,0.99144,0.9042129030816967,0.6757641463836211,1.996374098871491,0.48457328440939557,0.9042129030816967,0.9042129030816967,0.19856,3.7631736464939873,0.44696535850574537,1.3764607291220528
1.0,0.25,pension from the day work stops,48.30292023979803,3.014330021789434,6.767475613460695,0.0008,0.00776,0.99144,0.9132900377038109,0.676033175876942,2.0251204577027053,0.46949343900815577,0.9132900377038109,0.9132900377038109,0.17544,3.7825039945957823,0.48642040130150177,1.3764607291220528
1.0,0.3,pension from the day work stops,48.30292023979803,3.014330021789434,6.767475613460695,0.0008,0.00776,0.99144,0.9211188745109914,0.676255106453172,2.0503967653271986,0.46381667592011966,0.9211188745109914,0.9211188745109914,0.15408,3.7990516440310618,0.5448048285113452,1.3764607291220528
1.0,0.35,pension from the day work stops,48.30292023979803,3.014330021789434,6.767475613460695,0.0008,0.00776,0.99144,0.9274894214188308,0.6764291167097245,2.0729016717636854,0.4619024584472775,0.9274894214188308,0.9274894214188308,0.1368,3.813303695172716,0.5831656170274723,1.3764607291220528
1.0,0.4,pension from the day work stops,48.30292023979803,3.014330021789434,6.767475613460695,0.0008,0.00776,0.99144,0.9305796005475987,0.6765114714895265,2.0929816997803115,0.4542908290451907,0.9305796005475987,0.9305796005475987,0.12264,3.8259155081726397,0.6178581342046814,1.3764607291220528
1.0,0.45,pension from the day work stops,48.30292023979803,3.014330021789434,6.767475613460695,0.0008,0.00776,0.99144,0.9320748205385604,0.6765508490491158,2.1104789802984576,0.44870925403161543,0.9320748205385604,0.9320748205385604,0.11092,3.8369184051189484,0.6390921130885148,1.3764607291220528
1.0,0.5,pension from the day work stops,48.30292023979803,3.014330021789434,6.767475613460695,0.0008,0.00776,0.99144,0.932983351633968,0.6765746274966384,2.1269083025744124,0.4335214437480903,0.932983351633968,0.932983351633968,0.09972,3.847009128147615,0.6628165113444344,1.3764607291220528
1.0,0.55,pension from the day work stops,48.30292023979803,3.014330021789434,6.767475613460695,0.0008,0.00776,0.99144,0.933439758310023,0.6765865307029055,2.1414380958007517,0.42391992835497766,0.933439758310023,0.933439758310023,0.09072,3.8561273764413064,0.6832505509795391,1.3764607291220528
1.0,0.6,pension from the day work stops,48.30292023979803,3.014330021789434,6.767475613460695,0.0008,0.00776,0.99144,0.9333738355737115,0.6765848131538195,2.154570727795758,0.41769931763969975,0.9333738355737115,0.9333738355737115,0.08352,3.8642450332873817,0.7009880829893632,1.3764607291220528
1.0,0.65,pension from the day work stops,48.30292023979803,3.014330021789434,6.767475613460695,0.0008,0.00776,0.99144,0.9306090128255232,0.6765122490219738,2.165302007257222,0.40993894447071555,0.9306090128255232,0.9306090128255232,0.07544,3.8711233087116637,0.7166114138661668,1.3764607291220528
1.0,0.7,pension from the day work stops,48.30292023979803,3.014330021789434,6.767475613460695,0.0008,0.00776,0.99144,0.9258405269809885,0.6763846294525049,2.1739705694385334,0.3986693527103511,0.9258405269809885,0.9258405269809885,0.06788,3.876932126391775,0.728386887096839,1.3764607291220528
1.0,0.75,pension from the day work stops,48.30292023979803,3.014330021789434,6.767475613460695,0.0008,0.00776,0.99144,0.9112580349503866,0.6759740659721276,2.180262848868242,0.3279661253728323,0.9112580349503866,0.9112580349503866,0.06296,3.8812711767145736,0.7349764075621876,1.3764607291220528
1.0,0.8,pension from the day work stops,48.30292023979803,3.014330021789434,6.767475613460695,0.0008,0.00776,0.99144,0.898182419417289,0.6755781229295678,2.184175884787344,0.3100866006774454,0.898182419417289,0.898182419417289,0.0594,3.8839665170481923,0.7389741734680644,1.3764607291220528
1.0,0.85,pension from the day work stops,48.30292023979803,3.014330021789434,6.767475613460695,0.0008,0.00776,0.99144,0.8685567244859913,0.6745713308588939,2.1866223422968254,0.2783244556112521,0.8685567244859913,0.8685567244859913,0.05696,3.8857368881269503,0.7431575476714948,1.3764607291220528
1.0,0.9,pension from the day work stops,48.30292023979803,3.014330021789434,6.767475613460695,0.0008,0.00776,0.99144,0.8431166749454716,0.6735663035757016,2.1872438443800535,0.26235164278883233,0.8431166749454716,0.8431166749454716,0.0562,3.8866251236372227,0.7444468132534299,1.3764607291220528
1.0,0.95,pension from the day work stops,48.30292023979803,3.014330021789434,6.767475613460695,0.0008,0.00776,0.99144,0.8300436853709597,0.6729914477790423,2.1870863335957704,0.2601871086501523,0.8300436853709597,0.8300436853709597,0.0548,3.8863984665661877,0.7449724413516706,1.3764607291220528
1.0,1.0,pension from the day work stops,48.30292023979803,3.014330021789434,6.767475613460695,0.0008,0.00776,0.99144,0.8214971326845851,0.6725918986993741,2.185142056144183,0.2592188080376419,0.8214971326845851,0.8214971326845851,0.05508,3.8851689465652965,0.744096986703805,1.3764607291220528
0.015,0.0,four years before the pension starts,0.5464044687663316,3.014330021789434,6.767475613460695,0.99072,0.0088,0.00048,0.39412600096253875,0.5633332613235476,0.4409681055084579,0.14864594393064542,0.39412600096253875,0.3974373671637146,0.45992,0.46154020935849954,0.2959140774254056,1.3862492585211585
0.015,0.05,four years before the pension starts,0.5464044687663316,3.014330021789434,6.767475613460695,0.99072,0.0088,0.00048,0.39388435251878157,0.5630966156911814,0.44127825083960526,0.14887706889508434,0.39388435251878157,0.3971156378017268,0.419,0.4619550341380921,0.29583834672315706,1.3862492585211585
0.015,0.1,four years before the pension starts,0.5464044687663316,3.014330021789434,6.767475613460695,0.99072,0.0088,0.00048,0.392781426648369,0.5620136221494042,0.4415207539530403,0.14887563457187583,0.392781426648369,0.3959669898832628,0.37756,0.46228262046346486,0.2957261679769911,1.3862492585211585
0.015,0.15,four years before the pension starts,0.5464044687663316,3.014330021789434,6.767475613460695,0.99072,0.0088,0.00048,0.39094629343319487,0.5602011104322357,0.44168182281451807,0.14975346168505102,0.39094629343319487,0.3939236163035289,0.34136,0.4625064667310294,0.295598985735695,1.3862492585211585
0.015,0.2,four years before the pension starts,0.5464044687663316,3.014330021789434,6.767475613460695,0.99072,0.0088,0.00048,0.38887868649678936,0.5581432255002816,0.44175242355155975,0.15269885433666536,0.38887868649678936,0.39120055196585735,0.30392,0.4626256721246866,0.2954591765725541,1.3862492585211585
0.015,0.25,four years before the pension starts,0.5464044687663316,3.014330021789434,6.767475613460695,0.99072,0.0088,0.00048,0.3850496779691343,0.5542881845149786,0.4417109143800494,0.1510757989664907,0.3850496779691343,0.38740270080705264,0.27,0.46262252920640684,0.29520492336935794,1.3862492585211585
0.015,0.3,four years before the pension starts,0.5464044687663316,3.014330021789434,6.767475613460695,0.99072,0.0088,0.00048,0.37973456295603575,0.5488424324318013,0.4415084609037607,0.14942577170136775,0.37973456295603575,0.38199834773770186,0.23868,0.4624834388834462,0.2949109710732325,1.3862492585211585
0.015,0.35,four years before the pension starts,0.5464044687663316,3.014330021789434,6.767475613460695,0.99072,0.0088,0.00048,0.37009674439301815,0.5386894512006916,0.441108097998057,0.14632739500442457,0.37009674439301815,0.37224062183157297,0.21084,0.4622010500233646,0.29458649901926726,1.3862492585211585
0.015,0.4,four years before the pension starts,0.5464044687663316,3.014330021789434,6.767475613460695,0.99072,0.0088,0.00048,0.3578068595727723,0.5252294302592271,0.44051448269061605,0.13972790536151064,0.3578068595727723,0.3608129988619094,0.189,0.46176490778434176,0.2941363026504706,1.3862492585211585
0.015,0.45,four years before the pension starts,0.5464044687663316,3.014330021789434,6.767475613460695,0.99072,0.0088,0.00048,0.343815554967037,0.5092231388134908,0.43965686260918024,0.13250278011218583,0.343815554967037,0.3478334311784351,0.16952,0.46116830183120305,0.2935888100686151,1.3862492585211585
0.015,0.5,four years before the pension starts,0.5464044687663316,3.014330021789434,6.767475613460695,0.99072,0.0088,0.00048,0.31875481734943867,0.4788260567552502,0.43841922782597953,0.1075500338199718,0.31875481734943867,0.3292706991142344,0.15224,0.460391118095923,0.29299927739668746,1.3862492585211585
0.015,0.55,four years before the pension starts,0.5464044687663316,3.014330021789434,6.767475613460695,0.99072,0.0088,0.00048,0.28929332348727727,0.4405145802099367,0.43677988686820024,0.09190353519002775,0.28929332348727727,0.3095560519625887,0.13792,0.45943063994232664,0.2921736411731526,1.3862492585211585
0.015,0.6,four years before the pension starts,0.5464044687663316,3.014330021789434,6.767475613460695,0.99072,0.0088,0.00048,0.26113666746490555,0.401677572061089,0.4345839672135468,0.08255479391402633,0.26113666746490555,0.2886274548165945,0.1266,0.45826588395117557,0.29131863831160476,1.3862492585211585
0.015,0.65,four years before the pension starts,0.5464044687663316,3.014330021789434,6.767475613460695,0.99072,0.0088,0.00048,0.21718194498277116,0.3377131570316539,0.43175385823116985,0.04786551757965634,0.21718194498277116,0.26705539393535827,0.11592,0.456911375789067,0.2902219562835405,1.3862492585211585
0.015,0.7,four years before the pension starts,0.5464044687663316,3.014330021789434,6.767475613460695,0.99072,0.0088,0.00048,0.19278604489102774,0.3009460279739239,0.4283630440328929,0.04578003245132424,0.19278604489102774,0.24885882601772957,0.10584,0.4553625804833633,0.2891041395298507,1.3862492585211585
0.015,0.75,four years before the pension starts,0.5464044687663316,3.014330021789434,6.767475613460695,0.99072,0.0088,0.00048,0.17096527127675232,0.2675405105524763,0.424348924746263,0.04310673686813205,0.17096527127675232,0.23266026983242066,0.09832,0.45360701903235245,0.28777321930408656,1.3862492585211585
0.015,0.8,four years before the pension starts,0.5464044687663316,3.014330021789434,6.767475613460695,0.99072,0.0088,0.00048,0.1543416988152193,0.2418527936583629,0.41962322736676844,0.04116162325071251,0.1543416988152193,0.21818727614939393,0.092,0.4516461552870706,0.28627281741811633,1.3862492585211585
0.015,0.85,four years before the pension starts,0.5464044687663316,3.014330021789434,6.767475613460695,0.99072,0.0088,0.00048,0.12378031686531996,0.194268871234218,0.41391186013995446,0.022173617302781938,0.13839083716381292,0.20417159748803138,0.08736,0.44949756204844143,0.2845644778576998,1.3862492585211585
0.015,0.9,four years before the pension starts,0.5464044687663316,3.014330021789434,6.767475613460695,0.99072,0.0088,0.00048,0.1098889655134989,0.1725397712315558,0.40753774902646256,0.020580137836909086,0.12693413737516013,0.19236783569122848,0.08388,0.44718056849488613,0.2825990701593279,1.3862492585211585
0.015,0.95,four years before the pension starts,0.5464044687663316,3.014330021789434,6.767475613460695,0.99072,0.0088,0.00048,0.10522814804675674,0.16523993017369007,0.4003494374618087,0.020579094060186497,0.1180444426790599,0.1816376511804708,0.0818,0.44469377325811305,0.28026203324889515,1.3862492585211585
0.015,1.0,four years before the pension starts,0.5464044687663316,3.014330021789434,6.767475613460695,0.99072,0.0088,0.00048,0.09617936524573505,0.1510572371919967,0.39222573298075614,0.020464722840234994,0.10616173185243245,0.17201627441238734,0.081,0.4420522039850792,0.276771238709034,1.3862492585211585
0.03,0.0,four years before the pension starts,1.0928089375326633,3.014330021789434,6.767475613460695,0.92304,0.07096,0.006,0.4114996272705405,0.579747636990712,0.47055638371955283,0.16786003678794947,0.4114996272705405,0.41284482433437114,0.45992,0.49118042064715106,0.31861227440138207,1.3862492585211585
0.03,0.05,four years before the pension starts,1.0928089375326633,3.014330021789434,6.767475613460695,0.92304,0.07096,0.006,0.40874158963965257,0.5772208577637568,0.4705738818508428,0.16711031173346522,0.40874158963965257,0.41004202368651277,0.419,0.4913961793821049,0.3177842960840379,1.3862492585211585
0.03,0.1,four years before the pension starts,1.0928089375326633,3.014330021789434,6.767475613460695,0.92304,0.07096,0.006,0.40552972311494523,0.5742407527498533,0.4703458383871531,0.16622540260862198,0.40552972311494523,0.4067795504330915,0.37756,0.4913435934827399,0.31693574481952824,1.3862492585211585
0.03,0.15,four years before the pension starts,1.0928089375326633,3.014330021789434,6.767475613460695,0.92304,0.07096,0.006,0.40034870268936257,0.5693483643002574,0.46981607803619563,0.1649407297072692,0.40034870268936257,0.4015202516929912,0.34136,0.4910049370051269,0.31566212750737815,1.3862492585211585
0.03,0.2,four years before the pension starts,1.0928089375326633,3.014330021789434,6.767475613460695,0.92304,0.07096,0.006,0.392744972559985,0.561977745622425,0.4689517461134289,0.16241588479606378,0.392744972559985,0.3938088370644057,0.30392,0.4903799051672855,0.31422683909402443,1.3862492585211585
0.03,0.25,four years before the pension starts,1.0928089375326633,3.014330021789434,6.767475613460695,0.92304,0.07096,0.006,0.3830015501522062,0.5522027034617958,0.46769716497099634,0.15670581854903487,0.3830015501522062,0.3843973838730348,0.27,0.489416591478069,0.3126783496167191,1.3862492585211585
0.03,0.3,four years before the pension starts,1.0928089375326633,3.014330021789434,6.767475613460695,0.92304,0.07096,0.006,0.3694448800029768,0.5379898831046817,0.4659688639682716,0.15018310566694706,0.3694448800029768,0.3710708986568433,0.23868,0.4881076571694667,0.31067580500546177,1.3862492585211585
0.03,0.35,four years before the pension starts,1.0928089375326633,3.014330021789434,6.767475613460695,0.92304,0.07096,0.006,0.34438907138241315,0.5098932248277538,0.46371327735610995,0.09557705704574776,0.34438907138241315,0.35685565726426444,0.21084,0.486435401258563,0.30825986899073243,1.3862492585211585
0.03,0.4,four years before the pension starts,1.0928089375326633,3.014330021789434,6.767475613460695,0.92304,0.07096,0.006,0.32387429418472385,0.48520843134974767,0.460858708827108,0.08989560388656652,0.32387429418472385,0.34012519208008296,0.189,0.48441238196003544,0.3053919306569928,1.3862492585211585
0.03,0.45,four years before the pension starts,1.0928089375326633,3.014330021789434,6.767475613460695,0.92304,0.07096,0.006,0.30474626696725166,0.46093422230468417,0.4573699265539336,0.08776922358253185,0.30474626696725166,0.32067831642974465,0.16952,0.48204684317212504,0.30204822896427536,1.3862492585211585
0.03,0.5,four years before the pension starts,1.0928089375326633,3.014330021789434,6.767475613460695,0.92304,0.07096,0.006,0.2836784890491262,0.43292976786389764,0.4531267571459476,0.08657254219108844,0.2836784890491262,0.30049726263334975,0.15224,0.47932604706140264,0.29821880149288116,1.3862492585211585
0.03,0.55,four years before the pension starts,1.0928089375326633,3.014330021789434,6.767475613460695,0.92304,0.07096,0.006,0.21086690070879144,0.32826598628424203,0.44809021635131685,0.03944382090728559,0.2200688801034133,0.2794910497496962,0.13792,0.47629963273666753,0.29380831265497453,1.3862492585211585
0.03,0.6,four years before the pension starts,1.0928089375326633,3.014330021789434,6.767475613460695,0.92304,0.07096,0.006,0.20073617400523897,0.3130046318589278,0.4422960496726369,0.0394292321269972,0.2077870944224133,0.2591508435625241,0.1266,0.4729917030019413,0.2881018737302943,1.3862492585211585
0.03,0.65,four years before the pension starts,1.0928089375326633,3.014330021789434,6.767475613460695,0.92304,0.07096,0.006,0.18616001702729934,0.2908465588361668,0.4358954328961829,0.03811029540656787,0.1927493727354404,0.24222443512166547,0.11592,0.46944303515800656,0.2775255470350859,1.3862492585211585
0.03,0.7,four years before the pension starts,1.0928089375326633,3.014330021789434,6.767475613460695,0.92304,0.07096,0.006,0.17377865685354443,0.27186963038994866,0.4287843291070325,0.0370896987732376,0.1797246069716195,0.22726368025888957,0.10584,0.4656519585704087,0.24832633488657732,1.3862492585211585
0.03,0.75,four years before the pension starts,1.0928089375326633,3.014330021789434,6.767475613460695,0.92304,0.07096,0.006,0.1657572623950891,0.2595117591044611,0.42087651307249935,0.03707536120111464,0.17038161841779387,0.2129839226139222,0.09832,0.46162749300783484,0.2198745346546983,1.3862492585211585
0.03,0.8,four years before the pension starts,1.0928089375326633,3.014330021789434,6.767475613460695,0.92304,0.07096,0.006,0.1562135274905208,0.24475358016743382,0.41232678215714896,0.037006203107121764,0.15960020502859668,0.19990532728729032,0.092,0.4574165691402329,0.19578041697616064,1.3862492585211585
0.03,0.85,four years before the pension starts,1.0928089375326633,3.014330021789434,6.767475613460695,0.92304,0.07096,0.006,0.14218791087807842,0.22297499582483785,0.403431853523993,0.035701397767039685,0.1447936894568223,0.1890130684934419,0.08736,0.4530810004780641,0.1749954826126857,1.3862492585211585
0.03,0.9,four years before the pension starts,1.0928089375326633,3.014330021789434,6.767475613460695,0.92304,0.07096,0.006,0.13188812274781708,0.2069272003647348,0.3940955307682794,0.034848833897006264,0.13384561330601813,0.17919211415041206,0.08388,0.448634679442872,0.15662688598894076,1.3862492585211585
0.03,0.95,four years before the pension starts,1.0928089375326633,3.014330021789434,6.767475613460695,0.92304,0.07096,0.006,0.12288309766206766,0.1928668818675821,0.38442804341503184,0.03429645539740006,0.12424494441715551,0.17065574526864147,0.0818,0.4441112994936116,0.14118642907579887,1.3862492585211585
0.03,1.0,four years before the pension starts,1.0928089375326633,3.014330021789434,6.767475613460695,0.92304,0.07096,0.006,0.11428870421808036,0.17942677421629072,0.3743848830295405,0.033314773897954224,0.115483221396079,0.1628559811429016,0.081,0.43954803968604833,0.12836216856869878,1.3862492585211585
0.05,0.0,four years before the pension starts,1.8213482292211058,3.014330021789434,6.767475613460695,0.76428,0.20192,0.0338,0.43248360527142216,0.5980015925866843,0.4981308056668086,0.21764303240238386,0.43248360527142216,0.43248360527142216,0.45992,0.5216291877998751,0.3402979036188614,1.3862492585211585
0.05,0.05,four years before the pension starts,1.8213482292211058,3.014330021789434,6.767475613460695,0.76428,0.20192,0.0338,0.4278984305478169,0.594158643044874,0.49727748892100315,0.2126023508097716,0.4278984305478169,0.4278984305478169,0.419,0.5210512350754826,0.3376029632991363,1.3862492585211585
0.05,0.1,four years before the pension starts,1.8213482292211058,3.014330021789434,6.767475613460695,0.76428,0.20192,0.0338,0.4222287101610601,0.5892944524720225,0.49594508649570895,0.20725957160709527,0.4222287101610601,0.4222287101610601,0.37756,0.5199960515290313,0.3346217668727367,1.3862492585211585
0.05,0.15,four years before the pension starts,1.8213482292211058,3.014330021789434,6.767475613460695,0.76428,0.20192,0.0338,0.4144380358415663,0.5824069201720442,0.4940567623260014,0.2005718675490604,0.4144380358415663,0.4144380358415663,0.34136,0.5184232095779062,0.3308645651569963,1.3862492585211585
0.05,0.2,four years before the pension starts,1.8213482292211058,3.014330021789434,6.767475613460695,0.76428,0.20192,0.0338,0.4006371743870261,0.5696235319077666,0.49155138442998236,0.15192929158235943,0.4006371743870261,0.4032814957086801,0.30392,0.516356505190732,0.3263204362758325,1.3862492585211585
0.05,0.25,four years before the pension starts,1.8213482292211058,3.014330021789434,6.767475613460695,0.76428,0.20192,0.0338,0.38691336861771053,0.5561716827217076,0.4883383142467269,0.14395889087534997,0.38691336861771053,0.3907626785561741,0.27,0.513769713114355,0.3209031161645588,1.3862492585211585
0.05,0.3,four years before the pension starts,1.8213482292211058,3.014330021789434,6.767475613460695,0.76428,0.20192,0.0338,0.36995194122092345,0.5385341913250391,0.4843236293977872,0.1399535810737423,0.36995194122092345,0.3738953079679812,0.23868,0.5106767763378851,0.3151290109944679,1.3862492585211585
0.05,0.35,four years before the pension starts,1.8213482292211058,3.014330021789434,6.767475613460695,0.76428,0.20192,0.0338,0.3231519301736776,0.48431309130839195,0.4795731358096472,0.0686040182828933,0.3231519301736776,0.3548459698382582,0.21084,0.5070903214464101,0.30789953740721765,1.3862492585211585
0.05,0.4,four years before the pension starts,1.8213482292211058,3.014330021789434,6.767475613460695,0.76428,0.20192,0.0338,0.2938963644722931,0.4466684130990872,0.47408224344362937,0.06352197801841282,0.2938963644722931,0.3349349826158921,0.189,0.503036007218554,0.2991269082313949,1.3862492585211585
0.05,0.45,four years before the pension starts,1.8213482292211058,3.014330021789434,6.767475613460695,0.76428,0.20192,0.0338,0.2771334186798937,0.4239838342050374,0.46792253036270726,0.06182003867676035,0.2771334186798937,0.3170054553343956,0.16952,0.498587587573823,0.28621703133634435,1.3862492585211585
0.05,0.5,four years before the pension starts,1.8213482292211058,3.014330021789434,6.767475613460695,0.76428,0.20192,0.0338,0.26640627098660996,0.4090917621679414,0.461013133315497,0.06181586237898687,0.26640627098660996,0.29842273786145734,0.15224,0.493776486898959,0.263647197831889,1.3862492585211585
0.05,0.55,four years before the pension starts,1.8213482292211058,3.014330021789434,6.767475613460695,0.76428,0.20192,0.0338,0.24781397498543256,0.3826662802444515,0.4532977765173143,0.06018910552608806,0.24781397498543256,0.2788226231556348,0.13792,0.48870312656810205,0.24164298079286453,1.3862492585211585
0.05,0.6,four years before the pension starts,1.8213482292211058,3.014330021789434,6.767475613460695,0.76428,0.20192,0.0338,0.234518385964476,0.3633483933212603,0.44503486536617975,0.059913305797542143,0.234518385964476,0.2607937085439217,0.1266,0.48339736372392506,0.22243283301469274,1.3862492585211585
0.05,0.65,four years before the pension starts,1.8213482292211058,3.014330021789434,6.767475613460695,0.76428,0.20192,0.0338,0.21617731462227688,0.33621387137505826,0.4362901806492304,0.05843274387330458,0.21617731462227688,0.24424612455459468,0.11592,0.4779276981587709,0.20463967601726962,1.3862492585211585
0.05,0.7,four years before the pension starts,1.8213482292211058,3.014330021789434,6.767475613460695,0.76428,0.20192,0.0338,0.196031720879062,0.30587715981926034,0.42709166099054446,0.055031020657050546,0.196031720879062,0.22977684307551935,0.10584,0.47232604992584293,0.1893571497806097,1.3862492585211585
0.05,0.75,four years before the pension starts,1.8213482292211058,3.014330021789434,6.767475613460695,0.76428,0.20192,0.0338,0.18406012999594873,0.28763727561612623,0.4176042356507825,0.0540944709582367,0.18406012999594873,0.21718365068270737,0.09832,0.4666000855765245,0.17576865358741253,1.3862492585211585
0.05,0.8,four years before the pension starts,1.8213482292211058,3.014330021789434,6.767475613460695,0.76428,0.20192,0.0338,0.17375921027444785,0.2718397270436834,0.40782475755911707,0.053408512107760216,0.17375921027444785,0.20543390691207505,0.092,0.4608381841694492,0.1638571349647306,1.3862492585211585
0.05,0.85,four years before the pension starts,1.8213482292211058,3.014330021789434,6.767475613460695,0.76428,0.20192,0.0338,0.1628628602415651,0.2550418466350722,0.3979600810920986,0.05204678032795108,0.1628628602415651,0.1950528512634521,0.08736,0.4551354536654687,0.1518374344036093,1.3862492585211585
0.05,0.9,four years before the pension starts,1.8213482292211058,3.014330021789434,6.767475613460695,0.76428,0.20192,0.0338,0.15407592013169422,0.24144076019525412,0.38810671668108637,0.051256333859621035,0.15407592013169422,0.1858289473462887,0.08388,0.44956021699730003,0.14225633414874275,1.3862492585211585
0.05,0.95,four years before the pension starts,1.8213482292211058,3.014330021789434,6.767475613460695,0.76428,0.20192,0.0338,0.14606020341699716,0.22899717729786973,0.3784340066006271,0.05020247430983822,0.14606020341699716,0.1778009939608729,0.0818,0.44413647787230576,0.1334269215762838,1.3862492585211585
0.05,1.0,four years before the pension starts,1.8213482292211058,3.014330021789434,6.767475613460695,0.76428,0.20192,0.0338,0.13883121052153224,0.21774950668616674,0.3689907854744842,0.04914685672737575,0.13883121052153224,0.17077997691167102,0.081,0.4388574850504051,0.12566855926695397,1.3862492585211585
0.07,0.0,four years before the pension starts,2.549887520909548,3.014330021789434,6.767475613460695,0.59432,0.32148,0.0842,0.44639449107127904,0.6091693734775347,0.5179739025870659,0.22767044203668438,0.44639449107127904,0.44639449107127904,0.45992,0.547213347225272,0.3537023120195686,1.3862492585211585
0.07,0.05,four years before the pension starts,2.549887520909548,3.014330021789434,6.767475613460695,0.59432,0.32148,0.0842,0.43916345335206974,0.6034559212321441,0.5161475454704911,0.19543145352779634,0.43916345335206974,0.4395690072054057,0.419,0.5457775030565676,0.34855621832355427,1.3862492585211585
0.07,0.1,four years before the pension starts,2.549887520909548,3.014330021789434,6.767475613460695,0.59432,0.32148,0.0842,0.4273263111645778,0.5936734501205481,0.5136753997276962,0.16017106739265988,0.4273263111645778,0.4299717830876059,0.37756,0.5437327170371662,0.343171007497724,1.3862492585211585
0.07,0.15,four years before the pension starts,2.549887520909548,3.014330021789434,6.767475613460695,0.59432,0.32148,0.0842,0.41615968194528885,0.5839493488238391,0.5104462072003919,0.1558405713228317,0.41615968194528885,0.4190918691313822,0.34136,0.5410264775365353,0.3364907947413751,1.3862492585211585
0.07,0.2,four years before the pension starts,2.549887520909548,3.014330021789434,6.767475613460695,0.59432,0.32148,0.0842,0.4027234599618752,0.571603888100756,0.5064335049374558,0.1529903703056568,0.4027234599618752,0.40561435042105154,0.30392,0.5377414858006001,0.3288136652254143,1.3862492585211585
0.07,0.25,four years before the pension starts,2.549887520909548,3.014330021789434,6.767475613460695,0.59432,0.32148,0.0842,0.3845613526093775,0.5537924338693462,0.5017118485390996,0.12337539803955587,0.3845613526093775,0.3905093738332901,0.27,0.5338773208091075,0.3203545384475869,1.3862492585211585
0.07,0.3,four years before the pension starts,2.549887520909548,3.014330021789434,6.767475613460695,0.59432,0.32148,0.0842,0.3517006383155087,0.5183318533760601,0.4961889010623195,0.088833603270159,0.3517006383155087,0.37404398447041626,0.23868,0.5294257683419279,0.3102172755205183,1.3862492585211585
0.07,0.35,four years before the pension starts,2.549887520909548,3.014330021789434,6.767475613460695,0.59432,0.32148,0.0842,0.3351201999440657,0.4989207228013173,0.48989916138139594,0.08646764319400958,0.3351201999440657,0.3572035254680684,0.21084,0.5244169706251762,0.296984376124332,1.3862492585211585
0.07,0.4,four years before the pension starts,2.549887520909548,3.014330021789434,6.767475613460695,0.59432,0.32148,0.0842,0.3177176471863629,0.4775226254033163,0.48279723276697745,0.08446833511762504,0.3177176471863629,0.3389970730310313,0.189,0.5189339252510317,0.27987345733464425,1.3862492585211585
0.07,0.45,four years before the pension starts,2.549887520909548,3.014330021789434,6.767475613460695,0.59432,0.32148,0.0842,0.29961891053486484,0.45423541470440504,0.4750326697872844,0.08308091119238502,0.29961891053486484,0.3203739251381044,0.16952,0.5131311188184188,0.26031879026631527,1.3862492585211585
0.07,0.5,four years before the pension starts,2.549887520909548,3.014330021789434,6.767475613460695,0.59432,0.32148,0.0842,0.28025603226768203,0.4282656177457735,0.4667815176548613,0.07996224577176131,0.28025603226768203,0.3024893101136115,0.15224,0.5070864585979914,0.24381522248264245,1.3862492585211585
0.07,0.55,four years before the pension starts,2.549887520909548,3.014330021789434,6.767475613460695,0.59432,0.32148,0.0842,0.25959337891395334,0.3994944948874671,0.4580887260236887,0.07683677144370042,0.25959337891395334,0.28517361974536864,0.13792,0.5008743733921639,0.22815753345478315,1.3862492585211585
0.07,0.6,four years before the pension starts,2.549887520909548,3.014330021789434,6.767475613460695,0.59432,0.32148,0.0842,0.24318025884239966,0.37597060050351677,0.44899937630532705,0.07540120016687372,0.24318025884239966,0.2687182908955663,0.1266,0.4945558867871125,0.21257240816505307,1.3862492585211585
0.07,0.65,four years before the pension starts,2.549887520909548,3.014330021789434,6.767475613460695,0.59432,0.32148,0.0842,0.2293643317298204,0.35577640631086654,0.43963045929666683,0.0741248240332087,0.2293643317298204,0.25403720909898003,0.11592,0.48824204673242094,0.19997182826037196,1.3862492585211585
0.07,0.7,four years before the pension starts,2.549887520909548,3.014330021789434,6.767475613460695,0.59432,0.32148,0.0842,0.21514743741224165,0.3346754612454708,0.4300680896761323,0.07150710975120866,0.21514743741224165,0.24007763818406674,0.10584,0.4819343085270934,0.18680438387576792,1.3862492585211585
0.07,0.75,four years before the pension starts,2.549887520909548,3.014330021789434,6.767475613460695,0.59432,0.32148,0.0842,0.2034193557434636,0.31705866577617864,0.4204790275708219,0.06985697879389083,0.2034193557434636,0.22764775824650796,0.09832,0.4756825614892837,0.1758365939395659,1.3862492585211585
0.07,0.8,four years before the pension starts,2.549887520909548,3.014330021789434,6.767475613460695,0.59432,0.32148,0.0842,0.1929306592378806,0.3011659702742221,0.4109529871647702,0.06839067587121159,0.1929306592378806,0.21632726386231615,0.092,0.4695760834344435,0.16633554539510795,1.3862492585211585
0.07,0.85,four years before the pension starts,2.549887520909548,3.014330021789434,6.767475613460695,0.59432,0.32148,0.0842,0.18463178438196853,0.28851133610708707,0.4016669109543263,0.06781803395458051,0.18463178438196853,0.20658536357385798,0.08736,0.46369025929007074,0.15725991465467082,1.3862492585211585
0.07,0.9,four years before the pension starts,2.549887520909548,3.014330021789434,6.767475613460695,0.59432,0.32148,0.0842,0.17580756129804023,0.27498792315441134,0.3926523133899009,0.06647986526462503,0.17580756129804023,0.19780306490706895,0.08388,0.45809865963753926,0.14913405907313823,1.3862492585211585
0.07,0.95,four years before the pension starts,2.549887520909548,3.014330021789434,6.767475613460695,0.59432,0.32148,0.0842,0.16825447210251923,0.26336383619599185,0.3840954788663746,0.06460465014246261,0.16825447210251923,0.19066405415370954,0.0818,0.45277428204098963,0.1424444430431058,1.3862492585211585
0.07,1.0,four years before the pension starts,2.549887520909548,3.014330021789434,6.767475613460695,0.59432,0.32148,0.0842,0.1615957674084866,0.25308336469514775,0.3758333503667424,0.06346597315545742,0.1615957674084866,0.1839894860196091,0.081,0.44767789804122854,0.13639733526388922,1.3862492585211585
0.09,0.0,four years before the pension starts,3.27842681259799,3.014330021789434,6.767475613460695,0.45324,0.3952,0.15156,0.4524172806182768,0.6137784446755337,0.5344545896130246,0.19044134907738117,0.4524172806182768,0.4524172806182768,0.45992,0.5718288468480155,0.36286189852473133,1.3862492585211585
0.09,0.05,four years before the pension starts,3.27842681259799,3.014330021789434,6.767475613460695,0.45324,0.3952,0.15156,0.4442466981887461,0.6074929239982804,0.5318846764228897,0.18615954652077937,0.4442466981887461,0.4442466981887461,0.419,0.5697779607511163,0.3566736170938289,1.3862492585211585
0.09,0.1,four years before the pension starts,3.27842681259799,3.014330021789434,6.767475613460695,0.45324,0.3952,0.15156,0.43503278301941206,0.600103196968461,0.5285310616129741,0.1848766084711013,0.43503278301941206,0.43503278301941206,0.37756,0.5670060898093241,0.3488223218505705,1.3862492585211585
0.09,0.15,four years before the pension starts,3.27842681259799,3.014330021789434,6.767475613460695,0.45324,0.3952,0.15156,0.42394362941894215,0.5907788600994445,0.5243936733878517,0.18214025718269122,0.42394362941894215,0.42394362941894215,0.34136,0.5635190529368961,0.34015491649572216,1.3862492585211585
0.09,0.2,four years before the pension starts,3.27842681259799,3.014330021789434,6.767475613460695,0.45324,0.3952,0.15156,0.4013253565856909,0.5702786582509449,0.5194835798784742,0.11804277760097287,0.4013253565856909,0.41021927184284235,0.30392,0.5594034735619183,0.33073265808973645,1.3862492585211585
0.09,0.25,four years before the pension starts,3.27842681259799,3.014330021789434,6.767475613460695,0.45324,0.3952,0.15156,0.38370833556202666,0.5529242214722282,0.513796206844192,0.11111121297660055,0.38370833556202666,0.39638518741957307,0.27,0.554663820716744,0.3195302403361565,1.3862492585211585
0.09,0.3,four years before the pension starts,3.27842681259799,3.014330021789434,6.767475613460695,0.45324,0.3952,0.15156,0.36909384473118095,0.5376124877342693,0.5073246890724984,0.10863670251681126,0.36909384473118095,0.38194379274511864,0.23868,0.5493272259636311,0.3060249294840619,1.3862492585211585
0.09,0.35,four years before the pension starts,3.27842681259799,3.014330021789434,6.767475613460695,0.45324,0.3952,0.15156,0.35137267125898486,0.5179574965776762,0.500120533062865,0.10581413302350126,0.35137267125898486,0.36506065462063286,0.21084,0.5434725234957555,0.2920477380008805,1.3862492585211585
0.09,0.4,four years before the pension starts,3.27842681259799,3.014330021789434,6.767475613460695,0.45324,0.3952,0.15156,0.3288087468320447,0.4912779134643763,0.4922500394212996,0.10132905365184776,0.3288087468320447,0.3456015231066919,0.189,0.5372503412285616,0.27357818829772557,1.3862492585211585
0.09,0.45,four years before the pension starts,3.27842681259799,3.014330021789434,6.767475613460695,0.45324,0.3952,0.15156,0.31015006977996795,0.4679085020164926,0.48393578432594714,0.09931059966517553,0.31015006977996795,0.3276021128153764,0.16952,0.5308004503262003,0.2582981565117194,1.3862492585211585
0.09,0.5,four years before the pension starts,3.27842681259799,3.014330021789434,6.767475613460695,0.45324,0.3952,0.15156,0.2916162529578104,0.44362747605897745,0.4752194328926923,0.09621356967739375,0.2916162529578104,0.30955899425141215,0.15224,0.5241710300945539,0.24244095497747045,1.3862492585211585
0.09,0.55,four years before the pension starts,3.27842681259799,3.014330021789434,6.767475613460695,0.45324,0.3952,0.15156,0.2756390086471648,0.4219259807228968,0.4662490116716405,0.09410853690489243,0.2756390086471648,0.2931676922493444,0.13792,0.5175116610829266,0.22869041782316996,1.3862492585211585
0.09,0.6,four years before the pension starts,3.27842681259799,3.014330021789434,6.767475613460695,0.45324,0.3952,0.15156,0.25911154908127165,0.39881185256664287,0.4570502595062394,0.0898281430118378,0.25911154908127165,0.2779792483231841,0.1266,0.5108923316189998,0.21676685835803797,1.3862492585211585
0.09,0.65,four years before the pension starts,3.27842681259799,3.014330021789434,6.767475613460695,0.45324,0.3952,0.15156,0.24691694886092477,0.3813732961117071,0.44778913100963247,0.08834256731354648,0.24691694886092477,0.2641138711657998,0.11592,0.5043947737428517,0.2046011747076967,1.3862492585211585
0.09,0.7,four years before the pension starts,3.27842681259799,3.014330021789434,6.767475613460695,0.45324,0.3952,0.15156,0.23560384909157292,0.3649373963643872,0.43851366974245504,0.08738529204754525,0.23560384909157292,0.25098198232816926,0.10584,0.4980319184926632,0.19366330090639858,1.3862492585211585
0.09,0.75,four years before the pension starts,3.27842681259799,3.014330021789434,6.767475613460695,0.45324,0.3952,0.15156,0.22467568351415837,0.34885093330816497,0.42946767822748283,0.08585917119075141,0.22467568351415837,0.23947733883908942,0.09832,0.4918586493520528,0.18419788387228056,1.3862492585211585
0.09,0.8,four years before the pension starts,3.27842681259799,3.014330021789434,6.767475613460695,0.45324,0.3952,0.15156,0.2146082958387682,0.33386952430626704,0.42068173738594794,0.0840586239956526,0.2146082958387682,0.22925364100706094,0.092,0.4859400420596881,0.1758583183916484,1.3862492585211585
0.09,0.85,four years before the pension starts,3.27842681259799,3.014330021789434,6.767475613460695,0.45324,0.3952,0.15156,0.2049573527816644,0.3193786443566513,0.41221860580268005,0.0817357852869781,0.2049573527816644,0.2201251898377636,0.08736,0.4803586052384538,0.16849203154798315,1.3862492585211585
0.09,0.9,four years before the pension starts,3.27842681259799,3.014330021789434,6.767475613460695,0.45324,0.3952,0.15156,0.19737602896325288,0.3079163145138069,0.4041718344312608,0.0803912134556342,0.19737602896325288,0.21214694170188686,0.08388,0.4751559898456982,0.16075786669052072,1.3862492585211585
0.09,0.95,four years before the pension starts,3.27842681259799,3.014330021789434,6.767475613460695,0.45324,0.3952,0.15156,0.1906891091168292,0.2977544646063639,0.39659763125735975,0.07916838908165827,0.1906891091168292,0.2052973074528942,0.0818,0.4702773770674345,0.15452974569040412,1.3862492585211585
0.09,1.0,four years before the pension starts,3.27842681259799,3.014330021789434,6.767475613460695,0.45324,0.3952,0.15156,0.18427517483739883,0.28796611379137227,0.3893724665067331,0.0772517370068338,0.18427517483739883,0.19919900418315015,0.081,0.46566058260126203,0.148594134658102,1.3862492585211585
0.11,0.0,four years before the pension starts,4.006966104286431,3.014330021789434,6.767475613460695,0.34768,0.42548,0.22684,0.4622313672608402,0.6210020857579096,0.5501142965698731,0.2180143188242193,0.4622313672608402,0.4622313672608402,0.45992,0.597520910374222,0.37039734678883063,1.3862492585211585
0.11,0.05,four years before the pension starts,4.006966104286431,3.014330021789434,6.767475613460695,0.34768,0.42548,0.22684,0.4545507438344178,0.6153788282478178,0.5470079239976281,0.21474773035644532,0.4545507438344178,0.4545507438344178,0.419,0.5950879731638912,0.36310922802402046,1.3862492585211585
0.11,0.1,four years before the pension starts,4.006966104286431,3.014330021789434,6.767475613460695,0.34768,0.42548,0.22684,0.44561399393513695,0.6085621640953812,0.5431085052459359,0.21269933225491158,0.44561399393513695,0.44561399393513695,0.37756,0.5919094267605093,0.35468440484345676,1.3862492585211585
0.11,0.15,four years before the pension starts,4.006966104286431,3.014330021789434,6.767475613460695,0.34768,0.42548,0.22684,0.43415120742384183,0.5993792195258003,0.5383859801706812,0.20106249393988757,0.43415120742384183,0.43425276973417476,0.34136,0.5879485221796121,0.3447599440139947,1.3862492585211585
0.11,0.2,four years before the pension starts,4.006966104286431,3.014330021789434,6.767475613460695,0.34768,0.42548,0.22684,0.41349974074248635,0.5815614240133702,0.5328634372903258,0.1356225519201583,0.41349974074248635,0.42042361701701303,0.30392,0.5833541489332176,0.3336198462148685,1.3862492585211585
0.11,0.25,four years before the pension starts,4.006966104286431,3.014330021789434,6.767475613460695,0.34768,0.42548,0.22684,0.397860646219075,0.5669615160430325,0.5265627465098129,0.13190894492855526,0.397860646219075,0.4053359243733638,0.27,0.5781476962206693,0.3206276594268638,1.3862492585211585
0.11,0.3,four years before the pension starts,4.006966104286431,3.014330021789434,6.767475613460695,0.34768,0.42548,0.22684,0.37885768517573654,0.5479334799334225,0.5195265394955876,0.12638290663779758,0.37885768517573654,0.3877799029643272,0.23868,0.572377964816089,0.3076721752317891,1.3862492585211585
0.11,0.35,four years before the pension starts,4.006966104286431,3.014330021789434,6.767475613460695,0.34768,0.42548,0.22684,0.3596455076511493,0.5272792749188904,0.5119085008525596,0.12221700959076208,0.3596455076511493,0.3699832615432728,0.21084,0.5661576609657513,0.2921053005262768,1.3862492585211585
0.11,0.4,four years before the pension starts,4.006966104286431,3.014330021789434,6.767475613460695,0.34768,0.42548,0.22684,0.34143148160215403,0.5064250386829168,0.5037705034149529,0.11900866112861645,0.34143148160215403,0.352041792507235,0.189,0.559640347168685,0.27680963936804437,1.3862492585211585
0.11,0.45,four years before the pension starts,4.006966104286431,3.014330021789434,6.767475613460695,0.34768,0.42548,0.22684,0.3233276818655725,0.4845310871780047,0.49524186983179624,0.11513157826219995,0.3233276818655725,0.3343691973953899,0.16952,0.5529623450766828,0.2625966210870059,1.3862492585211585
0.11,0.5,four years before the pension starts,4.006966104286431,3.014330021789434,6.767475613460695,0.34768,0.42548,0.22684,0.3065526313858935,0.4632754741291924,0.4865134100556744,0.11114328608034978,0.3065526313858935,0.31816239970090077,0.15224,0.5462034753500933,0.24866023489187236,1.3862492585211585
0.11,0.55,four years before the pension starts,4.006966104286431,3.014330021789434,6.767475613460695,0.34768,0.42548,0.22684,0.2916422028809025,0.4436621666031882,0.4775792045704581,0.10790714942020257,0.2916422028809025,0.3034354733416541,0.13792,0.5395159620746169,0.23570814940537457,1.3862492585211585
0.11,0.6,four years before the pension starts,4.006966104286431,3.014330021789434,6.767475613460695,0.34768,0.42548,0.22684,0.279061890997085,0.42663111569495593,0.4686638906665997,0.10631953216200084,0.279061890997085,0.2897456428528169,0.1266,0.5329888266910363,0.22377374610913087,1.3862492585211585
0.11,0.65,four years before the pension starts,4.006966104286431,3.014330021789434,6.767475613460695,0.34768,0.42548,0.22684,0.2665511344123085,0.40929469000417756,0.4597986814519016,0.10474612300720905,0.2665511344123085,0.2761657232485025,0.11592,0.5267130057063318,0.21338764399493326,1.3862492585211585
0.11,0.7,four years before the pension starts,4.006966104286431,3.014330021789434,6.767475613460695,0.34768,0.42548,0.22684,0.25508410674655235,0.39308643409686755,0.45116385424847116,0.10288692687888147,0.25508410674655235,0.2641125736000681,0.10584,0.5206503126214077,0.2041504671190704,1.3862492585211585
0.11,0.75,four years before the pension starts,4.006966104286431,3.014330021789434,6.767475613460695,0.34768,0.42548,0.22684,0.24362109763276582,0.3766093602876275,0.44276783646332163,0.0997532518567649,0.24362109763276582,0.2532889287664038,0.09832,0.514853203236187,0.1947204607872814,1.3862492585211585
0.11,0.8,four years before the pension starts,4.006966104286431,3.014330021789434,6.767475613460695,0.34768,0.42548,0.22684,0.23448086380068936,0.3632934288211028,0.4347763958398241,0.09793128304828347,0.23448086380068936,0.24381995672958498,0.092,0.5093735814629741,0.1865296687061287,1.3862492585211585
0.11,0.85,four years before the pension starts,4.006966104286431,3.014330021789434,6.767475613460695,0.34768,0.42548,0.22684,0.22605993593610657,0.35089914932264377,0.42709956633928553,0.09606303499692363,0.22605993593610657,0.23537780241662448,0.08736,0.5042731276020289,0.178590058687901,1.3862492585211585
0.11,0.9,four years before the pension starts,4.006966104286431,3.014330021789434,6.767475613460695,0.34768,0.42548,0.22684,0.21837349648591264,0.33948956859627827,0.41983597219242347,0.09362571495982115,0.21837349648591264,0.22779369023560495,0.08388,0.4995644188410573,0.1724047860147213,1.3862492585211585
0.11,0.95,four years before the pension starts,4.006966104286431,3.014330021789434,6.767475613460695,0.34768,0.42548,0.22684,0.2109761576107082,0.32842988251794775,0.4128857002937055,0.09120398426506929,0.2109761576107082,0.2206699917387759,0.0818,0.49517702222377724,0.1661453039108432,1.3862492585211585
0.11,1.0,four years before the pension starts,4.006966104286431,3.014330021789434,6.767475613460695,0.34768,0.42548,0.22684,0.20326794398797252,0.3168301190009938,0.40626805522430626,0.08728128673788424,0.20326794398797252,0.21392801962181093,0.081,0.4910857963134801,0.16087735800530215,1.3862492585211585
0.13,0.0,four years before the pension starts,4.735505395974874,3.014330021789434,6.767475613460695,0.2696,0.42788,0.30252,0.47229385561906434,0.62804713272887,0.565918486482934,0.24211760303276186,0.47229385561906434,0.47229385561906434,0.45992,0.6250676736960523,0.377884360250458,1.3862492585211585
0.13,0.05,four years before the pension starts,4.735505395974874,3.014330021789434,6.767475613460695,0.2696,0.42788,0.30252,0.4644355670388825,0.6225762876385459,0.562448419224101,0.24001107289604978,0.4644355670388825,0.4644355670388825,0.419,0.6225219467357931,0.36972352122322666,1.3862492585211585
0.13,0.1,four years before the pension starts,4.735505395974874,3.014330021789434,6.767475613460695,0.2696,0.42788,0.30252,0.45419652056266074,0.6151142763664976,0.5581901667291215,0.2283133282762851,0.45419652056266074,0.45419652056266074,0.37756,0.6191943251549292,0.36045466998617715,1.3862492585211585
0.13,0.15,four years before the pension starts,4.735505395974874,3.014330021789434,6.767475613460695,0.2696,0.42788,0.30252,0.4383884604659744,0.602831837963519,0.5531053555627418,0.16376045211258275,0.4383884604659744,0.44110119934313646,0.34136,0.6150366416983614,0.3495269191324627,1.3862492585211585
0.13,0.2,four years before the pension starts,4.735505395974874,3.014330021789434,6.767475613460695,0.2696,0.42788,0.30252,0.4237566741009981,0.5906175885733917,0.547224383068295,0.15532427253097458,0.4237566741009981,0.4274697790216509,0.30392,0.610280315660678,0.33746747432164914,1.3862492585211585
0.13,0.25,four years before the pension starts,4.735505395974874,3.014330021789434,6.767475613460695,0.2696,0.42788,0.30252,0.4071089687594036,0.575711094632908,0.5406392815925798,0.14837755554884988,0.4071089687594036,0.4115392085134981,0.27,0.604957431960727,0.32529804509627464,1.3862492585211585
0.13,0.3,four years before the pension starts,4.735505395974874,3.014330021789434,6.767475613460695,0.2696,0.42788,0.30252,0.38969779682342814,0.5589604810769104,0.5334233191873065,0.14351070136334781,0.38969779682342814,0.3942256401342278,0.23868,0.5991064884567159,0.3118484313347726,1.3862492585211585
0.13,0.35,four years before the pension starts,4.735505395974874,3.014330021789434,6.767475613460695,0.2696,0.42788,0.30252,0.37232978420756224,0.5410736014653822,0.5256340330662559,0.13988414796817591,0.37232978420756224,0.37679433766946346,0.21084,0.5928431861150578,0.29731952242277976,1.3862492585211585
0.13,0.4,four years before the pension starts,4.735505395974874,3.014330021789434,6.767475613460695,0.2696,0.42788,0.30252,0.35435896532708655,0.5213516169060043,0.5174837657683057,0.1343064091898774,0.35435896532708655,0.3594618634363884,0.189,0.5863437209311539,0.2828361535682116,1.3862492585211585
0.13,0.45,four years before the pension starts,4.735505395974874,3.014330021789434,6.767475613460695,0.2696,0.42788,0.30252,0.3374061723050639,0.50165495986957,0.5091245131177904,0.12851807243173788,0.3374061723050639,0.34354439799257785,0.16952,0.5797597312282073,0.268654556417533,1.3862492585211585
0.13,0.5,four years before the pension starts,4.735505395974874,3.014330021789434,6.767475613460695,0.2696,0.42788,0.30252,0.323453126745882,0.4846866218585402,0.5005620269034318,0.12662554288588865,0.323453126745882,0.3290227786610489,0.15224,0.5731567207496211,0.2558792336446226,1.3862492585211585
0.13,0.55,four years before the pension starts,4.735505395974874,3.014330021789434,6.767475613460695,0.2696,0.42788,0.30252,0.30988013149902643,0.4675622401932744,0.49193997046168136,0.1247247796705947,0.30988013149902643,0.3148990873648959,0.13792,0.5667294887815616,0.24455130034405503,1.3862492585211585
0.13,0.6,four years before the pension starts,4.735505395974874,3.014330021789434,6.767475613460695,0.2696,0.42788,0.30252,0.2965776340551767,0.4502255945183633,0.48340699747789984,0.12181724662146834,0.2965776340551767,0.30162691626996846,0.1266,0.560561296149528,0.23277109464279522,1.3862492585211585
0.13,0.65,four years before the pension starts,4.735505395974874,3.014330021789434,6.767475613460695,0.2696,0.42788,0.30252,0.2843530826341098,0.43384549526497596,0.4751252432692587,0.11884688568797563,0.2843530826341098,0.28946103752433333,0.11592,0.5546922807568282,0.22272217845919406,1.3862492585211585
0.13,0.7,four years before the pension starts,4.735505395974874,3.014330021789434,6.767475613460695,0.2696,0.42788,0.30252,0.2732492065659183,0.41862365381935246,0.46704557919016526,0.11645774525552736,0.2732492065659183,0.27822591254074874,0.10584,0.5490864258226995,0.21343898849580734,1.3862492585211585
0.13,0.75,four years before the pension starts,4.735505395974874,3.014330021789434,6.767475613460695,0.2696,0.42788,0.30252,0.2631379936042659,0.40450074380117995,0.4592840100652433,0.11401824335070267,0.2631379936042659,0.26803038787446165,0.09832,0.5437581825976627,0.20508214412268988,1.3862492585211585
0.13,0.8,four years before the pension starts,4.735505395974874,3.014330021789434,6.767475613460695,0.2696,0.42788,0.30252,0.25360655048255165,0.39097737827636975,0.45180134155122137,0.11133153686204668,0.25360655048255165,0.2586801191176759,0.092,0.5387530029793224,0.19675728377307125,1.3862492585211585
0.13,0.85,four years before the pension starts,4.735505395974874,3.014330021789434,6.767475613460695,0.2696,0.42788,0.30252,0.24469534159910178,0.37816437528261604,0.4446789981404567,0.1073914564397252,0.24469534159910178,0.2501522299080998,0.08736,0.5341473672257966,0.19006202451631896,1.3862492585211585
0.13,0.9,four years before the pension starts,4.735505395974874,3.014330021789434,6.767475613460695,0.2696,0.42788,0.30252,0.23581301844691246,0.3652433655162884,0.4378828007677426,0.10354600914828796,0.23581301844691246,0.24184822552200258,0.08388,0.5299457016429316,0.1830760242599382,1.3862492585211585
0.13,0.95,four years before the pension starts,4.735505395974874,3.014330021789434,6.767475613460695,0.2696,0.42788,0.30252,0.22822992543934603,0.35410398311750907,0.4315631221063644,0.10086263874234817,0.22822992543934603,0.23461407836894732,0.0818,0.5260828517498551,0.1772555162319085,1.3862492585211585
0.13,1.0,four years before the pension starts,4.735505395974874,3.014330021789434,6.767475613460695,0.2696,0.42788,0.30252,0.22077721469981793,0.3430669673639215,0.425655335205719,0.09738561597069935,0.22077721469981793,0.22798060655250363,0.081,0.5225314391187427,0.17220270469158386,1.3862492585211585
0.15,0.0,four years before the pension starts,5.464044687663316,3.014330021789434,6.767475613460695,0.2094,0.41072,0.37988,0.4826147034882317,0.6349032910189776,0.5823344412252032,0.2630907705069195,0.4826147034882317,0.4826147034882317,0.45992,0.6547918123693821,0.38578617156283423,1.3862492585211585
0.15,0.05,four years before the pension starts,5.464044687663316,3.014330021789434,6.767475613460695,0.2094,0.41072,0.37988,0.47478554526854305,0.629736233417976,0.5787847479179971,0.2543961875331552,0.47478554526854305,0.47478554526854305,0.419,0.6523788971210687,0.3770629137182816,1.3862492585211585
0.15,0.1,four years before the pension starts,5.464044687663316,3.014330021789434,6.767475613460695,0.2094,0.41072,0.37988,0.4634074156259643,0.6218441790939451,0.5743937870261501,0.20076259571051516,0.4634074156259643,0.4638518706235994,0.37756,0.6491051451793232,0.3675386853886087,1.3862492585211585
0.15,0.15,four years before the pension starts,5.464044687663316,3.014330021789434,6.767475613460695,0.2094,0.41072,0.37988,0.4497082716847842,0.6117220351502718,0.5691395823235288,0.1793814393738308,0.4497082716847842,0.45096196236486114,0.34136,0.6450157374225476,0.3568101638988369,1.3862492585211585
0.15,0.2,four years before the pension starts,5.464044687663316,3.014330021789434,6.767475613460695,0.2094,0.41072,0.37988,0.43509882772945574,0.6001573152629467,0.5631629283118733,0.1710894855632,0.43509882772945574,0.4365480399074236,0.30392,0.6403900152916037,0.3440428496362071,1.3862492585211585
0.15,0.25,four years before the pension starts,5.464044687663316,3.014330021789434,6.767475613460695,0.2094,0.41072,0.37988,0.4184016647943769,0.5859406117174988,0.5564713128097524,0.16512511482546058,0.4184016647943769,0.41980172187955256,0.27,0.6351952160179903,0.33117959095046196,1.3862492585211585
0.15,0.3,four years before the pension starts,5.464044687663316,3.014330021789434,6.767475613460695,0.2094,0.41072,0.37988,0.40231477895116935,0.5712173014633166,0.5492144473732492,0.16120965639651133,0.40231477895116935,0.403621236327882,0.23868,0.6294822866878099,0.3171460199479666,1.3862492585211585
0.15,0.35,four years before the pension starts,5.464044687663316,3.014330021789434,6.767475613460695,0.2094,0.41072,0.37988,0.38495057511800945,0.5541876497722722,0.5415231875005998,0.15488906058449356,0.38495057511800945,0.38638541948259536,0.21084,0.6234300266869821,0.3031881851665772,1.3862492585211585
0.15,0.4,four years before the pension starts,5.464044687663316,3.014330021789434,6.767475613460695,0.2094,0.41072,0.37988,0.368200326651214,0.5366497554362242,0.5335417782011574,0.14802445884346882,0.368200326651214,0.3700632550845713,0.189,0.6171484270162574,0.2897509662727003,1.3862492585211585
0.15,0.45,four years before the pension starts,5.464044687663316,3.014330021789434,6.767475613460695,0.2094,0.41072,0.37988,0.3535871914071507,0.5204775879074486,0.5253716614387778,0.14495782890304681,0.3535871914071507,0.3553492723562901,0.16952,0.6108337463525068,0.2771494619848559,1.3862492585211585
0.15,0.5,four years before the pension starts,5.464044687663316,3.014330021789434,6.767475613460695,0.2094,0.41072,0.37988,0.3395058539275624,0.5041502580039108,0.5170681414719588,0.14219687219694066,0.3395058539275624,0.34111029166373225,0.15224,0.6045631417556829,0.2641206000331879,1.3862492585211585
0.15,0.55,four years before the pension starts,5.464044687663316,3.014330021789434,6.767475613460695,0.2094,0.41072,0.37988,0.3263349363464227,0.4882452753637685,0.5088274714631107,0.13884239974458137,0.3263349363464227,0.32796250196702403,0.13792,0.5985469984273527,0.25269654706606226,1.3862492585211585
0.15,0.6,four years before the pension starts,5.464044687663316,3.014330021789434,6.767475613460695,0.2094,0.41072,0.37988,0.31363989080483917,0.4723645891982693,0.5007343700286754,0.1357690970358236,0.31363989080483917,0.3152269044056087,0.1266,0.592842077486507,0.24178934384347128,1.3862492585211585
0.15,0.65,four years before the pension starts,5.464044687663316,3.014330021789434,6.767475613460695,0.2094,0.41072,0.37988,0.30185529891754975,0.4571668028983542,0.49282932417666947,0.13299074119038515,0.30185529891754975,0.303291452702467,0.11592,0.5874249417443375,0.23213957381241493,1.3862492585211585
0.15,0.7,four years before the pension starts,5.464044687663316,3.014330021789434,6.767475613460695,0.2094,0.41072,0.37988,0.2902185610169561,0.4417562483443588,0.4852136359814186,0.1291611569229375,0.2902185610169561,0.29172636442795996,0.10584,0.582322366687882,0.22300762875619964,1.3862492585211585
0.15,0.75,four years before the pension starts,5.464044687663316,3.014330021789434,6.767475613460695,0.2094,0.41072,0.37988,0.27984376298876346,0.42770172913612736,0.4778840791740128,0.1253116541433376,0.27984376298876346,0.2814879635316247,0.09832,0.5774852386872559,0.21491311157392515,1.3862492585211585
0.15,0.8,four years before the pension starts,5.464044687663316,3.014330021789434,6.767475613460695,0.2094,0.41072,0.37988,0.2702005436129094,0.41439073039340507,0.4708725343776909,0.12189258528526138,0.2702005436129094,0.27198181814924965,0.092,0.5729740383155978,0.20714322815738773,1.3862492585211585
0.15,0.85,four years before the pension starts,5.464044687663316,3.014330021789434,6.767475613460695,0.2094,0.41072,0.37988,0.26075718138334797,0.40114124950343094,0.4643163070687021,0.11723276447281665,0.26075718138334797,0.2631899949132194,0.08736,0.5688755848153072,0.20048462999448244,1.3862492585211585
0.15,0.9,four years before the pension starts,5.464044687663316,3.014330021789434,6.767475613460695,0.2094,0.41072,0.37988,0.25245818026287475,0.3893350912567926,0.4582165335091302,0.11322866303216536,0.25245818026287475,0.2555660931556979,0.08388,0.5651659370691025,0.19491424205923064,1.3862492585211585
0.15,0.95,four years before the pension starts,5.464044687663316,3.014330021789434,6.767475613460695,0.2094,0.41072,0.37988,0.24516080180275598,0.37883747265891793,0.4525239354034845,0.11001070815662699,0.24516080180275598,0.2486837565444795,0.0818,0.5617936799157137,0.18997824643897257,1.3862492585211585
0.15,1.0,four years before the pension starts,5.464044687663316,3.014330021789434,6.767475613460695,0.2094,0.41072,0.37988,0.23869695989571088,0.36945416608496706,0.4472951279229794,0.10660343834981491,0.23869695989571088,0.24287400600267547,0.081,0.5587095107758202,0.1855945373288193,1.3862492585211585
0.17,0.0,four years before the pension starts,6.19258397935176,3.014330021789434,6.767475613460695,0.16396,0.38664,0.4494,0.4941597892176954,0.6421434199273075,0.5997697790970626,0.27987711862285986,0.4941597892176954,0.4941597892176954,0.45992,0.6867671230696434,0.39447806043130873,1.3862492585211585
0.17,0.05,four years before the pension starts,6.19258397935176,3.014330021789434,6.767475613460695,0.16396,0.38664,0.4494,0.48631078443293074,0.6372697434607281,0.5961955602963246,0.2700047062728811,0.48631078443293074,0.48631078443293074,0.419,0.6846188708167422,0.38501232255528595,1.3862492585211585
0.17,0.1,four years before the pension starts,6.19258397935176,3.014330021789434,6.767475613460695,0.16396,0.38664,0.4494,0.4736689165898566,0.6289819677429226,0.5917099695713932,0.2093155940132372,0.4736689165898566,0.4736689165898566,0.37756,0.6815609139893146,0.3747020014839565,1.3862492585211585
0.17,0.15,four years before the pension starts,6.19258397935176,3.014330021789434,6.767475613460695,0.16396,0.38664,0.4494,0.4607943651122049,0.6199663499364368,0.5864349079352905,0.1966558069959085,0.4607943651122049,0.4607943651122049,0.34136,0.6777527503185273,0.36215098628569464,1.3862492585211585
0.17,0.2,four years before the pension starts,6.19258397935176,3.014330021789434,6.767475613460695,0.16396,0.38664,0.4494,0.44559224290971844,0.6085452095435532,0.5804347778475623,0.18785983478942506,0.44559224290971844,0.44559224290971844,0.30392,0.6734157703098146,0.34993345401795384,1.3862492585211585
0.17,0.25,four years before the pension starts,6.19258397935176,3.014330021789434,6.767475613460695,0.16396,0.38664,0.4494,0.4304999835883071,0.5963489999255833,0.573828688609438,0.18298733015742802,0.4304999835883071,0.4304999835883071,0.27,0.6685241456827443,0.3363471027611082,1.3862492585211585
0.17,0.3,four years before the pension starts,6.19258397935176,3.014330021789434,6.767475613460695,0.16396,0.38664,0.4494,0.41437347819564524,0.5823488575857043,0.5666943937314238,0.17637332096413133,0.41437347819564524,0.41437347819564524,0.23868,0.6631278893647883,0.3238665225812181,1.3862492585211585
0.17,0.35,four years before the pension starts,6.19258397935176,3.014330021789434,6.767475613460695,0.16396,0.38664,0.4494,0.3979485999559759,0.5670463056950095,0.559220553514815,0.16845576355774966,0.3979485999559759,0.3979485999559759,0.21084,0.6574314484733396,0.31027664040251635,1.3862492585211585
0.17,0.4,four years before the pension starts,6.19258397935176,3.014330021789434,6.767475613460695,0.16396,0.38664,0.4494,0.38305116318832566,0.5522534139806586,0.5514965793501934,0.16390779026023902,0.38305116318832566,0.38305116318832566,0.189,0.6514989275452737,0.2973801187130841,1.3862492585211585
0.17,0.45,four years before the pension starts,6.19258397935176,3.014330021789434,6.767475613460695,0.16396,0.38664,0.4494,0.3690396224809814,0.537554151934505,0.5435553520209444,0.16046168371786326,0.3690396224809814,0.3690396224809814,0.16952,0.6455811048325207,0.2846841441596997,1.3862492585211585
0.17,0.5,four years before the pension starts,6.19258397935176,3.014330021789434,6.767475613460695,0.16396,0.38664,0.4494,0.3553756874054878,0.5224996923554212,0.5355540040559139,0.15626343973507745,0.3553756874054878,0.3553756874054878,0.15224,0.6397405601283243,0.272650759183022,1.3862492585211585
0.17,0.55,four years before the pension starts,6.19258397935176,3.014330021789434,6.767475613460695,0.16396,0.38664,0.4494,0.3421760182610897,0.5073010490727838,0.527639268902364,0.15256405502123005,0.3421760182610897,0.3421760182610897,0.13792,0.6342167219509786,0.26121788459157985,1.3862492585211585
0.17,0.6,four years before the pension starts,6.19258397935176,3.014330021789434,6.767475613460695,0.16396,0.38664,0.4494,0.329635260719933,0.4922865259353538,0.5198878869570436,0.1495041266717422,0.329635260719933,0.329635260719933,0.1266,0.628986951964746,0.2515372501619333,1.3862492585211585
0.17,0.65,four years before the pension starts,6.19258397935176,3.014330021789434,6.767475613460695,0.16396,0.38664,0.4494,0.31715054792542685,0.47680847395303594,0.5124163309027286,0.14475527932425733,0.31715054792542685,0.3171575469504429,0.11592,0.624095778839798,0.2418227367994695,1.3862492585211585
0.17,0.7,four years before the pension starts,6.19258397935176,3.014330021789434,6.767475613460695,0.16396,0.38664,0.4494,0.30602088374441455,0.4625872954265022,0.5052323766967556,0.14033963750221642,0.30602088374441455,0.306174423405186,0.10584,0.6194990479274539,0.23303543181157185,1.3862492585211585
0.17,0.75,four years before the pension starts,6.19258397935176,3.014330021789434,6.767475613460695,0.16396,0.38664,0.4494,0.2957394028202867,0.44911573067274213,0.4983936165075747,0.1362192430884829,0.2957394028202867,0.29606118215796295,0.09832,0.6151625925968233,0.22518815228899428,1.3862492585211585
0.17,0.8,four years before the pension starts,6.19258397935176,3.014330021789434,6.767475613460695,0.16396,0.38664,0.4494,0.28598622163253307,0.43605740549884725,0.49195422960855584,0.13111491014679352,0.28598622163253307,0.28669170821298756,0.092,0.611120794793914,0.21888709399521944,1.3862492585211585
0.17,0.85,four years before the pension starts,6.19258397935176,3.014330021789434,6.767475613460695,0.16396,0.38664,0.4494,0.2771899280482754,0.4240615399715291,0.48592835905600745,0.12662132962180947,0.2771899280482754,0.2783643872815882,0.08736,0.6074618250772589,0.21289700941762674,1.3862492585211585
0.17,0.9,four years before the pension starts,6.19258397935176,3.014330021789434,6.767475613460695,0.16396,0.38664,0.4494,0.26934241381492025,0.41319524954553744,0.48035632831715236,0.12253195691840703,0.26934241381492025,0.2709490121580608,0.08388,0.604203894465123,0.2079811496038222,1.3862492585211585
0.17,0.95,four years before the pension starts,6.19258397935176,3.014330021789434,6.767475613460695,0.16396,0.38664,0.4494,0.26285494287560723,0.4041019998885084,0.4752464522909481,0.119595149482968,0.26285494287560723,0.2648546505570433,0.0818,0.601279052214535,0.2030374564646105,1.3862492585211585
0.17,1.0,four years before the pension starts,6.19258397935176,3.014330021789434,6.767475613460695,0.16396,0.38664,0.4494,0.25704733232526916,0.3958816675817501,0.4705082840635714,0.11600884419391441,0.25704733232526916,0.25951531892793783,0.081,0.598571925120527,0.19886546651849413,1.3862492585211585
0.2,0.0,four years before the pension starts,7.285392916884423,3.014330021789434,6.767475613460695,0.11656,0.34228,0.54116,0.5102470427407315,0.6515086296943229,0.6272570046739758,0.30495657831899414,0.5102470427407315,0.5102470427407315,0.45992,0.7384156390384383,0.4046849183362089,1.3862492585211585
0.2,0.05,four years before the pension starts,7.285392916884423,3.014330021789434,6.767475613460695,0.11656,0.34228,0.54116,0.5014541100646158,0.6464917758136395,0.6238215727134034,0.2793080312532527,0.5014541100646158,0.5014541100646158,0.419,0.7368971412934371,0.39476824933013704,1.3862492585211585
0.2,0.1,four years before the pension starts,7.285392916884423,3.014330021789434,6.767475613460695,0.11656,0.34228,0.54116,0.48988854631929885,0.6395166539895774,0.6195394533163976,0.23405109820100573,0.48988854631929885,0.48988854631929885,0.37756,0.7345015767298184,0.384553115454309,1.3862492585211585
0.2,0.15,four years before the pension starts,7.285392916884423,3.014330021789434,6.767475613460695,0.11656,0.34228,0.54116,0.4767862258171598,0.6310767857207388,0.6144567364310279,0.22050099231124734,0.4767862258171598,0.4767862258171598,0.34136,0.7313458779608848,0.3724375312728757,1.3862492585211585
0.2,0.2,four years before the pension starts,7.285392916884423,3.014330021789434,6.767475613460695,0.11656,0.34228,0.54116,0.46299436992318693,0.621548992190545,0.6087370017182572,0.21408645177222385,0.46299436992318693,0.46299436992318693,0.30392,0.7276963597630683,0.35942710792307553,1.3862492585211585
0.2,0.25,four years before the pension starts,7.285392916884423,3.014330021789434,6.767475613460695,0.11656,0.34228,0.54116,0.4481454391355705,0.6105232699901723,0.6024423931028557,0.20539999710852683,0.4481454391355705,0.4481454391355705,0.27,0.7234716891925864,0.34734254855251,1.3862492585211585
0.2,0.3,four years before the pension starts,7.285392916884423,3.014330021789434,6.767475613460695,0.11656,0.34228,0.54116,0.4325865451544758,0.5980869412821143,0.5957051774372978,0.196153433829528,0.4325865451544758,0.4325865451544758,0.23868,0.718789686544426,0.33485112319316,1.3862492585211585
0.2,0.35,four years before the pension starts,7.285392916884423,3.014330021789434,6.767475613460695,0.11656,0.34228,0.54116,0.4182813177144787,0.5858342207079923,0.5886506448973096,0.18810167476061965,0.4182813177144787,0.4183121552473013,0.21084,0.7137584508157342,0.3221402960009713,1.3862492585211585
0.2,0.4,four years before the pension starts,7.285392916884423,3.014330021789434,6.767475613460695,0.11656,0.34228,0.54116,0.40417801205773507,0.5729744907552785,0.5812522642138587,0.18322899825138567,0.40417801205773507,0.40420398914434175,0.189,0.7085080196315341,0.3100669765945736,1.3862492585211585
0.2,0.45,four years before the pension starts,7.285392916884423,3.014330021789434,6.767475613460695,0.11656,0.34228,0.54116,0.3904003785514192,0.5596593846944656,0.5737058070931548,0.17847072042376133,0.3904003785514192,0.39042221938127153,0.16952,0.703310662636043,0.2980382685351562,1.3862492585211585
0.2,0.5,four years before the pension starts,7.285392916884423,3.014330021789434,6.767475613460695,0.11656,0.34228,0.54116,0.3770874277866543,0.5460894155253785,0.5661694360851691,0.17464416477838274,0.3770874277866543,0.37710578980340803,0.15224,0.6982157987081007,0.2870443583422627,1.3862492585211585
0.2,0.55,four years before the pension starts,7.285392916884423,3.014330021789434,6.767475613460695,0.11656,0.34228,0.54116,0.3634900248240504,0.5315244964430276,0.5587398202097823,0.16966142856815686,0.3634900248240504,0.3635053063025921,0.13792,0.6934670329104294,0.2757148525821427,1.3862492585211585
0.2,0.6,four years before the pension starts,7.285392916884423,3.014330021789434,6.767475613460695,0.11656,0.34228,0.54116,0.3511857614263341,0.5177439728646048,0.5516155635094679,0.16547023075346312,0.3511857614263341,0.351198625588723,0.1266,0.6890239281459023,0.2659671005149903,1.3862492585211585
0.2,0.65,four years before the pension starts,7.285392916884423,3.014330021789434,6.767475613460695,0.11656,0.34228,0.54116,0.33964176772895155,0.5043112456267815,0.5447864536991959,0.1598546783938133,0.33964176772895155,0.33973015080044056,0.11592,0.6849168946843522,0.25774159012881526,1.3862492585211585
0.2,0.7,four years before the pension starts,7.285392916884423,3.014330021789434,6.767475613460695,0.11656,0.34228,0.54116,0.3290116200948274,0.4915256985825747,0.5383035925775117,0.1544830220164814,0.3290116200948274,0.3291548767398753,0.10584,0.6810560525196038,0.2500897955472934,1.3862492585211585
0.2,0.75,four years before the pension starts,7.285392916884423,3.014330021789434,6.767475613460695,0.11656,0.34228,0.54116,0.31866133449235307,0.4787087176853797,0.532176456453749,0.1496594057203651,0.31866133449235307,0.3188124658627405,0.09832,0.6773926481207885,0.24372098135233636,1.3862492585211585
0.2,0.8,four years before the pension starts,7.285392916884423,3.014330021789434,6.767475613460695,0.11656,0.34228,0.54116,0.30977401020213885,0.4674260518800058,0.5264698867138017,0.1448615826222112,0.30977401020213885,0.3100081029365204,0.092,0.6739899428999907,0.23737534952011577,1.3862492585211585
0.2,0.85,four years before the pension starts,7.285392916884423,3.014330021789434,6.767475613460695,0.11656,0.34228,0.54116,0.3021817605017414,0.4575934846106854,0.5211626606659684,0.14068827942043266,0.3021817605017414,0.30266903651403293,0.08736,0.6709402752520843,0.23143309188390798,1.3862492585211585
0.2,0.9,four years before the pension starts,7.285392916884423,3.014330021789434,6.767475613460695,0.11656,0.34228,0.54116,0.2953493465100902,0.4485985907918607,0.5162410912995535,0.1372178081958063,0.2953493465100902,0.2960179072844908,0.08388,0.668251838425128,0.22595655686966304,1.3862492585211585
0.2,0.95,four years before the pension starts,7.285392916884423,3.014330021789434,6.767475613460695,0.11656,0.34228,0.54116,0.28871624384905,0.439738952754266,0.5117038352539456,0.13283394974677845,0.28871624384905,0.2897228477392192,0.0818,0.6658500248496833,0.22229702750649485,1.3862492585211585
0.2,1.0,four years before the pension starts,7.285392916884423,3.014330021789434,6.767475613460695,0.11656,0.34228,0.54116,0.2809768660302267,0.4292505013154105,0.5074472288891385,0.1043297810455641,0.2809768660302267,0.28355253745342096,0.081,0.6635743401245334,0.2178748708003221,1.3862492585211585
0.25,0.0,four years before the pension starts,9.106741146105527,3.014330021789434,6.767475613460695,0.06768,0.27376,0.65856,0.5357532591048771,0.6647463140335527,0.6760142521544464,0.3124941315266867,0.5357532591048771,0.5357532591048771,0.45992,0.832585367624682,0.4195188168128899,1.3862492585211585
0.25,0.05,four years before the pension starts,9.106741146105527,3.014330021789434,6.767475613460695,0.06768,0.27376,0.65856,0.5260081268532267,0.6599115103179339,0.673315229598136,0.25893273233314684,0.5260081268532267,0.5260081268532267,0.419,0.832611755550507,0.4113147931412823,1.3862492585211585
0.25,0.1,four years before the pension starts,9.106741146105527,3.014330021789434,6.767475613460695,0.06768,0.27376,0.65856,0.515060503919625,0.6541536753747249,0.6697535602589869,0.25223697707867654,0.515060503919625,0.515060503919625,0.37756,0.8317471717701866,0.4009874395226133,1.3862492585211585
0.25,0.15,four years before the pension starts,9.106741146105527,3.014330021789434,6.767475613460695,0.06768,0.27376,0.65856,0.5036235276284077,0.6477521136354483,0.6654975691879145,0.24695510303795173,0.5036235276284077,0.5036235276284077,0.34136,0.8301316724030289,0.3901042143290795,1.3862492585211585
0.25,0.2,four years before the pension starts,9.106741146105527,3.014330021789434,6.767475613460695,0.06768,0.27376,0.65856,0.49139199282475476,0.6404481248838523,0.6606227911840937,0.23828144281245683,0.49139199282475476,0.49139199282475476,0.30392,0.8279753122169942,0.37868963799102473,1.3862492585211585
0.25,0.25,four years before the pension starts,9.106741146105527,3.014330021789434,6.767475613460695,0.06768,0.27376,0.65856,0.47798443718833356,0.6318729895437197,0.6551680902933108,0.22930445759636858,0.47798443718833356,0.47798443718833356,0.27,0.825210136428803,0.3675290742316527,1.3862492585211585
0.25,0.3,four years before the pension starts,9.106741146105527,3.014330021789434,6.767475613460695,0.06768,0.27376,0.65856,0.46463966536159707,0.6227211660894381,0.6491947096962327,0.22346447718047818,0.46463966536159707,0.46463966536159707,0.23868,0.8219276886608395,0.3548239936700119,1.3862492585211585
0.25,0.35,four years before the pension starts,9.106741146105527,3.014330021789434,6.767475613460695,0.06768,0.27376,0.65856,0.45049496823095847,0.612322025093783,0.6427969868560973,0.21571131959650644,0.45049496823095847,0.45049496823095847,0.21084,0.8182354478209243,0.34345559005172444,1.3862492585211585
0.25,0.4,four years before the pension starts,9.106741146105527,3.014330021789434,6.767475613460695,0.06768,0.27376,0.65856,0.4364058378253116,0.6012248762009714,0.6361107119374461,0.2089704277442796,0.4364058378253116,0.4364058378253116,0.189,0.8143146826834655,0.3317809490574241,1.3862492585211585
0.25,0.45,four years before the pension starts,9.106741146105527,3.014330021789434,6.767475613460695,0.06768,0.27376,0.65856,0.42330886927106043,0.5902307516860126,0.6293554523564391,0.20440954061988342,0.42330886927106043,0.42330886927106043,0.16952,0.8104517700399612,0.3216266497389254,1.3862492585211585
0.25,0.5,four years before the pension starts,9.106741146105527,3.014330021789434,6.767475613460695,0.06768,0.27376,0.65856,0.41061879239824645,0.5789438954488002,0.6227372726350898,0.20017089643499777,0.41061879239824645,0.41061879239824645,0.15224,0.8067210857636471,0.31125760074540604,1.3862492585211585
0.25,0.55,four years before the pension starts,9.106741146105527,3.014330021789434,6.767475613460695,0.06768,0.27376,0.65856,0.3983619892110313,0.56744441743753,0.6163735652012539,0.19428531985686087,0.3983619892110313,0.3983619892110313,0.13792,0.8033208986341148,0.3027141879358306,1.3862492585211585
0.25,0.6,four years before the pension starts,9.106741146105527,3.014330021789434,6.767475613460695,0.06768,0.27376,0.65856,0.3861912083025152,0.5554434523103363,0.6102622983607932,0.1867416103582408,0.3861912083025152,0.3861912083025152,0.1266,0.80014423905448,0.29394856860828145,1.3862492585211585
0.25,0.65,four years before the pension starts,9.106741146105527,3.014330021789434,6.767475613460695,0.06768,0.27376,0.65856,0.37591581501926946,0.5448623062792937,0.6045621299538755,0.18254998195624875,0.37591581501926946,0.37591581501926946,0.11592,0.7972438190220418,0.28548101990586594,1.3862492585211585
0.25,0.7,four years before the pension starts,9.106741146105527,3.014330021789434,6.767475613460695,0.06768,0.27376,0.65856,0.3665876570122869,0.5349044804503361,0.5991635021980073,0.1777758197912964,0.3665876570122869,0.3665876570122869,0.10584,0.794460613969138,0.2788767557065234,1.3862492585211585
0.25,0.75,four years before the pension starts,9.106741146105527,3.014330021789434,6.767475613460695,0.06768,0.27376,0.65856,0.35810233952377646,0.5255597005538098,0.5940190434403766,0.17266688944956335,0.35810233952377646,0.35810233952377646,0.09832,0.7917648401605712,0.27276758759086384,1.3862492585211585
0.25,0.8,four years before the pension starts,9.106741146105527,3.014330021789434,6.767475613460695,0.06768,0.27376,0.65856,0.35016876367235167,0.5165799278123626,0.5892202212387375,0.16710112949202094,0.35016876367235167,0.35016876367235167,0.092,0.7892565922305803,0.2665766992801955,1.3862492585211585
0.25,0.85,four years before the pension starts,9.106741146105527,3.014330021789434,6.767475613460695,0.06768,0.27376,0.65856,0.3426077011310183,0.5078080570794288,0.5847060110157116,0.16244148376239467,0.3426077011310183,0.3426424204829489,0.08736,0.786995798102228,0.26166518386521614,1.3862492585211585
0.25,0.9,four years before the pension starts,9.106741146105527,3.014330021789434,6.767475613460695,0.06768,0.27376,0.65856,0.3344674572271557,0.49813664440568295,0.5805465239896327,0.1300555810696214,0.3344674572271557,0.3357907130644279,0.08388,0.7850309138484475,0.25610224359669814,1.3862492585211585
0.25,0.95,four years before the pension starts,9.106741146105527,3.014330021789434,6.767475613460695,0.06768,0.27376,0.65856,0.32611188746248887,0.48797082894714633,0.576729857286876,0.11696086214685678,0.32611188746248887,0.3293468093922238,0.0818,0.7832248325743028,0.25216492313174704,1.3862492585211585
0.25,1.0,four years before the pension starts,9.106741146105527,3.014330021789434,6.767475613460695,0.06768,0.27376,0.65856,0.31984656746816725,0.48019431556914616,0.5732159218108533,0.11315992974589617,0.31984656746816725,0.32386036046437006,0.081,0.7814085582532345,0.24857231846061653,1.3862492585211585
0.35,0.0,four years before the pension starts,12.749437604547737,3.014330021789434,6.767475613460695,0.02704,0.16716,0.8058,0.5809317499703264,0.6839325995622257,0.77975953212969,0.31102240796711805,0.5809317499703264,0.5809317499703264,0.45992,1.041477208997613,0.44404411433909696,1.3862492585211585
0.35,0.05,four years before the pension starts,12.749437604547737,3.014330021789434,6.767475613460695,0.02704,0.16716,0.8058,0.5745396269614745,0.6815152602452619,0.7796446277808414,0.30636946977095003,0.5745396269614745,0.5745396269614745,0.419,1.045422909278155,0.43699374602992025,1.3862492585211585
0.35,0.1,four years before the pension starts,12.749437604547737,3.014330021789434,6.767475613460695,0.02704,0.16716,0.8058,0.5665786113484105,0.6783748840293755,0.7786567489705232,0.2997793263927039,0.5665786113484105,0.5665786113484105,0.37756,1.0484174794611412,0.43064448911139575,1.3862492585211585
0.35,0.15,four years before the pension starts,12.749437604547737,3.014330021789434,6.767475613460695,0.02704,0.16716,0.8058,0.5566020418052718,0.6742273705617007,0.776726300887064,0.2914887184071551,0.5566020418052718,0.5566020418052718,0.34136,1.0503934616058044,0.4238618722384269,1.3862492585211585
0.35,0.2,four years before the pension starts,12.749437604547737,3.014330021789434,6.767475613460695,0.02704,0.16716,0.8058,0.5449056318833128,0.6690488307483223,0.7740080261157156,0.2807808445878444,0.5449056318833128,0.5449056318833128,0.30392,1.0516926630615129,0.416652525168787,1.3862492585211585
0.35,0.25,four years before the pension starts,12.749437604547737,3.014330021789434,6.767475613460695,0.02704,0.16716,0.8058,0.5341026706600736,0.663946125717545,0.7706543531672233,0.27483815995497823,0.5341026706600736,0.5341026706600736,0.27,1.0522362741320286,0.4068017941094218,1.3862492585211585
0.35,0.3,four years before the pension starts,12.749437604547737,3.014330021789434,6.767475613460695,0.02704,0.16716,0.8058,0.5235643740882503,0.6586567202065645,0.766763075670904,0.2718570145283709,0.5235643740882503,0.5235643740882503,0.23868,1.0520939248426644,0.39594366320874624,1.3862492585211585
0.35,0.35,four years before the pension starts,12.749437604547737,3.014330021789434,6.767475613460695,0.02704,0.16716,0.8058,0.5124135958898451,0.6527079115684314,0.7624833418480748,0.267548791735208,0.5124135958898451,0.5124135958898451,0.21084,1.0513538633834147,0.38709429269747053,1.3862492585211585
0.35,0.4,four years before the pension starts,12.749437604547737,3.014330021789434,6.767475613460695,0.02704,0.16716,0.8058,0.5000558693384225,0.6456715204122364,0.7579658695469234,0.2593087576838229,0.5000558693384225,0.5000558693384225,0.189,1.0502918880861805,0.37741264741206876,1.3862492585211585
0.35,0.45,four years before the pension starts,12.749437604547737,3.014330021789434,6.767475613460695,0.02704,0.16716,0.8058,0.4886802968589494,0.6387626316790315,0.753420012884411,0.2529104831232927,0.4886802968589494,0.4886802968589494,0.16952,1.049141400650439,0.36904642017124334,1.3862492585211585
0.35,0.5,four years before the pension starts,12.749437604547737,3.014330021789434,6.767475613460695,0.02704,0.16716,0.8058,0.47777373344027096,0.6317333384314677,0.7489110970926669,0.24526913841815032,0.47777373344027096,0.47777373344027096,0.15224,1.0478834139875568,0.36070279902521285,1.3862492585211585
0.35,0.55,four years before the pension starts,12.749437604547737,3.014330021789434,6.767475613460695,0.02704,0.16716,0.8058,0.4681195729152228,0.6251684015077837,0.7446176470853263,0.2400122700558476,0.4681195729152228,0.4681195729152228,0.13792,1.0468044833476298,0.35351967595636763,1.3862492585211585
0.35,0.6,four years before the pension starts,12.749437604547737,3.014330021789434,6.767475613460695,0.02704,0.16716,0.8058,0.45863012020437793,0.6183922945947964,0.74046516589798,0.23166566642124195,0.45863012020437793,0.45863012020437793,0.1266,1.045680323300124,0.34661717157175,1.3862492585211585
0.35,0.65,four years before the pension starts,12.749437604547737,3.014330021789434,6.767475613460695,0.02704,0.16716,0.8058,0.4499405243608608,0.6118994068791813,0.7364957560432077,0.22516614026847634,0.4499405243608608,0.4499405243608608,0.11592,1.0446798284537218,0.34037411923747046,1.3862492585211585
0.35,0.7,four years before the pension starts,12.749437604547737,3.014330021789434,6.767475613460695,0.02704,0.16716,0.8058,0.44200725504867894,0.6057264459395586,0.7326623420361416,0.22159444559745126,0.44200725504867894,0.44200725504867894,0.10584,1.0435937016671717,0.3345967438992344,1.3862492585211585
0.35,0.75,four years before the pension starts,12.749437604547737,3.014330021789434,6.767475613460695,0.02704,0.16716,0.8058,0.43286755880756506,0.598319726113464,0.728919547958134,0.18118814177056836,0.43286755880756506,0.4336679990926642,0.09832,1.0424002348695094,0.32932411870656336,1.3862492585211585
0.35,0.8,four years before the pension starts,12.749437604547737,3.014330021789434,6.767475613460695,0.02704,0.16716,0.8058,0.42349718363298916,0.5903935221033182,0.7253484568703905,0.16334555995047065,0.42349718363298916,0.4255805066889227,0.092,1.0411669963898385,0.32338521628379985,1.3862492585211585
0.35,0.85,four years before the pension starts,12.749437604547737,3.014330021789434,6.767475613460695,0.02704,0.16716,0.8058,0.4153998058245602,0.5832699999722598,0.7220475207504841,0.15800086086634152,0.4153998058245602,0.4179835524585228,0.08736,1.0400457290748353,0.3191066876877086,1.3862492585211585
0.35,0.9,four years before the pension starts,12.749437604547737,3.014330021789434,6.767475613460695,0.02704,0.16716,0.8058,0.40842654035648024,0.57693032956804,0.7190326565919332,0.15703479199416318,0.40842654035648024,0.4107981524105282,0.08388,1.0390386154368276,0.31525261748092925,1.3862492585211585
0.35,0.95,four years before the pension starts,12.749437604547737,3.014330021789434,6.767475613460695,0.02704,0.16716,0.8058,0.40110110899011664,0.5700653859978565,0.7162271203798484,0.15224191073915652,0.40110110899011664,0.4038742988725365,0.0818,1.0379603149636574,0.3121510858314504,1.3862492585211585
0.35,1.0,four years before the pension starts,12.749437604547737,3.014330021789434,6.767475613460695,0.02704,0.16716,0.8058,0.3946376334380588,0.5638335473192563,0.7135088696228302,0.15130650505966,0.3946376334380588,0.3971916727633797,0.081,1.03661678008551,0.30916052656395476,1.3862492585211585
0.6,0.0,four years before the pension starts,21.856178750653264,3.014330021789434,6.767475613460695,0.0048,0.05128,0.94392,0.68130650068308,0.7119979175874891,1.0475462915432856,0.44101529315145344,0.68130650068308,0.68130650068308,0.45992,1.6187439265684505,0.4492869049050311,1.3862492585211585
0.6,0.05,four years before the pension starts,21.856178750653264,3.014330021789434,6.767475613460695,0.0048,0.05128,0.94392,0.681572814340952,0.7120523410663607,1.0571892975218158,0.431735267322895,0.681572814340952,0.681572814340952,0.419,1.6335871588250168,0.4492869049050311,1.3862492585211585
0.6,0.1,four years before the pension starts,21.856178750653264,3.014330021789434,6.767475613460695,0.0048,0.05128,0.94392,0.6810341221125709,0.7119421661257042,1.0656444274999222,0.4238056203006,0.6810341221125709,0.6810341221125709,0.37756,1.6467470760538283,0.4492869049050311,1.3862492585211585
0.6,0.15,four years before the pension starts,21.856178750653264,3.014330021789434,6.767475613460695,0.0048,0.05128,0.94392,0.6783901061163196,0.7113962938188284,1.0726769865492032,0.40958946484636144,0.6783901061163196,0.6783901061163196,0.34136,1.6581735207956012,0.4492869049050311,1.3862492585211585
0.6,0.2,four years before the pension starts,21.856178750653264,3.014330021789434,6.767475613460695,0.0048,0.05128,0.94392,0.6747454832806631,0.7106297234331773,1.0786204927189285,0.4009200197953994,0.6747454832806631,0.6747454832806631,0.30392,1.6684622941868594,0.4492869049050311,1.3862492585211585
0.6,0.25,four years before the pension starts,21.856178750653264,3.014330021789434,6.767475613460695,0.0048,0.05128,0.94392,0.6703676510287072,0.7096868225955445,1.0835024984470472,0.3934227884776109,0.6703676510287072,0.6703676510287072,0.27,1.6772857783062372,0.4492869049050311,1.3862492585211585
0.6,0.3,four years before the pension starts,21.856178750653264,3.014330021789434,6.767475613460695,0.0048,0.05128,0.94392,0.6654876782145556,0.7086065544893592,1.087332095054388,0.3835808878268073,0.6654876782145556,0.6654876782145556,0.23868,1.6846576645830305,0.4492869049050311,1.3862492585211585
0.6,0.35,four years before the pension starts,21.856178750653264,3.014330021789434,6.767475613460695,0.0048,0.05128,0.94392,0.660160845564887,0.7073911342323085,1.0901823498892615,0.37425301271069117,0.660160845564887,0.660160845564887,0.21084,1.690662785005111,0.4492869049050311,1.3862492585211585
0.6,0.4,four years before the pension starts,21.856178750653264,3.014330021789434,6.767475613460695,0.0048,0.05128,0.94392,0.6537473391846421,0.7058758505478487,1.0920603824934165,0.36454029742929445,0.6537473391846421,0.6537473391846421,0.189,1.6955644911462298,0.4492869049050311,1.3862492585211585
0.6,0.45,four years before the pension starts,21.856178750653264,3.014330021789434,6.767475613460695,0.0048,0.05128,0.94392,0.6472536855763971,0.7042816478181522,1.0932809719098775,0.35591550763184177,0.6472536855763971,0.6472536855763971,0.16952,1.6998098894713196,0.4492869049050311,1.3862492585211585
0.6,0.5,four years before the pension starts,21.856178750653264,3.014330021789434,6.767475613460695,0.0048,0.05128,0.94392,0.640377756665825,0.7025251101266936,1.0939748615639762,0.3499735886962696,0.640377756665825,0.640377756665825,0.15224,1.7033377435056327,0.4492869049050311,1.3862492585211585
0.6,0.55,four years before the pension starts,21.856178750653264,3.014330021789434,6.767475613460695,0.0048,0.05128,0.94392,0.6314142093560604,0.7001246174249075,1.0942665199519597,0.3013784375676712,0.6314142093560604,0.6314142093560604,0.13792,1.7065354956262802,0.4492869049050311,1.3862492585211585
0.6,0.6,four years before the pension starts,21.856178750653264,3.014330021789434,6.767475613460695,0.0048,0.05128,0.94392,0.6219480936623858,0.6974465139108607,1.0944468024211111,0.2738754280631014,0.6219480936623858,0.6219480936623858,0.1266,1.709309880390695,0.4492869049050311,1.3862492585211585
0.6,0.65,four years before the pension starts,21.856178750653264,3.014330021789434,6.767475613460695,0.0048,0.05128,0.94392,0.6135253762319512,0.6949333499263683,1.0944884829174035,0.2643372673241358,0.6135253762319512,0.6135253762319512,0.11592,1.7118240192369616,0.4492869049050311,1.3862492585211585
0.6,0.7,four years before the pension starts,21.856178750653264,3.014330021789434,6.767475613460695,0.0048,0.05128,0.94392,0.6051896428463709,0.6923190375702062,1.0941915646734162,0.2565216982436856,0.6051896428463709,0.6051896428463709,0.10584,1.7138318285200356,0.4492869049050311,1.3862492585211585
0.6,0.75,four years before the pension starts,21.856178750653264,3.014330021789434,6.767475613460695,0.0048,0.05128,0.94392,0.5916624486185529,0.6877912966026017,1.093575206471714,0.1941200514012395,0.5916624486185529,0.5941826804186418,0.09832,1.715162656880356,0.4492869049050311,1.3862492585211585
0.6,0.8,four years before the pension starts,21.856178750653264,3.014330021789434,6.767475613460695,0.0048,0.05128,0.94392,0.5820643177830449,0.6843514986680377,1.092767779679577,0.18166122262388223,0.5820643177830449,0.5868525697001127,0.092,1.7160006001474013,0.4492869049050311,1.3862492585211585
0.6,0.85,four years before the pension starts,21.856178750653264,3.014330021789434,6.767475613460695,0.0048,0.05128,0.94392,0.5748113906888562,0.681619895000564,1.0918201467393387,0.18133371976836282,0.5748113906888562,0.5793041041022243,0.08736,1.7165429288279153,0.4492869049050311,1.3862492585211585
0.6,0.9,four years before the pension starts,21.856178750653264,3.014330021789434,6.767475613460695,0.0048,0.05128,0.94392,0.558823489927667,0.6751718582529032,1.0907403859819675,0.16523348007105546,0.558823489927667,0.5682316219996392,0.08388,1.7168258210741154,0.4487668963084747,1.3862492585211585
0.6,0.95,four years before the pension starts,21.856178750653264,3.014330021789434,6.767475613460695,0.0048,0.05128,0.94392,0.5520996448794904,0.6722753211341903,1.089568712857588,0.16195452704241067,0.5520996448794904,0.5629191108846635,0.0818,1.7166341116736152,0.4477331398114672,1.3862492585211585
0.6,1.0,four years before the pension starts,21.856178750653264,3.014330021789434,6.767475613460695,0.0048,0.05128,0.94392,0.5456404580855586,0.6693845702053799,1.0880939180768003,0.15947469254685492,0.5456404580855586,0.5575125048105222,0.081,1.7156088082235983,0.4464634764744208,1.3862492585211585
1.0,0.0,four years before the pension starts,36.42696458442211,3.014330021789434,6.767475613460695,0.00092,0.01224,0.98684,0.7725611076868818,0.7264699581033762,1.443159871272842,0.5527893611812319,0.7725611076868818,0.7725611076868818,0.45992,2.5921014380109115,0.4492869049050311,1.3862492585211585
1.0,0.05,four years before the pension starts,36.42696458442211,3.014330021789434,6.767475613460695,0.00092,0.01224,0.98684,0.7852457219688169,0.7279468496482613,1.474066973440084,0.5524255857686695,0.7852457219688169,0.7852457219688169,0.419,2.6239833473055665,0.4492869049050311,1.3862492585211585
1.0,0.1,four years before the pension starts,36.42696458442211,3.014330021789434,6.767475613460695,0.00092,0.01224,0.98684,0.7975137721135598,0.7292788885719521,1.503396394890143,0.5522051062267432,0.7975137721135598,0.7975137721135598,0.37756,2.6529927107417564,0.4492869049050311,1.3862492585211585
1.0,0.15,four years before the pension starts,36.42696458442211,3.014330021789434,6.767475613460695,0.00092,0.01224,0.98684,0.8087423283260169,0.7304210457959591,1.530721407537636,0.5466568973846182,0.8087423283260169,0.8087423283260169,0.34136,2.67898509308876,0.4492869049050311,1.3862492585211585
1.0,0.2,four years before the pension starts,36.42696458442211,3.014330021789434,6.767475613460695,0.00092,0.01224,0.98684,0.8190334684762414,0.7314075793712357,1.5560306732376168,0.5422013609232715,0.8190334684762414,0.8190334684762414,0.30392,2.7026587057584384,0.4492869049050311,1.3862492585211585
1.0,0.25,four years before the pension starts,36.42696458442211,3.014330021789434,6.767475613460695,0.00092,0.01224,0.98684,0.827721717239822,0.7321982958260117,1.578923176780127,0.53536755614429,0.827721717239822,0.827721717239822,0.27,2.723462138354197,0.4492869049050311,1.3862492585211585
1.0,0.3,four years before the pension starts,36.42696458442211,3.014330021789434,6.767475613460695,0.00092,0.01224,0.98684,0.8343290367940362,0.7327751151368265,1.5989653311994214,0.5219300298285197,0.8343290367940362,0.8343290367940362,0.23868,2.7414369238130796,0.4492869049050311,1.3862492585211585
1.0,0.35,four years before the pension starts,36.42696458442211,3.014330021789434,6.767475613460695,0.00092,0.01224,0.98684,0.8391512301105856,0.7331832661697466,1.6167353361884165,0.4987705775036147,0.8391512301105856,0.8391512301105856,0.21084,2.7567539754554446,0.4492869049050311,1.3862492585211585
1.0,0.4,four years before the pension starts,36.42696458442211,3.014330021789434,6.767475613460695,0.00092,0.01224,0.98684,0.8396899260598926,0.7332282056802986,1.6320337896295012,0.4096354257722759,0.8396899260598926,0.8396899260598926,0.189,2.7697940416133853,0.4492869049050311,1.3862492585211585
1.0,0.45,four years before the pension starts,36.42696458442211,3.014330021789434,6.767475613460695,0.00092,0.01224,0.98684,0.8316701587912021,0.7325454757337339,1.6452588588259625,0.2902689871208523,0.8316701587912021,0.8316701587912021,0.16952,2.7812418063465616,0.4492869049050311,1.3862492585211585
1.0,0.5,four years before the pension starts,36.42696458442211,3.014330021789434,6.767475613460695,0.00092,0.01224,0.98684,0.8283987171278616,0.7322583530387978,1.657091864109754,0.2810774102119987,0.8283987171278616,0.8283987171278616,0.15224,2.7910650912899473,0.4628833146409788,1.3862492585211585
1.0,0.55,four years before the pension starts,36.42696458442211,3.014330021789434,6.767475613460695,0.00092,0.01224,0.98684,0.818614181320798,0.7313684636125828,1.6673790104004511,0.2654357334618045,0.818614181320798,0.818614181320798,0.13792,2.799924088686854,0.4869570291508875,1.3862492585211585
1.0,0.6,four years before the pension starts,36.42696458442211,3.014330021789434,6.767475613460695,0.00092,0.01224,0.98684,0.8096344228997029,0.7305087889782566,1.6763727128052341,0.2562450793749196,0.8096344228997029,0.8096344228997029,0.1266,2.807656414829685,0.5127676630769726,1.3862492585211585
1.0,0.65,four years before the pension starts,36.42696458442211,3.014330021789434,6.767475613460695,0.00092,0.01224,0.98684,0.8061359742374755,0.7301622097297348,1.6844382491715688,0.25395469141630683,0.8061359742374755,0.8061359742374755,0.11592,2.814568126355798,0.5343376631051949,1.3862492585211585
1.0,0.7,four years before the pension starts,36.42696458442211,3.014330021789434,6.767475613460695,0.00092,0.01224,0.98684,0.800053154271094,0.7295434358960713,1.6910228776564447,0.24798440059831708,0.800053154271094,0.800053154271094,0.10584,2.8202498956441513,0.5461237014353014,1.3862492585211585
1.0,0.75,four years before the pension starts,36.42696458442211,3.014330021789434,6.767475613460695,0.00092,0.01224,0.98684,0.7981332043985072,0.7293437636743633,1.6961013230927184,0.24789055596326706,0.7981332043985072,0.7981332043985072,0.09832,2.824423256046724,0.5585274295907245,1.3862492585211585
1.0,0.8,four years before the pension starts,36.42696458442211,3.014330021789434,6.767475613460695,0.00092,0.01224,0.98684,0.7936044174464646,0.7288642594470245,1.6998112817276174,0.246485874423558,0.7936044174464646,0.7936044174464646,0.092,2.8274481510920406,0.5651842386445547,1.3862492585211585
1.0,0.85,four years before the pension starts,36.42696458442211,3.014330021789434,6.767475613460695,0.00092,0.01224,0.98684,0.7855063366787328,0.7279761050427211,1.7024552406712234,0.2385961181363234,0.7855063366787328,0.7855063366787328,0.08736,2.8296487459450756,0.5714874223229142,1.3862492585211585
1.0,0.9,four years before the pension starts,36.42696458442211,3.014330021789434,6.767475613460695,0.00092,0.01224,0.98684,0.7809591383797384,0.7274594794448065,1.7040816428448176,0.23497395942142404,0.7809591383797384,0.7809591383797384,0.08388,2.8311341401879537,0.575607439018113,1.3862492585211585
1.0,0.95,four years before the pension starts,36.42696458442211,3.014330021789434,6.767475613460695,0.00092,0.01224,0.98684,0.7784958167747045,0.7271740600657891,1.7046962821853393,0.23489663926325408,0.7784958167747045,0.7784958167747045,0.0818,2.8315523089757377,0.5779582758514925,1.3862492585211585
1.0,1.0,four years before the pension starts,36.42696458442211,3.014330021789434,6.767475613460695,0.00092,0.01224,0.98684,0.7700761837868666,0.726168074341515,1.7038602304355712,0.22870045218085375,0.7700761837868666,0.7700761837868666,0.081,2.8303718943976754,0.577429028150423,1.3862492585211585
0.015,0.0,spending a share of the balance,0.7245438035969703,3.014330021789434,6.767475613460695,0.96964,0.02844,0.00192,0.4912871919159233,0.6184530801709094,0.5038108981336585,0.4841521932432317,0.4912871919159233,0.4912871919159233,0.0,0.4904372352655525,0.4522529198847911,1.3764607291220528
0.015,0.05,spending a share of the balance,0.7245438035969703,3.014330021789434,6.767475613460695,0.96964,0.02844,0.00192,0.49227271631127223,0.6188573518828822,0.5050328386896751,0.48503222651996575,0.49227271631127223,0.49227271631127223,0.0,0.491726679062651,0.45272895502807986,1.3764607291220528
0.015,0.1,spending a share of the balance,0.7245438035969703,3.014330021789434,6.767475613460695,0.96964,0.02844,0.00192,0.49326651196487287,0.619262260713853,0.506268984363709,0.48591544100046435,0.49326651196487287,0.49326651196487287,0.0,0.4930413665541685,0.45322305135561863,1.3764607291220528
0.015,0.15,spending a share of the balance,0.7245438035969703,3.014330021789434,6.767475613460695,0.96964,0.02844,0.00192,0.494265577547422,0.6196665445702537,0.5075150122658567,0.4867993007368849,0.494265577547422,0.494265577547422,0.0,0.49437429071713107,0.4537048148932854,1.3764607291220528
0.015,0.2,spending a share of the balance,0.7245438035969703,3.014330021789434,6.767475613460695,0.96964,0.02844,0.00192,0.49526683547057715,0.6200689443624651,0.5087666635477757,0.48768085114226767,0.49526683547057715,0.49526683547057715,0.0,0.495720272427639,0.45415372867142373,1.3764607291220528
0.015,0.25,spending a share of the balance,0.7245438035969703,3.014330021789434,6.767475613460695,0.96964,0.02844,0.00192,0.4962660594484263,0.6204677782575754,0.5100197449879387,0.48855439419060503,0.4962660594484263,0.4962660594484263,0.0,0.49707470864571773,0.45459972133522825,1.3764607291220528
0.015,0.3,spending a share of the balance,0.7245438035969703,3.014330021789434,6.767475613460695,0.96964,0.02844,0.00192,0.4972627091569537,0.6208628667690249,0.5112727579127934,0.4894209485230848,0.4972627091569537,0.4972627091569537,0.0,0.498436816379571,0.45504359722768195,1.3764607291220528
0.015,0.35,spending a share of the balance,0.7245438035969703,3.014330021789434,6.767475613460695,0.96964,0.02844,0.00192,0.4982508545045532,0.6212519210980485,0.5125191306051367,0.4902738038138766,0.4982508545045532,0.4982508545045532,0.0,0.49979850250216873,0.45547450599488964,1.3764607291220528
0.015,0.4,spending a share of the balance,0.7245438035969703,3.014330021789434,6.767475613460695,0.96964,0.02844,0.00192,0.4992304315916031,0.6216350011671473,0.5137578392778562,0.49111621867759525,0.4992304315916031,0.4992304315916031,0.0,0.5011600736343417,0.45588081827582194,1.3764607291220528
0.015,0.45,spending a share of the balance,0.7245438035969703,3.014330021789434,6.767475613460695,0.96964,0.02844,0.00192,0.5001921694825525,0.622008601412242,0.514982635075046,0.49193306206352966,0.5001921694825525,0.5001921694825525,0.0,0.5025185398318798,0.4562752691928943,1.3764607291220528
0.015,0.5,spending a share of the balance,0.7245438035969703,3.014330021789434,6.767475613460695,0.96964,0.02844,0.00192,0.501137161691843,0.6223732952711896,0.5161916557048226,0.4927303525043248,0.501137161691843,0.501137161691843,0.0,0.5038720162676805,0.4566287880659702,1.3764607291220528
0.015,0.55,spending a share of the balance,0.7245438035969703,3.014330021789434,6.767475613460695,0.96964,0.02844,0.00192,0.5020620073243318,0.6227279233616525,0.5173821994539762,0.49350259764808874,0.5020620073243318,0.5020620073243318,0.0,0.5052210546418778,0.4569397525424103,1.3764607291220528
0.015,0.6,spending a share of the balance,0.7245438035969703,3.014330021789434,6.767475613460695,0.96964,0.02844,0.00192,0.5029585482372625,0.6230695477935458,0.5185485381492494,0.4942373300476873,0.5029585482372625,0.5029585482372625,0.0,0.5065640515245005,0.45721603991868665,1.3764607291220528
0.015,0.65,spending a share of the balance,0.7245438035969703,3.014330021789434,6.767475613460695,0.96964,0.02844,0.00192,0.5038256145964938,0.6233979389367985,0.5196883743014923,0.4949374783907395,0.5038256145964938,0.5038256145964938,0.0,0.5078998903462717,0.45745547964320343,1.3764607291220528
0.015,0.7,spending a share of the balance,0.7245438035969703,3.014330021789434,6.767475613460695,0.96964,0.02844,0.00192,0.5046558032627503,0.6237105285298846,0.5207933190512671,0.4955954675481744,0.5046558032627503,0.5046558032627503,0.0,0.5092195796403949,0.45765344852171663,1.3764607291220528
0.015,0.75,spending a share of the balance,0.7245438035969703,3.014330021789434,6.767475613460695,0.96964,0.02844,0.00192,0.5054434243867817,0.6240054400704975,0.5218579182415602,0.49620507041287,0.5054434243867817,0.5054434243867817,0.0,0.5105213152990278,0.4578043999239298,1.3764607291220528
0.015,0.8,spending a share of the balance,0.7245438035969703,3.014330021789434,6.767475613460695,0.96964,0.02844,0.00192,0.5061910747702456,0.6242839063057695,0.5228829773773506,0.49677419228858066,0.5061910747702456,0.5061910747702456,0.0,0.5118107268175361,0.45790957776059993,1.3764607291220528
0.015,0.85,spending a share of the balance,0.7245438035969703,3.014330021789434,6.767475613460695,0.96964,0.02844,0.00192,0.5068975875618641,0.6245457333149207,0.5238673065964077,0.4973019752510374,0.5068975875618641,0.5068975875618641,0.0,0.513092652220781,0.45799621523299733,1.3764607291220528
0.015,0.9,spending a share of the balance,0.7245438035969703,3.014330021789434,6.767475613460695,0.96964,0.02844,0.00192,0.5075552283288516,0.6247883037686996,0.5248064489783579,0.4977741128519606,0.5075552283288516,0.5075552283288516,0.0,0.5143694317985114,0.4580266222401307,1.3764607291220528
0.015,0.95,spending a share of the balance,0.7245438035969703,3.014330021789434,6.767475613460695,0.96964,0.02844,0.00192,0.5081688464554379,0.6250136451233594,0.525703118752211,0.4982025591704978,0.5081688464554379,0.5081688464554379,0.0,0.5156510444341601,0.45804315626599046,1.3764607291220528
0.015,1.0,spending a share of the balance,0.7245438035969703,3.014330021789434,6.767475613460695,0.96964,0.02844,0.00192,0.5087330011406442,0.6252199807614089,0.526552605552558,0.498579966720473,0.5087330011406442,0.5087330011406442,0.0,0.5169385920591749,0.4580495535495236,1.3764607291220528
0.03,0.0,spending a share of the balance,1.4490876071939407,3.014330021789434,6.767475613460695,0.83488,0.14296,0.02216,0.5159300993812403,0.6277828413336024,0.5331255433923563,0.50427561774294,0.5159300993812403,0.5159300993812403,0.0,0.5191712880896324,0.45610305007002544,1.3764607291220528
0.03,0.05,spending a share of the balance,1.4490876071939407,3.014330021789434,6.767475613460695,0.83488,0.14296,0.02216,0.517281501678594,0.6282499967724828,0.5347567758515246,0.5054840119194587,0.517281501678594,0.517281501678594,0.0,0.5209036818579075,0.4569320068434819,1.3764607291220528
0.03,0.1,spending a share of the balance,1.4490876071939407,3.014330021789434,6.767475613460695,0.83488,0.14296,0.02216,0.518601846894191,0.6287022118642005,0.5363604012584575,0.5066607538518105,0.518601846894191,0.518601846894191,0.0,0.5226234878622859,0.457714678945458,1.3764607291220528
0.03,0.15,spending a share of the balance,1.4490876071939407,3.014330021789434,6.767475613460695,0.83488,0.14296,0.02216,0.5198749370243858,0.6291343414462728,0.5379252099067678,0.5077748700246958,0.5198749370243858,0.5198749370243858,0.0,0.5243212478881425,0.45844408867829817,1.3764607291220528
0.03,0.2,spending a share of the balance,1.4490876071939407,3.014330021789434,6.767475613460695,0.83488,0.14296,0.02216,0.5211057395619184,0.6295485071735674,0.5394560233507479,0.5088336232661669,0.5211057395619184,0.5211057395619184,0.0,0.5260095134392084,0.4590928496234857,1.3764607291220528
0.03,0.25,spending a share of the balance,1.4490876071939407,3.014330021789434,6.767475613460695,0.83488,0.14296,0.02216,0.5222893659347924,0.6299434780024606,0.5409476520908153,0.5098288670392795,0.5222893659347924,0.5222893659347924,0.0,0.5276849581632347,0.4596993181180395,1.3764607291220528
0.03,0.3,spending a share of the balance,1.4490876071939407,3.014330021789434,6.767475613460695,0.83488,0.14296,0.02216,0.5234253743553489,0.6303195218109524,0.5423979233723784,0.510767008990367,0.5234253743553489,0.5234253743553489,0.0,0.5293471526617287,0.4602572965386073,1.3764607291220528
0.03,0.35,spending a share of the balance,1.4490876071939407,3.014330021789434,6.767475613460695,0.83488,0.14296,0.02216,0.5245067741298522,0.6306747463013292,0.5438025309569535,0.5116367986790654,0.5245067741298522,0.5245067741298522,0.0,0.530998736742217,0.46075362450867935,1.3764607291220528
0.03,0.4,spending a share of the balance,1.4490876071939407,3.014330021789434,6.767475613460695,0.83488,0.14296,0.02216,0.5255550528354938,0.6310165562529719,0.5451700112543203,0.512491341555499,0.5255550528354938,0.5255550528354938,0.0,0.5326475188304369,0.46121515912181404,1.3764607291220528
0.03,0.45,spending a share of the balance,1.4490876071939407,3.014330021789434,6.767475613460695,0.83488,0.14296,0.02216,0.5265479884866325,0.6313380356019114,0.546487108029187,0.5132873484599709,0.5265479884866325,0.5265479884866325,0.0,0.5342893733312469,0.4615917234730062,1.3764607291220528
0.03,0.5,spending a share of the balance,1.4490876071939407,3.014330021789434,6.767475613460695,0.83488,0.14296,0.02216,0.5274659464301048,0.631633275276934,0.5477427554287843,0.5139892473124757,0.5274659464301048,0.5274659464301048,0.0,0.5359240031502778,0.461825058235397,1.3764607291220528
0.03,0.55,spending a share of the balance,1.4490876071939407,3.014330021789434,6.767475613460695,0.83488,0.14296,0.02216,0.5283111681956091,0.6319034625299498,0.5489358868582976,0.5146086072561402,0.5283111681956091,0.5283111681956091,0.0,0.5375570799359362,0.4620369120600236,1.3764607291220528
0.03,0.6,spending a share of the balance,1.4490876071939407,3.014330021789434,6.767475613460695,0.83488,0.14296,0.02216,0.5290870544352555,0.6321500939322741,0.5500722674841806,0.5151530675481704,0.5290870544352555,0.5290870544352555,0.0,0.5392082525344075,0.4621440661762228,1.3764607291220528
0.03,0.65,spending a share of the balance,1.4490876071939407,3.014330021789434,6.767475613460695,0.83488,0.14296,0.02216,0.5297846101528273,0.6323706950738937,0.5511466455289666,0.5156087831388961,0.5297846101528273,0.5297846101528273,0.0,0.540885214015475,0.46207761792847796,1.3764607291220528
0.03,0.7,spending a share of the balance,1.4490876071939407,3.014330021789434,6.767475613460695,0.83488,0.14296,0.02216,0.530394373924433,0.6325626588545142,0.5521566135721585,0.5159516826135985,0.530394373924433,0.530394373924433,0.0,0.5426001172551939,0.4619054820950059,1.3764607291220528
0.03,0.75,spending a share of the balance,1.4490876071939407,3.014330021789434,6.767475613460695,0.83488,0.14296,0.02216,0.5309330188561753,0.6327315584420888,0.5531144138905665,0.5162138749301726,0.5309330188561753,0.5309330188561753,0.0,0.5443823966918128,0.46171440010800463,1.3764607291220528
0.03,0.8,spending a share of the balance,1.4490876071939407,3.014330021789434,6.767475613460695,0.83488,0.14296,0.02216,0.5314101451789519,0.6328806412799638,0.5540289916880347,0.5164100113548783,0.5314101451789519,0.5314101451789519,0.0,0.5462591523438818,0.46139190437496164,1.3764607291220528
0.03,0.85,spending a share of the balance,1.4490876071939407,3.014330021789434,6.767475613460695,0.83488,0.14296,0.02216,0.5318209576183534,0.6330086085265382,0.5549031695370196,0.5165250101416473,0.5318209576183534,0.5318209576183534,0.0,0.5482567012306312,0.4610334222054274,1.3764607291220528
0.03,0.9,spending a share of the balance,1.4490876071939407,3.014330021789434,6.767475613460695,0.83488,0.14296,0.02216,0.5321710931448042,0.633117387223394,0.5557434712156136,0.5165695929454928,0.5321710931448042,0.5321710931448042,0.0,0.5504000310790181,0.4606569778193095,1.3764607291220528
0.03,0.95,spending a share of the balance,1.4490876071939407,3.014330021789434,6.767475613460695,0.83488,0.14296,0.02216,0.532492921466386,0.6332171385200637,0.5565721245636261,0.5166068301123782,0.532492921466386,0.532492921466386,0.0,0.5527339507701486,0.46018805691854814,1.3764607291220528
0.03,1.0,spending a share of the balance,1.4490876071939407,3.014330021789434,6.767475613460695,0.83488,0.14296,0.02216,0.5327760424684518,0.6333047082535753,0.5573933983603471,0.5165862529972284,0.5327760424684518,0.5327760424684518,0.0,0.555296218274271,0.459665762746416,1.3764607291220528
0.05,0.0,spending a share of the balance,2.415146011989901,3.014330021789434,6.767475613460695,0.61436,0.30004,0.0856,0.5314863450176328,0.6329044049625566,0.5534944795618555,0.5151498938618486,0.5314863450176328,0.5314863450176328,0.0,0.5421789239717547,0.4559131404590077,1.3764607291220528
0.05,0.05,spending a share of the balance,2.415146011989901,3.014330021789434,6.767475613460695,0.61436,0.30004,0.0856,0.532690015274719,0.6332781181277998,0.5550854237095546,0.5161135647131325,0.532690015274719,0.532690015274719,0.0,0.5441113358962784,0.45652987618005664,1.3764607291220528
0.05,0.1,spending a share of the balance,2.415146011989901,3.014330021789434,6.767475613460695,0.61436,0.30004,0.0856,0.5338322144457105,0.6336298686217819,0.5566288156242246,0.5170043435252685,0.5338322144457105,0.5338322144457105,0.0,0.5460552770536324,0.4570142446796184,1.3764607291220528
0.05,0.15,spending a share of the balance,2.415146011989901,3.014330021789434,6.767475613460695,0.61436,0.30004,0.0856,0.5348651115346391,0.6339455646685012,0.5580967276050753,0.5177317382776038,0.5348651115346391,0.5348651115346391,0.0,0.5479926673425948,0.45727943937900434,1.3764607291220528
0.05,0.2,spending a share of the balance,2.415146011989901,3.014330021789434,6.767475613460695,0.61436,0.30004,0.0856,0.5358099973923897,0.6342323838061735,0.5595002165186449,0.5183484020634956,0.5358099973923897,0.5358099973923897,0.0,0.5499411172906916,0.4574944513946825,1.3764607291220528
0.05,0.25,spending a share of the balance,2.415146011989901,3.014330021789434,6.767475613460695,0.61436,0.30004,0.0856,0.5367053977222592,0.634502449893074,0.5608641025935845,0.5189371724167714,0.5367053977222592,0.5367053977222592,0.0,0.5519378351209848,0.4575668361112289,1.3764607291220528
0.05,0.3,spending a share of the balance,2.415146011989901,3.014330021789434,6.767475613460695,0.61436,0.30004,0.0856,0.5375102132525867,0.6347437648929213,0.5621662171546498,0.5194110856252182,0.5375102132525867,0.5375102132525867,0.0,0.5539738612970574,0.4572401371646016,1.3764607291220528
0.05,0.35,spending a share of the balance,2.415146011989901,3.014330021789434,6.767475613460695,0.61436,0.30004,0.0856,0.5382177010864102,0.6349547858190244,0.5634014585026587,0.5197607009829792,0.5382177010864102,0.5382177010864102,0.0,0.5560565571528062,0.45682147611442925,1.3764607291220528
0.05,0.4,spending a share of the balance,2.415146011989901,3.014330021789434,6.767475613460695,0.61436,0.30004,0.0856,0.5388442233971448,0.6351407933922437,0.5645816447060815,0.5200228048538643,0.5388442233971448,0.5388442233971448,0.0,0.5582122318275995,0.45629205761913955,1.3764607291220528
0.05,0.45,spending a share of the balance,2.415146011989901,3.014330021789434,6.767475613460695,0.61436,0.30004,0.0856,0.5393878031678153,0.6353015216216137,0.5657144394928124,0.520183974802359,0.5393878031678153,0.5393878031678153,0.0,0.5604734234544327,0.4554276408822677,1.3764607291220528
0.05,0.5,spending a share of the balance,2.415146011989901,3.014330021789434,6.767475613460695,0.61436,0.30004,0.0856,0.5398657612459037,0.635442345921786,0.5668170356134328,0.5202636597543355,0.5398657612459037,0.5398657612459037,0.0,0.5628778164782616,0.454333294707733,1.3764607291220528
0.05,0.55,spending a share of the balance,2.415146011989901,3.014330021789434,6.767475613460695,0.61436,0.30004,0.0856,0.540299024845867,0.6355695981388291,0.5679074859067265,0.5202880807555476,0.540299024845867,0.540299024845867,0.0,0.5654650694402056,0.45319046426319615,1.3764607291220528
0.05,0.6,spending a share of the balance,2.415146011989901,3.014330021789434,6.767475613460695,0.61436,0.30004,0.0856,0.5407227947579616,0.6356936920305123,0.569011149465341,0.520318992086791,0.5407227947579616,0.5407227947579616,0.0,0.5682810243793334,0.45212031218884446,1.3764607291220528
0.05,0.65,spending a share of the balance,2.415146011989901,3.014330021789434,6.767475613460695,0.61436,0.30004,0.0856,0.5411373109315438,0.6358147231874481,0.5701360902627718,0.5203447353115648,0.5411373109315438,0.5411373109315438,0.0,0.571363964706125,0.4512673023551946,1.3764607291220528
0.05,0.7,spending a share of the balance,2.415146011989901,3.014330021789434,6.767475613460695,0.61436,0.30004,0.0856,0.5415206342240984,0.6359263368443117,0.5712727750278587,0.5203263245000593,0.5415206342240984,0.5415206342240984,0.0,0.5747370973024252,0.4503120176352843,1.3764607291220528
0.05,0.75,spending a share of the balance,2.415146011989901,3.014330021789434,6.767475613460695,0.61436,0.30004,0.0856,0.5418746682507485,0.6360291585498482,0.5724282020617276,0.5202617426700799,0.5418746682507485,0.5418746682507485,0.0,0.5784377067435877,0.4493584982635583,1.3764607291220528
0.05,0.8,spending a share of the balance,2.415146011989901,3.014330021789434,6.767475613460695,0.61436,0.30004,0.0856,0.5422352392283319,0.6361336191676362,0.5736266488614508,0.5202139171830722,0.5422352392283319,0.5422352392283319,0.0,0.5825209598874393,0.44853667470918307,1.3764607291220528
0.05,0.85,spending a share of the balance,2.415146011989901,3.014330021789434,6.767475613460695,0.61436,0.30004,0.0856,0.5426250348434168,0.6362462524846574,0.5748868482721419,0.5202162244766766,0.5426250348434168,0.5426250348434168,0.0,0.5870421200537137,0.4478598736955433,1.3764607291220528
0.05,0.9,spending a share of the balance,2.415146011989901,3.014330021789434,6.767475613460695,0.61436,0.30004,0.0856,0.5430046545088709,0.6363556526504796,0.5761968704347968,0.5201686287002525,0.5430046545088709,0.5430046545088709,0.0,0.5920349028610016,0.4473291303737802,1.3764607291220528
0.05,0.95,spending a share of the balance,2.415146011989901,3.014330021789434,6.767475613460695,0.61436,0.30004,0.0856,0.5433957341733638,0.636468054111618,0.5775669653770629,0.520134884437822,0.5433957341733638,0.5433957341733638,0.0,0.5975403386948385,0.44657749395393403,1.3764607291220528
0.05,1.0,spending a share of the balance,2.415146011989901,3.014330021789434,6.767475613460695,0.61436,0.30004,0.0856,0.5437922956776516,0.6365817197451633,0.5789967596151845,0.5200893873267112,0.5437922956776516,0.5437922956776516,0.0,0.6036025746347323,0.44611086406109235,1.3764607291220528
0.07,0.0,spending a share of the balance,3.3812044167858617,3.014330021789434,6.767475613460695,0.43836,0.38344,0.1782,0.5373723905314362,0.6347025359597948,0.5649195392569524,0.5166608743878256,0.5373723905314362,0.5373723905314362,0.0,0.5608138106412027,0.4509073280927586,1.3764607291220528
0.07,0.05,spending a share of the balance,3.3812044167858617,3.014330021789434,6.767475613460695,0.43836,0.38344,0.1782,0.5382694967857719,0.6349701941085922,0.5664166899169736,0.5171789992089261,0.5382694967857719,0.5382694967857719,0.0,0.5631725194231177,0.450559300425882,1.3764607291220528
0.07,0.1,spending a share of the balance,3.3812044167858617,3.014330021789434,6.767475613460695,0.43836,0.38344,0.1782,0.5391018464764524,0.6352170442642769,0.567878387760412,0.5176289363389891,0.5391018464764524,0.5391018464764524,0.0,0.565622323150986,0.44999562629538975,1.3764607291220528
0.07,0.15,spending a share of the balance,3.3812044167858617,3.014330021789434,6.767475613460695,0.43836,0.38344,0.1782,0.5398705743089589,0.6354437616532103,0.5693116717023327,0.5180070459636459,0.5398705743089589,0.5398705743089589,0.0,0.5681934580580089,0.4493705858681004,1.3764607291220528
0.07,0.2,spending a share of the balance,3.3812044167858617,3.014330021789434,6.767475613460695,0.43836,0.38344,0.1782,0.540526665628624,0.6356363043249952,0.5706829744657602,0.5182236207049905,0.540526665628624,0.540526665628624,0.0,0.5708619827616161,0.4482580676614766,1.3764607291220528
0.07,0.25,spending a share of the balance,3.3812044167858617,3.014330021789434,6.767475613460695,0.43836,0.38344,0.1782,0.5411351606227824,0.6358140962354132,0.5720371347486137,0.5184045295955493,0.5411351606227824,0.5411351606227824,0.0,0.5736927506609197,0.44725522460082673,1.3764607291220528
0.07,0.3,spending a share of the balance,3.3812044167858617,3.014330021789434,6.767475613460695,0.43836,0.38344,0.1782,0.5416784223929606,0.6359721943242633,0.5733747022180049,0.5184918572564597,0.5416784223929606,0.5416784223929606,0.0,0.5767183216641053,0.4459120175108866,1.3764607291220528
0.07,0.35,spending a share of the balance,3.3812044167858617,3.014330021789434,6.767475613460695,0.43836,0.38344,0.1782,0.542185266977365,0.6361191573763872,0.5747174949527369,0.5185391282706869,0.542185266977365,0.542185266977365,0.0,0.5799814596788956,0.44484727142868163,1.3764607291220528
0.07,0.4,spending a share of the balance,3.3812044167858617,3.014330021789434,6.767475613460695,0.43836,0.38344,0.1782,0.5426767957940585,0.6362611861344173,0.5760853787880018,0.5185669662519057,0.5426767957940585,0.5426767957940585,0.0,0.5835253807878891,0.4439510002052086,1.3764607291220528
0.07,0.45,spending a share of the balance,3.3812044167858617,3.014330021789434,6.767475613460695,0.43836,0.38344,0.1782,0.5431582821804881,0.6363998436923878,0.5774820555103378,0.5185927641650414,0.5431582821804881,0.5431582821804881,0.0,0.5873754252467662,0.443113838829242,1.3764607291220528
0.07,0.5,spending a share of the balance,3.3812044167858617,3.014330021789434,6.767475613460695,0.43836,0.38344,0.1782,0.5436287181963662,0.6365348717954765,0.5789245706404039,0.5185824891162613,0.5436287181963662,0.5436287181963662,0.0,0.5915936251190215,0.4423091265469984,1.3764607291220528
0.07,0.55,spending a share of the balance,3.3812044167858617,3.014330021789434,6.767475613460695,0.43836,0.38344,0.1782,0.5440947464143735,0.6366682003692818,0.5804283980432396,0.5185319525797794,0.5440947464143735,0.5440947464143735,0.0,0.5962355692588527,0.4415830249246683,1.3764607291220528
0.07,0.6,spending a share of the balance,3.3812044167858617,3.014330021789434,6.767475613460695,0.43836,0.38344,0.1782,0.5445691551860069,0.6368034839816675,0.5820027445584056,0.5184791866718849,0.5445691551860069,0.5445691551860069,0.0,0.6013375279658136,0.4408966514199582,1.3764607291220528
0.07,0.65,spending a share of the balance,3.3812044167858617,3.014330021789434,6.767475613460695,0.43836,0.38344,0.1782,0.5450804029711747,0.636948774485962,0.5836650626098776,0.5184827971556596,0.5450804029711747,0.5450804029711747,0.0,0.6069518388004649,0.4404179600799091,1.3764607291220528
0.07,0.7,spending a share of the balance,3.3812044167858617,3.014330021789434,6.767475613460695,0.43836,0.38344,0.1782,0.5456191440530775,0.6371013209672891,0.5854169371430303,0.518503940988411,0.5456191440530775,0.5456191440530775,0.0,0.6131250644210658,0.44012370303367454,1.3764607291220528
0.07,0.75,spending a share of the balance,3.3812044167858617,3.014330021789434,6.767475613460695,0.43836,0.38344,0.1782,0.5462098630492387,0.6372679303888622,0.5872781602133811,0.5185802238701349,0.5462098630492387,0.5462098630492387,0.0,0.6199153881559318,0.4396963820030064,1.3764607291220528
0.07,0.8,spending a share of the balance,3.3812044167858617,3.014330021789434,6.767475613460695,0.43836,0.38344,0.1782,0.5468411812337268,0.6374452365654695,0.5892451325475027,0.5186855965515587,0.5468411812337268,0.5468411812337268,0.0,0.6273657959813201,0.4396134910355815,1.3764607291220528
0.07,0.85,spending a share of the balance,3.3812044167858617,3.014330021789434,6.767475613460695,0.43836,0.38344,0.1782,0.5474969804389744,0.637628596864765,0.5913086130919971,0.5187949755732183,0.5474969804389744,0.5474969804389744,0.0,0.6355140621115163,0.4393942139987406,1.3764607291220528
0.07,0.9,spending a share of the balance,3.3812044167858617,3.014330021789434,6.767475613460695,0.43836,0.38344,0.1782,0.5482041704930168,0.6378253923505817,0.5934818171428362,0.5189625642008135,0.5482041704930168,0.5482041704930168,0.0,0.6444147443580068,0.4393472994719085,1.3764607291220528
0.07,0.95,spending a share of the balance,3.3812044167858617,3.014330021789434,6.767475613460695,0.43836,0.38344,0.1782,0.5489317346993807,0.6380268513793168,0.5957435087888502,0.5191310912060703,0.5489317346993807,0.5489317346993807,0.0,0.6540942339962926,0.4393006338966178,1.3764607291220528
0.07,1.0,spending a share of the balance,3.3812044167858617,3.014330021789434,6.767475613460695,0.43836,0.38344,0.1782,0.5496528841030719,0.6382255322863292,0.598074310936089,0.5192535385751157,0.5496528841030719,0.5496528841030719,0.0,0.6645810102412281,0.43913273162763755,1.3764607291220528
0.09,0.0,spending a share of the balance,4.347262821581822,3.014330021789434,6.767475613460695,0.31356,0.4078,0.27864,0.5407090264873338,0.6356896659632613,0.574816898542028,0.5161036627745489,0.5407090264873338,0.5407090264873338,0.0,0.5818985761829474,0.4447066472382763,1.3764607291220528
0.09,0.05,spending a share of the balance,4.347262821581822,3.014330021789434,6.767475613460695,0.31356,0.4078,0.27864,0.541477196173026,0.6359137037536914,0.5764549785940758,0.5164014945072001,0.541477196173026,0.541477196173026,0.0,0.5851764986098347,0.44363511634442615,1.3764607291220528
0.09,0.1,spending a share of the balance,4.347262821581822,3.014330021789434,6.767475613460695,0.31356,0.4078,0.27864,0.5421737115096507,0.636115812550497,0.5780721422257917,0.5166126124987811,0.5421737115096507,0.5421737115096507,0.0,0.5886468136310538,0.4426774723511692,1.3764607291220528
0.09,0.15,spending a share of the balance,4.347262821581822,3.014330021789434,6.767475613460695,0.31356,0.4078,0.27864,0.5427966506958845,0.6362957450933774,0.5796734481040172,0.5167216731581066,0.5427966506958845,0.5427966506958845,0.0,0.592342757833085,0.4416252161434269,1.3764607291220528
0.09,0.2,spending a share of the balance,4.347262821581822,3.014330021789434,6.767475613460695,0.31356,0.4078,0.27864,0.5433913140260487,0.636466785408285,0.5813016287177719,0.5167872729132331,0.5433913140260487,0.5433913140260487,0.0,0.5963374842468487,0.4406958246150012,1.3764607291220528
0.09,0.25,spending a share of the balance,4.347262821581822,3.014330021789434,6.767475613460695,0.31356,0.4078,0.27864,0.5439952402668411,0.6366397683379937,0.5829859824476306,0.5168748587510253,0.5439952402668411,0.5439952402668411,0.0,0.6006809368721087,0.4401679135380892,1.3764607291220528
0.09,0.3,spending a share of the balance,4.347262821581822,3.014330021789434,6.767475613460695,0.31356,0.4078,0.27864,0.54459363502692,0.6368104526271097,0.5847249975118339,0.5169424965768719,0.54459363502692,0.54459363502692,0.0,0.6054039808755628,0.439599363828703,1.3764607291220528
0.09,0.35,spending a share of the balance,4.347262821581822,3.014330021789434,6.767475613460695,0.31356,0.4078,0.27864,0.5451486979901156,0.6369681440771904,0.5865040050249076,0.5169100935118932,0.5451486979901156,0.5451486979901156,0.0,0.6105298660217736,0.43883369930813554,1.3764607291220528
0.09,0.4,spending a share of the balance,4.347262821581822,3.014330021789434,6.767475613460695,0.31356,0.4078,0.27864,0.5457085637194322,0.6371265852779574,0.5883629801895696,0.5168577778577796,0.5457085637194322,0.5457085637194322,0.0,0.6161363680074239,0.4381305908667347,1.3764607291220528
0.09,0.45,spending a share of the balance,4.347262821581822,3.014330021789434,6.767475613460695,0.31356,0.4078,0.27864,0.5463211694210176,0.6372992473442738,0.59034024920264,0.5168510459635703,0.5463211694210176,0.5463211694210176,0.0,0.6222956363149491,0.4375172755513757,1.3764607291220528
0.09,0.5,spending a share of the balance,4.347262821581822,3.014330021789434,6.767475613460695,0.31356,0.4078,0.27864,0.5470128147349482,0.6374933057016394,0.5924539691443115,0.5169458014194261,0.5470128147349482,0.5470128147349482,0.0,0.6290594054519776,0.4371805100423291,1.3764607291220528
0.09,0.55,spending a share of the balance,4.347262821581822,3.014330021789434,6.767475613460695,0.31356,0.4078,0.27864,0.547740122682286,0.637696367074129,0.5946815416537541,0.5170685608072078,0.547740122682286,0.547740122682286,0.0,0.636451650036256,0.43697171364752097,1.3764607291220528
0.09,0.6,spending a share of the balance,4.347262821581822,3.014330021789434,6.767475613460695,0.31356,0.4078,0.27864,0.5484535694256393,0.6378945644003432,0.5969999098958819,0.5171101475159455,0.5484535694256393,0.5484535694256393,0.0,0.6445079305116223,0.43673981451201843,1.3764607291220528
0.09,0.65,spending a share of the balance,4.347262821581822,3.014330021789434,6.767475613460695,0.31356,0.4078,0.27864,0.5492517027360828,0.6381151272561505,0.599468043092533,0.5172608628522078,0.5492517027360828,0.5492517027360828,0.0,0.6533175911073672,0.4365503808261021,1.3764607291220528
0.09,0.7,spending a share of the balance,4.347262821581822,3.014330021789434,6.767475613460695,0.31356,0.4078,0.27864,0.5500864122507316,0.6383444939028756,0.6020604331756237,0.5174178985103605,0.5500864122507316,0.5500864122507316,0.0,0.6629081154439959,0.43629928765410786,1.3764607291220528
0.09,0.75,spending a share of the balance,4.347262821581822,3.014330021789434,6.767475613460695,0.31356,0.4078,0.27864,0.5509569360603049,0.6385822899179779,0.6047757621313318,0.5175862449666752,0.5509569360603049,0.5509569360603049,0.0,0.6733255084195806,0.43616593282644356,1.3764607291220528
0.09,0.8,spending a share of the balance,4.347262821581822,3.014330021789434,6.767475613460695,0.31356,0.4078,0.27864,0.5518813816106949,0.6388332468839631,0.6076216868592673,0.5178004930396929,0.5518813816106949,0.5518813816106949,0.0,0.6846213321365989,0.4361600957357569,1.3764607291220528
0.09,0.85,spending a share of the balance,4.347262821581822,3.014330021789434,6.767475613460695,0.31356,0.4078,0.27864,0.5528621726728412,0.6390977449442118,0.6105944338430379,0.5180666705470541,0.5528621726728412,0.5528621726728412,0.0,0.6968373508855907,0.43605636602413556,1.3764607291220528
0.09,0.9,spending a share of the balance,4.347262821581822,3.014330021789434,6.767475613460695,0.31356,0.4078,0.27864,0.5538703708067464,0.6393677637503542,0.6136735390492936,0.518331449220778,0.5538703708067464,0.5538703708067464,0.0,0.7100092080157682,0.4359776401142322,1.3764607291220528
0.09,0.95,spending a share of the balance,4.347262821581822,3.014330021789434,6.767475613460695,0.31356,0.4078,0.27864,0.5549544501381829,0.6396560050140083,0.616877290104283,0.5186932494612503,0.5549544501381829,0.5549544501381829,0.0,0.7241884127528514,0.43603732793516564,1.3764607291220528
0.09,1.0,spending a share of the balance,4.347262821581822,3.014330021789434,6.767475613460695,0.31356,0.4078,0.27864,0.5560942368937747,0.6399567288324859,0.6201842432130215,0.5191178485740975,0.5560942368937747,0.5560942368937747,0.0,0.7394012150912104,0.43619482398847786,1.3764607291220528
0.11,0.0,spending a share of the balance,5.3133212263777825,3.014330021789434,6.767475613460695,0.23008,0.39468,0.37524,0.5439372877737177,0.6366232004326672,0.5857513327511027,0.5155802730850972,0.5439372877737177,0.5439372877737177,0.0,0.6076840574976128,0.4401649838878546,1.3764607291220528
0.11,0.05,spending a share of the balance,5.3133212263777825,3.014330021789434,6.767475613460695,0.23008,0.39468,0.37524,0.5446808565631522,0.6368352722415109,0.5877060694078721,0.5157123349588358,0.5446808565631522,0.5446808565631522,0.0,0.6122595622511247,0.43924096443305805,1.3764607291220528
0.11,0.1,spending a share of the balance,5.3133212263777825,3.014330021789434,6.767475613460695,0.23008,0.39468,0.37524,0.5454029924319583,0.6370401854171065,0.5897042236923603,0.5158149445817215,0.5454029924319583,0.5454029924319583,0.0,0.6171967886586026,0.43834985745365884,1.3764607291220528
0.11,0.15,spending a share of the balance,5.3133212263777825,3.014330021789434,6.767475613460695,0.23008,0.39468,0.37524,0.5461420053350823,0.6372488261849459,0.5917825914514788,0.5159322265629487,0.5461420053350823,0.5461420053350823,0.0,0.6225604767369565,0.43779293215156473,1.3764607291220528
0.11,0.2,spending a share of the balance,5.3133212263777825,3.014330021789434,6.767475613460695,0.23008,0.39468,0.37524,0.5468912908240583,0.6374592766059617,0.5939462571507385,0.5160411215936975,0.5468912908240583,0.5468912908240583,0.0,0.628385405941041,0.4372750620971465,1.3764607291220528
0.11,0.25,spending a share of the balance,5.3133212263777825,3.014330021789434,6.767475613460695,0.23008,0.39468,0.37524,0.5476330817134315,0.637666546009232,0.5961912599086399,0.5161082311892152,0.5476330817134315,0.5476330817134315,0.0,0.634702565977249,0.43676009105870595,1.3764607291220528
0.11,0.3,spending a share of the balance,5.3133212263777825,3.014330021789434,6.767475613460695,0.23008,0.39468,0.37524,0.5483764945047827,0.6378732000725799,0.5985295581690033,0.5161411275253104,0.5483764945047827,0.5483764945047827,0.0,0.6415651759357331,0.4362425144603623,1.3764607291220528
0.11,0.35,spending a share of the balance,5.3133212263777825,3.014330021789434,6.767475613460695,0.23008,0.39468,0.37524,0.5492153994981025,0.6381051214292085,0.601025431342475,0.5162980129831763,0.5492153994981025,0.5492153994981025,0.0,0.6490666677169975,0.43591127188302364,1.3764607291220528
0.11,0.4,spending a share of the balance,5.3133212263777825,3.014330021789434,6.767475613460695,0.23008,0.39468,0.37524,0.5501320472906378,0.6383569954962462,0.6036796478900003,0.516519425919248,0.5501320472906378,0.5501320472906378,0.0,0.65725822677185,0.4357873585976308,1.3764607291220528
0.11,0.45,spending a share of the balance,5.3133212263777825,3.014330021789434,6.767475613460695,0.23008,0.39468,0.37524,0.5510839713964482,0.6386168714202135,0.6064714784959254,0.5167432673454009,0.5510839713964482,0.5510839713964482,0.0,0.6661702684155045,0.4356538790778641,1.3764607291220528
0.11,0.5,spending a share of the balance,5.3133212263777825,3.014330021789434,6.767475613460695,0.23008,0.39468,0.37524,0.5520307181711683,0.6388736360259802,0.6093764226520068,0.5169127575090692,0.5520307181711683,0.5520307181711683,0.0,0.6758358188983913,0.43542813784690126,1.3764607291220528
0.11,0.55,spending a share of the balance,5.3133212263777825,3.014330021789434,6.767475613460695,0.23008,0.39468,0.37524,0.5530115041498963,0.6391378586779535,0.6124218210489608,0.5170843233123045,0.5530115041498963,0.5530115041498963,0.0,0.6863226570155193,0.43527998215903463,1.3764607291220528
0.11,0.6,spending a share of the balance,5.3133212263777825,3.014330021789434,6.767475613460695,0.23008,0.39468,0.37524,0.5540574090232289,0.6394176494723964,0.615626666935264,0.5173032595793345,0.5540574090232289,0.5540574090232289,0.0,0.6976905389032757,0.435044808056806,1.3764607291220528
0.11,0.65,spending a share of the balance,5.3133212263777825,3.014330021789434,6.767475613460695,0.23008,0.39468,0.37524,0.5551512811267647,0.6397081073717761,0.6189800465850422,0.5175390044877672,0.5551512811267647,0.5551512811267647,0.0,0.7099825261317773,0.43484483907902927,1.3764607291220528
0.11,0.7,spending a share of the balance,5.3133212263777825,3.014330021789434,6.767475613460695,0.23008,0.39468,0.37524,0.5563346001705093,0.6400198437277906,0.6224996288648498,0.5178758893547827,0.5563346001705093,0.5563346001705093,0.0,0.7232544134902429,0.43488395640923766,1.3764607291220528
0.11,0.75,spending a share of the balance,5.3133212263777825,3.014330021789434,6.767475613460695,0.23008,0.39468,0.37524,0.5575819466710112,0.6403456887063108,0.6261686684776031,0.5182589126330287,0.5575819466710112,0.5575819466710112,0.0,0.7375439847394945,0.4348648246656668,1.3764607291220528
0.11,0.8,spending a share of the balance,5.3133212263777825,3.014330021789434,6.767475613460695,0.23008,0.39468,0.37524,0.5589137601289009,0.6406905010312625,0.6299932433252564,0.5187330056320373,0.5589137601289009,0.5589137601289009,0.0,0.7529037923432728,0.43492416067798184,1.3764607291220528
0.11,0.85,spending a share of the balance,5.3133212263777825,3.014330021789434,6.767475613460695,0.23008,0.39468,0.37524,0.560325879342698,0.6410526431087253,0.6339610266408767,0.5193023082365426,0.560325879342698,0.560325879342698,0.0,0.7693684420129647,0.4353597550247521,1.3764607291220528
0.11,0.9,spending a share of the balance,5.3133212263777825,3.014330021789434,6.767475613460695,0.23008,0.39468,0.37524,0.5617651184778963,0.6414181100140178,0.6380303559047913,0.5198773323012962,0.5617651184778963,0.5617651184778963,0.0,0.7869575002615359,0.435516046479062,1.3764607291220528
0.11,0.95,spending a share of the balance,5.3133212263777825,3.014330021789434,6.767475613460695,0.23008,0.39468,0.37524,0.5632511058965814,0.6417916420095601,0.6421976735567327,0.520510837545439,0.5632511058965814,0.5632511058965814,0.0,0.8057161083724663,0.4358103454537713,1.3764607291220528
0.11,1.0,spending a share of the balance,5.3133212263777825,3.014330021789434,6.767475613460695,0.23008,0.39468,0.37524,0.564744365189356,0.642163147700323,0.646424750339721,0.5211452039854847,0.564744365189356,0.564744365189356,0.0,0.8256680249797003,0.43611099931604935,1.3764607291220528
0.13,0.0,spending a share of the balance,6.279379631173743,3.014330021789434,6.767475613460695,0.17036,0.36928,0.46036,0.547810393725493,0.6377159321760866,0.5984764210570812,0.5155480966927558,0.547810393725493,0.547810393725493,0.0,0.6385414129705625,0.4376375891613456,1.3764607291220528
0.13,0.05,spending a share of the balance,6.279379631173743,3.014330021789434,6.767475613460695,0.17036,0.36928,0.46036,0.5487383587671537,0.6379734057892255,0.6009871074445206,0.5157522441187655,0.5487383587671537,0.5487383587671537,0.0,0.6448080039320679,0.43704744124589523,1.3764607291220528
0.13,0.1,spending a share of the balance,6.279379631173743,3.014330021789434,6.767475613460695,0.17036,0.36928,0.46036,0.5496916844173544,0.6382361938228556,0.6036035189449465,0.5159664732057927,0.5496916844173544,0.5496916844173544,0.0,0.6515887895164266,0.43659794715512207,1.3764607291220528
0.13,0.15,spending a share of the balance,6.279379631173743,3.014330021789434,6.767475613460695,0.17036,0.36928,0.46036,0.5506724823781901,0.6385047453655119,0.6063351858061894,0.5161919145619067,0.5506724823781901,0.5506724823781901,0.0,0.6589261168608191,0.43603688705254473,1.3764607291220528
0.13,0.2,spending a share of the balance,6.279379631173743,3.014330021789434,6.767475613460695,0.17036,0.36928,0.46036,0.5516621552082634,0.6387738796314465,0.6091784705216718,0.5163970369373979,0.5516621552082634,0.5516621552082634,0.0,0.666860267476785,0.43568370810882984,1.3764607291220528
0.13,0.25,spending a share of the balance,6.279379631173743,3.014330021789434,6.767475613460695,0.17036,0.36928,0.46036,0.5526776268363401,0.6390481143781183,0.6121562833758017,0.5165862387688992,0.5526776268363401,0.5526776268363401,0.0,0.6754604011657196,0.43532676482197313,1.3764607291220528
0.13,0.3,spending a share of the balance,6.279379631173743,3.014330021789434,6.767475613460695,0.17036,0.36928,0.46036,0.5537656060779478,0.6393397932171885,0.6153027166756413,0.5168293957343734,0.5537656060779478,0.5537656060779478,0.0,0.6848006639326552,0.4349772852865427,1.3764607291220528
0.13,0.35,spending a share of the balance,6.279379631173743,3.014330021789434,6.767475613460695,0.17036,0.36928,0.46036,0.5549393472501793,0.6396520042474008,0.6186338937020894,0.5171485803951682,0.5549393472501793,0.5549393472501793,0.0,0.6949406585188058,0.43483106213693634,1.3764607291220528
0.13,0.4,spending a share of the balance,6.279379631173743,3.014330021789434,6.767475613460695,0.17036,0.36928,0.46036,0.5561340246512556,0.639967183623124,0.6221170317611106,0.5174392429575115,0.5561340246512556,0.5561340246512556,0.0,0.7059134685388844,0.4347713723494553,1.3764607291220528
0.13,0.45,spending a share of the balance,6.279379631173743,3.014330021789434,6.767475613460695,0.17036,0.36928,0.46036,0.5573147288407011,0.640276120363271,0.6257314539040928,0.5176447566966822,0.5573147288407011,0.5573147288407011,0.0,0.7177511213429439,0.43446586878961657,1.3764607291220528
0.13,0.5,spending a share of the balance,6.279379631173743,3.014330021789434,6.767475613460695,0.17036,0.36928,0.46036,0.558597561341629,0.6406089238669481,0.6295454220108204,0.5179569396067744,0.558597561341629,0.558597561341629,0.0,0.7305479677156739,0.4342087936567213,1.3764607291220528
0.13,0.55,spending a share of the balance,6.279379631173743,3.014330021789434,6.767475613460695,0.17036,0.36928,0.46036,0.5599864767393052,0.6409659257484791,0.6335596934434896,0.5183698727395192,0.5599864767393052,0.5599864767393052,0.0,0.7443551343165944,0.43435611925818385,1.3764607291220528
0.13,0.6,spending a share of the balance,6.279379631173743,3.014330021789434,6.767475613460695,0.17036,0.36928,0.46036,0.5614902569450473,0.6413485956269325,0.6377730741849162,0.5189178003585254,0.5614902569450473,0.5614902569450473,0.0,0.759214960201986,0.43452205128263505,1.3764607291220528
0.13,0.65,spending a share of the balance,6.279379631173743,3.014330021789434,6.767475613460695,0.17036,0.36928,0.46036,0.5630454627195082,0.6417401786053666,0.6421455847154848,0.5194836665281644,0.5630454627195082,0.5630454627195082,0.0,0.7751549044594606,0.43469640945307997,1.3764607291220528
0.13,0.7,spending a share of the balance,6.279379631173743,3.014330021789434,6.767475613460695,0.17036,0.36928,0.46036,0.5646772380687622,0.642146529610956,0.6466840393841491,0.5201206039361347,0.5646772380687622,0.5646772380687622,0.0,0.7922287882571942,0.43497104599617203,1.3764607291220528
0.13,0.75,spending a share of the balance,6.279379631173743,3.014330021789434,6.767475613460695,0.17036,0.36928,0.46036,0.5663708549675275,0.6425634514957399,0.6513721495669924,0.5208138679887856,0.5663708549675275,0.5663708549675275,0.0,0.8104761112865879,0.43528139463324794,1.3764607291220528
0.13,0.8,spending a share of the balance,6.279379631173743,3.014330021789434,6.767475613460695,0.17036,0.36928,0.46036,0.5680737457937829,0.6429777561046298,0.6561675692017734,0.5214857753963036,0.5680737457937829,0.5680737457937829,0.0,0.8299208608160193,0.4355174495789499,1.3764607291220528
0.13,0.85,spending a share of the balance,6.279379631173743,3.014330021789434,6.767475613460695,0.17036,0.36928,0.46036,0.5697783082934309,0.6433876061827483,0.6610488651436086,0.5221394867025643,0.5697783082934309,0.5697783082934309,0.0,0.8505983291834787,0.4356446211948048,1.3764607291220528
0.13,0.9,spending a share of the balance,6.279379631173743,3.014330021789434,6.767475613460695,0.17036,0.36928,0.46036,0.5715208963578223,0.6438016332594587,0.6660178079069754,0.52285443341159,0.5715208963578223,0.5715208963578223,0.0,0.8725570553799202,0.4360977788948731,1.3764607291220528
0.13,0.95,spending a share of the balance,6.279379631173743,3.014330021789434,6.767475613460695,0.17036,0.36928,0.46036,0.57326022765738,0.6442099417200884,0.6710338678417664,0.5235726091739856,0.57326022765738,0.57326022765738,0.0,0.8958230902336219,0.43637792804018616,1.3764607291220528
0.13,1.0,spending a share of the balance,6.279379631173743,3.014330021789434,6.767475613460695,0.17036,0.36928,0.46036,0.5749825991106624,0.6446094611095096,0.6760684728756328,0.5242851629122524,0.5749825991106624,0.5749825991106624,0.0,0.920430229576751,0.4366203912649051,1.3764607291220528
0.15,0.0,spending a share of the balance,7.245438035969704,3.014330021789434,6.767475613460695,0.12804,0.335,0.53696,0.5526537502862804,0.6390416885267622,0.6131547166937439,0.5163071671724105,0.5526537502862804,0.5526537502862804,0.0,0.6741339490863442,0.436076688664041,1.3764607291220528
0.15,0.05,spending a share of the balance,7.245438035969704,3.014330021789434,6.767475613460695,0.12804,0.335,0.53696,0.5539084700163921,0.6393779305977499,0.6163802611923195,0.5167413257118997,0.5539084700163921,0.5539084700163921,0.0,0.6823142901615644,0.4357896627352138,1.3764607291220528
0.15,0.1,spending a share of the balance,7.245438035969704,3.014330021789434,6.767475613460695,0.12804,0.335,0.53696,0.5551969691072305,0.6397201910848811,0.619742330698831,0.517191771977019,0.5551969691072305,0.5551969691072305,0.0,0.6911372148137244,0.4359086499169923,1.3764607291220528
0.15,0.15,spending a share of the balance,7.245438035969704,3.014330021789434,6.767475613460695,0.12804,0.335,0.53696,0.5564265592380744,0.6400439626343001,0.6232016897059052,0.5174778575398393,0.5564265592380744,0.5564265592380744,0.0,0.700624563659042,0.43543261490960555,1.3764607291220528
0.15,0.2,spending a share of the balance,7.245438035969704,3.014330021789434,6.767475613460695,0.12804,0.335,0.53696,0.5577137522356416,0.6403799559291218,0.6268383424254664,0.5177883942871614,0.5577137522356416,0.5577137522356416,0.0,0.7108846593722371,0.43502552040282283,1.3764607291220528
0.15,0.25,spending a share of the balance,7.245438035969704,3.014330021789434,6.767475613460695,0.12804,0.335,0.53696,0.5591189517602616,0.640743343470165,0.6306864823642032,0.5182294204411795,0.5591189517602616,0.5591189517602616,0.0,0.7219819967846082,0.43495482921293754,1.3764607291220528
0.15,0.3,spending a share of the balance,7.245438035969704,3.014330021789434,6.767475613460695,0.12804,0.335,0.53696,0.5605841023616915,0.6411184825421542,0.6347256007231867,0.5186850549442374,0.5605841023616915,0.5605841023616915,0.0,0.7339625578285107,0.4350017683493852,1.3764607291220528
0.15,0.35,spending a share of the balance,7.245438035969704,3.014330021789434,6.767475613460695,0.12804,0.335,0.53696,0.5620543988108518,0.6414911281259453,0.6389318737586746,0.5190694353970002,0.5620543988108518,0.5620543988108518,0.0,0.7468705174645244,0.4348434612536148,1.3764607291220528
0.15,0.4,spending a share of the balance,7.245438035969704,3.014330021789434,6.767475613460695,0.12804,0.335,0.53696,0.5635636657436085,0.6418697216451117,0.6433207321546931,0.5194491482372786,0.5635636657436085,0.5635636657436085,0.0,0.7607563489888938,0.43456285622361684,1.3764607291220528
0.15,0.45,spending a share of the balance,7.245438035969704,3.014330021789434,6.767475613460695,0.12804,0.335,0.53696,0.5652356181817069,0.6422845281315377,0.6479628112827537,0.5200220876850928,0.5652356181817069,0.5652356181817069,0.0,0.7757179268885277,0.4345817176147016,1.3764607291220528
0.15,0.5,spending a share of the balance,7.245438035969704,3.014330021789434,6.767475613460695,0.12804,0.335,0.53696,0.5670515172797886,0.6427296393017808,0.652843088664789,0.5207538326323105,0.5670515172797886,0.5670515172797886,0.0,0.7917952734668484,0.43495790534920054,1.3764607291220528
0.15,0.55,spending a share of the balance,7.245438035969704,3.014330021789434,6.767475613460695,0.12804,0.335,0.53696,0.568901471593363,0.6431773807342055,0.6578925419631987,0.5214682596672889,0.568901471593363,0.568901471593363,0.0,0.8089949440386205,0.43509992211250154,1.3764607291220528
0.15,0.6,spending a share of the balance,7.245438035969704,3.014330021789434,6.767475613460695,0.12804,0.335,0.53696,0.570795391905074,0.6436298643868904,0.6631070123626487,0.5222016854673429,0.570795391905074,0.570795391905074,0.0,0.8273678779038819,0.43549700423338633,1.3764607291220528
0.15,0.65,spending a share of the balance,7.245438035969704,3.014330021789434,6.767475613460695,0.12804,0.335,0.53696,0.5727299767908652,0.6440859849604661,0.6684786832337611,0.5229445262877511,0.5727299767908652,0.5727299767908652,0.0,0.8469635553596601,0.4357074083260257,1.3764607291220528
0.15,0.7,spending a share of the balance,7.245438035969704,3.014330021789434,6.767475613460695,0.12804,0.335,0.53696,0.5747035192139215,0.6445450483595448,0.6739924887950818,0.5237126056801313,0.5747035192139215,0.5747035192139215,0.0,0.8678198385619618,0.43600232758432095,1.3764607291220528
0.15,0.75,spending a share of the balance,7.245438035969704,3.014330021789434,6.767475613460695,0.12804,0.335,0.53696,0.5766938992623306,0.645001732805187,0.6796193150436548,0.5244929881896769,0.5766938992623306,0.5766938992623306,0.0,0.8899714812961573,0.43622054111186676,1.3764607291220528
0.15,0.8,spending a share of the balance,7.245438035969704,3.014330021789434,6.767475613460695,0.12804,0.335,0.53696,0.5787034289190655,0.6454564887769177,0.6853409734057663,0.5253031065963164,0.5787034289190655,0.5787034289190655,0.0,0.913459365709804,0.4366595538349322,1.3764607291220528
0.15,0.85,spending a share of the balance,7.245438035969704,3.014330021789434,6.767475613460695,0.12804,0.335,0.53696,0.5807195990407619,0.6459064553063777,0.6911326948850119,0.526126815946762,0.5807195990407619,0.5807195990407619,0.0,0.9383224296223883,0.43690697249474286,1.3764607291220528
0.15,0.9,spending a share of the balance,7.245438035969704,3.014330021789434,6.767475613460695,0.12804,0.335,0.53696,0.5827189498583917,0.6463465340456882,0.6969589427640206,0.5269443812263941,0.5827189498583917,0.5827189498583917,0.0,0.9645937952339633,0.4373015314690771,1.3764607291220528
0.15,0.95,spending a share of the balance,7.245438035969704,3.014330021789434,6.767475613460695,0.12804,0.335,0.53696,0.5847079406704598,0.6467783587425755,0.7027974261558786,0.5277886264438338,0.5847079406704598,0.5847079406704598,0.0,0.9923098745131129,0.43777925710473337,1.3764607291220528
0.15,1.0,spending a share of the balance,7.245438035969704,3.014330021789434,6.767475613460695,0.12804,0.335,0.53696,0.5866578536514282,0.6471959981046673,0.708606805230024,0.5286233704566602,0.5866578536514282,0.5866578536514282,0.0,1.021505199206659,0.4382674684361522,1.3764607291220528
0.17,0.0,spending a share of the balance,8.211496440765664,3.014330021789434,6.767475613460695,0.10048,0.29772,0.6018,0.5586564379989838,0.6406241272056258,0.6297336150648017,0.5182188982601057,0.5586564379989838,0.5586564379989838,0.0,0.7138455458554269,0.4363002876797514,1.3764607291220528
0.17,0.05,spending a share of the balance,8.211496440765664,3.014330021789434,6.767475613460695,0.10048,0.29772,0.6018,0.5601728165132258,0.6410135608188916,0.6336980349754271,0.5187134449325318,0.5601728165132258,0.5601728165132258,0.0,0.7240563398590447,0.43603765088026936,1.3764607291220528
0.17,0.1,spending a share of the balance,8.211496440765664,3.014330021789434,6.767475613460695,0.10048,0.29772,0.6018,0.5616519532095582,0.6413895057701264,0.6377864902553452,0.5190908549086857,0.5616519532095582,0.5616519532095582,0.0,0.7350050281316513,0.4354780461892061,1.3764607291220528
0.17,0.15,spending a share of the balance,8.211496440765664,3.014330021789434,6.767475613460695,0.10048,0.29772,0.6018,0.5632268990821895,0.641785587920255,0.6420897870893448,0.5195567693528694,0.5632268990821895,0.5632268990821895,0.0,0.7468072539676507,0.4354228913458196,1.3764607291220528
0.17,0.2,spending a share of the balance,8.211496440765664,3.014330021789434,6.767475613460695,0.10048,0.29772,0.6018,0.5649124897033034,0.6422047349599925,0.6466255918657304,0.5201061488895589,0.5649124897033034,0.5649124897033034,0.0,0.7595237533310866,0.43515909597125263,1.3764607291220528
0.17,0.25,spending a share of the balance,8.211496440765664,3.014330021789434,6.767475613460695,0.10048,0.29772,0.6018,0.5666755045362265,0.6426379303487512,0.6513842938212682,0.5206919428229138,0.5666755045362265,0.5666755045362265,0.0,0.7732114089703992,0.43509903131889,1.3764607291220528
0.17,0.3,spending a share of the balance,8.211496440765664,3.014330021789434,6.767475613460695,0.10048,0.29772,0.6018,0.5684990992918795,0.6430804824509678,0.6563615123358919,0.5212951240756549,0.5684990992918795,0.5684990992918795,0.0,0.7879238599469048,0.4350643351903829,1.3764607291220528
0.17,0.35,spending a share of the balance,8.211496440765664,3.014330021789434,6.767475613460695,0.10048,0.29772,0.6018,0.5703957168455616,0.6435348693732059,0.6615611427594192,0.521937352827753,0.5703957168455616,0.5703957168455616,0.0,0.8037103815157183,0.4351473730907049,1.3764607291220528
0.17,0.4,spending a share of the balance,8.211496440765664,3.014330021789434,6.767475613460695,0.10048,0.29772,0.6018,0.5724678071459005,0.6440245295125469,0.6670378680469902,0.522788720658233,0.5724678071459005,0.5724678071459005,0.0,0.8206534655793561,0.43545898226211777,1.3764607291220528
0.17,0.45,spending a share of the balance,8.211496440765664,3.014330021789434,6.767475613460695,0.10048,0.29772,0.6018,0.5746066465763616,0.6445226607209001,0.6727294676135535,0.5236449550702433,0.5746066465763616,0.5746066465763616,0.0,0.838775540980874,0.43583132659617535,1.3764607291220528
0.17,0.5,spending a share of the balance,8.211496440765664,3.014330021789434,6.767475613460695,0.10048,0.29772,0.6018,0.5767563894409538,0.645015969541906,0.6785920690952995,0.5244549275931945,0.5767563894409538,0.5767563894409538,0.0,0.8580975546327074,0.4360588750521239,1.3764607291220528
0.17,0.55,spending a share of the balance,8.211496440765664,3.014330021789434,6.767475613460695,0.10048,0.29772,0.6018,0.5789452970613224,0.6455107995144318,0.6846286011481169,0.5252881229728668,0.5789452970613224,0.5789452970613224,0.0,0.8786726511976488,0.4363135110469112,1.3764607291220528
0.17,0.6,spending a share of the balance,8.211496440765664,3.014330021789434,6.767475613460695,0.10048,0.29772,0.6018,0.581165383012764,0.6460051031795062,0.6908253912381759,0.5261231704635013,0.581165383012764,0.581165383012764,0.0,0.9005462114713352,0.43652613925056183,1.3764607291220528
0.17,0.65,spending a share of the balance,8.211496440765664,3.014330021789434,6.767475613460695,0.10048,0.29772,0.6018,0.5834569849036639,0.6465074575904759,0.6971875292761978,0.5270460826844465,0.5834569849036639,0.5834569849036639,0.0,0.9237702351157709,0.4370451235588586,1.3764607291220528
0.17,0.7,spending a share of the balance,8.211496440765664,3.014330021789434,6.767475613460695,0.10048,0.29772,0.6018,0.5857445122135626,0.6470010729871122,0.7036587933340828,0.5279486035801293,0.5857445122135626,0.5857445122135626,0.0,0.9483737792004953,0.43735895982935397,1.3764607291220528
0.17,0.75,spending a share of the balance,8.211496440765664,3.014330021789434,6.767475613460695,0.10048,0.29772,0.6018,0.5880425204265781,0.6474891875130719,0.7102255791298911,0.528872164391238,0.5880425204265781,0.5880425204265781,0.0,0.9744026030198699,0.4378579397960989,1.3764607291220528
0.17,0.8,spending a share of the balance,8.211496440765664,3.014330021789434,6.767475613460695,0.10048,0.29772,0.6018,0.5903368944674551,0.6479688966475223,0.7168574625711204,0.5298035263373005,0.5903368944674551,0.5903368944674551,0.0,1.0018935804584255,0.438215873927465,1.3764607291220528
0.17,0.85,spending a share of the balance,8.211496440765664,3.014330021789434,6.767475613460695,0.10048,0.29772,0.6018,0.5926152728305863,0.6484378383244719,0.7235219521337983,0.5307380626557755,0.5926152728305863,0.5926152728305863,0.0,1.030883389485345,0.4386303238798844,1.3764607291220528
0.17,0.9,spending a share of the balance,8.211496440765664,3.014330021789434,6.767475613460695,0.10048,0.29772,0.6018,0.5948534024594176,0.6488914118181991,0.7301756994438198,0.5316597738749637,0.5948534024594176,0.5948534024594176,0.0,1.0614039589171038,0.4392086618664578,1.3764607291220528
0.17,0.95,spending a share of the balance,8.211496440765664,3.014330021789434,6.767475613460695,0.10048,0.29772,0.6018,0.5970436777062014,0.649328599826507,0.7367851083190623,0.532581728615729,0.5970436777062014,0.5970436777062014,0.0,1.093494106238197,0.4397167230758946,1.3764607291220528
0.17,1.0,spending a share of the balance,8.211496440765664,3.014330021789434,6.767475613460695,0.10048,0.29772,0.6018,0.5991207613383103,0.6497371791027378,0.7432898675839549,0.5334062789794031,0.5991207613383103,0.5991207613383103,0.0,1.1271887248575712,0.44001313025571864,1.3764607291220528
0.2,0.0,spending a share of the balance,9.660584047959604,3.014330021789434,6.767475613460695,0.06912,0.25,0.68088,0.5688046380477256,0.6431540861690306,0.6572444841623929,0.5216931203266434,0.5688046380477256,0.5688046380477256,0.0,0.7796062281196199,0.4362440644747218,1.3764607291220528
0.2,0.05,spending a share of the balance,9.660584047959604,3.014330021789434,6.767475613460695,0.06912,0.25,0.68088,0.5707611710336014,0.6436217410242051,0.6624239031388021,0.5223265511977239,0.5707611710336014,0.5707611710336014,0.0,0.7930115078630697,0.435845749280153,1.3764607291220528
0.2,0.1,spending a share of the balance,9.660584047959604,3.014330021789434,6.767475613460695,0.06912,0.25,0.68088,0.5728436942996327,0.6441126069851597,0.6678561431100427,0.5230942475288957,0.5728436942996327,0.5728436942996327,0.0,0.8073884259834153,0.43584225196084275,1.3764607291220528
0.2,0.15,spending a share of the balance,9.660584047959604,3.014330021789434,6.767475613460695,0.06912,0.25,0.68088,0.5750941318156692,0.6446351685932025,0.673593531893009,0.5240175745814933,0.5750941318156692,0.5750941318156692,0.0,0.8228315188811639,0.436242444438608,1.3764607291220528
0.2,0.2,spending a share of the balance,9.660584047959604,3.014330021789434,6.767475613460695,0.06912,0.25,0.68088,0.5773883594309273,0.6451596026294374,0.679573040835827,0.5249052288991903,0.5773883594309273,0.5773883594309273,0.0,0.8393698454704838,0.43631378717898384,1.3764607291220528
0.2,0.25,spending a share of the balance,9.660584047959604,3.014330021789434,6.767475613460695,0.06912,0.25,0.68088,0.5797168501032371,0.6456834450157699,0.6857870315946967,0.525749235877168,0.5797168501032371,0.5797168501032371,0.0,0.8570541772809247,0.43644069470980523,1.3764607291220528
0.2,0.3,spending a share of the balance,9.660584047959604,3.014330021789434,6.767475613460695,0.06912,0.25,0.68088,0.5821219797297327,0.6462157688380277,0.6922583352707673,0.5266225305353297,0.5821219797297327,0.5821219797297327,0.0,0.8759505286558426,0.4366044586615394,1.3764607291220528
0.2,0.35,spending a share of the balance,9.660584047959604,3.014330021789434,6.767475613460695,0.06912,0.25,0.68088,0.5846655107839283,0.6467692085025992,0.6990111770274415,0.5276306822218982,0.5846655107839283,0.5846655107839283,0.0,0.8961190184721913,0.43700736269512946,1.3764607291220528
0.2,0.4,spending a share of the balance,9.660584047959604,3.014330021789434,6.767475613460695,0.06912,0.25,0.68088,0.5872567439911655,0.6473231498928355,0.7059935122827823,0.5286177264501587,0.5872567439911655,0.5872567439911655,0.0,0.9175895310048001,0.4373789454206971,1.3764607291220528
0.2,0.45,spending a share of the balance,9.660584047959604,3.014330021789434,6.767475613460695,0.06912,0.25,0.68088,0.589844159932903,0.6478665121671182,0.7131554368357187,0.5295463885094457,0.589844159932903,0.589844159932903,0.0,0.9403821847350792,0.43754807940568885,1.3764607291220528
0.2,0.5,spending a share of the balance,9.660584047959604,3.014330021789434,6.767475613460695,0.06912,0.25,0.68088,0.5924842102585078,0.6484110610543432,0.7205089465401863,0.5305372480751109,0.5924842102585078,0.5924842102585078,0.0,0.9645548815649527,0.4378464560190988,1.3764607291220528
0.2,0.55,spending a share of the balance,9.660584047959604,3.014330021789434,6.767475613460695,0.06912,0.25,0.68088,0.5951734168960805,0.6489556981123158,0.7280421213549333,0.5315686365432635,0.5951734168960805,0.5951734168960805,0.0,0.9901603427326482,0.438243907753537,1.3764607291220528
0.2,0.6,spending a share of the balance,9.660584047959604,3.014330021789434,6.767475613460695,0.06912,0.25,0.68088,0.5979191572471125,0.6495015223798871,0.7357381853743871,0.5326710933145354,0.5979191572471125,0.5979191572471125,0.0,1.0172435138354858,0.43872872281807135,1.3764607291220528
0.2,0.65,spending a share of the balance,9.660584047959604,3.014330021789434,6.767475613460695,0.06912,0.25,0.68088,0.6006173207168842,0.6500279856692511,0.743524230463627,0.5336921789036468,0.6006173207168842,0.6006173207168842,0.0,1.045834555953953,0.43910187180401167,1.3764607291220528
0.2,0.7,spending a share of the balance,9.660584047959604,3.014330021789434,6.767475613460695,0.06912,0.25,0.68088,0.6033263530308458,0.6505468878884878,0.7514051021491651,0.5347492239372557,0.6033263530308458,0.6033263530308458,0.0,1.0759859362338424,0.4396596375601135,1.3764607291220528
0.2,0.75,spending a share of the balance,9.660584047959604,3.014330021789434,6.767475613460695,0.06912,0.25,0.68088,0.6060351119481062,0.6510562280534687,0.7593487371794225,0.5358346115816636,0.6060351119481062,0.6060351119481062,0.0,1.107740080057518,0.44016705678078855,1.3764607291220528
0.2,0.8,spending a share of the balance,9.660584047959604,3.014330021789434,6.767475613460695,0.06912,0.25,0.68088,0.6087069952926109,0.6515495005695375,0.767304277248221,0.5368986290299812,0.6087069952926109,0.6087069952926109,0.0,1.141131054534963,0.44078570471224837,1.3764607291220528
0.2,0.85,spending a share of the balance,9.660584047959604,3.014330021789434,6.767475613460695,0.06912,0.25,0.68088,0.6113399817427073,0.6520268900597016,0.7752334563222528,0.5379779263083254,0.6113399817427073,0.6113399817427073,0.0,1.1761989257642682,0.4413930497782812,1.3764607291220528
0.2,0.9,spending a share of the balance,9.660584047959604,3.014330021789434,6.767475613460695,0.06912,0.25,0.68088,0.6138975392097676,0.6524824902866188,0.7830839392622337,0.5390390448261738,0.6138975392097676,0.6138975392097676,0.0,1.212983066899478,0.4419156573856574,1.3764607291220528
0.2,0.95,spending a share of the balance,9.660584047959604,3.014330021789434,6.767475613460695,0.06912,0.25,0.68088,0.616344875153242,0.6529111084826832,0.790800970924889,0.5400480502044473,0.616344875153242,0.616344875153242,0.0,1.2515246311349804,0.44267723970641176,1.3764607291220528
0.2,1.0,spending a share of the balance,9.660584047959604,3.014330021789434,6.767475613460695,0.06912,0.25,0.68088,0.6187050727169163,0.6533177808222399,0.7983610679319054,0.5410714101173273,0.6187050727169163,0.6187050727169163,0.0,1.2918822772570475,0.44342398854770815,1.3764607291220528
0.25,0.0,spending a share of the balance,12.075730059949507,3.014330021789434,6.767475613460695,0.03948,0.1854,0.77512,0.5881670644548643,0.6475154218851965,0.708482800665793,0.5294549713954427,0.5881670644548643,0.5881670644548643,0.0,0.9014949991978444,0.43842694118369735,1.3764607291220528
0.25,0.05,spending a share of the balance,12.075730059949507,3.014330021789434,6.767475613460695,0.03948,0.1854,0.77512,0.5911295898442346,0.6481328840609673,0.7160083197080626,0.5306715218161706,0.5911295898442346,0.5911295898442346,0.0,0.9205361067983205,0.4386900669815757,1.3764607291220528
0.25,0.1,spending a share of the balance,12.075730059949507,3.014330021789434,6.767475613460695,0.03948,0.1854,0.77512,0.5941680029814471,0.6487532494514086,0.7238471378016602,0.5318828831600265,0.5941680029814471,0.5941680029814471,0.0,0.9408319197023128,0.4390517154900247,1.3764607291220528
0.25,0.15,spending a share of the balance,12.075730059949507,3.014330021789434,6.767475613460695,0.03948,0.1854,0.77512,0.5971945229991488,0.6493584683891116,0.7319608922613678,0.5329572647586822,0.5971945229991488,0.5971945229991488,0.0,0.9624355615664216,0.4391604128355583,1.3764607291220528
0.25,0.2,spending a share of the balance,12.075730059949507,3.014330021789434,6.767475613460695,0.03948,0.1854,0.77512,0.6002998766428586,0.6499665494578656,0.7403819142778622,0.5340579881115625,0.6002998766428586,0.6002998766428586,0.0,0.9854083931559237,0.43931208085150736,1.3764607291220528
0.25,0.25,spending a share of the balance,12.075730059949507,3.014330021789434,6.767475613460695,0.03948,0.1854,0.77512,0.6034932839018325,0.6505785496766182,0.7491071659402299,0.5351951169879877,0.6034932839018325,0.6034932839018325,0.0,1.0098003736815993,0.43948117745076704,1.3764607291220528
0.25,0.3,spending a share of the balance,12.075730059949507,3.014330021789434,6.767475613460695,0.03948,0.1854,0.77512,0.6068101437409646,0.651200237427757,0.7581402200333526,0.5364413274910882,0.6068101437409646,0.6068101437409646,0.0,1.0356611202253072,0.4398964885593334,1.3764607291220528
0.25,0.35,spending a share of the balance,12.075730059949507,3.014330021789434,6.767475613460695,0.03948,0.1854,0.77512,0.610161968437005,0.6518143603440589,0.7674325945303785,0.5376497952385387,0.610161968437005,0.610161968437005,0.0,1.0630332440191643,0.4402672479742018,1.3764607291220528
0.25,0.4,spending a share of the balance,12.075730059949507,3.014330021789434,6.767475613460695,0.03948,0.1854,0.77512,0.6135636743208226,0.6524234643587536,0.7769594580680979,0.5389070602139818,0.6135636743208226,0.6135636743208226,0.0,1.091956002731147,0.44077589184803545,1.3764607291220528
0.25,0.45,spending a share of the balance,12.075730059949507,3.014330021789434,6.767475613460695,0.03948,0.1854,0.77512,0.6170222984770883,0.6530284979318107,0.7867035811870684,0.540221925148122,0.6170222984770883,0.6170222984770883,0.0,1.1224814261586589,0.44134223614095075,1.3764607291220528
0.25,0.5,spending a share of the balance,12.075730059949507,3.014330021789434,6.767475613460695,0.03948,0.1854,0.77512,0.6205656992654717,0.6536338231257124,0.7966544588901646,0.5416521824251403,0.6205656992654717,0.6205656992654717,0.0,1.154658203598879,0.44212452462799784,1.3764607291220528
0.25,0.55,spending a share of the balance,12.075730059949507,3.014330021789434,6.767475613460695,0.03948,0.1854,0.77512,0.624068332766123,0.6542180892454129,0.8067196194101547,0.5430148438747106,0.624068332766123,0.624068332766123,0.0,1.1885131914062337,0.44280903393390286,1.3764607291220528
0.25,0.6,spending a share of the balance,12.075730059949507,3.014330021789434,6.767475613460695,0.03948,0.1854,0.77512,0.6275495383661466,0.6547852495145315,0.8168838144410608,0.5443771944089462,0.6275495383661466,0.6275495383661466,0.0,1.2241041650145754,0.44361753348268446,1.3764607291220528
0.25,0.65,spending a share of the balance,12.075730059949507,3.014330021789434,6.767475613460695,0.03948,0.1854,0.77512,0.6309974025268567,0.6553340163784385,0.8271101289596066,0.5457179472241239,0.6309974025268567,0.6309974025268567,0.0,1.2614802215284835,0.4442500207991725,1.3764607291220528
0.25,0.7,spending a share of the balance,12.075730059949507,3.014330021789434,6.767475613460695,0.03948,0.1854,0.77512,0.6344439230085356,0.6558700013856438,0.8373766000055735,0.5471150874288986,0.6344439230085356,0.6344439230085356,0.0,1.3006929138073855,0.4452192049796161,1.3764607291220528
0.25,0.75,spending a share of the balance,12.075730059949507,3.014330021789434,6.767475613460695,0.03948,0.1854,0.77512,0.6378361890657689,0.6563855839333343,0.8476149736009968,0.5485035457792572,0.6378361890657689,0.6378361890657689,0.0,1.3417836750872476,0.4460858424223527,1.3764607291220528
0.25,0.8,spending a share of the balance,12.075730059949507,3.014330021789434,6.767475613460695,0.03948,0.1854,0.77512,0.6410858583873562,0.6568686330446202,0.8577324584810416,0.5497883090338409,0.6410858583873562,0.6410858583873562,0.0,1.3847861110204254,0.4470523573317742,1.3764607291220528
0.25,0.85,spending a share of the balance,12.075730059949507,3.014330021789434,6.767475613460695,0.03948,0.1854,0.77512,0.644189765343993,0.6573203262535284,0.867677803175688,0.551012103952554,0.644189765343993,0.644189765343993,0.0,1.4297516420956027,0.4477437548621412,1.3764607291220528
0.25,0.9,spending a share of the balance,12.075730059949507,3.014330021789434,6.767475613460695,0.03948,0.1854,0.77512,0.6471318370661265,0.6577399260063687,0.8773978573253403,0.5521645956479387,0.6471318370661265,0.6471318370661265,0.0,1.4767359054254003,0.4483785813784433,1.3764607291220528
0.25,0.95,spending a share of the balance,12.075730059949507,3.014330021789434,6.767475613460695,0.03948,0.1854,0.77512,0.649900085167533,0.6581273053786425,0.8868414372672846,0.5532486021087515,0.649900085167533,0.649900085167533,0.0,1.525800795072026,0.44911746947989595,1.3764607291220528
0.25,1.0,spending a share of the balance,12.075730059949507,3.014330021789434,6.767475613460695,0.03948,0.1854,0.77512,0.6524989461603585,0.658484557466539,0.8959709714914228,0.5542862391818579,0.6524989461603585,0.6524989461603585,0.0,1.5770189175997138,0.449822616486727,1.3764607291220528
0.35,0.0,spending a share of the balance,16.906022083929308,3.014330021789434,6.767475613460695,0.01624,0.10216,0.8816,0.6289484516262005,0.6550094390259967,0.8218394175882182,0.5455598369160342,0.6289484516262005,0.6289484516262005,0.0,1.1725713169656462,0.44378355372429723,1.3764607291220528
0.35,0.05,spending a share of the balance,16.906022083929308,3.014330021789434,6.767475613460695,0.01624,0.10216,0.8816,0.6336151719031314,0.6557422488218856,0.8343678147050464,0.5473431265035517,0.6336151719031314,0.6336151719031314,0.0,1.2030122335847835,0.44447268228501047,1.3764607291220528
0.35,0.1,spending a share of the balance,16.906022083929308,3.014330021789434,6.767475613460695,0.01624,0.10216,0.8816,0.6384797144761919,0.6564820767162329,0.8474103957496794,0.5492348246515266,0.6384797144761919,0.6384797144761919,0.0,1.235202525909466,0.4452264423781981,1.3764607291220528
0.35,0.15,spending a share of the balance,16.906022083929308,3.014330021789434,6.767475613460695,0.01624,0.10216,0.8816,0.6434931703959288,0.6572197674340525,0.8608973083911858,0.5511832784180821,0.6434931703959288,0.6434931703959288,0.0,1.2691646523062825,0.4459415637982484,1.3764607291220528
0.35,0.2,spending a share of the balance,16.906022083929308,3.014330021789434,6.767475613460695,0.01624,0.10216,0.8816,0.6485785898510776,0.6579432687099142,0.874754926852704,0.5531228889516928,0.6485785898510776,0.6485785898510776,0.0,1.3049250388429794,0.4467417741684218,1.3764607291220528
0.35,0.25,spending a share of the balance,16.906022083929308,3.014330021789434,6.767475613460695,0.01624,0.10216,0.8816,0.6538641865812986,0.6586697783537351,0.8890389714319412,0.555275738731408,0.6538641865812986,0.6538641865812986,0.0,1.3425710109879272,0.44801155788241115,1.3764607291220528
0.35,0.3,spending a share of the balance,16.906022083929308,3.014330021789434,6.767475613460695,0.01624,0.10216,0.8816,0.6591821424257054,0.659375520247342,0.9036270636783051,0.5574350833522761,0.6591821424257054,0.6591821424257054,0.0,1.3821248070332823,0.44950424729547,1.3764607291220528
0.35,0.35,spending a share of the balance,16.906022083929308,3.014330021789434,6.767475613460695,0.01624,0.10216,0.8816,0.6644140417232978,0.6600460961274532,0.9184119493437807,0.5594569962640611,0.6644140417232978,0.6644140417232978,0.0,1.4236160297594098,0.4509618062708759,1.3764607291220528
0.35,0.4,spending a share of the balance,16.906022083929308,3.014330021789434,6.767475613460695,0.01624,0.10216,0.8816,0.6696426465626804,0.6606936086092254,0.9333949487994669,0.561490727116613,0.6696426465626804,0.6696426465626804,0.0,1.4671130792483094,0.4521027274735221,1.3764607291220528
0.35,0.45,spending a share of the balance,16.906022083929308,3.014330021789434,6.767475613460695,0.01624,0.10216,0.8816,0.6747901732466913,0.6613097949219187,0.948495506936557,0.5634558080539632,0.6747901732466913,0.6747901732466913,0.0,1.5126576756395462,0.4533963384678832,1.3764607291220528
0.35,0.5,spending a share of the balance,16.906022083929308,3.014330021789434,6.767475613460695,0.01624,0.10216,0.8816,0.6798915523096607,0.6619003909386222,0.9637064768108601,0.5654057941872014,0.6798915523096607,0.6798915523096607,0.0,1.5603332754438561,0.45477773368966523,1.3764607291220528
0.35,0.55,spending a share of the balance,16.906022083929308,3.014330021789434,6.767475613460695,0.01624,0.10216,0.8816,0.6849752010300467,0.6624697886150764,0.9789958479296333,0.5673967448698277,0.6849752010300467,0.6849752010300467,0.0,1.6102029644298999,0.45640178190086195,1.3764607291220528
0.35,0.6,spending a share of the balance,16.906022083929308,3.014330021789434,6.767475613460695,0.01624,0.10216,0.8816,0.6899436726055449,0.6630084839897816,0.9942638481265996,0.5692951493721703,0.6899436726055449,0.6899436726055449,0.0,1.6623168765591962,0.4578139765403057,1.3764607291220528
0.35,0.65,spending a share of the balance,16.906022083929308,3.014330021789434,6.767475613460695,0.01624,0.10216,0.8816,0.6947739090155157,0.6635159178206694,1.0094343457870432,0.5711125436617096,0.6947739090155157,0.6947739090155157,0.0,1.716734217551088,0.45952215018287484,1.3764607291220528
0.35,0.7,spending a share of the balance,16.906022083929308,3.014330021789434,6.767475613460695,0.01624,0.10216,0.8816,0.699433262698642,0.6639907185057852,1.0244156814580756,0.572872427575862,0.699433262698642,0.699433262698642,0.0,1.7735116359600722,0.46085991277726646,1.3764607291220528
0.35,0.75,spending a share of the balance,16.906022083929308,3.014330021789434,6.767475613460695,0.01624,0.10216,0.8816,0.7038908122770363,0.6644319068534806,1.0391140209809444,0.5745902742624808,0.7038908122770363,0.7038908122770363,0.0,1.8327105343105103,0.4622912576016034,1.3764607291220528
0.35,0.8,spending a share of the balance,16.906022083929308,3.014330021789434,6.767475613460695,0.01624,0.10216,0.8816,0.7080508648960073,0.6648325016584131,1.0534112015052681,0.5761359677530031,0.7080508648960073,0.7080508648960073,0.0,1.8943917104576482,0.4637070239901226,1.3764607291220528
0.35,0.85,spending a share of the balance,16.906022083929308,3.014330021789434,6.767475613460695,0.01624,0.10216,0.8816,0.7119139963140726,0.6651951498358273,1.0672445972089268,0.5775427971381911,0.7119139963140726,0.7119139963140726,0.0,1.958638563263884,0.4652309622271662,1.3764607291220528
0.35,0.9,spending a share of the balance,16.906022083929308,3.014330021789434,6.767475613460695,0.01624,0.10216,0.8816,0.7154897878981801,0.6655230160334812,1.0805573560018975,0.5788534656372645,0.7154897878981801,0.7154897878981801,0.0,2.0255425080589085,0.466590651426886,1.3764607291220528
0.35,0.95,spending a share of the balance,16.906022083929308,3.014330021789434,6.767475613460695,0.01624,0.10216,0.8816,0.7187819935624735,0.6658184109343375,1.0932975278787647,0.5800757423050266,0.7187819935624735,0.7187819935624735,0.0,2.0952052174325773,0.4677942835050749,1.3764607291220528
0.35,1.0,spending a share of the balance,16.906022083929308,3.014330021789434,6.767475613460695,0.01624,0.10216,0.8816,0.7218170915849643,0.6660853705704751,1.105427175010372,0.5812648366100007,0.7218170915849643,0.7218170915849643,0.0,2.1677385730650136,0.4691029039546932,1.3764607291220528
0.6,0.0,spending a share of the balance,28.981752143878815,3.014330021789434,6.767475613460695,0.00348,0.03004,0.96648,0.7314591884919359,0.6669005776471747,1.1330062677867132,0.5864099301255506,0.7314591884919359,0.7314591884919359,0.0,1.91330388325657,0.46671531550624906,1.3764607291220528
0.6,0.05,spending a share of the balance,28.981752143878815,3.014330021789434,6.767475613460695,0.00348,0.03004,0.96648,0.7415874548652064,0.6677058360575613,1.1603729584228513,0.5904790545460749,0.7415874548652064,0.7415874548652064,0.0,1.971572413995197,0.4704694430106421,1.3764607291220528
0.6,0.1,spending a share of the balance,28.981752143878815,3.014330021789434,6.767475613460695,0.00348,0.03004,0.96648,0.7513835792472711,0.6684382750740463,1.1880813727973474,0.5941488914397383,0.7513835792472711,0.7513835792472711,0.0,2.0324300659216306,0.4736028585331525,1.3764607291220528
0.6,0.15,spending a share of the balance,28.981752143878815,3.014330021789434,6.767475613460695,0.00348,0.03004,0.96648,0.7608167512468386,0.6691033128065201,1.2160998556020608,0.5973785650111141,0.7608167512468386,0.7608167512468386,0.0,2.0959643251642293,0.47653118065380173,1.3764607291220528
0.6,0.2,spending a share of the balance,28.981752143878815,3.014330021789434,6.767475613460695,0.00348,0.03004,0.96648,0.7703200175679197,0.6697359330033817,1.2446169748429443,0.6006749911115432,0.7703200175679197,0.7703200175679197,0.0,2.1623082964199267,0.479527418959771,1.3764607291220528
0.6,0.25,spending a share of the balance,28.981752143878815,3.014330021789434,6.767475613460695,0.00348,0.03004,0.96648,0.7800983324477438,0.6703502376595843,1.2736800763958092,0.6042695027481927,0.7800983324477438,0.7800983324477438,0.0,2.2315619188554074,0.4831134287680723,1.3764607291220528
0.6,0.3,spending a share of the balance,28.981752143878815,3.014330021789434,6.767475613460695,0.00348,0.03004,0.96648,0.7899127234280099,0.6709318714774888,1.3030485229554614,0.6079033104004824,0.7899127234280099,0.7899127234280099,0.0,2.3037678276949087,0.48749117373288253,1.3764607291220528
0.6,0.35,spending a share of the balance,28.981752143878815,3.014330021789434,6.767475613460695,0.00348,0.03004,0.96648,0.7994659954021689,0.6714665776932216,1.3325229841900714,0.6112619844106182,0.7994659954021689,0.7994659954021689,0.0,2.3790062226332243,0.4916073821242626,1.3764607291220528
0.6,0.4,spending a share of the balance,28.981752143878815,3.014330021789434,6.767475613460695,0.00348,0.03004,0.96648,0.8089777954130303,0.6719700894702905,1.3621448527754496,0.6145780161845171,0.8089777954130303,0.8089777954130303,0.0,2.4573952062612627,0.4962880501147736,1.3764607291220528
0.6,0.45,spending a share of the balance,28.981752143878815,3.014330021789434,6.767475613460695,0.00348,0.03004,0.96648,0.8184160222093719,0.672442999224632,1.391815393054676,0.6178436981233063,0.8184160222093719,0.8184160222093719,0.0,2.5390297503578245,0.5009906700706449,1.3764607291220528
0.6,0.5,spending a share of the balance,28.981752143878815,3.014330021789434,6.767475613460695,0.00348,0.03004,0.96648,0.8280599400856535,0.672900436278518,1.4215253816958464,0.6215009414320919,0.8280599400856535,0.8280599400856535,0.0,2.6240224051121563,0.5068146046743377,1.3764607291220528
0.6,0.55,spending a share of the balance,28.981752143878815,3.014330021789434,6.767475613460695,0.00348,0.03004,0.96648,0.8375157891737722,0.6733252048930177,1.4509479483685965,0.6251383780168767,0.8375157891737722,0.8375157891737722,0.0,2.7124444058200803,0.5126035548668424,1.3764607291220528
0.6,0.6,spending a share of the balance,28.981752143878815,3.014330021789434,6.767475613460695,0.00348,0.03004,0.96648,0.8464214919843368,0.6737050448833727,1.4797478093194265,0.6284823362126442,0.8464214919843368,0.8464214919843368,0.0,2.8043717907258423,0.5181752565527792,1.3764607291220528
0.6,0.65,spending a share of the balance,28.981752143878815,3.014330021789434,6.767475613460695,0.00348,0.03004,0.96648,0.8547790725079284,0.674044682868696,1.50776672797334,0.6316342303397469,0.8547790725079284,0.8547790725079284,0.0,2.899916269046169,0.5236990389473118,1.3764607291220528
0.6,0.7,spending a share of the balance,28.981752143878815,3.014330021789434,6.767475613460695,0.00348,0.03004,0.96648,0.8624980228258187,0.6743446622644912,1.5348438907442488,0.6344856785180399,0.8624980228258187,0.8624980228258187,0.0,2.999202248220239,0.5285720356151971,1.3764607291220528
0.6,0.75,spending a share of the balance,28.981752143878815,3.014330021789434,6.767475613460695,0.00348,0.03004,0.96648,0.8694444738278493,0.6746039143135983,1.5608093906041451,0.6369069832834736,0.8694444738278493,0.8694444738278493,0.0,3.1023598018354104,0.533589692836253,1.3764607291220528
0.6,0.8,spending a share of the balance,28.981752143878815,3.014330021789434,6.767475613460695,0.00348,0.03004,0.96648,0.8756060916874169,0.6748257583277805,1.5855523491017303,0.638915859516308,0.8756060916874169,0.8756060916874169,0.0,3.2095359642500956,0.5382886675880566,1.3764607291220528
0.6,0.85,spending a share of the balance,28.981752143878815,3.014330021789434,6.767475613460695,0.00348,0.03004,0.96648,0.8810353120951063,0.6750151540982144,1.6089939697647822,0.6406066735176087,0.8810353120951063,0.8810353120951063,0.0,3.320891601669838,0.5420984070152628,1.3764607291220528
0.6,0.9,spending a share of the balance,28.981752143878815,3.014330021789434,6.767475613460695,0.00348,0.03004,0.96648,0.8858738760741157,0.6751793105484062,1.6311074867239506,0.6421808862768336,0.8858738760741157,0.8858738760741157,0.0,3.436607720296938,0.5458833844473208,1.3764607291220528
0.6,0.95,spending a share of the balance,28.981752143878815,3.014330021789434,6.767475613460695,0.00348,0.03004,0.96648,0.8901334232131474,0.6753203170864515,1.6518192373428233,0.6436361382324994,0.8901334232131474,0.8901334232131474,0.0,3.5568722024067543,0.5488048088365958,1.3764607291220528
0.6,1.0,spending a share of the balance,28.981752143878815,3.014330021789434,6.767475613460695,0.00348,0.03004,0.96648,0.8937351013776381,0.6754370520615544,1.671022575586912,0.6448580959390955,0.8937351013776381,0.8937351013776381,0.0,3.6818835903667573,0.5517682288489782,1.3764607291220528
1.0,0.0,spending a share of the balance,48.30292023979803,3.014330021789434,6.767475613460695,0.0008,0.00776,0.99144,0.8744306681243671,0.674784012283972,1.651225089763348,0.6377729249747565,0.8744306681243671,0.8744306681243671,0.0,3.145652059746778,0.5142907074142935,1.3764607291220528
1.0,0.05,spending a share of the balance,48.30292023979803,3.014330021789434,6.767475613460695,0.0008,0.00776,0.99144,0.890748858129571,0.675340424325996,1.7033320862460577,0.6431187231773037,0.890748858129571,0.890748858129571,0.0,3.246380855395265,0.522903162105148,1.3764607291220528
1.0,0.1,spending a share of the balance,48.30292023979803,3.014330021789434,6.767475613460695,0.0008,0.00776,0.99144,0.9076187281025692,0.6758666043817968,1.7565853297282068,0.6487471538166225,0.9076187281025692,0.9076187281025692,0.0,3.351283394029485,0.5331850110449369,1.3764607291220528
1.0,0.15,spending a share of the balance,48.30292023979803,3.014330021789434,6.767475613460695,0.0008,0.00776,0.99144,0.9260199461133012,0.6763894886956663,1.8113935616148777,0.6556786717744729,0.9260199461133012,0.9260199461133012,0.0,3.460528607103677,0.5449694659676777,1.3764607291220528
1.0,0.2,spending a share of the balance,48.30292023979803,3.014330021789434,6.767475613460695,0.0008,0.00776,0.99144,0.9439362064989831,0.6768527027501869,1.8666037666307138,0.6617512427941882,0.9439362064989831,0.9439362064989831,0.0,3.574153188629169,0.5583431166498887,1.3764607291220528
1.0,0.25,spending a share of the balance,48.30292023979803,3.014330021789434,6.767475613460695,0.0008,0.00776,0.99144,0.9619150884710191,0.6772767618039004,1.9222646711787785,0.667927515834677,0.9619150884710191,0.9619150884710191,0.0,3.692319079454133,0.570448301307532,1.3764607291220528
1.0,0.3,spending a share of the balance,48.30292023979803,3.014330021789434,6.767475613460695,0.0008,0.00776,0.99144,0.9800270244967032,0.6776668771960713,1.9783059562434748,0.6740465549225342,0.9800270244967032,0.9800270244967032,0.0,3.8151796639818167,0.5859170613772432,1.3764607291220528
1.0,0.35,spending a share of the balance,48.30292023979803,3.014330021789434,6.767475613460695,0.0008,0.00776,0.99144,0.9988063394709694,0.6780360812810612,2.0347636327331813,0.6806240197894423,0.9988063394709694,0.9988063394709694,0.0,3.9429050991642165,0.6032156826671643,1.3764607291220528
1.0,0.4,spending a share of the balance,48.30292023979803,3.014330021789434,6.767475613460695,0.0008,0.00776,0.99144,1.0175797174014642,0.6783729263273147,2.0910587391190414,0.6872227049367606,1.0175797174014642,1.0175797174014642,0.0,4.075622207331406,0.6204176616910319,1.3764607291220528
1.0,0.45,spending a share of the balance,48.30292023979803,3.014330021789434,6.767475613460695,0.0008,0.00776,0.99144,1.035153960298137,0.6786619560148383,2.146397088061223,0.692872569804945,1.035153960298137,1.035153960298137,0.0,4.213453171071379,0.6428570173661173,1.3764607291220528
1.0,0.5,spending a share of the balance,48.30292023979803,3.014330021789434,6.767475613460695,0.0008,0.00776,0.99144,1.0516241373161959,0.6789119239052533,2.20044983763444,0.6981746349366066,1.0516241373161959,1.0516241373161959,0.0,4.356566857454921,0.6701029115986799,1.3764607291220528
1.0,0.55,spending a share of the balance,48.30292023979803,3.014330021789434,6.767475613460695,0.0008,0.00776,0.99144,1.0668040109290011,0.6791259590422262,2.252885334145693,0.70298488091992,1.0668040109290011,1.0668040109290011,0.0,4.505142136242247,0.6947749955943392,1.3764607291220528
1.0,0.6,spending a share of the balance,48.30292023979803,3.014330021789434,6.767475613460695,0.0008,0.00776,0.99144,1.0805434506305285,0.6793072401066502,2.3034319298744803,0.7071484468082042,1.0805434506305285,1.0805434506305285,0.0,4.6593733527515315,0.7184673092355528,1.3764607291220528
1.0,0.65,spending a share of the balance,48.30292023979803,3.014330021789434,6.767475613460695,0.0008,0.00776,0.99144,1.0931367014623807,0.6794637632658939,2.351993164555546,0.711042673272098,1.0931367014623807,1.0931367014623807,0.0,4.819475608365998,0.7396543354767955,1.3764607291220528
1.0,0.7,spending a share of the balance,48.30292023979803,3.014330021789434,6.767475613460695,0.0008,0.00776,0.99144,1.104704855930712,0.6795999566931233,2.398441098747512,0.714729212131572,1.104704855930712,1.104704855930712,0.0,4.985678240459434,0.7581097254055074,1.3764607291220528
1.0,0.75,spending a share of the balance,48.30292023979803,3.014330021789434,6.767475613460695,0.0008,0.00776,0.99144,1.1150702980420637,0.6797161837778424,2.4425714755458032,0.717961771721632,1.1150702980420637,1.1150702980420637,0.0,5.1582223304390045,0.775105508566912,1.3764607291220528
1.0,0.8,spending a share of the balance,48.30292023979803,3.014330021789434,6.767475613460695,0.0008,0.00776,0.99144,1.12429473143435,0.6798152471433674,2.484268481474305,0.7208139676740849,1.12429473143435,1.12429473143435,0.0,5.337369917784508,0.7902094624582118,1.3764607291220528
1.0,0.85,spending a share of the balance,48.30292023979803,3.014330021789434,6.767475613460695,0.0008,0.00776,0.99144,1.132299492166981,0.679898033686818,2.5233811816672906,0.723207482704973,1.132299492166981,1.132299492166981,0.0,5.523399186666669,0.8028638606208173,1.3764607291220528
1.0,0.9,spending a share of the balance,48.30292023979803,3.014330021789434,6.767475613460695,0.0008,0.00776,0.99144,1.1391572788822546,0.6799667048947385,2.5597950458877854,0.7253161980340337,1.1391572788822546,1.1391572788822546,0.0,5.7166097127544235,0.8136892824621951,1.3764607291220528
1.0,0.95,spending a share of the balance,48.30292023979803,3.014330021789434,6.767475613460695,0.0008,0.00776,0.99144,1.1446300941342107,0.6800200670153451,2.593315657348055,0.7267906954178147,1.1446300941342107,1.1446300941342107,0.0,5.91731765743617,0.8236215870296415,1.3764607291220528
1.0,1.0,spending a share of the balance,48.30292023979803,3.014330021789434,6.767475613460695,0.0008,0.00776,0.99144,1.14873688679658,0.6800592933703482,2.623814676066194,0.7277493308160634,1.14873688679658,1.14873688679658,0.0,6.125864602854271,0.8317572962974705,1.3764607291220528
