equity,domestic,rule,rule_label,rate,has_rate,assumed_return,has_assumed_return,label,front_load,reads_mortality,cec_fixed,cec_mortality,ruin_fixed,ruin_mortality,mean_consumption
0.7,0.0,constant_real,constant_real,0.03,True,,False,"constant_real @ 3.0%, 70% equity / 0% domestic",0.03,False,0.9536644426432486,0.9641176654968493,0.031,0.015403093975141547,1.3495031954482843
0.7,0.0,constant_real,constant_real,0.035,True,,False,"constant_real @ 3.5%, 70% equity / 0% domestic",0.035,False,0.994206803707197,1.0094774802495374,0.05928,0.028607856022793247,1.3943308962247367
0.7,0.0,constant_real,constant_real,0.04,True,,False,"constant_real @ 4.0%, 70% equity / 0% domestic",0.04,False,1.0212634899198396,1.045678054975278,0.1056,0.05085153428952761,1.4366350662816432
0.7,0.0,constant_real,constant_real,0.045,True,,False,"constant_real @ 4.5%, 70% equity / 0% domestic",0.045,False,1.0277398443581476,1.0669498820287484,0.17296,0.08554349479579669,1.474626663131355
0.7,0.0,constant_real,constant_real,0.05,True,,False,"constant_real @ 5.0%, 70% equity / 0% domestic",0.05,False,1.0146043755217586,1.0703348898229832,0.25428,0.13029497171290946,1.5071434184549803
0.7,0.0,constant_real,constant_real,0.06,True,,False,"constant_real @ 6.0%, 70% equity / 0% domestic",0.06,False,0.9527828555072241,1.0311551934270884,0.42916,0.2412342643904177,1.553615274042589
0.7,0.0,constant_real,constant_real,0.07,True,,False,"constant_real @ 7.0%, 70% equity / 0% domestic",0.07,False,0.8842587272674342,0.9664916689678562,0.598,0.3639630557666118,1.5764892105424482
0.7,0.0,constant_real,constant_real,0.08,True,,False,"constant_real @ 8.0%, 70% equity / 0% domestic",0.08,False,0.8257418803506775,0.9024988404628272,0.73964,0.4849921762985726,1.578453989941327
0.7,0.0,constant_real,constant_real,0.09,True,,False,"constant_real @ 9.0%, 70% equity / 0% domestic",0.09,False,0.7801933322323132,0.8485397664331253,0.85068,0.595033510340861,1.5650872136676928
0.7,0.0,constant_real,constant_real,0.1,True,,False,"constant_real @ 10.0%, 70% equity / 0% domestic",0.1,False,0.745943647870773,0.8059451355813803,0.92076,0.6840077152766237,1.544925973206124
0.7,0.0,constant_real,constant_real,0.12,True,,False,"constant_real @ 12.0%, 70% equity / 0% domestic",0.12,False,0.7007245875515851,0.7472029223629892,0.98264,0.8019556064149639,1.5039438029220098
0.7,0.0,constant_percent,constant_percent,0.03,True,,False,"constant_percent @ 3.0%, 70% equity / 0% domestic",0.03,False,1.0133149032128699,1.0112460822670968,0.0,0.0,1.5219517923479835
0.7,0.0,constant_percent,constant_percent,0.035,True,,False,"constant_percent @ 3.5%, 70% equity / 0% domestic",0.035,False,1.047874379398331,1.0493597702164752,0.0,0.0,1.5544290292593679
0.7,0.0,constant_percent,constant_percent,0.04,True,,False,"constant_percent @ 4.0%, 70% equity / 0% domestic",0.04,False,1.076406848708746,1.0820965924006973,0.0,0.0,1.5793230628573314
0.7,0.0,constant_percent,constant_percent,0.045,True,,False,"constant_percent @ 4.5%, 70% equity / 0% domestic",0.045,False,1.0994034537981738,1.1098587986666821,0.0,0.0,1.5978896332458932
0.7,0.0,constant_percent,constant_percent,0.05,True,,False,"constant_percent @ 5.0%, 70% equity / 0% domestic",0.05,False,1.117286213667601,1.1329737005308544,0.0,0.0,1.6112004209534176
0.7,0.0,constant_percent,constant_percent,0.06,True,,False,"constant_percent @ 6.0%, 70% equity / 0% domestic",0.06,False,1.1392543115582234,1.166391759007026,0.0,0.0,1.625568347551466
0.7,0.0,constant_percent,constant_percent,0.07,True,,False,"constant_percent @ 7.0%, 70% equity / 0% domestic",0.07,False,1.1453309575232984,1.1844981581162752,0.0,0.0,1.6281946080576382
0.7,0.0,constant_percent,constant_percent,0.08,True,,False,"constant_percent @ 8.0%, 70% equity / 0% domestic",0.08,False,1.1385345591664804,1.189444558569516,0.0,0.0,1.6232042336440184
0.7,0.0,constant_percent,constant_percent,0.09,True,,False,"constant_percent @ 9.0%, 70% equity / 0% domestic",0.09,False,1.1218540712104192,1.1834774028283328,0.0,0.0,1.6135124088008954
0.7,0.0,constant_percent,constant_percent,0.1,True,,False,"constant_percent @ 10.0%, 70% equity / 0% domestic",0.1,False,1.0981087142182027,1.1688863151062179,0.0,0.0,1.6011494326191302
0.7,0.0,constant_percent,constant_percent,0.12,True,,False,"constant_percent @ 12.0%, 70% equity / 0% domestic",0.12,False,1.0390340618719067,1.122522905761949,0.0,0.0,1.5735007298811827
0.7,0.0,guyton_klinger,guyton_klinger,0.03,True,,False,"guyton_klinger @ 3.0%, 70% equity / 0% domestic",0.03,False,0.9711268370591726,0.9701466297799327,0.0,0.0,1.4608868696808144
0.7,0.0,guyton_klinger,guyton_klinger,0.035,True,,False,"guyton_klinger @ 3.5%, 70% equity / 0% domestic",0.035,False,1.007852162194824,1.009508688618872,0.0,0.0,1.4996211468994727
0.7,0.0,guyton_klinger,guyton_klinger,0.04,True,,False,"guyton_klinger @ 4.0%, 70% equity / 0% domestic",0.04,False,1.0399498161023137,1.044779145364308,4e-05,1.1258300121115244e-05,1.532471091290577
0.7,0.0,guyton_klinger,guyton_klinger,0.045,True,,False,"guyton_klinger @ 4.5%, 70% equity / 0% domestic",0.045,False,1.0681032783197026,1.0765458408618773,8e-05,2.25697652761207e-05,1.5598661789300288
0.7,0.0,guyton_klinger,guyton_klinger,0.05,True,,False,"guyton_klinger @ 5.0%, 70% equity / 0% domestic",0.05,False,1.0919115739144358,1.1044025775399517,0.00012,3.540592934450019e-05,1.582569414024043
0.7,0.0,guyton_klinger,guyton_klinger,0.06,True,,False,"guyton_klinger @ 6.0%, 70% equity / 0% domestic",0.06,False,1.1283966121330282,1.14997167968877,0.00248,0.0006769321880261487,1.6166232183273141
0.7,0.0,guyton_klinger,guyton_klinger,0.07,True,,False,"guyton_klinger @ 7.0%, 70% equity / 0% domestic",0.07,False,1.145883017449321,1.1794339386898391,0.0244,0.0071064721369103225,1.637728431810809
0.7,0.0,guyton_klinger,guyton_klinger,0.08,True,,False,"guyton_klinger @ 8.0%, 70% equity / 0% domestic",0.08,False,1.1304055732179419,1.1862291551984294,0.1376,0.04139306254920491,1.6452622083166555
0.7,0.0,guyton_klinger,guyton_klinger,0.09,True,,False,"guyton_klinger @ 9.0%, 70% equity / 0% domestic",0.09,False,1.0752734948054918,1.1620756618728254,0.35524,0.11812014333728606,1.6373381903731692
0.7,0.0,guyton_klinger,guyton_klinger,0.1,True,,False,"guyton_klinger @ 10.0%, 70% equity / 0% domestic",0.1,False,1.0040394060856932,1.112830941148939,0.57216,0.21587976200294096,1.6177990670682632
0.7,0.0,guyton_klinger,guyton_klinger,0.12,True,,False,"guyton_klinger @ 12.0%, 70% equity / 0% domestic",0.12,False,0.8729605498377828,0.9817635105787734,0.8792,0.43471567652021453,1.564076052551721
0.7,0.0,guyton_klinger,guyton_klinger (tight band),0.03,True,,False,"guyton_klinger (tight band) @ 3.0%, 70% equity / 0% domestic",0.03,False,0.9877540803036493,0.9859117131652122,0.0,0.0,1.488451620525142
0.7,0.0,guyton_klinger,guyton_klinger (tight band),0.035,True,,False,"guyton_klinger (tight band) @ 3.5%, 70% equity / 0% domestic",0.035,False,1.0242527839385964,1.0251105729473946,0.0,0.0,1.5273143401698452
0.7,0.0,guyton_klinger,guyton_klinger (tight band),0.04,True,,False,"guyton_klinger (tight band) @ 4.0%, 70% equity / 0% domestic",0.04,False,1.0557648080000053,1.0598891217140847,0.0,0.0,1.559318055016415
0.7,0.0,guyton_klinger,guyton_klinger (tight band),0.045,True,,False,"guyton_klinger (tight band) @ 4.5%, 70% equity / 0% domestic",0.045,False,1.0824602707930746,1.0902681911698298,4e-05,9.76827368647285e-06,1.5851493028621946
0.7,0.0,guyton_klinger,guyton_klinger (tight band),0.05,True,,False,"guyton_klinger (tight band) @ 5.0%, 70% equity / 0% domestic",0.05,False,1.1046681890653733,1.1164827474521153,0.00016,4.5086365518351184e-05,1.6056921688401147
0.7,0.0,guyton_klinger,guyton_klinger (tight band),0.06,True,,False,"guyton_klinger (tight band) @ 6.0%, 70% equity / 0% domestic",0.06,False,1.1375766742956561,1.1581428532437574,0.00132,0.00036933733474750854,1.6351095666262496
0.7,0.0,guyton_klinger,guyton_klinger (tight band),0.07,True,,False,"guyton_klinger (tight band) @ 7.0%, 70% equity / 0% domestic",0.07,False,1.154345196493229,1.1853334425166955,0.01488,0.004213646398985675,1.6509906660909128
0.7,0.0,guyton_klinger,guyton_klinger (tight band),0.08,True,,False,"guyton_klinger (tight band) @ 8.0%, 70% equity / 0% domestic",0.08,False,1.1470973006198533,1.1950566099536828,0.08484,0.024631532677886283,1.6549638515765013
0.7,0.0,guyton_klinger,guyton_klinger (tight band),0.09,True,,False,"guyton_klinger (tight band) @ 9.0%, 70% equity / 0% domestic",0.09,False,1.1017482529246245,1.1785798324602417,0.28768,0.08843381176225477,1.6455413920623563
0.7,0.0,guyton_klinger,guyton_klinger (tight band),0.1,True,,False,"guyton_klinger (tight band) @ 10.0%, 70% equity / 0% domestic",0.1,False,1.036002953677464,1.138242848763534,0.51916,0.17824495891017217,1.6259332148450545
0.7,0.0,guyton_klinger,guyton_klinger (tight band),0.12,True,,False,"guyton_klinger (tight band) @ 12.0%, 70% equity / 0% domestic",0.12,False,0.9074148268197723,1.0219198166013905,0.85168,0.3775615646098205,1.5744421438130596
0.7,0.0,guyton_klinger,guyton_klinger (no inflation rule),0.03,True,,False,"guyton_klinger (no inflation rule) @ 3.0%, 70% equity / 0% domestic",0.03,False,1.0078502829173532,1.0037551752931235,0.01104,0.0049891090939330595,1.490878793487362
0.7,0.0,guyton_klinger,guyton_klinger (no inflation rule),0.035,True,,False,"guyton_klinger (no inflation rule) @ 3.5%, 70% equity / 0% domestic",0.035,False,1.0467626232714526,1.0461481020878298,0.01596,0.007543223903540397,1.531726245334834
0.7,0.0,guyton_klinger,guyton_klinger (no inflation rule),0.04,True,,False,"guyton_klinger (no inflation rule) @ 4.0%, 70% equity / 0% domestic",0.04,False,1.0794017571182477,1.0830688982503418,0.02192,0.010448940723000483,1.5660111842283102
0.7,0.0,guyton_klinger,guyton_klinger (no inflation rule),0.045,True,,False,"guyton_klinger (no inflation rule) @ 4.5%, 70% equity / 0% domestic",0.045,False,1.1052354200191623,1.1146402593865465,0.03424,0.015282114636888888,1.594734943843845
0.7,0.0,guyton_klinger,guyton_klinger (no inflation rule),0.05,True,,False,"guyton_klinger (no inflation rule) @ 5.0%, 70% equity / 0% domestic",0.05,False,1.122892193562998,1.1401566124852258,0.05728,0.023749764149041612,1.6177555997793343
0.7,0.0,guyton_klinger,guyton_klinger (no inflation rule),0.06,True,,False,"guyton_klinger (no inflation rule) @ 6.0%, 70% equity / 0% domestic",0.06,False,1.1274751313558071,1.1685476506825936,0.1426,0.05600370821794715,1.648770929650461
0.7,0.0,guyton_klinger,guyton_klinger (no inflation rule),0.07,True,,False,"guyton_klinger (no inflation rule) @ 7.0%, 70% equity / 0% domestic",0.07,False,1.091648035890281,1.1626097801982906,0.285,0.11354335960983958,1.6601404443477
0.7,0.0,guyton_klinger,guyton_klinger (no inflation rule),0.08,True,,False,"guyton_klinger (no inflation rule) @ 8.0%, 70% equity / 0% domestic",0.08,False,1.0263099875668624,1.1224812333245306,0.48056,0.20111476033389117,1.653681779258305
0.7,0.0,guyton_klinger,guyton_klinger (no inflation rule),0.09,True,,False,"guyton_klinger (no inflation rule) @ 9.0%, 70% equity / 0% domestic",0.09,False,0.954439240441061,1.0608666818818195,0.68572,0.3090504202845703,1.632360746500668
0.7,0.0,guyton_klinger,guyton_klinger (no inflation rule),0.1,True,,False,"guyton_klinger (no inflation rule) @ 10.0%, 70% equity / 0% domestic",0.1,False,0.8930585124393124,0.997236634403619,0.8308,0.41232984963089586,1.6046472286106492
0.7,0.0,guyton_klinger,guyton_klinger (no inflation rule),0.12,True,,False,"guyton_klinger (no inflation rule) @ 12.0%, 70% equity / 0% domestic",0.12,False,0.7993057040224573,0.8842736773539256,0.98008,0.5966576639049752,1.546526769733126
0.7,0.0,vanguard_dynamic,vanguard_dynamic,0.03,True,,False,"vanguard_dynamic @ 3.0%, 70% equity / 0% domestic",0.03,False,1.0111358234069012,1.0107149697189186,0.01688,0.009084379436678829,1.4620022134573338
0.7,0.0,vanguard_dynamic,vanguard_dynamic,0.035,True,,False,"vanguard_dynamic @ 3.5%, 70% equity / 0% domestic",0.035,False,1.0505479215919589,1.0547830317559708,0.026,0.01368440692594721,1.5061454248732262
0.7,0.0,vanguard_dynamic,vanguard_dynamic,0.04,True,,False,"vanguard_dynamic @ 4.0%, 70% equity / 0% domestic",0.04,False,1.080291557927376,1.0917812617732443,0.04428,0.0222585413362938,1.5436477142472105
0.7,0.0,vanguard_dynamic,vanguard_dynamic,0.045,True,,False,"vanguard_dynamic @ 4.5%, 70% equity / 0% domestic",0.045,False,1.0976566968429307,1.1196482042839229,0.07232,0.03601521171091543,1.5744399746451332
0.7,0.0,vanguard_dynamic,vanguard_dynamic,0.05,True,,False,"vanguard_dynamic @ 5.0%, 70% equity / 0% domestic",0.05,False,1.0985351754704653,1.135319076194955,0.1202,0.0587980290091319,1.5989618911167844
0.7,0.0,vanguard_dynamic,vanguard_dynamic,0.06,True,,False,"vanguard_dynamic @ 6.0%, 70% equity / 0% domestic",0.06,False,1.0460537880310905,1.1165568405647153,0.2664,0.13721522931322805,1.6290210424607434
0.7,0.0,vanguard_dynamic,vanguard_dynamic,0.07,True,,False,"vanguard_dynamic @ 7.0%, 70% equity / 0% domestic",0.07,False,0.9603990120310923,1.0483471959749213,0.4628,0.2537186451514323,1.6346674826402698
0.7,0.0,vanguard_dynamic,vanguard_dynamic,0.08,True,,False,"vanguard_dynamic @ 8.0%, 70% equity / 0% domestic",0.08,False,0.8822420656383873,0.9701365483244243,0.66216,0.38683377853223916,1.620998367372452
0.7,0.0,vanguard_dynamic,vanguard_dynamic,0.09,True,,False,"vanguard_dynamic @ 9.0%, 70% equity / 0% domestic",0.09,False,0.8190092770093312,0.8997346307279233,0.83132,0.5232136928861647,1.5939739668078639
0.7,0.0,vanguard_dynamic,vanguard_dynamic,0.1,True,,False,"vanguard_dynamic @ 10.0%, 70% equity / 0% domestic",0.1,False,0.7724910899577825,0.8434865882146154,0.93332,0.6370964712991444,1.562454997560005
0.7,0.0,vanguard_dynamic,vanguard_dynamic,0.12,True,,False,"vanguard_dynamic @ 12.0%, 70% equity / 0% domestic",0.12,False,0.7149901028492448,0.7685321885539829,0.99548,0.780301277253572,1.5108134540146616
0.7,0.0,vanguard_dynamic,vanguard_dynamic (asymmetric),0.03,True,,False,"vanguard_dynamic (asymmetric) @ 3.0%, 70% equity / 0% domestic",0.03,False,0.9717949297866697,0.9758136828936355,0.00804,0.0044398484431794035,1.389212480927898
0.7,0.0,vanguard_dynamic,vanguard_dynamic (asymmetric),0.035,True,,False,"vanguard_dynamic (asymmetric) @ 3.5%, 70% equity / 0% domestic",0.035,False,1.0116032141673112,1.0187650440409848,0.01252,0.007138742177418724,1.4314676695002249
0.7,0.0,vanguard_dynamic,vanguard_dynamic (asymmetric),0.04,True,,False,"vanguard_dynamic (asymmetric) @ 4.0%, 70% equity / 0% domestic",0.04,False,1.0455671371305633,1.0568666686596886,0.01736,0.00984750993158513,1.4696923217536286
0.7,0.0,vanguard_dynamic,vanguard_dynamic (asymmetric),0.045,True,,False,"vanguard_dynamic (asymmetric) @ 4.5%, 70% equity / 0% domestic",0.045,False,1.0730485334783193,1.0897913214290553,0.02568,0.014095696332673997,1.503584223927127
0.7,0.0,vanguard_dynamic,vanguard_dynamic (asymmetric),0.05,True,,False,"vanguard_dynamic (asymmetric) @ 5.0%, 70% equity / 0% domestic",0.05,False,1.0921797539952087,1.1161977571873225,0.03848,0.020933105182563774,1.5328743144884969
0.7,0.0,vanguard_dynamic,vanguard_dynamic (asymmetric),0.06,True,,False,"vanguard_dynamic (asymmetric) @ 6.0%, 70% equity / 0% domestic",0.06,False,1.100858790018246,1.1450459385081158,0.09188,0.04799405276228567,1.5771663592822915
0.7,0.0,vanguard_dynamic,vanguard_dynamic (asymmetric),0.07,True,,False,"vanguard_dynamic (asymmetric) @ 7.0%, 70% equity / 0% domestic",0.07,False,1.0590391259031096,1.1280797071794804,0.19864,0.10603609663256679,1.6018509132728276
0.7,0.0,vanguard_dynamic,vanguard_dynamic (asymmetric),0.08,True,,False,"vanguard_dynamic (asymmetric) @ 8.0%, 70% equity / 0% domestic",0.08,False,0.9859530670421265,1.070158736078152,0.355,0.19727128682580755,1.608980000551733
0.7,0.0,vanguard_dynamic,vanguard_dynamic (asymmetric),0.09,True,,False,"vanguard_dynamic (asymmetric) @ 9.0%, 70% equity / 0% domestic",0.09,False,0.9105135226666269,0.9966858834640479,0.5324,0.3115790312729794,1.6013220520353015
0.7,0.0,vanguard_dynamic,vanguard_dynamic (asymmetric),0.1,True,,False,"vanguard_dynamic (asymmetric) @ 10.0%, 70% equity / 0% domestic",0.1,False,0.8448873428759383,0.9263747575211491,0.7168,0.44273967445561296,1.582483245593772
0.7,0.0,vanguard_dynamic,vanguard_dynamic (asymmetric),0.12,True,,False,"vanguard_dynamic (asymmetric) @ 12.0%, 70% equity / 0% domestic",0.12,False,0.7533242215846089,0.8175676228701594,0.94624,0.6735371609915894,1.531775491242725
0.7,0.0,endowment,endowment,0.03,True,,False,"endowment @ 3.0%, 70% equity / 0% domestic",0.03,False,1.0109627957718104,1.0092949359851138,0.0002,0.00011875978286268979,1.5050815809745766
0.7,0.0,endowment,endowment,0.035,True,,False,"endowment @ 3.5%, 70% equity / 0% domestic",0.035,False,1.0477170745919535,1.0500377601717965,0.00028,0.00017407129463251878,1.5407716541519585
0.7,0.0,endowment,endowment,0.04,True,,False,"endowment @ 4.0%, 70% equity / 0% domestic",0.04,False,1.0779891088600457,1.085241670755288,0.00048,0.00028883902954670725,1.5689618070348028
0.7,0.0,endowment,endowment,0.045,True,,False,"endowment @ 4.5%, 70% equity / 0% domestic",0.045,False,1.101927229032698,1.115006715587875,0.00116,0.0007314053821918108,1.5906041902118326
0.7,0.0,endowment,endowment,0.05,True,,False,"endowment @ 5.0%, 70% equity / 0% domestic",0.05,False,1.1196580696250662,1.1393742351393104,0.00192,0.001171771013315094,1.6065598918412198
0.7,0.0,endowment,endowment,0.06,True,,False,"endowment @ 6.0%, 70% equity / 0% domestic",0.06,False,1.1366282492433535,1.171470855126444,0.00928,0.005479673523107574,1.6244188394472787
0.7,0.0,endowment,endowment,0.07,True,,False,"endowment @ 7.0%, 70% equity / 0% domestic",0.07,False,1.1320849532452928,1.1827698013225705,0.0118,0.007397149280266619,1.6278363283086719
0.7,0.0,endowment,endowment,0.08,True,,False,"endowment @ 8.0%, 70% equity / 0% domestic",0.08,False,1.1087630750494957,1.1748398998471017,0.01576,0.009674367750135375,1.6210547283440984
0.7,0.0,endowment,endowment,0.09,True,,False,"endowment @ 9.0%, 70% equity / 0% domestic",0.09,False,1.069144825490001,1.14843480421191,0.02748,0.0162516312794466,1.6073775542620865
0.7,0.0,endowment,endowment,0.1,True,,False,"endowment @ 10.0%, 70% equity / 0% domestic",0.1,False,1.0175763718894673,1.1065218834923074,0.05716,0.03126295110013044,1.589396827195141
0.7,0.0,endowment,endowment,0.12,True,,False,"endowment @ 12.0%, 70% equity / 0% domestic",0.12,False,0.8964880857245993,0.9894060021929575,0.34508,0.18169872660858594,1.5479286672367896
0.7,0.0,endowment,endowment (light smoothing),0.03,True,,False,"endowment (light smoothing) @ 3.0%, 70% equity / 0% domestic",0.03,False,1.0133290192717046,1.011309767660277,0.0,0.0,1.5189866940414973
0.7,0.0,endowment,endowment (light smoothing),0.035,True,,False,"endowment (light smoothing) @ 3.5%, 70% equity / 0% domestic",0.035,False,1.0484086113797777,1.0500358256042284,0.0,0.0,1.5521137288829103
0.7,0.0,endowment,endowment (light smoothing),0.04,True,,False,"endowment (light smoothing) @ 4.0%, 70% equity / 0% domestic",0.04,False,1.0773665687925527,1.0833371498611017,0.0,0.0,1.5776352338988433
0.7,0.0,endowment,endowment (light smoothing),0.045,True,,False,"endowment (light smoothing) @ 4.5%, 70% equity / 0% domestic",0.045,False,1.1006456994507037,1.1115685484197813,0.0,0.0,1.596753914899195
0.7,0.0,endowment,endowment (light smoothing),0.05,True,,False,"endowment (light smoothing) @ 5.0%, 70% equity / 0% domestic",0.05,False,1.1186283563122295,1.135014838035969,0.0,0.0,1.6105086088420522
0.7,0.0,endowment,endowment (light smoothing),0.06,True,,False,"endowment (light smoothing) @ 6.0%, 70% equity / 0% domestic",0.06,False,1.1401386728676168,1.1685420155586406,0.0,0.0,1.6253810367737633
0.7,0.0,endowment,endowment (light smoothing),0.07,True,,False,"endowment (light smoothing) @ 7.0%, 70% equity / 0% domestic",0.07,False,1.1448042571538612,1.1858593906988573,0.0,0.0,1.6279985181710859
0.7,0.0,endowment,endowment (light smoothing),0.08,True,,False,"endowment (light smoothing) @ 8.0%, 70% equity / 0% domestic",0.08,False,1.135695681395546,1.1890462683645253,0.0,0.0,1.622560402427585
0.7,0.0,endowment,endowment (light smoothing),0.09,True,,False,"endowment (light smoothing) @ 9.0%, 70% equity / 0% domestic",0.09,False,1.1159856711390783,1.1804146908632096,0.0,0.0,1.612095061018358
0.7,0.0,endowment,endowment (light smoothing),0.1,True,,False,"endowment (light smoothing) @ 10.0%, 70% equity / 0% domestic",0.1,False,1.0887520551339893,1.162432907103248,0.0,0.0,1.5987513844514523
0.7,0.0,endowment,endowment (light smoothing),0.12,True,,False,"endowment (light smoothing) @ 12.0%, 70% equity / 0% domestic",0.12,False,1.022395963452293,1.1081134307872649,0.0,0.0,1.5689239259493095
0.7,0.0,life_expectancy,life_expectancy,,False,,False,"life_expectancy, 70% equity / 0% domestic",0.03333333333333333,False,1.142317165259843,1.1317191657253922,0.0,0.0,1.9360177866014965
0.7,0.0,life_expectancy,life_expectancy (+5y buffer),,False,,False,"life_expectancy (+5y buffer), 70% equity / 0% domestic",0.02857142857142857,False,1.096172238834082,1.075656300575248,0.0,0.0,1.8117475630619833
0.7,0.0,gompertz,gompertz,,False,,False,"gompertz, 70% equity / 0% domestic",0.04598575701368062,True,1.1974919609823331,1.20980744949436,0.0,0.0,1.758005798644073
0.7,0.0,gompertz,gompertz (+5y buffer),,False,,False,"gompertz (+5y buffer), 70% equity / 0% domestic",0.03738895907792182,True,1.14656870085926,1.1415007311598675,0.0,0.0,1.7327004827635948
0.7,0.0,amortisation,amortisation (0% assumed return),,False,0.0,True,"amortisation (0% assumed return), 70% equity / 0% domestic",0.03333333333333333,False,1.142317165259843,1.1317191657253922,0.0,0.0,1.9360177866014965
0.7,0.0,amortisation,amortisation (1% assumed return),,False,0.01,True,"amortisation (1% assumed return), 70% equity / 0% domestic",0.03874811321584711,False,1.1676995369235519,1.1641650274367423,0.0,0.0,1.8951414597885634
0.7,0.0,amortisation,amortisation (2% assumed return),,False,0.02,True,"amortisation (2% assumed return), 70% equity / 0% domestic",0.04464992229340293,False,1.1870513977624733,1.1920525819550876,0.0,0.0,1.8557288477442062
0.7,0.0,amortisation,amortisation (3% assumed return),,False,0.03,True,"amortisation (3% assumed return), 70% equity / 0% domestic",0.05101925932025255,False,1.199263591369272,1.2141663724434921,0.0,0.0,1.8180788253087934
0.7,0.0,amortisation,amortisation (4% assumed return),,False,0.04,True,"amortisation (4% assumed return), 70% equity / 0% domestic",0.057830099133661314,False,1.2035887413841575,1.2294914814409976,0.0,0.0,1.7824298486209162
0.7,0.0,amortisation,amortisation (5% assumed return),,False,0.05,True,"amortisation (5% assumed return), 70% equity / 0% domestic",0.06505143508027657,False,1.1997697264440812,1.2373381306701596,0.0,0.0,1.7489554224374353
0.7,0.0,amortisation,amortisation (6% assumed return),,False,0.06,True,"amortisation (6% assumed return), 70% equity / 0% domestic",0.07264891149004721,False,1.1881083035900306,1.2374453863808155,0.0,0.0,1.7177640400103718
0.7,0.0,amortisation,amortisation (7% assumed return),,False,0.07,True,"amortisation (7% assumed return), 70% equity / 0% domestic",0.08058640351111118,False,1.169444141493021,1.2300349804031776,0.0,0.0,1.6889029699434406
0.7,0.0,amortisation,amortisation (8% assumed return),,False,0.08,True,"amortisation (8% assumed return), 70% equity / 0% domestic",0.08882743338727227,False,1.1450403106803861,1.2157936873832316,0.0,0.0,1.6623649606191708
0.7,0.0,amortisation,amortisation (10% assumed return),,False,0.1,True,"amortisation (10% assumed return), 70% equity / 0% domestic",0.1060792482526339,False,1.0850876114297594,1.1712910306820232,0.0,0.0,1.6160088114603555
0.7,0.0,amortisation,amortisation (12% assumed return),,False,0.12,True,"amortisation (12% assumed return), 70% equity / 0% domestic",0.12414365755194319,False,1.0199305241877068,1.1142442150330496,0.0,0.0,1.5778877620812342
0.7,0.1,constant_real,constant_real,0.03,True,,False,"constant_real @ 3.0%, 70% equity / 10% domestic",0.03,False,0.9507538749932806,0.9611191048082076,0.03032,0.015114032455656352,1.3446191535767786
0.7,0.1,constant_real,constant_real,0.035,True,,False,"constant_real @ 3.5%, 70% equity / 10% domestic",0.035,False,0.9912076140536242,1.006348488766376,0.05916,0.02853456598632437,1.388661506485962
0.7,0.1,constant_real,constant_real,0.04,True,,False,"constant_real @ 4.0%, 70% equity / 10% domestic",0.04,False,1.0183248782785905,1.0425103471145991,0.10584,0.05085376393377746,1.4302658473590717
0.7,0.1,constant_real,constant_real,0.045,True,,False,"constant_real @ 4.5%, 70% equity / 10% domestic",0.045,False,1.025993984914434,1.064480646787395,0.17352,0.08513229676505656,1.4676935056314777
0.7,0.1,constant_real,constant_real,0.05,True,,False,"constant_real @ 5.0%, 70% equity / 10% domestic",0.05,False,1.0133532202955178,1.0686086622679765,0.25504,0.1301599847973188,1.499705104265626
0.7,0.1,constant_real,constant_real,0.06,True,,False,"constant_real @ 6.0%, 70% equity / 10% domestic",0.06,False,0.9519782789244993,1.0304346364713497,0.43292,0.2423016800374251,1.5452958832795824
0.7,0.1,constant_real,constant_real,0.07,True,,False,"constant_real @ 7.0%, 70% equity / 10% domestic",0.07,False,0.8831914614371077,0.9655369841252642,0.60416,0.36672742425707794,1.5672084687768442
0.7,0.1,constant_real,constant_real,0.08,True,,False,"constant_real @ 8.0%, 70% equity / 10% domestic",0.08,False,0.8245282900567075,0.9013891556088195,0.7466,0.4886542010813905,1.5685548511547822
0.7,0.1,constant_real,constant_real,0.09,True,,False,"constant_real @ 9.0%, 70% equity / 10% domestic",0.09,False,0.7791119369721836,0.8475163932025133,0.8562,0.5990753339282961,1.5548916549265621
0.7,0.1,constant_real,constant_real,0.1,True,,False,"constant_real @ 10.0%, 70% equity / 10% domestic",0.1,False,0.7449117063140641,0.8049457188077341,0.92536,0.6879697550771053,1.5347576128902527
0.7,0.1,constant_real,constant_real,0.12,True,,False,"constant_real @ 12.0%, 70% equity / 10% domestic",0.12,False,0.700025056749845,0.7464225833845806,0.98472,0.8046328233839094,1.4946024169784442
0.7,0.1,constant_percent,constant_percent,0.03,True,,False,"constant_percent @ 3.0%, 70% equity / 10% domestic",0.03,False,1.0086635585062946,1.0068118388899576,0.0,0.0,1.5094343941857624
0.7,0.1,constant_percent,constant_percent,0.035,True,,False,"constant_percent @ 3.5%, 70% equity / 10% domestic",0.035,False,1.043009895306041,1.0447158754342385,0.0,0.0,1.541130696158494
0.7,0.1,constant_percent,constant_percent,0.04,True,,False,"constant_percent @ 4.0%, 70% equity / 10% domestic",0.04,False,1.0713693653533487,1.0772838974261434,0.0,0.0,1.5654652910732336
0.7,0.1,constant_percent,constant_percent,0.045,True,,False,"constant_percent @ 4.5%, 70% equity / 10% domestic",0.045,False,1.0942233005346436,1.1049079020082042,0.0,0.0,1.583655085642355
0.7,0.1,constant_percent,constant_percent,0.05,True,,False,"constant_percent @ 5.0%, 70% equity / 10% domestic",0.05,False,1.111987105379414,1.1279076946050712,0.0,0.0,1.5967387892856744
0.7,0.1,constant_percent,constant_percent,0.06,True,,False,"constant_percent @ 6.0%, 70% equity / 10% domestic",0.06,False,1.1337738963346964,1.1611452761744316,0.0,0.0,1.6109942729607607
0.7,0.1,constant_percent,constant_percent,0.07,True,,False,"constant_percent @ 7.0%, 70% equity / 10% domestic",0.07,False,1.1397369884541855,1.1791210416139717,0.0,0.0,1.6138246096347162
0.7,0.1,constant_percent,constant_percent,0.08,True,,False,"constant_percent @ 8.0%, 70% equity / 10% domestic",0.08,False,1.1328983434161661,1.1839828004667068,0.0,0.0,1.6092315957109402
0.7,0.1,constant_percent,constant_percent,0.09,True,,False,"constant_percent @ 9.0%, 70% equity / 10% domestic",0.09,False,1.1162540206089595,1.1779831938531589,0.0,0.0,1.6000449270699217
0.7,0.1,constant_percent,constant_percent,0.1,True,,False,"constant_percent @ 10.0%, 70% equity / 10% domestic",0.1,False,1.0926257032628242,1.163419992653897,0.0,0.0,1.5882367654698708
0.7,0.1,constant_percent,constant_percent,0.12,True,,False,"constant_percent @ 12.0%, 70% equity / 10% domestic",0.12,False,1.0340001175835245,1.1173049390879495,0.0,0.0,1.5617065738036295
0.7,0.1,guyton_klinger,guyton_klinger,0.03,True,,False,"guyton_klinger @ 3.0%, 70% equity / 10% domestic",0.03,False,0.9670015632575768,0.966168878317739,0.0,0.0,1.452363116324316
0.7,0.1,guyton_klinger,guyton_klinger,0.035,True,,False,"guyton_klinger @ 3.5%, 70% equity / 10% domestic",0.035,False,1.0035132372122149,1.005305362703759,0.0,0.0,1.4901856452375584
0.7,0.1,guyton_klinger,guyton_klinger,0.04,True,,False,"guyton_klinger @ 4.0%, 70% equity / 10% domestic",0.04,False,1.0355011409740196,1.0404554111080446,0.0,0.0,1.521879540309747
0.7,0.1,guyton_klinger,guyton_klinger,0.045,True,,False,"guyton_klinger @ 4.5%, 70% equity / 10% domestic",0.045,False,1.0630350867748495,1.0716380380971497,4e-05,1.1258300121115244e-05,1.5484774640170988
0.7,0.1,guyton_klinger,guyton_klinger,0.05,True,,False,"guyton_klinger @ 5.0%, 70% equity / 10% domestic",0.05,False,1.0867714235654824,1.0993966964932225,0.00012,3.233803896259355e-05,1.5705280720981085
0.7,0.1,guyton_klinger,guyton_klinger,0.06,True,,False,"guyton_klinger @ 6.0%, 70% equity / 10% domestic",0.06,False,1.1227245811255095,1.1445419295191468,0.00248,0.0006831396263790105,1.6034623542977602
0.7,0.1,guyton_klinger,guyton_klinger,0.07,True,,False,"guyton_klinger @ 7.0%, 70% equity / 10% domestic",0.07,False,1.1404568547370402,1.1741362147815795,0.02396,0.00684464667046293,1.6240641329172936
0.7,0.1,guyton_klinger,guyton_klinger,0.08,True,,False,"guyton_klinger @ 8.0%, 70% equity / 10% domestic",0.08,False,1.1263809166070864,1.1815844242366222,0.1322,0.039388438067938944,1.6316335199828944
0.7,0.1,guyton_klinger,guyton_klinger,0.09,True,,False,"guyton_klinger @ 9.0%, 70% equity / 10% domestic",0.09,False,1.0734563703801383,1.158883166316001,0.35092,0.11530387356617221,1.6238889895412079
0.7,0.1,guyton_klinger,guyton_klinger,0.1,True,,False,"guyton_klinger @ 10.0%, 70% equity / 10% domestic",0.1,False,1.0027527160277583,1.1105265593026983,0.57108,0.21358040794799274,1.6048512128382872
0.7,0.1,guyton_klinger,guyton_klinger,0.12,True,,False,"guyton_klinger @ 12.0%, 70% equity / 10% domestic",0.12,False,0.8733850683655329,0.9821937785245196,0.8818,0.43244399477892553,1.5528418082639188
0.7,0.1,guyton_klinger,guyton_klinger (tight band),0.03,True,,False,"guyton_klinger (tight band) @ 3.0%, 70% equity / 10% domestic",0.03,False,0.9837524360209609,0.9820995391148878,0.0,0.0,1.4794235246073657
0.7,0.1,guyton_klinger,guyton_klinger (tight band),0.035,True,,False,"guyton_klinger (tight band) @ 3.5%, 70% equity / 10% domestic",0.035,False,1.0200847239972688,1.0211309319619222,0.0,0.0,1.5172335838184128
0.7,0.1,guyton_klinger,guyton_klinger (tight band),0.04,True,,False,"guyton_klinger (tight band) @ 4.0%, 70% equity / 10% domestic",0.04,False,1.051346220695046,1.0556442774772774,0.0,0.0,1.5481698016129612
0.7,0.1,guyton_klinger,guyton_klinger (tight band),0.045,True,,False,"guyton_klinger (tight band) @ 4.5%, 70% equity / 10% domestic",0.045,False,1.077786600358116,1.0858137226513331,0.0,0.0,1.5731580519087531
0.7,0.1,guyton_klinger,guyton_klinger (tight band),0.05,True,,False,"guyton_klinger (tight band) @ 5.0%, 70% equity / 10% domestic",0.05,False,1.0999848687843408,1.112087843896132,0.00012,3.382806539723594e-05,1.5932149980745294
0.7,0.1,guyton_klinger,guyton_klinger (tight band),0.06,True,,False,"guyton_klinger (tight band) @ 6.0%, 70% equity / 10% domestic",0.06,False,1.132454076630526,1.1533238055335424,0.00104,0.0002858118219814822,1.6213237014052275
0.7,0.1,guyton_klinger,guyton_klinger (tight band),0.07,True,,False,"guyton_klinger (tight band) @ 7.0%, 70% equity / 10% domestic",0.07,False,1.148960895308077,1.1802681414982792,0.01316,0.0036827986198222106,1.6366372889124123
0.7,0.1,guyton_klinger,guyton_klinger (tight band),0.08,True,,False,"guyton_klinger (tight band) @ 8.0%, 70% equity / 10% domestic",0.08,False,1.142497899057579,1.1902202521566336,0.08052,0.023157491539221947,1.6406681232791263
0.7,0.1,guyton_klinger,guyton_klinger (tight band),0.09,True,,False,"guyton_klinger (tight band) @ 9.0%, 70% equity / 10% domestic",0.09,False,1.0991949842046982,1.1747629353923936,0.28116,0.08545834894614719,1.631654258696452
0.7,0.1,guyton_klinger,guyton_klinger (tight band),0.1,True,,False,"guyton_klinger (tight band) @ 10.0%, 70% equity / 10% domestic",0.1,False,1.034140469642061,1.1355432773247105,0.51964,0.17685687718525464,1.6124796808730593
0.7,0.1,guyton_klinger,guyton_klinger (tight band),0.12,True,,False,"guyton_klinger (tight band) @ 12.0%, 70% equity / 10% domestic",0.12,False,0.9066746984313765,1.0209199249408865,0.85072,0.37532598022196223,1.5628132086206494
0.7,0.1,guyton_klinger,guyton_klinger (no inflation rule),0.03,True,,False,"guyton_klinger (no inflation rule) @ 3.0%, 70% equity / 10% domestic",0.03,False,1.0034308325777586,0.9994479898588421,0.0098,0.004377495935108668,1.4802840139576865
0.7,0.1,guyton_klinger,guyton_klinger (no inflation rule),0.035,True,,False,"guyton_klinger (no inflation rule) @ 3.5%, 70% equity / 10% domestic",0.035,False,1.0424411045709197,1.0418029936533546,0.01532,0.006978214360273496,1.5200840363032802
0.7,0.1,guyton_klinger,guyton_klinger (no inflation rule),0.04,True,,False,"guyton_klinger (no inflation rule) @ 4.0%, 70% equity / 10% domestic",0.04,False,1.0750115410627903,1.0787323205843296,0.02124,0.009964805464658852,1.5535920643597811
0.7,0.1,guyton_klinger,guyton_klinger (no inflation rule),0.045,True,,False,"guyton_klinger (no inflation rule) @ 4.5%, 70% equity / 10% domestic",0.045,False,1.1008460859210736,1.1102215360299388,0.0338,0.014806206454228563,1.581451675980387
0.7,0.1,guyton_klinger,guyton_klinger (no inflation rule),0.05,True,,False,"guyton_klinger (no inflation rule) @ 5.0%, 70% equity / 10% domestic",0.05,False,1.1184569562194588,1.1357349369789083,0.05668,0.02333755614927796,1.604169387587175
0.7,0.1,guyton_klinger,guyton_klinger (no inflation rule),0.06,True,,False,"guyton_klinger (no inflation rule) @ 6.0%, 70% equity / 10% domestic",0.06,False,1.1240634698539007,1.1646472936794143,0.14148,0.05525196758340442,1.6344434255730613
0.7,0.1,guyton_klinger,guyton_klinger (no inflation rule),0.07,True,,False,"guyton_klinger (no inflation rule) @ 7.0%, 70% equity / 10% domestic",0.07,False,1.088968738075541,1.1595792163885814,0.28692,0.113849395242237,1.6459155810229562
0.7,0.1,guyton_klinger,guyton_klinger (no inflation rule),0.08,True,,False,"guyton_klinger (no inflation rule) @ 8.0%, 70% equity / 10% domestic",0.08,False,1.0242088949672197,1.119721074356737,0.4832,0.20193420171139717,1.639956454362356
0.7,0.1,guyton_klinger,guyton_klinger (no inflation rule),0.09,True,,False,"guyton_klinger (no inflation rule) @ 9.0%, 70% equity / 10% domestic",0.09,False,0.9537883777084125,1.060054204343718,0.69072,0.3096183448478148,1.6193112054646042
0.7,0.1,guyton_klinger,guyton_klinger (no inflation rule),0.1,True,,False,"guyton_klinger (no inflation rule) @ 10.0%, 70% equity / 10% domestic",0.1,False,0.8915856850483427,0.9958918638335579,0.84076,0.41559105169704924,1.5918100525851373
0.7,0.1,guyton_klinger,guyton_klinger (no inflation rule),0.12,True,,False,"guyton_klinger (no inflation rule) @ 12.0%, 70% equity / 10% domestic",0.12,False,0.7985866477492396,0.8834664012280431,0.98132,0.5977178243218054,1.5356440996562133
0.7,0.1,vanguard_dynamic,vanguard_dynamic,0.03,True,,False,"vanguard_dynamic @ 3.0%, 70% equity / 10% domestic",0.03,False,1.0078742391262967,1.0074162159264384,0.01652,0.008583076022321957,1.454481541789919
0.7,0.1,vanguard_dynamic,vanguard_dynamic,0.035,True,,False,"vanguard_dynamic @ 3.5%, 70% equity / 10% domestic",0.035,False,1.047087443552979,1.0513281881117358,0.02632,0.013593915282273815,1.497564949657105
0.7,0.1,vanguard_dynamic,vanguard_dynamic,0.04,True,,False,"vanguard_dynamic @ 4.0%, 70% equity / 10% domestic",0.04,False,1.0765370584481517,1.0881409233871777,0.04484,0.022405494835257056,1.5338565381061597
0.7,0.1,vanguard_dynamic,vanguard_dynamic,0.045,True,,False,"vanguard_dynamic @ 4.5%, 70% equity / 10% domestic",0.045,False,1.093353374877321,1.1156318014956408,0.07352,0.036553742631234315,1.5637098416349429
0.7,0.1,vanguard_dynamic,vanguard_dynamic,0.05,True,,False,"vanguard_dynamic @ 5.0%, 70% equity / 10% domestic",0.05,False,1.094919733250058,1.1313935735898022,0.12008,0.059022146095899716,1.5873269223872095
0.7,0.1,vanguard_dynamic,vanguard_dynamic,0.06,True,,False,"vanguard_dynamic @ 6.0%, 70% equity / 10% domestic",0.06,False,1.0448136026488908,1.1145941370088956,0.2652,0.13630600720751804,1.6164187881554914
0.7,0.1,vanguard_dynamic,vanguard_dynamic,0.07,True,,False,"vanguard_dynamic @ 7.0%, 70% equity / 10% domestic",0.07,False,0.9599298653693613,1.0480431519317859,0.4664,0.254027803864629,1.6221690972781078
0.7,0.1,vanguard_dynamic,vanguard_dynamic,0.08,True,,False,"vanguard_dynamic @ 8.0%, 70% equity / 10% domestic",0.08,False,0.8813476764481482,0.9693238910774832,0.66648,0.3886257505510705,1.6085344579614032
0.7,0.1,vanguard_dynamic,vanguard_dynamic,0.09,True,,False,"vanguard_dynamic @ 9.0%, 70% equity / 10% domestic",0.09,False,0.8181899041085475,0.899085004165632,0.83708,0.5258127417248544,1.5818768240716043
0.7,0.1,vanguard_dynamic,vanguard_dynamic,0.1,True,,False,"vanguard_dynamic @ 10.0%, 70% equity / 10% domestic",0.1,False,0.7716738787365489,0.842713696469604,0.93628,0.6400056465849372,1.550950658095631
0.7,0.1,vanguard_dynamic,vanguard_dynamic,0.12,True,,False,"vanguard_dynamic @ 12.0%, 70% equity / 10% domestic",0.12,False,0.7143880895315742,0.7678704744567751,0.99652,0.7821202007934902,1.5009319737768523
0.7,0.1,vanguard_dynamic,vanguard_dynamic (asymmetric),0.03,True,,False,"vanguard_dynamic (asymmetric) @ 3.0%, 70% equity / 10% domestic",0.03,False,0.9685015215010583,0.9724728647762694,0.00676,0.003785243476610964,1.3836284020359053
0.7,0.1,vanguard_dynamic,vanguard_dynamic (asymmetric),0.035,True,,False,"vanguard_dynamic (asymmetric) @ 3.5%, 70% equity / 10% domestic",0.035,False,1.0084924961346642,1.0155446354541977,0.01084,0.006203187781922338,1.4251615949143097
0.7,0.1,vanguard_dynamic,vanguard_dynamic (asymmetric),0.04,True,,False,"vanguard_dynamic (asymmetric) @ 4.0%, 70% equity / 10% domestic",0.04,False,1.0421974682872177,1.05345418830706,0.01712,0.009496833378055933,1.4625771856410725
0.7,0.1,vanguard_dynamic,vanguard_dynamic (asymmetric),0.045,True,,False,"vanguard_dynamic (asymmetric) @ 4.5%, 70% equity / 10% domestic",0.045,False,1.069599691101454,1.086340418209527,0.02564,0.01387599289134326,1.4956728217130029
0.7,0.1,vanguard_dynamic,vanguard_dynamic (asymmetric),0.05,True,,False,"vanguard_dynamic (asymmetric) @ 5.0%, 70% equity / 10% domestic",0.05,False,1.0887589576454473,1.1127834106523027,0.03948,0.021023448948454197,1.5242758026640386
0.7,0.1,vanguard_dynamic,vanguard_dynamic (asymmetric),0.06,True,,False,"vanguard_dynamic (asymmetric) @ 6.0%, 70% equity / 10% domestic",0.06,False,1.0970546172726954,1.141176860396833,0.092,0.04828899695304799,1.5672306141826555
0.7,0.1,vanguard_dynamic,vanguard_dynamic (asymmetric),0.07,True,,False,"vanguard_dynamic (asymmetric) @ 7.0%, 70% equity / 10% domestic",0.07,False,1.0571873730749355,1.1256807709522436,0.19764,0.10506645376959779,1.5907553832423436
0.7,0.1,vanguard_dynamic,vanguard_dynamic (asymmetric),0.08,True,,False,"vanguard_dynamic (asymmetric) @ 8.0%, 70% equity / 10% domestic",0.08,False,0.9865064107803488,1.0704113595900913,0.35188,0.19455849440841141,1.597520005137526
0.7,0.1,vanguard_dynamic,vanguard_dynamic (asymmetric),0.09,True,,False,"vanguard_dynamic (asymmetric) @ 9.0%, 70% equity / 10% domestic",0.09,False,0.9096337352930282,0.9961654642415484,0.53568,0.3131730242404008,1.589671662131101
0.7,0.1,vanguard_dynamic,vanguard_dynamic (asymmetric),0.1,True,,False,"vanguard_dynamic (asymmetric) @ 10.0%, 70% equity / 10% domestic",0.1,False,0.8443000106530834,0.925904489387602,0.72164,0.44476083768399954,1.571127000970167
0.7,0.1,vanguard_dynamic,vanguard_dynamic (asymmetric),0.12,True,,False,"vanguard_dynamic (asymmetric) @ 12.0%, 70% equity / 10% domestic",0.12,False,0.7524693088354644,0.8167096389347297,0.94932,0.6763002216375119,1.5213481663717423
0.7,0.1,endowment,endowment,0.03,True,,False,"endowment @ 3.0%, 70% equity / 10% domestic",0.03,False,1.006310010907201,1.0048345490211457,0.00012,7.159077429300346e-05,1.4933957193412293
0.7,0.1,endowment,endowment,0.035,True,,False,"endowment @ 3.5%, 70% equity / 10% domestic",0.035,False,1.0428688003377038,1.0453648184597653,0.00024,0.00013676016703236885,1.5282211611407253
0.7,0.1,endowment,endowment,0.04,True,,False,"endowment @ 4.0%, 70% equity / 10% domestic",0.04,False,1.073019678033467,1.080422310233359,0.00028,0.0001769900197002875,1.5557605221775306
0.7,0.1,endowment,endowment,0.045,True,,False,"endowment @ 4.5%, 70% equity / 10% domestic",0.045,False,1.0969143637393763,1.1101126876445622,0.00076,0.00043263522721026434,1.5769382393778297
0.7,0.1,endowment,endowment,0.05,True,,False,"endowment @ 5.0%, 70% equity / 10% domestic",0.05,False,1.1146517297169989,1.1344481943074896,0.00156,0.0009463153209578828,1.5925883286948288
0.7,0.1,endowment,endowment,0.06,True,,False,"endowment @ 6.0%, 70% equity / 10% domestic",0.06,False,1.1321209553303162,1.1669957507951116,0.0058,0.0031433407309528353,1.610236738019106
0.7,0.1,endowment,endowment,0.07,True,,False,"endowment @ 7.0%, 70% equity / 10% domestic",0.07,False,1.127164784410428,1.1779830663657562,0.01164,0.007112212166042508,1.6138196568897976
0.7,0.1,endowment,endowment,0.08,True,,False,"endowment @ 8.0%, 70% equity / 10% domestic",0.08,False,1.1039370700073972,1.1699804680875823,0.01512,0.00939885447300692,1.6074748750335726
0.7,0.1,endowment,endowment,0.09,True,,False,"endowment @ 9.0%, 70% equity / 10% domestic",0.09,False,1.0649684341228205,1.1441680232130522,0.02628,0.015276787245535552,1.594413886757449
0.7,0.1,endowment,endowment,0.1,True,,False,"endowment @ 10.0%, 70% equity / 10% domestic",0.1,False,1.014095983344065,1.102805764138456,0.05512,0.029982306132706322,1.5771514795994208
0.7,0.1,endowment,endowment,0.12,True,,False,"endowment @ 12.0%, 70% equity / 10% domestic",0.12,False,0.894498459468186,0.9871604689041433,0.34532,0.18124276020736418,1.5371783259921206
0.7,0.1,endowment,endowment (light smoothing),0.03,True,,False,"endowment (light smoothing) @ 3.0%, 70% equity / 10% domestic",0.03,False,1.008641197505285,1.0068380004765816,0.0,0.0,1.506621991616128
0.7,0.1,endowment,endowment (light smoothing),0.035,True,,False,"endowment (light smoothing) @ 3.5%, 70% equity / 10% domestic",0.035,False,1.0435015526421612,1.0453464055749924,0.0,0.0,1.5389499908650448
0.7,0.1,endowment,endowment (light smoothing),0.04,True,,False,"endowment (light smoothing) @ 4.0%, 70% equity / 10% domestic",0.04,False,1.0722830788352724,1.078473110882017,0.0,0.0,1.5638937557801627
0.7,0.1,endowment,endowment (light smoothing),0.045,True,,False,"endowment (light smoothing) @ 4.5%, 70% equity / 10% domestic",0.045,False,1.0954188193835759,1.1065627773639575,0.0,0.0,1.582619073305782
0.7,0.1,endowment,endowment (light smoothing),0.05,True,,False,"endowment (light smoothing) @ 5.0%, 70% equity / 10% domestic",0.05,False,1.1132844948170815,1.1298927450103966,0.0,0.0,1.5961330271543253
0.7,0.1,endowment,endowment (light smoothing),0.06,True,,False,"endowment (light smoothing) @ 6.0%, 70% equity / 10% domestic",0.06,False,1.134625407532652,1.1632439419713438,0.0,0.0,1.6108768494157268
0.7,0.1,endowment,endowment (light smoothing),0.07,True,,False,"endowment (light smoothing) @ 7.0%, 70% equity / 10% domestic",0.07,False,1.1391999260832135,1.1804444722859686,0.0,0.0,1.613697700634987
0.7,0.1,endowment,endowment (light smoothing),0.08,True,,False,"endowment (light smoothing) @ 8.0%, 70% equity / 10% domestic",0.08,False,1.1300822702899957,1.1835702834972346,0.0,0.0,1.6086696871788213
0.7,0.1,endowment,endowment (light smoothing),0.09,True,,False,"endowment (light smoothing) @ 9.0%, 70% equity / 10% domestic",0.09,False,1.1104518320970191,1.1749402884904003,0.0,0.0,1.5987322632949152
0.7,0.1,endowment,endowment (light smoothing),0.1,True,,False,"endowment (light smoothing) @ 10.0%, 70% equity / 10% domestic",0.1,False,1.0833872973054686,1.1570309613344298,0.0,0.0,1.585972486487696
0.7,0.1,endowment,endowment (light smoothing),0.12,True,,False,"endowment (light smoothing) @ 12.0%, 70% equity / 10% domestic",0.12,False,1.017598360541199,1.1030745718318378,0.0,0.0,1.5573279461286824
0.7,0.1,life_expectancy,life_expectancy,,False,,False,"life_expectancy, 70% equity / 10% domestic",0.03333333333333333,False,1.1379031393789814,1.1272259760553154,0.0,0.0,1.9110312601434027
0.7,0.1,life_expectancy,life_expectancy (+5y buffer),,False,,False,"life_expectancy (+5y buffer), 70% equity / 10% domestic",0.02857142857142857,False,1.0915724161780038,1.0712306472051782,0.0,0.0,1.7903305403836176
0.7,0.1,gompertz,gompertz,,False,,False,"gompertz, 70% equity / 10% domestic",0.04598575701368062,True,1.1921265194156774,1.2047574632874443,0.0,0.0,1.7395310248418705
0.7,0.1,gompertz,gompertz (+5y buffer),,False,,False,"gompertz (+5y buffer), 70% equity / 10% domestic",0.03738895907792182,True,1.1415224799020802,1.1366970402837717,0.0,0.0,1.7143943952570433
0.7,0.1,amortisation,amortisation (0% assumed return),,False,0.0,True,"amortisation (0% assumed return), 70% equity / 10% domestic",0.03333333333333333,False,1.1379031393789814,1.1272259760553154,0.0,0.0,1.9110312601434027
0.7,0.1,amortisation,amortisation (1% assumed return),,False,0.01,True,"amortisation (1% assumed return), 70% equity / 10% domestic",0.03874811321584711,False,1.163145627402814,1.1595233693437286,0.0,0.0,1.8717006485636023
0.7,0.1,amortisation,amortisation (2% assumed return),,False,0.02,True,"amortisation (2% assumed return), 70% equity / 10% domestic",0.04464992229340293,False,1.1823558721787621,1.1872748910030233,0.0,0.0,1.8337705084067348
0.7,0.1,amortisation,amortisation (3% assumed return),,False,0.03,True,"amortisation (3% assumed return), 70% equity / 10% domestic",0.05101925932025255,False,1.1944185546577795,1.2092579390025124,0.0,0.0,1.7975289756513968
0.7,0.1,amortisation,amortisation (4% assumed return),,False,0.04,True,"amortisation (4% assumed return), 70% equity / 10% domestic",0.057830099133661314,False,1.1985878280324962,1.2244530872083574,0.0,0.0,1.7632062017793064
0.7,0.1,amortisation,amortisation (5% assumed return),,False,0.05,True,"amortisation (5% assumed return), 70% equity / 10% domestic",0.06505143508027657,False,1.1946180836842586,1.232171617952624,0.0,0.0,1.7309699498512847
0.7,0.1,amortisation,amortisation (6% assumed return),,False,0.06,True,"amortisation (6% assumed return), 70% equity / 10% domestic",0.07264891149004721,False,1.1828311222872918,1.2321607297774222,0.0,0.0,1.7009254921107866
0.7,0.1,amortisation,amortisation (7% assumed return),,False,0.07,True,"amortisation (7% assumed return), 70% equity / 10% domestic",0.08058640351111118,False,1.1640899495169827,1.2246563412042806,0.0,0.0,1.6731192111443005
0.7,0.1,amortisation,amortisation (8% assumed return),,False,0.08,True,"amortisation (8% assumed return), 70% equity / 10% domestic",0.08882743338727227,False,1.1396773868809973,1.2103619446749576,0.0,0.0,1.647545013407071
0.7,0.1,amortisation,amortisation (10% assumed return),,False,0.1,True,"amortisation (10% assumed return), 70% equity / 10% domestic",0.1060792482526339,False,1.0799439898097916,1.1659278998616027,0.0,0.0,1.602856256340758
0.7,0.1,amortisation,amortisation (12% assumed return),,False,0.12,True,"amortisation (12% assumed return), 70% equity / 10% domestic",0.12414365755194319,False,1.015276621250066,1.1092012508183802,0.0,0.0,1.5660877041777246
0.7,0.2,constant_real,constant_real,0.03,True,,False,"constant_real @ 3.0%, 70% equity / 20% domestic",0.03,False,0.9452256194940224,0.9556516730863649,0.03312,0.01615768712117165,1.3396286602649174
0.7,0.2,constant_real,constant_real,0.035,True,,False,"constant_real @ 3.5%, 70% equity / 20% domestic",0.035,False,0.9847002320500795,0.9999851627306924,0.06164,0.02995543702512713,1.3828178598648666
0.7,0.2,constant_real,constant_real,0.04,True,,False,"constant_real @ 4.0%, 70% equity / 20% domestic",0.04,False,1.0109030414699414,1.0352473242553408,0.11076,0.05334198306917968,1.4234899745066356
0.7,0.2,constant_real,constant_real,0.045,True,,False,"constant_real @ 4.5%, 70% equity / 20% domestic",0.045,False,1.01916140830764,1.0570816408220476,0.17604,0.0870131738349183,1.4602661082627426
0.7,0.2,constant_real,constant_real,0.05,True,,False,"constant_real @ 5.0%, 70% equity / 20% domestic",0.05,False,1.0077253802764534,1.061936383235997,0.25832,0.13205708422708545,1.491839546439309
0.7,0.2,constant_real,constant_real,0.06,True,,False,"constant_real @ 6.0%, 70% equity / 20% domestic",0.06,False,0.9482297039067928,1.025801093114923,0.43868,0.24519849322005907,1.5364178127035963
0.7,0.2,constant_real,constant_real,0.07,True,,False,"constant_real @ 7.0%, 70% equity / 20% domestic",0.07,False,0.8803945794606565,0.9621979941956829,0.61088,0.3707072129755968,1.5573128103800995
0.7,0.2,constant_real,constant_real,0.08,True,,False,"constant_real @ 8.0%, 70% equity / 20% domestic",0.08,False,0.8223971656509165,0.8989699577667568,0.7548,0.4935876933303606,1.558072696955256
0.7,0.2,constant_real,constant_real,0.09,True,,False,"constant_real @ 9.0%, 70% equity / 20% domestic",0.09,False,0.7772572837226257,0.8453673235592563,0.8624,0.6037686983858567,1.5443729045563213
0.7,0.2,constant_real,constant_real,0.1,True,,False,"constant_real @ 10.0%, 70% equity / 20% domestic",0.1,False,0.7434685112688676,0.8032478538188571,0.9292,0.69199137455042,1.5246369870097882
0.7,0.2,constant_real,constant_real,0.12,True,,False,"constant_real @ 12.0%, 70% equity / 20% domestic",0.12,False,0.6991557923991796,0.7453445844529406,0.98696,0.80715995572933,1.4855165912254045
0.7,0.2,constant_percent,constant_percent,0.03,True,,False,"constant_percent @ 3.0%, 70% equity / 20% domestic",0.03,False,1.0001777005007966,0.9988712604806235,0.0,0.0,1.4973999888638783
0.7,0.2,constant_percent,constant_percent,0.035,True,,False,"constant_percent @ 3.5%, 70% equity / 20% domestic",0.035,False,1.0337636475047993,1.036013505763824,0.0,0.0,1.5283378505533298
0.7,0.2,constant_percent,constant_percent,0.04,True,,False,"constant_percent @ 4.0%, 70% equity / 20% domestic",0.04,False,1.0614706223774395,1.0679083085776226,0.0,0.0,1.552126109425457
0.7,0.2,constant_percent,constant_percent,0.045,True,,False,"constant_percent @ 4.5%, 70% equity / 20% domestic",0.045,False,1.083778731125651,1.094945977875962,0.0,0.0,1.5699446466022944
0.7,0.2,constant_percent,constant_percent,0.05,True,,False,"constant_percent @ 5.0%, 70% equity / 20% domestic",0.05,False,1.1011026362675889,1.1174457018899735,0.0,0.0,1.5828007220604277
0.7,0.2,constant_percent,constant_percent,0.06,True,,False,"constant_percent @ 6.0%, 70% equity / 20% domestic",0.06,False,1.1223217922660842,1.1499406551404034,0.0,0.0,1.596929382968599
0.7,0.2,constant_percent,constant_percent,0.07,True,,False,"constant_percent @ 7.0%, 70% equity / 20% domestic",0.07,False,1.128112073675598,1.1675109481960346,0.0,0.0,1.5999379364118143
0.7,0.2,constant_percent,constant_percent,0.08,True,,False,"constant_percent @ 8.0%, 70% equity / 20% domestic",0.08,False,1.121449183774314,1.172285063206641,0.0,0.0,1.595710349206857
0.7,0.2,constant_percent,constant_percent,0.09,True,,False,"constant_percent @ 9.0%, 70% equity / 20% domestic",0.09,False,1.1052625979112143,1.1664796789812957,0.0,0.0,1.5869944537024587
0.7,0.2,constant_percent,constant_percent,0.1,True,,False,"constant_percent @ 10.0%, 70% equity / 20% domestic",0.1,False,1.0822967663078906,1.1523420698524598,0.0,0.0,1.575706629919184
0.7,0.2,constant_percent,constant_percent,0.12,True,,False,"constant_percent @ 12.0%, 70% equity / 20% domestic",0.12,False,1.025314155276988,1.107536724812682,0.0,0.0,1.550230942413236
0.7,0.2,guyton_klinger,guyton_klinger,0.03,True,,False,"guyton_klinger @ 3.0%, 70% equity / 20% domestic",0.03,False,0.9600859293305456,0.9596308535932943,0.0,0.0,1.4432056553568116
0.7,0.2,guyton_klinger,guyton_klinger,0.035,True,,False,"guyton_klinger @ 3.5%, 70% equity / 20% domestic",0.035,False,0.9959592597952568,0.9981274450856966,0.0,0.0,1.4799999367713612
0.7,0.2,guyton_klinger,guyton_klinger,0.04,True,,False,"guyton_klinger @ 4.0%, 70% equity / 20% domestic",0.04,False,1.027352251624666,1.032677791264126,0.0,0.0,1.5109551338056377
0.7,0.2,guyton_klinger,guyton_klinger,0.045,True,,False,"guyton_klinger @ 4.5%, 70% equity / 20% domestic",0.045,False,1.0546214901880295,1.0635636284997698,4e-05,9.76827368647285e-06,1.5368173096639375
0.7,0.2,guyton_klinger,guyton_klinger,0.05,True,,False,"guyton_klinger @ 5.0%, 70% equity / 20% domestic",0.05,False,1.0777908802281555,1.0907091935540763,0.00012,3.2284873928703335e-05,1.5582282358357642
0.7,0.2,guyton_klinger,guyton_klinger,0.06,True,,False,"guyton_klinger @ 6.0%, 70% equity / 20% domestic",0.06,False,1.1126841566216454,1.1347362039006725,0.00196,0.0005346230373728187,1.5902545409099664
0.7,0.2,guyton_klinger,guyton_klinger,0.07,True,,False,"guyton_klinger @ 7.0%, 70% equity / 20% domestic",0.07,False,1.1297437696834824,1.1634093411814181,0.02304,0.006499547523352,1.6102653462818144
0.7,0.2,guyton_klinger,guyton_klinger,0.08,True,,False,"guyton_klinger @ 8.0%, 70% equity / 20% domestic",0.08,False,1.1163655283029168,1.17093098684615,0.13464,0.03986449468559963,1.617727064174247
0.7,0.2,guyton_klinger,guyton_klinger,0.09,True,,False,"guyton_klinger @ 9.0%, 70% equity / 20% domestic",0.09,False,1.0653705427576707,1.1492355402668226,0.34948,0.11517035069343452,1.6107006493246068
0.7,0.2,guyton_klinger,guyton_klinger,0.1,True,,False,"guyton_klinger @ 10.0%, 70% equity / 20% domestic",0.1,False,0.997122212021654,1.1028643881383378,0.57648,0.21507656676142167,1.5920433187669445
0.7,0.2,guyton_klinger,guyton_klinger,0.12,True,,False,"guyton_klinger @ 12.0%, 70% equity / 20% domestic",0.12,False,0.871272412916022,0.9788335800616462,0.88348,0.4330491117929344,1.5418913591741794
0.7,0.2,guyton_klinger,guyton_klinger (tight band),0.03,True,,False,"guyton_klinger (tight band) @ 3.0%, 70% equity / 20% domestic",0.03,False,0.9765004138250153,0.9752376588548831,0.0,0.0,1.4696088899525657
0.7,0.2,guyton_klinger,guyton_klinger (tight band),0.035,True,,False,"guyton_klinger (tight band) @ 3.5%, 70% equity / 20% domestic",0.035,False,1.0121714926365493,1.0136298385833127,0.0,0.0,1.5062522653389805
0.7,0.2,guyton_klinger,guyton_klinger (tight band),0.04,True,,False,"guyton_klinger (tight band) @ 4.0%, 70% equity / 20% domestic",0.04,False,1.042696973423836,1.0473892826508706,0.0,0.0,1.5363735870189779
0.7,0.2,guyton_klinger,guyton_klinger (tight band),0.045,True,,False,"guyton_klinger (tight band) @ 4.5%, 70% equity / 20% domestic",0.045,False,1.0687286104896037,1.0771040125098714,0.0,0.0,1.5608098481179051
0.7,0.2,guyton_klinger,guyton_klinger (tight band),0.05,True,,False,"guyton_klinger (tight band) @ 5.0%, 70% equity / 20% domestic",0.05,False,1.0905346361622266,1.1029307827670067,4e-05,9.76827368647285e-06,1.5803655413618596
0.7,0.2,guyton_klinger,guyton_klinger (tight band),0.06,True,,False,"guyton_klinger (tight band) @ 6.0%, 70% equity / 20% domestic",0.06,False,1.1222381493157707,1.143494500681576,0.00104,0.0002750828185475801,1.6077234402291223
0.7,0.2,guyton_klinger,guyton_klinger (tight band),0.07,True,,False,"guyton_klinger (tight band) @ 7.0%, 70% equity / 20% domestic",0.07,False,1.1381137345651673,1.1697037851575527,0.01404,0.0038784184164412623,1.6226407683054125
0.7,0.2,guyton_klinger,guyton_klinger (tight band),0.08,True,,False,"guyton_klinger (tight band) @ 8.0%, 70% equity / 20% domestic",0.08,False,1.1317869475148625,1.1793827353347761,0.08344,0.023779334524687893,1.62657912126292
0.7,0.2,guyton_klinger,guyton_klinger (tight band),0.09,True,,False,"guyton_klinger (tight band) @ 9.0%, 70% equity / 20% domestic",0.09,False,1.0906165687789293,1.1647565545290555,0.28504,0.08671015145778169,1.617953179819361
0.7,0.2,guyton_klinger,guyton_klinger (tight band),0.1,True,,False,"guyton_klinger (tight band) @ 10.0%, 70% equity / 20% domestic",0.1,False,1.0281254323060676,1.127388600288481,0.51748,0.17651987206550565,1.599681671821808
0.7,0.2,guyton_klinger,guyton_klinger (tight band),0.12,True,,False,"guyton_klinger (tight band) @ 12.0%, 70% equity / 20% domestic",0.12,False,0.9038483741637358,1.0166137910401765,0.85868,0.37744996334990255,1.5513303342891986
0.7,0.2,guyton_klinger,guyton_klinger (no inflation rule),0.03,True,,False,"guyton_klinger (no inflation rule) @ 3.0%, 70% equity / 20% domestic",0.03,False,0.9956726508692687,0.9920650916213687,0.00944,0.004183322714886707,1.4700605041393768
0.7,0.2,guyton_klinger,guyton_klinger (no inflation rule),0.035,True,,False,"guyton_klinger (no inflation rule) @ 3.5%, 70% equity / 20% domestic",0.035,False,1.0341506888610577,1.0338498038865036,0.01488,0.006712065805210414,1.5088007516395268
0.7,0.2,guyton_klinger,guyton_klinger (no inflation rule),0.04,True,,False,"guyton_klinger (no inflation rule) @ 4.0%, 70% equity / 20% domestic",0.04,False,1.06607701501453,1.0701424752218869,0.02208,0.009983666394447331,1.5414956622265197
0.7,0.2,guyton_klinger,guyton_klinger (no inflation rule),0.045,True,,False,"guyton_klinger (no inflation rule) @ 4.5%, 70% equity / 20% domestic",0.045,False,1.091516084524073,1.1012161893106065,0.03608,0.015342623354477024,1.5685644939179268
0.7,0.2,guyton_klinger,guyton_klinger (no inflation rule),0.05,True,,False,"guyton_klinger (no inflation rule) @ 5.0%, 70% equity / 20% domestic",0.05,False,1.1085996899865347,1.1261273171191621,0.0582,0.023901660911389244,1.5906122684492285
0.7,0.2,guyton_klinger,guyton_klinger (no inflation rule),0.06,True,,False,"guyton_klinger (no inflation rule) @ 6.0%, 70% equity / 20% domestic",0.06,False,1.1135927310420508,1.1542009321027753,0.14732,0.05771054393653887,1.62045159714259
0.7,0.2,guyton_klinger,guyton_klinger (no inflation rule),0.07,True,,False,"guyton_klinger (no inflation rule) @ 7.0%, 70% equity / 20% domestic",0.07,False,1.0793990146162866,1.1490855527593267,0.29296,0.11704728877375456,1.6321866765651634
0.7,0.2,guyton_klinger,guyton_klinger (no inflation rule),0.08,True,,False,"guyton_klinger (no inflation rule) @ 8.0%, 70% equity / 20% domestic",0.08,False,1.018147372326778,1.1119950119787974,0.4884,0.20444109129334676,1.6264104300908069
0.7,0.2,guyton_klinger,guyton_klinger (no inflation rule),0.09,True,,False,"guyton_klinger (no inflation rule) @ 9.0%, 70% equity / 20% domestic",0.09,False,0.9493041892593695,1.05405890535931,0.69756,0.3129547404554709,1.6063718077072902
0.7,0.2,guyton_klinger,guyton_klinger (no inflation rule),0.1,True,,False,"guyton_klinger (no inflation rule) @ 10.0%, 70% equity / 20% domestic",0.1,False,0.8888282495134988,0.991996930197528,0.84524,0.41849267934124074,1.5795459573225377
0.7,0.2,guyton_klinger,guyton_klinger (no inflation rule),0.12,True,,False,"guyton_klinger (no inflation rule) @ 12.0%, 70% equity / 20% domestic",0.12,False,0.7972895345149285,0.8817074274311326,0.98252,0.5996370437861641,1.5251347518634166
0.7,0.2,vanguard_dynamic,vanguard_dynamic,0.03,True,,False,"vanguard_dynamic @ 3.0%, 70% equity / 20% domestic",0.03,False,1.0010514923521117,1.0008785397278204,0.01704,0.008579961122076018,1.4464783315216596
0.7,0.2,vanguard_dynamic,vanguard_dynamic,0.035,True,,False,"vanguard_dynamic @ 3.5%, 70% equity / 20% domestic",0.035,False,1.039235460464806,1.043949584881723,0.02828,0.014376976142672493,1.488420333928897
0.7,0.2,vanguard_dynamic,vanguard_dynamic,0.04,True,,False,"vanguard_dynamic @ 4.0%, 70% equity / 20% domestic",0.04,False,1.0673375255086088,1.0796221036981684,0.04892,0.024165763899792636,1.5235386416691798
0.7,0.2,vanguard_dynamic,vanguard_dynamic,0.045,True,,False,"vanguard_dynamic @ 4.5%, 70% equity / 20% domestic",0.045,False,1.0833195987820123,1.1061128917196021,0.07768,0.03886774144703592,1.552532750203328
0.7,0.2,vanguard_dynamic,vanguard_dynamic,0.05,True,,False,"vanguard_dynamic @ 5.0%, 70% equity / 20% domestic",0.05,False,1.084401993941395,1.1211047756960089,0.12472,0.06203276604542323,1.5753416628128822
0.7,0.2,vanguard_dynamic,vanguard_dynamic,0.06,True,,False,"vanguard_dynamic @ 6.0%, 70% equity / 20% domestic",0.06,False,1.0377626294711395,1.1065545607664897,0.2708,0.13915964481506563,1.6036300248257822
0.7,0.2,vanguard_dynamic,vanguard_dynamic,0.07,True,,False,"vanguard_dynamic @ 7.0%, 70% equity / 20% domestic",0.07,False,0.9566798159625963,1.0434124607563344,0.46932,0.2554379945343023,1.6095012122488193
0.7,0.2,vanguard_dynamic,vanguard_dynamic,0.08,True,,False,"vanguard_dynamic @ 8.0%, 70% equity / 20% domestic",0.08,False,0.8787911613856724,0.9662737648746751,0.6722,0.39201757797915265,1.5960482817142687
0.7,0.2,vanguard_dynamic,vanguard_dynamic,0.09,True,,False,"vanguard_dynamic @ 9.0%, 70% equity / 20% domestic",0.09,False,0.8161888136160989,0.8966456406291035,0.84248,0.5301436576040072,1.5699492343513974
0.7,0.2,vanguard_dynamic,vanguard_dynamic,0.1,True,,False,"vanguard_dynamic @ 10.0%, 70% equity / 20% domestic",0.1,False,0.7699657815282829,0.8406172274721362,0.93888,0.643851232370615,1.539710743220599
0.7,0.2,vanguard_dynamic,vanguard_dynamic,0.12,True,,False,"vanguard_dynamic @ 12.0%, 70% equity / 20% domestic",0.12,False,0.7134535991444132,0.7666577571076043,0.9968,0.7843286561146922,1.4913733031111436
0.7,0.2,vanguard_dynamic,vanguard_dynamic (asymmetric),0.03,True,,False,"vanguard_dynamic (asymmetric) @ 3.0%, 70% equity / 20% domestic",0.03,False,0.9621926422247474,0.9663601019236151,0.00608,0.0035145757633780017,1.3776028928468387
0.7,0.2,vanguard_dynamic,vanguard_dynamic (asymmetric),0.035,True,,False,"vanguard_dynamic (asymmetric) @ 3.5%, 70% equity / 20% domestic",0.035,False,1.0016648955849088,1.0088742409577258,0.0104,0.0059187871894217986,1.4182623409577853
0.7,0.2,vanguard_dynamic,vanguard_dynamic (asymmetric),0.04,True,,False,"vanguard_dynamic (asymmetric) @ 4.0%, 70% equity / 20% domestic",0.04,False,1.0347051128744928,1.0462103056178602,0.0178,0.00962610126667337,1.4548755714263417
0.7,0.2,vanguard_dynamic,vanguard_dynamic (asymmetric),0.045,True,,False,"vanguard_dynamic (asymmetric) @ 4.5%, 70% equity / 20% domestic",0.045,False,1.061248298224066,1.0783353220505607,0.0278,0.014811515115804023,1.487227844467608
0.7,0.2,vanguard_dynamic,vanguard_dynamic (asymmetric),0.05,True,,False,"vanguard_dynamic (asymmetric) @ 5.0%, 70% equity / 20% domestic",0.05,False,1.0796361629830873,1.104030804498198,0.0422,0.02254739372576311,1.5150637388353874
0.7,0.2,vanguard_dynamic,vanguard_dynamic (asymmetric),0.06,True,,False,"vanguard_dynamic (asymmetric) @ 6.0%, 70% equity / 20% domestic",0.06,False,1.0871492912173697,1.131235710420307,0.09672,0.0508935506175782,1.556556480238742
0.7,0.2,vanguard_dynamic,vanguard_dynamic (asymmetric),0.07,True,,False,"vanguard_dynamic (asymmetric) @ 7.0%, 70% equity / 20% domestic",0.07,False,1.0502201179424935,1.1176024550095238,0.20292,0.10746399627441405,1.5793079689197205
0.7,0.2,vanguard_dynamic,vanguard_dynamic (asymmetric),0.08,True,,False,"vanguard_dynamic (asymmetric) @ 8.0%, 70% equity / 20% domestic",0.08,False,0.9821429865318523,1.0646606839940567,0.3522,0.1957548563937419,1.5857947378657984
0.7,0.2,vanguard_dynamic,vanguard_dynamic (asymmetric),0.09,True,,False,"vanguard_dynamic (asymmetric) @ 9.0%, 70% equity / 20% domestic",0.09,False,0.9069094657410801,0.9927279786959659,0.53912,0.3151038256192017,1.5780661752275837
0.7,0.2,vanguard_dynamic,vanguard_dynamic (asymmetric),0.1,True,,False,"vanguard_dynamic (asymmetric) @ 10.0%, 70% equity / 20% domestic",0.1,False,0.8420332743586861,0.9232258544357258,0.72816,0.4484147224839662,1.559790514213332
0.7,0.2,vanguard_dynamic,vanguard_dynamic (asymmetric),0.12,True,,False,"vanguard_dynamic (asymmetric) @ 12.0%, 70% equity / 20% domestic",0.12,False,0.7510594723094356,0.8149743033716174,0.95128,0.680001030280042,1.5111804682456105
0.7,0.2,endowment,endowment,0.03,True,,False,"endowment @ 3.0%, 70% equity / 20% domestic",0.03,False,0.998042446608624,0.9970955559928695,0.00012,6.716704047203282e-05,1.482130126814764
0.7,0.2,endowment,endowment,0.035,True,,False,"endowment @ 3.5%, 70% equity / 20% domestic",0.035,False,1.0338210803355274,1.036837015703256,0.00016,8.91178286098268e-05,1.516115274223887
0.7,0.2,endowment,endowment,0.04,True,,False,"endowment @ 4.0%, 70% equity / 20% domestic",0.04,False,1.0633153888361033,1.071201335289073,0.00028,0.00016898396171201085,1.5430192564006788
0.7,0.2,endowment,endowment,0.045,True,,False,"endowment @ 4.5%, 70% equity / 20% domestic",0.045,False,1.0866984392523449,1.1003098509119025,0.00048,0.00027715586396989266,1.5637400722172103
0.7,0.2,endowment,endowment,0.05,True,,False,"endowment @ 5.0%, 70% equity / 20% domestic",0.05,False,1.104070966488604,1.1241828927806676,0.00104,0.0006596724544855855,1.5790867637161252
0.7,0.2,endowment,endowment,0.06,True,,False,"endowment @ 6.0%, 70% equity / 20% domestic",0.06,False,1.1213029746447372,1.1562163856912198,0.00396,0.0022411647095710177,1.5965026916173224
0.7,0.2,endowment,endowment,0.07,True,,False,"endowment @ 7.0%, 70% equity / 20% domestic",0.07,False,1.116405977802886,1.1670546951626848,0.01144,0.006856808172268224,1.6002361272790848
0.7,0.2,endowment,endowment,0.08,True,,False,"endowment @ 8.0%, 70% equity / 20% domestic",0.08,False,1.0937812404632798,1.1592895297931254,0.0148,0.009120205498673517,1.5942950906327382
0.7,0.2,endowment,endowment,0.09,True,,False,"endowment @ 9.0%, 70% equity / 20% domestic",0.09,False,1.0559380244941945,1.134279965477883,0.02656,0.015272135441393525,1.5818086860607918
0.7,0.2,endowment,endowment,0.1,True,,False,"endowment @ 10.0%, 70% equity / 20% domestic",0.1,False,1.0065025713744085,1.0941084139039667,0.05984,0.03199688308881427,1.5652175685037755
0.7,0.2,endowment,endowment,0.12,True,,False,"endowment @ 12.0%, 70% equity / 20% domestic",0.12,False,0.8906101881625176,0.9822265093785096,0.34564,0.1816359212371814,1.5266851663011187
0.7,0.2,endowment,endowment (light smoothing),0.03,True,,False,"endowment (light smoothing) @ 3.0%, 70% equity / 20% domestic",0.03,False,1.0001639241749136,0.9989076165977406,0.0,0.0,1.4947274014717407
0.7,0.2,endowment,endowment (light smoothing),0.035,True,,False,"endowment (light smoothing) @ 3.5%, 70% equity / 20% domestic",0.035,False,1.034250877763472,1.036641124731708,0.0,0.0,1.5262792354882961
0.7,0.2,endowment,endowment (light smoothing),0.04,True,,False,"endowment (light smoothing) @ 4.0%, 70% equity / 20% domestic",0.04,False,1.0623680075105935,1.0690815123200441,0.0,0.0,1.5506588209232264
0.7,0.2,endowment,endowment (light smoothing),0.045,True,,False,"endowment (light smoothing) @ 4.5%, 70% equity / 20% domestic",0.045,False,1.0849486899675576,1.0965729969079108,0.0,0.0,1.5689967322587293
0.7,0.2,endowment,endowment (light smoothing),0.05,True,,False,"endowment (light smoothing) @ 5.0%, 70% equity / 20% domestic",0.05,False,1.10236941186634,1.1193935972739204,0.0,0.0,1.582269755991055
0.7,0.2,endowment,endowment (light smoothing),0.06,True,,False,"endowment (light smoothing) @ 6.0%, 70% equity / 20% domestic",0.06,False,1.1231502386546015,1.1519962813493672,0.0,0.0,1.5968709130122025
0.7,0.2,endowment,endowment (light smoothing),0.07,True,,False,"endowment (light smoothing) @ 7.0%, 70% equity / 20% domestic",0.07,False,1.1275883026006541,1.1688094916245406,0.0,0.0,1.5998690251768775
0.7,0.2,endowment,endowment (light smoothing),0.08,True,,False,"endowment (light smoothing) @ 8.0%, 70% equity / 20% domestic",0.08,False,1.1187119368720424,1.171894675623892,0.0,0.0,1.5952184363371187
0.7,0.2,endowment,endowment (light smoothing),0.09,True,,False,"endowment (light smoothing) @ 9.0%, 70% equity / 20% domestic",0.09,False,1.0996278038798726,1.1635340275747095,0.0,0.0,1.5857734561370116
0.7,0.2,endowment,endowment (light smoothing),0.1,True,,False,"endowment (light smoothing) @ 10.0%, 70% equity / 20% domestic",0.1,False,1.073327120029528,1.1461473920755656,0.0,0.0,1.5735618260975894
0.7,0.2,endowment,endowment (light smoothing),0.12,True,,False,"endowment (light smoothing) @ 12.0%, 70% equity / 20% domestic",0.12,False,1.0093799663070293,1.0937217659906218,0.0,0.0,1.5460336347104746
0.7,0.2,life_expectancy,life_expectancy,,False,,False,"life_expectancy, 70% equity / 20% domestic",0.03333333333333333,False,1.1281754322477477,1.1178010239582383,0.0,0.0,1.8870865997450978
0.7,0.2,life_expectancy,life_expectancy (+5y buffer),,False,,False,"life_expectancy (+5y buffer), 70% equity / 20% domestic",0.02857142857142857,False,1.082234361059421,1.0626355720061076,0.0,0.0,1.7698065457564987
0.7,0.2,gompertz,gompertz,,False,,False,"gompertz, 70% equity / 20% domestic",0.04598575701368062,True,1.1798175275854859,1.1931172338511984,0.0,0.0,1.7217260308148774
0.7,0.2,gompertz,gompertz (+5y buffer),,False,,False,"gompertz (+5y buffer), 70% equity / 20% domestic",0.03738895907792182,True,1.1305715116578667,1.126530215730416,0.0,0.0,1.6967912297649372
0.7,0.2,amortisation,amortisation (0% assumed return),,False,0.0,True,"amortisation (0% assumed return), 70% equity / 20% domestic",0.03333333333333333,False,1.1281754322477477,1.1178010239582383,0.0,0.0,1.8870865997450978
0.7,0.2,amortisation,amortisation (1% assumed return),,False,0.01,True,"amortisation (1% assumed return), 70% equity / 20% domestic",0.03874811321584711,False,1.1526907534910737,1.149324145155347,0.0,0.0,1.8492114248167595
0.7,0.2,amortisation,amortisation (2% assumed return),,False,0.02,True,"amortisation (2% assumed return), 70% equity / 20% domestic",0.04464992229340293,False,1.1712581292031004,1.176359106839998,0.0,0.0,1.8126780570836611
0.7,0.2,amortisation,amortisation (3% assumed return),,False,0.03,True,"amortisation (3% assumed return), 70% equity / 20% domestic",0.05101925932025255,False,1.1828067590355613,1.1977206397617048,0.0,0.0,1.777764453809935
0.7,0.2,amortisation,amortisation (4% assumed return),,False,0.04,True,"amortisation (4% assumed return), 70% equity / 20% domestic",0.057830099133661314,False,1.186636091990576,1.2124293793216527,0.0,0.0,1.7446928634625267
0.7,0.2,amortisation,amortisation (5% assumed return),,False,0.05,True,"amortisation (5% assumed return), 70% equity / 20% domestic",0.06505143508027657,False,1.182538366213945,1.2198345315291323,0.0,0.0,1.713625547894343
0.7,0.2,amortisation,amortisation (6% assumed return),,False,0.06,True,"amortisation (6% assumed return), 70% equity / 20% domestic",0.07264891149004721,False,1.1708563829579337,1.2197124105163917,0.0,0.0,1.6846646451941116
0.7,0.2,amortisation,amortisation (7% assumed return),,False,0.07,True,"amortisation (7% assumed return), 70% equity / 20% domestic",0.08058640351111118,False,1.1524505105538048,1.2123125465342424,0.0,0.0,1.657855600783603
0.7,0.2,amortisation,amortisation (8% assumed return),,False,0.08,True,"amortisation (8% assumed return), 70% equity / 20% domestic",0.08882743338727227,False,1.128576467963203,1.198332375880272,0.0,0.0,1.6331933112149588
0.7,0.2,amortisation,amortisation (10% assumed return),,False,0.1,True,"amortisation (10% assumed return), 70% equity / 20% domestic",0.1060792482526339,False,1.070337658396603,1.155039821877669,0.0,0.0,1.5900839756532459
0.7,0.2,amortisation,amortisation (12% assumed return),,False,0.12,True,"amortisation (12% assumed return), 70% equity / 20% domestic",0.12414365755194319,False,1.0073696128371301,1.099846202800427,0.0,0.0,1.5545986682839095
0.7,0.3,constant_real,constant_real,0.03,True,,False,"constant_real @ 3.0%, 70% equity / 30% domestic",0.03,False,0.9372428580423278,0.947917583931507,0.03816,0.018430838019183823,1.3345291877927632
0.7,0.3,constant_real,constant_real,0.035,True,,False,"constant_real @ 3.5%, 70% equity / 30% domestic",0.035,False,0.9747842819157414,0.9905666280567711,0.0696,0.03374796399201767,1.3766913648617922
0.7,0.3,constant_real,constant_real,0.04,True,,False,"constant_real @ 4.0%, 70% equity / 30% domestic",0.04,False,0.999744538715444,1.0243322400346557,0.11664,0.0573572926962679,1.4164538116334826
0.7,0.3,constant_real,constant_real,0.045,True,,False,"constant_real @ 4.5%, 70% equity / 30% domestic",0.045,False,1.0080252579519104,1.045514137924742,0.1824,0.09127275311979618,1.4524807551793644
0.7,0.3,constant_real,constant_real,0.05,True,,False,"constant_real @ 5.0%, 70% equity / 30% domestic",0.05,False,0.9979607387232561,1.0508170847404918,0.26336,0.1360091824272859,1.4834449651602415
0.7,0.3,constant_real,constant_real,0.06,True,,False,"constant_real @ 6.0%, 70% equity / 30% domestic",0.06,False,0.941894304441273,1.0176950059161334,0.44812,0.2502258089272204,1.5269381913400222
0.7,0.3,constant_real,constant_real,0.07,True,,False,"constant_real @ 7.0%, 70% equity / 30% domestic",0.07,False,0.8757509766985035,0.9563459371731682,0.61972,0.3765841869293638,1.5468726833682227
0.7,0.3,constant_real,constant_real,0.08,True,,False,"constant_real @ 8.0%, 70% equity / 30% domestic",0.08,False,0.8189884689058206,0.8946220637668657,0.76404,0.5000354097144559,1.5470566133397483
0.7,0.3,constant_real,constant_real,0.09,True,,False,"constant_real @ 9.0%, 70% equity / 30% domestic",0.09,False,0.7747685249275648,0.8422502174184793,0.86796,0.6089513423492072,1.5335175619421626
0.7,0.3,constant_real,constant_real,0.1,True,,False,"constant_real @ 10.0%, 70% equity / 30% domestic",0.1,False,0.7416998781490454,0.8009578510978963,0.93176,0.6958570462086767,1.5143566351553135
0.7,0.3,constant_real,constant_real,0.12,True,,False,"constant_real @ 12.0%, 70% equity / 30% domestic",0.12,False,0.6982318260128133,0.7441432867721868,0.98828,0.8092824338364819,1.4765473726943563
0.7,0.3,constant_percent,constant_percent,0.03,True,,False,"constant_percent @ 3.0%, 70% equity / 30% domestic",0.03,False,0.988293998656778,0.9878081503846792,0.0,0.0,1.4857704484707277
0.7,0.3,constant_percent,constant_percent,0.035,True,,False,"constant_percent @ 3.5%, 70% equity / 30% domestic",0.035,False,1.0206346969760576,1.0236936270405637,0.0,0.0,1.515968886779597
0.7,0.3,constant_percent,constant_percent,0.04,True,,False,"constant_percent @ 4.0%, 70% equity / 30% domestic",0.04,False,1.0472666805023638,1.0544638855243604,0.0,0.0,1.5392219663071665
0.7,0.3,constant_percent,constant_percent,0.045,True,,False,"constant_percent @ 4.5%, 70% equity / 30% domestic",0.045,False,1.0686764438690008,1.0805155454575561,0.0,0.0,1.5566740507898047
0.7,0.3,constant_percent,constant_percent,0.05,True,,False,"constant_percent @ 5.0%, 70% equity / 30% domestic",0.05,False,1.0852827946582417,1.1021734538423673,0.0,0.0,1.5693022207250933
0.7,0.3,constant_percent,constant_percent,0.06,True,,False,"constant_percent @ 6.0%, 70% equity / 30% domestic",0.06,False,1.1056090825024079,1.1334317998808958,0.0,0.0,1.583292346320864
0.7,0.3,constant_percent,constant_percent,0.07,True,,False,"constant_percent @ 7.0%, 70% equity / 30% domestic",0.07,False,1.111191004888,1.1503620456771186,0.0,0.0,1.586457742965755
0.7,0.3,constant_percent,constant_percent,0.08,True,,False,"constant_percent @ 8.0%, 70% equity / 30% domestic",0.08,False,1.104908707837498,1.1550556918413932,0.0,0.0,1.582569068543403
0.7,0.3,constant_percent,constant_percent,0.09,True,,False,"constant_percent @ 9.0%, 70% equity / 30% domestic",0.09,False,1.089557156874377,1.1496525825477424,0.0,0.0,1.5742953278675167
0.7,0.3,constant_percent,constant_percent,0.1,True,,False,"constant_percent @ 10.0%, 70% equity / 30% domestic",0.1,False,1.0677330878554951,1.1362956096788472,0.0,0.0,1.563499095647259
0.7,0.3,constant_percent,constant_percent,0.12,True,,False,"constant_percent @ 12.0%, 70% equity / 30% domestic",0.12,False,1.013428553993698,1.093732761482384,0.0,0.0,1.5390244370063488
0.7,0.3,guyton_klinger,guyton_klinger,0.03,True,,False,"guyton_klinger @ 3.0%, 70% equity / 30% domestic",0.03,False,0.9489964824537651,0.9492440928336747,0.0,0.0,1.4334106562075306
0.7,0.3,guyton_klinger,guyton_klinger,0.035,True,,False,"guyton_klinger @ 3.5%, 70% equity / 30% domestic",0.035,False,0.9835121077376564,0.98640049665566,0.0,0.0,1.469314619217815
0.7,0.3,guyton_klinger,guyton_klinger,0.04,True,,False,"guyton_klinger @ 4.0%, 70% equity / 30% domestic",0.04,False,1.0135384726059304,1.0195329195195497,0.0,0.0,1.4994438687790599
0.7,0.3,guyton_klinger,guyton_klinger,0.045,True,,False,"guyton_klinger @ 4.5%, 70% equity / 30% domestic",0.045,False,1.039814825400169,1.049406193111806,0.0,0.0,1.5244843293121504
0.7,0.3,guyton_klinger,guyton_klinger,0.05,True,,False,"guyton_klinger @ 5.0%, 70% equity / 30% domestic",0.05,False,1.0620527729475115,1.075604821830276,8e-05,1.95365473729457e-05,1.5454677911575283
0.7,0.3,guyton_klinger,guyton_klinger,0.06,True,,False,"guyton_klinger @ 6.0%, 70% equity / 30% domestic",0.06,False,1.0955482334168618,1.1179484012368004,0.00148,0.00038860026490513137,1.5766420070680685
0.7,0.3,guyton_klinger,guyton_klinger,0.07,True,,False,"guyton_klinger @ 7.0%, 70% equity / 30% domestic",0.07,False,1.1125817256803714,1.1459211607660573,0.02108,0.005946293547554094,1.5963671660261312
0.7,0.3,guyton_klinger,guyton_klinger,0.08,True,,False,"guyton_klinger @ 8.0%, 70% equity / 30% domestic",0.08,False,1.1021189386435082,1.1545143888557547,0.12728,0.03756977927794658,1.604299483111251
0.7,0.3,guyton_klinger,guyton_klinger,0.09,True,,False,"guyton_klinger @ 9.0%, 70% equity / 30% domestic",0.09,False,1.054911943176372,1.1352127727796832,0.34404,0.1126062431105287,1.597734451202457
0.7,0.3,guyton_klinger,guyton_klinger,0.1,True,,False,"guyton_klinger @ 10.0%, 70% equity / 30% domestic",0.1,False,0.9901650722225758,1.0922486756153142,0.5738,0.2127628852503263,1.5797604156313612
0.7,0.3,guyton_klinger,guyton_klinger,0.12,True,,False,"guyton_klinger @ 12.0%, 70% equity / 30% domestic",0.12,False,0.8685344912097753,0.9742530844804684,0.88584,0.43121406629486575,1.5312341272120051
0.7,0.3,guyton_klinger,guyton_klinger (tight band),0.03,True,,False,"guyton_klinger (tight band) @ 3.0%, 70% equity / 30% domestic",0.03,False,0.9652209034700612,0.9647454900838098,0.0,0.0,1.4592732270182738
0.7,0.3,guyton_klinger,guyton_klinger (tight band),0.035,True,,False,"guyton_klinger (tight band) @ 3.5%, 70% equity / 30% domestic",0.035,False,0.999403919335643,1.0016506295340992,0.0,0.0,1.4950051383306677
0.7,0.3,guyton_klinger,guyton_klinger (tight band),0.04,True,,False,"guyton_klinger (tight band) @ 4.0%, 70% equity / 30% domestic",0.04,False,1.028851774609951,1.0343331183901014,0.0,0.0,1.524167170372372
0.7,0.3,guyton_klinger,guyton_klinger (tight band),0.045,True,,False,"guyton_klinger (tight band) @ 4.5%, 70% equity / 30% domestic",0.045,False,1.0538799824092147,1.0629578360253567,0.0,0.0,1.5479048615926556
0.7,0.3,guyton_klinger,guyton_klinger (tight band),0.05,True,,False,"guyton_klinger (tight band) @ 5.0%, 70% equity / 30% domestic",0.05,False,1.0747647525700565,1.0877627767668276,0.0,0.0,1.566836317307382
0.7,0.3,guyton_klinger,guyton_klinger (tight band),0.06,True,,False,"guyton_klinger (tight band) @ 6.0%, 70% equity / 30% domestic",0.06,False,1.1051951715871569,1.1268414686400667,0.00072,0.00019094185083849607,1.5936791820245522
0.7,0.3,guyton_klinger,guyton_klinger (tight band),0.07,True,,False,"guyton_klinger (tight band) @ 7.0%, 70% equity / 30% domestic",0.07,False,1.1211046862110188,1.152560143022136,0.01192,0.003243521305568873,1.6083935996446992
0.7,0.3,guyton_klinger,guyton_klinger (tight band),0.08,True,,False,"guyton_klinger (tight band) @ 8.0%, 70% equity / 30% domestic",0.08,False,1.1161037493516286,1.162346709789059,0.07888,0.02234179933450392,1.6125901081375378
0.7,0.3,guyton_klinger,guyton_klinger (tight band),0.09,True,,False,"guyton_klinger (tight band) @ 9.0%, 70% equity / 30% domestic",0.09,False,1.0789356999087514,1.1499910858586198,0.2752,0.08334980770737077,1.6046687390445016
0.7,0.3,guyton_klinger,guyton_klinger (tight band),0.1,True,,False,"guyton_klinger (tight band) @ 10.0%, 70% equity / 30% domestic",0.1,False,1.0193343016701208,1.1150277237429485,0.51556,0.17458041766547455,1.5872579940088236
0.7,0.3,guyton_klinger,guyton_klinger (tight band),0.12,True,,False,"guyton_klinger (tight band) @ 12.0%, 70% equity / 30% domestic",0.12,False,0.9008941078450557,1.0108737675653319,0.85528,0.3730474076024203,1.5407578317445358
0.7,0.3,guyton_klinger,guyton_klinger (no inflation rule),0.03,True,,False,"guyton_klinger (no inflation rule) @ 3.0%, 70% equity / 30% domestic",0.03,False,0.9851368699994597,0.9821862092496562,0.00956,0.004138415557809071,1.4600111392357753
0.7,0.3,guyton_klinger,guyton_klinger (no inflation rule),0.035,True,,False,"guyton_klinger (no inflation rule) @ 3.5%, 70% equity / 30% domestic",0.035,False,1.0221313867161534,1.0224926299365862,0.0158,0.006886578632270703,1.4978488030208823
0.7,0.3,guyton_klinger,guyton_klinger (no inflation rule),0.04,True,,False,"guyton_klinger (no inflation rule) @ 4.0%, 70% equity / 30% domestic",0.04,False,1.052872464174205,1.0576526453239838,0.02572,0.011097521205599432,1.5295362310695986
0.7,0.3,guyton_klinger,guyton_klinger (no inflation rule),0.045,True,,False,"guyton_klinger (no inflation rule) @ 4.5%, 70% equity / 30% domestic",0.045,False,1.0770654314008052,1.0875923172545294,0.04144,0.017289719763254194,1.5559307267951823
0.7,0.3,guyton_klinger,guyton_klinger (no inflation rule),0.05,True,,False,"guyton_klinger (no inflation rule) @ 5.0%, 70% equity / 30% domestic",0.05,False,1.0928568372423348,1.1113645504055083,0.06628,0.02697857488657024,1.5773248477014745
0.7,0.3,guyton_klinger,guyton_klinger (no inflation rule),0.06,True,,False,"guyton_klinger (no inflation rule) @ 6.0%, 70% equity / 30% domestic",0.06,False,1.0976523644283083,1.1381576843946954,0.15272,0.06121403872337941,1.6069536309015489
0.7,0.3,guyton_klinger,guyton_klinger (no inflation rule),0.07,True,,False,"guyton_klinger (no inflation rule) @ 7.0%, 70% equity / 30% domestic",0.07,False,1.066308134192984,1.1337711570624567,0.29648,0.1202828775927258,1.61850619228165
0.7,0.3,guyton_klinger,guyton_klinger (no inflation rule),0.08,True,,False,"guyton_klinger (no inflation rule) @ 8.0%, 70% equity / 30% domestic",0.08,False,1.007988871348894,1.0989857598789603,0.49692,0.20886726897368416,1.613118714829968
0.7,0.3,guyton_klinger,guyton_klinger (no inflation rule),0.09,True,,False,"guyton_klinger (no inflation rule) @ 9.0%, 70% equity / 30% domestic",0.09,False,0.9427248899525084,1.0446767980504321,0.70376,0.31699331538943754,1.593674196529844
0.7,0.3,guyton_klinger,guyton_klinger (no inflation rule),0.1,True,,False,"guyton_klinger (no inflation rule) @ 10.0%, 70% equity / 30% domestic",0.1,False,0.8845221451024305,0.9858344538673277,0.85072,0.4222701497294891,1.5673368469418427
0.7,0.3,guyton_klinger,guyton_klinger (no inflation rule),0.12,True,,False,"guyton_klinger (no inflation rule) @ 12.0%, 70% equity / 30% domestic",0.12,False,0.7945900666993505,0.8778568373045547,0.98296,0.6029049724602801,1.514774030615693
0.7,0.3,vanguard_dynamic,vanguard_dynamic,0.03,True,,False,"vanguard_dynamic @ 3.0%, 70% equity / 30% domestic",0.03,False,0.9908365070322783,0.9913288360674137,0.01828,0.009283313953022091,1.4378442140721697
0.7,0.3,vanguard_dynamic,vanguard_dynamic,0.035,True,,False,"vanguard_dynamic @ 3.5%, 70% equity / 30% domestic",0.035,False,1.0273204971493712,1.0328841233162929,0.03232,0.016184994863205515,1.4787132024692535
0.7,0.3,vanguard_dynamic,vanguard_dynamic,0.04,True,,False,"vanguard_dynamic @ 4.0%, 70% equity / 30% domestic",0.04,False,1.053299835386594,1.0667156930026818,0.05584,0.02779700210573308,1.5128970106027648
0.7,0.3,vanguard_dynamic,vanguard_dynamic,0.045,True,,False,"vanguard_dynamic @ 4.5%, 70% equity / 30% domestic",0.045,False,1.0679240143263216,1.0916133195328757,0.08576,0.04341818798684196,1.5408750550291337
0.7,0.3,vanguard_dynamic,vanguard_dynamic,0.05,True,,False,"vanguard_dynamic @ 5.0%, 70% equity / 30% domestic",0.05,False,1.068925361117619,1.1057721214458485,0.13336,0.06697762052131734,1.5630451533506855
0.7,0.3,vanguard_dynamic,vanguard_dynamic,0.06,True,,False,"vanguard_dynamic @ 6.0%, 70% equity / 30% domestic",0.06,False,1.0268410451246925,1.0937221614064352,0.2778,0.1435363337197009,1.5908606698735837
0.7,0.3,vanguard_dynamic,vanguard_dynamic,0.07,True,,False,"vanguard_dynamic @ 7.0%, 70% equity / 30% domestic",0.07,False,0.950332388444424,1.0348882110095299,0.4752,0.25905210739497403,1.5967456984220176
0.7,0.3,vanguard_dynamic,vanguard_dynamic,0.08,True,,False,"vanguard_dynamic @ 8.0%, 70% equity / 30% domestic",0.08,False,0.8741769811388609,0.9603747734381882,0.68196,0.3982418639889808,1.5835730708368243
0.7,0.3,vanguard_dynamic,vanguard_dynamic,0.09,True,,False,"vanguard_dynamic @ 9.0%, 70% equity / 30% domestic",0.09,False,0.8127470641792046,0.8921010490616096,0.8488,0.5359598431549203,1.558178742936751
0.7,0.3,vanguard_dynamic,vanguard_dynamic,0.1,True,,False,"vanguard_dynamic @ 10.0%, 70% equity / 30% domestic",0.1,False,0.7676922706831413,0.8375686662790319,0.94288,0.648249062812361,1.5288349001292578
0.7,0.3,vanguard_dynamic,vanguard_dynamic,0.12,True,,False,"vanguard_dynamic @ 12.0%, 70% equity / 30% domestic",0.12,False,0.7122421368991722,0.7649715006740001,0.99728,0.7866601901978858,1.4821076299193197
0.7,0.3,vanguard_dynamic,vanguard_dynamic (asymmetric),0.03,True,,False,"vanguard_dynamic (asymmetric) @ 3.0%, 70% equity / 30% domestic",0.03,False,0.9532431363009177,0.9578136591940715,0.00704,0.003837811680970549,1.3712000883984192
0.7,0.3,vanguard_dynamic,vanguard_dynamic (asymmetric),0.035,True,,False,"vanguard_dynamic (asymmetric) @ 3.5%, 70% equity / 30% domestic",0.035,False,0.9915494885984788,0.9992115030580632,0.01188,0.0065073746926468355,1.4109912181149933
0.7,0.3,vanguard_dynamic,vanguard_dynamic (asymmetric),0.04,True,,False,"vanguard_dynamic (asymmetric) @ 4.0%, 70% equity / 30% domestic",0.04,False,1.0234205974957513,1.0354135006046916,0.01984,0.010563042491908705,1.4467257886411666
0.7,0.3,vanguard_dynamic,vanguard_dynamic (asymmetric),0.045,True,,False,"vanguard_dynamic (asymmetric) @ 4.5%, 70% equity / 30% domestic",0.045,False,1.0484012996499705,1.0660898722652772,0.03176,0.016894127819942435,1.4780867041231769
0.7,0.3,vanguard_dynamic,vanguard_dynamic (asymmetric),0.05,True,,False,"vanguard_dynamic (asymmetric) @ 5.0%, 70% equity / 30% domestic",0.05,False,1.0651773961415407,1.090303477135542,0.04928,0.02608381239334646,1.5050443197532628
0.7,0.3,vanguard_dynamic,vanguard_dynamic (asymmetric),0.06,True,,False,"vanguard_dynamic (asymmetric) @ 6.0%, 70% equity / 30% domestic",0.06,False,1.0716402708492165,1.1155552740781316,0.10444,0.05557290281455653,1.5453371132564744
0.7,0.3,vanguard_dynamic,vanguard_dynamic (asymmetric),0.07,True,,False,"vanguard_dynamic (asymmetric) @ 7.0%, 70% equity / 30% domestic",0.07,False,1.0386478068328264,1.1040197881160843,0.20768,0.11075713026267665,1.5675371951266315
0.7,0.3,vanguard_dynamic,vanguard_dynamic (asymmetric),0.08,True,,False,"vanguard_dynamic (asymmetric) @ 8.0%, 70% equity / 30% domestic",0.08,False,0.9744993499876101,1.0549121334713056,0.35616,0.19904265388481399,1.573819408772444
0.7,0.3,vanguard_dynamic,vanguard_dynamic (asymmetric),0.09,True,,False,"vanguard_dynamic (asymmetric) @ 9.0%, 70% equity / 30% domestic",0.09,False,0.9018711695236745,0.9862505099970253,0.5476,0.3195053064287761,1.5662614312410026
0.7,0.3,vanguard_dynamic,vanguard_dynamic (asymmetric),0.1,True,,False,"vanguard_dynamic (asymmetric) @ 10.0%, 70% equity / 30% domestic",0.1,False,0.8378881570173505,0.9179640493063765,0.73516,0.4546462633164389,1.5483983132836956
0.7,0.3,vanguard_dynamic,vanguard_dynamic (asymmetric),0.12,True,,False,"vanguard_dynamic (asymmetric) @ 12.0%, 70% equity / 30% domestic",0.12,False,0.7489797086728172,0.8122157798734918,0.95352,0.6840081632016,1.5013183789755755
0.7,0.3,endowment,endowment,0.03,True,,False,"endowment @ 3.0%, 70% equity / 30% domestic",0.03,False,0.9865665442109068,0.9864314287422197,0.00012,6.015216178406817e-05,1.4712161870610916
0.7,0.3,endowment,endowment,0.035,True,,False,"endowment @ 3.5%, 70% equity / 30% domestic",0.035,False,1.0210530375522198,1.0248733618008385,0.00016,8.378330426274744e-05,1.5043811603906658
0.7,0.3,endowment,endowment,0.04,True,,False,"endowment @ 4.0%, 70% equity / 30% domestic",0.04,False,1.0494272033301224,1.0580622686022947,0.00024,0.00012044999888051432,1.530662642933237
0.7,0.3,endowment,endowment,0.045,True,,False,"endowment @ 4.5%, 70% equity / 30% domestic",0.045,False,1.071884403492831,1.086137313883118,0.00036,0.0001977602879052086,1.5509326477157823
0.7,0.3,endowment,endowment,0.05,True,,False,"endowment @ 5.0%, 70% equity / 30% domestic",0.05,False,1.0885670636347375,1.109159059334207,0.00088,0.0004885930334639951,1.5659773711349456
0.7,0.3,endowment,endowment,0.06,True,,False,"endowment @ 6.0%, 70% equity / 30% domestic",0.06,False,1.105123971104805,1.1400536389412395,0.00324,0.0018284715841070246,1.5831503171223342
0.7,0.3,endowment,endowment,0.07,True,,False,"endowment @ 7.0%, 70% equity / 30% domestic",0.07,False,1.1005249680956068,1.1506663894491684,0.0112,0.006613030016321989,1.5870119924131862
0.7,0.3,endowment,endowment,0.08,True,,False,"endowment @ 8.0%, 70% equity / 30% domestic",0.08,False,1.0788019151943056,1.1432221556133844,0.0152,0.009359224634986592,1.5814467933311898
0.7,0.3,endowment,endowment,0.09,True,,False,"endowment @ 9.0%, 70% equity / 30% domestic",0.09,False,1.0426137373679105,1.1193546721752927,0.02872,0.016356652776544592,1.5695003193178714
0.7,0.3,endowment,endowment,0.1,True,,False,"endowment @ 10.0%, 70% equity / 30% domestic",0.1,False,0.9953408384512854,1.0809265431674537,0.0696,0.037410756557506135,1.553541190175688
0.7,0.3,endowment,endowment,0.12,True,,False,"endowment @ 12.0%, 70% equity / 30% domestic",0.12,False,0.8849361557554006,0.9747668858842891,0.35108,0.18500684683971957,1.5163994119217636
0.7,0.3,endowment,endowment (light smoothing),0.03,True,,False,"endowment (light smoothing) @ 3.0%, 70% equity / 30% domestic",0.03,False,0.9883299499306694,0.9878979671829154,0.0,0.0,1.4832267016547185
0.7,0.3,endowment,endowment (light smoothing),0.035,True,,False,"endowment (light smoothing) @ 3.5%, 70% equity / 30% domestic",0.035,False,1.0211531140950256,1.024357472610612,0.0,0.0,1.5140216007283955
0.7,0.3,endowment,endowment (light smoothing),0.04,True,,False,"endowment (light smoothing) @ 4.0%, 70% equity / 30% domestic",0.04,False,1.0481766117037783,1.0556542643268108,0.0,0.0,1.5378484436486628
0.7,0.3,endowment,endowment (light smoothing),0.045,True,,False,"endowment (light smoothing) @ 4.5%, 70% equity / 30% domestic",0.045,False,1.0698431109841977,1.0821411558793452,0.0,0.0,1.555804019230894
0.7,0.3,endowment,endowment (light smoothing),0.05,True,,False,"endowment (light smoothing) @ 5.0%, 70% equity / 30% domestic",0.05,False,1.0865360679252578,1.1041042553251597,0.0,0.0,1.568836034326663
0.7,0.3,endowment,endowment (light smoothing),0.06,True,,False,"endowment (light smoothing) @ 6.0%, 70% equity / 30% domestic",0.06,False,1.106429925070942,1.1354571515435763,0.0,0.0,1.5832829051930195
0.7,0.3,endowment,endowment (light smoothing),0.07,True,,False,"endowment (light smoothing) @ 7.0%, 70% equity / 30% domestic",0.07,False,1.110709821550228,1.1516542662148315,0.0,0.0,1.5864365502304885
0.7,0.3,endowment,endowment (light smoothing),0.08,True,,False,"endowment (light smoothing) @ 8.0%, 70% equity / 30% domestic",0.08,False,1.1023084102761427,1.1547280401302895,0.0,0.0,1.5821361364788256
0.7,0.3,endowment,endowment (light smoothing),0.09,True,,False,"endowment (light smoothing) @ 9.0%, 70% equity / 30% domestic",0.09,False,1.0841864662661735,1.1468812895747622,0.0,0.0,1.5731539869165672
0.7,0.3,endowment,endowment (light smoothing),0.1,True,,False,"endowment (light smoothing) @ 10.0%, 70% equity / 30% domestic",0.1,False,1.0591700323324726,1.1304177752224027,0.0,0.0,1.5614606351736602
0.7,0.3,endowment,endowment (light smoothing),0.12,True,,False,"endowment (light smoothing) @ 12.0%, 70% equity / 30% domestic",0.12,False,0.9981656160543642,1.0805456238655817,0.0,0.0,1.5349931308516038
0.7,0.3,life_expectancy,life_expectancy,,False,,False,"life_expectancy, 70% equity / 30% domestic",0.03333333333333333,False,1.1135305352169915,1.1038540155049446,0.0,0.0,1.864013464410048
0.7,0.3,life_expectancy,life_expectancy (+5y buffer),,False,,False,"life_expectancy (+5y buffer), 70% equity / 30% domestic",0.02857142857142857,False,1.0685702339662286,1.0502463844045151,0.0,0.0,1.75002957261217
0.7,0.3,gompertz,gompertz,,False,,False,"gompertz, 70% equity / 30% domestic",0.04598575701368062,True,1.1612913572927717,1.1755173263788008,0.0,0.0,1.7044839591879344
0.7,0.3,gompertz,gompertz (+5y buffer),,False,,False,"gompertz (+5y buffer), 70% equity / 30% domestic",0.03738895907792182,True,1.1143018321220908,1.111510625690556,0.0,0.0,1.679777658976769
0.7,0.3,amortisation,amortisation (0% assumed return),,False,0.0,True,"amortisation (0% assumed return), 70% equity / 30% domestic",0.03333333333333333,False,1.1135305352169915,1.1038540155049446,0.0,0.0,1.864013464410048
0.7,0.3,amortisation,amortisation (1% assumed return),,False,0.01,True,"amortisation (1% assumed return), 70% equity / 30% domestic",0.03874811321584711,False,1.1367977502470246,1.1340405041043435,0.0,0.0,1.8275188312044424
0.7,0.3,amortisation,amortisation (2% assumed return),,False,0.02,True,"amortisation (2% assumed return), 70% equity / 30% domestic",0.04464992229340293,False,1.1542911809135736,1.1598443595650516,0.0,0.0,1.792311083080605
0.7,0.3,amortisation,amortisation (3% assumed return),,False,0.03,True,"amortisation (3% assumed return), 70% equity / 30% domestic",0.05101925932025255,False,1.1650300135220604,1.180158672283655,0.0,0.0,1.758658469898453
0.7,0.3,amortisation,amortisation (4% assumed return),,False,0.04,True,"amortisation (4% assumed return), 70% equity / 30% domestic",0.057830099133661314,False,1.168394930007972,1.1940834935667561,0.0,0.0,1.7267756775717933
0.7,0.3,amortisation,amortisation (5% assumed return),,False,0.05,True,"amortisation (5% assumed return), 70% equity / 30% domestic",0.06505143508027657,False,1.1642333947079566,1.2010363015323184,0.0,0.0,1.6968196737955388
0.7,0.3,amortisation,amortisation (6% assumed return),,False,0.06,True,"amortisation (6% assumed return), 70% equity / 30% domestic",0.07264891149004721,False,1.152902717302218,1.2008370164421445,0.0,0.0,1.6688895420411547
0.7,0.3,amortisation,amortisation (7% assumed return),,False,0.07,True,"amortisation (7% assumed return), 70% equity / 30% domestic",0.08058640351111118,False,1.1352312827602724,1.193743565737283,0.0,0.0,1.6430297552717918
0.7,0.3,amortisation,amortisation (8% assumed return),,False,0.08,True,"amortisation (8% assumed return), 70% equity / 30% domestic",0.08882743338727227,False,1.1124026983025723,1.1804233089568994,0.0,0.0,1.619236067354137
0.7,0.3,amortisation,amortisation (10% assumed return),,False,0.1,True,"amortisation (10% assumed return), 70% equity / 30% domestic",0.1060792482526339,False,1.0567989288203012,1.1392402839052864,0.0,0.0,1.5776326582645088
0.7,0.3,amortisation,amortisation (12% assumed return),,False,0.12,True,"amortisation (12% assumed return), 70% equity / 30% domestic",0.12414365755194319,False,0.9965871977080759,1.0866487512061482,0.0,0.0,1.5433726324647818
0.7,0.5,constant_real,constant_real,0.03,True,,False,"constant_real @ 3.0%, 70% equity / 50% domestic",0.03,False,0.9148388473520551,0.9264350641667014,0.05496,0.02732963116604004,1.3238901459027326
0.7,0.5,constant_real,constant_real,0.035,True,,False,"constant_real @ 3.5%, 70% equity / 50% domestic",0.035,False,0.9477360826916761,0.9645550709739751,0.09024,0.04545073986177572,1.363924313556715
0.7,0.5,constant_real,constant_real,0.04,True,,False,"constant_real @ 4.0%, 70% equity / 50% domestic",0.04,False,0.9692775597991345,0.9943465880443213,0.1398,0.07121530264842521,1.4017089154845992
0.7,0.5,constant_real,constant_real,0.045,True,,False,"constant_real @ 4.5%, 70% equity / 50% domestic",0.045,False,0.9768985645687486,1.0132011520798359,0.20536,0.1059638109671178,1.4360132619884747
0.7,0.5,constant_real,constant_real,0.05,True,,False,"constant_real @ 5.0%, 70% equity / 50% domestic",0.05,False,0.9694653554523529,1.018918134758492,0.28412,0.15036084590766888,1.4653879673498835
0.7,0.5,constant_real,constant_real,0.06,True,,False,"constant_real @ 6.0%, 70% equity / 50% domestic",0.06,False,0.9218579733594773,0.9923892273364878,0.46908,0.2648893693190276,1.5063539023100045
0.7,0.5,constant_real,constant_real,0.07,True,,False,"constant_real @ 7.0%, 70% equity / 50% domestic",0.07,False,0.8620223400307463,0.9382516673480229,0.64024,0.39192405755027854,1.5243805698009913
0.7,0.5,constant_real,constant_real,0.08,True,,False,"constant_real @ 8.0%, 70% equity / 50% domestic",0.08,False,0.8094524608291578,0.8818031366249809,0.77924,0.5142986190211266,1.5238993929687017
0.7,0.5,constant_real,constant_real,0.09,True,,False,"constant_real @ 9.0%, 70% equity / 50% domestic",0.09,False,0.7681558709550804,0.8333133733458031,0.8778,0.6204154191545065,1.5112191325681694
0.7,0.5,constant_real,constant_real,0.1,True,,False,"constant_real @ 10.0%, 70% equity / 50% domestic",0.1,False,0.7371227499777501,0.7946027208994865,0.93632,0.7035896963259884,1.4936969828058264
0.7,0.5,constant_real,constant_real,0.12,True,,False,"constant_real @ 12.0%, 70% equity / 50% domestic",0.12,False,0.6958010705168464,0.7407041052397207,0.98804,0.8127478094434607,1.4588840289317346
0.7,0.5,constant_percent,constant_percent,0.03,True,,False,"constant_percent @ 3.0%, 70% equity / 50% domestic",0.03,False,0.9569150883869018,0.9585573364439361,0.0,0.0,1.463473852114153
0.7,0.5,constant_percent,constant_percent,0.035,True,,False,"constant_percent @ 3.5%, 70% equity / 50% domestic",0.035,False,0.9857595526566274,0.9908643628332474,0.0,0.0,1.4922393013481443
0.7,0.5,constant_percent,constant_percent,0.04,True,,False,"constant_percent @ 4.0%, 70% equity / 50% domestic",0.04,False,1.0093839624258987,1.018429243780117,0.0,0.0,1.514449252139326
0.7,0.5,constant_percent,constant_percent,0.045,True,,False,"constant_percent @ 4.5%, 70% equity / 50% domestic",0.045,False,1.0282972577066074,1.0416745160990875,0.0,0.0,1.5311805908564464
0.7,0.5,constant_percent,constant_percent,0.05,True,,False,"constant_percent @ 5.0%, 70% equity / 50% domestic",0.05,False,1.042930375353648,1.0609455683487259,0.0,0.0,1.5433530360482457
0.7,0.5,constant_percent,constant_percent,0.06,True,,False,"constant_percent @ 6.0%, 70% equity / 50% domestic",0.06,False,1.0608683782344435,1.088734386593143,0.0,0.0,1.5570396982819117
0.7,0.5,constant_percent,constant_percent,0.07,True,,False,"constant_percent @ 7.0%, 70% equity / 50% domestic",0.07,False,1.0660006962981003,1.1039252638569383,0.0,0.0,1.5604692980103956
0.7,0.5,constant_percent,constant_percent,0.08,True,,False,"constant_percent @ 8.0%, 70% equity / 50% domestic",0.08,False,1.0609020035977803,1.1084800645178763,0.0,0.0,1.5571965752346413
0.7,0.5,constant_percent,constant_percent,0.09,True,,False,"constant_percent @ 9.0%, 70% equity / 50% domestic",0.09,False,1.0479647697965835,1.1042948909777095,0.0,0.0,1.5497400796268805
0.7,0.5,constant_percent,constant_percent,0.1,True,,False,"constant_percent @ 10.0%, 70% equity / 50% domestic",0.1,False,1.0293618746037496,1.0931985125600114,0.0,0.0,1.5398594748025758
0.7,0.5,constant_percent,constant_percent,0.12,True,,False,"constant_percent @ 12.0%, 70% equity / 50% domestic",0.12,False,0.9824618557015505,1.0569739234139552,0.0,0.0,1.5172608052868597
0.7,0.5,guyton_klinger,guyton_klinger,0.03,True,,False,"guyton_klinger @ 3.0%, 70% equity / 50% domestic",0.03,False,0.9231728799004043,0.9250398700102603,0.0,0.0,1.413650502288223
0.7,0.5,guyton_klinger,guyton_klinger,0.035,True,,False,"guyton_klinger @ 3.5%, 70% equity / 50% domestic",0.035,False,0.9543011100888087,0.9588355580023796,0.0,0.0,1.4476288140318851
0.7,0.5,guyton_klinger,guyton_klinger,0.04,True,,False,"guyton_klinger @ 4.0%, 70% equity / 50% domestic",0.04,False,0.9814325106892628,0.9890356771071572,0.0,0.0,1.476371565253659
0.7,0.5,guyton_klinger,guyton_klinger,0.045,True,,False,"guyton_klinger @ 4.5%, 70% equity / 50% domestic",0.045,False,1.0047605474419639,1.015816576212699,0.0,0.0,1.500428808019069
0.7,0.5,guyton_klinger,guyton_klinger,0.05,True,,False,"guyton_klinger @ 5.0%, 70% equity / 50% domestic",0.05,False,1.024597750455069,1.0393983261724082,8e-05,1.95365473729457e-05,1.5203470448637235
0.7,0.5,guyton_klinger,guyton_klinger,0.06,True,,False,"guyton_klinger @ 6.0%, 70% equity / 50% domestic",0.06,False,1.0543324350420367,1.0772358674296445,0.00132,0.00036625263106722074,1.5504445600775671
0.7,0.5,guyton_klinger,guyton_klinger,0.07,True,,False,"guyton_klinger @ 7.0%, 70% equity / 50% domestic",0.07,False,1.0693893186802037,1.1021859969844179,0.02376,0.006632908806446446,1.5697790132621738
0.7,0.5,guyton_klinger,guyton_klinger,0.08,True,,False,"guyton_klinger @ 8.0%, 70% equity / 50% domestic",0.08,False,1.060771263361935,1.110212661791974,0.14,0.04150771888192841,1.5777988209250744
0.7,0.5,guyton_klinger,guyton_klinger,0.09,True,,False,"guyton_klinger @ 9.0%, 70% equity / 50% domestic",0.09,False,1.0211540988477155,1.0946861431547796,0.35884,0.11827872976763443,1.5719320485457244
0.7,0.5,guyton_klinger,guyton_klinger,0.1,True,,False,"guyton_klinger @ 10.0%, 70% equity / 50% domestic",0.1,False,0.965632016117733,1.0588715489780927,0.5902,0.22021007022907033,1.5554071185997107
0.7,0.5,guyton_klinger,guyton_klinger,0.12,True,,False,"guyton_klinger @ 12.0%, 70% equity / 50% domestic",0.12,False,0.8567142036210937,0.9556552393120211,0.89616,0.4395466934503651,1.5103556806332619
0.7,0.5,guyton_klinger,guyton_klinger (tight band),0.03,True,,False,"guyton_klinger (tight band) @ 3.0%, 70% equity / 50% domestic",0.03,False,0.9380267270023313,0.9392685832988974,0.0,0.0,1.4379379920690227
0.7,0.5,guyton_klinger,guyton_klinger (tight band),0.035,True,,False,"guyton_klinger (tight band) @ 3.5%, 70% equity / 50% domestic",0.035,False,0.9688346377055014,0.9728180084177898,0.0,0.0,1.4718998154849636
0.7,0.5,guyton_klinger,guyton_klinger (tight band),0.04,True,,False,"guyton_klinger (tight band) @ 4.0%, 70% equity / 50% domestic",0.04,False,0.9951218702756158,1.002285874198645,0.0,0.0,1.499610106067051
0.7,0.5,guyton_klinger,guyton_klinger (tight band),0.045,True,,False,"guyton_klinger (tight band) @ 4.5%, 70% equity / 50% domestic",0.045,False,1.0174893645592635,1.028110559616047,0.0,0.0,1.5226487236044446
0.7,0.5,guyton_klinger,guyton_klinger (tight band),0.05,True,,False,"guyton_klinger (tight band) @ 5.0%, 70% equity / 50% domestic",0.05,False,1.0358811220756055,1.050208896580169,4e-05,9.76827368647285e-06,1.5406995971041857
0.7,0.5,guyton_klinger,guyton_klinger (tight band),0.06,True,,False,"guyton_klinger (tight band) @ 6.0%, 70% equity / 50% domestic",0.06,False,1.0629138112370202,1.0851969065597138,0.0012,0.00031718913119664643,1.566298239675558
0.7,0.5,guyton_klinger,guyton_klinger (tight band),0.07,True,,False,"guyton_klinger (tight band) @ 7.0%, 70% equity / 50% domestic",0.07,False,1.0766563904439446,1.1077903711024417,0.01344,0.0036717058459649204,1.5808860965295928
0.7,0.5,guyton_klinger,guyton_klinger (tight band),0.08,True,,False,"guyton_klinger (tight band) @ 8.0%, 70% equity / 50% domestic",0.08,False,1.0727835122070684,1.1168771049977226,0.08628,0.02465530730447552,1.5853928723137751
0.7,0.5,guyton_klinger,guyton_klinger (tight band),0.09,True,,False,"guyton_klinger (tight band) @ 9.0%, 70% equity / 50% domestic",0.09,False,1.0412025347527603,1.1067056640823392,0.2904,0.08875071591299052,1.578603498174863
0.7,0.5,guyton_klinger,guyton_klinger (tight band),0.1,True,,False,"guyton_klinger (tight band) @ 10.0%, 70% equity / 50% domestic",0.1,False,0.990464367473173,1.0774160679879394,0.52592,0.1802890493968906,1.5623943378770937
0.7,0.5,guyton_klinger,guyton_klinger (tight band),0.12,True,,False,"guyton_klinger (tight band) @ 12.0%, 70% equity / 50% domestic",0.12,False,0.8850258093178416,0.9867255947718135,0.87232,0.3843425364952723,1.5189289085788211
0.7,0.5,guyton_klinger,guyton_klinger (no inflation rule),0.03,True,,False,"guyton_klinger (no inflation rule) @ 3.0%, 70% equity / 50% domestic",0.03,False,0.956942687838789,0.9559180434322576,0.01416,0.005675335685478412,1.4403787014141227
0.7,0.5,guyton_klinger,guyton_klinger (no inflation rule),0.035,True,,False,"guyton_klinger (no inflation rule) @ 3.5%, 70% equity / 50% domestic",0.035,False,0.9902294903745011,0.9926927596556419,0.02648,0.010669799562557775,1.476189270149179
0.7,0.5,guyton_klinger,guyton_klinger (no inflation rule),0.04,True,,False,"guyton_klinger (no inflation rule) @ 4.0%, 70% equity / 50% domestic",0.04,False,1.0168138608803445,1.024079818699567,0.04104,0.017268186693844573,1.5064483539218798
0.7,0.5,guyton_klinger,guyton_klinger (no inflation rule),0.045,True,,False,"guyton_klinger (no inflation rule) @ 4.5%, 70% equity / 50% domestic",0.045,False,1.036848392820665,1.050234760676785,0.0614,0.026118608025638597,1.5314312151359535
0.7,0.5,guyton_klinger,guyton_klinger (no inflation rule),0.05,True,,False,"guyton_klinger (no inflation rule) @ 5.0%, 70% equity / 50% domestic",0.05,False,1.0500572635168746,1.070830836612606,0.088,0.037506038008337066,1.5519272470328471
0.7,0.5,guyton_klinger,guyton_klinger (no inflation rule),0.06,True,,False,"guyton_klinger (no inflation rule) @ 6.0%, 70% equity / 50% domestic",0.06,False,1.0543028885466232,1.0938515425045496,0.1724,0.07269162912453091,1.580330419946594
0.7,0.5,guyton_klinger,guyton_klinger (no inflation rule),0.07,True,,False,"guyton_klinger (no inflation rule) @ 7.0%, 70% equity / 50% domestic",0.07,False,1.0286268294638845,1.090801002977854,0.3192,0.13360819721346862,1.591990259476385
0.7,0.5,guyton_klinger,guyton_klinger (no inflation rule),0.08,True,,False,"guyton_klinger (no inflation rule) @ 8.0%, 70% equity / 50% domestic",0.08,False,0.9801876043910562,1.0627022848155379,0.52148,0.2227417825640294,1.5868483855566664
0.7,0.5,guyton_klinger,guyton_klinger (no inflation rule),0.09,True,,False,"guyton_klinger (no inflation rule) @ 9.0%, 70% equity / 50% domestic",0.09,False,0.9226913496872353,1.0165800961525528,0.72312,0.33077739668211015,1.5683850688651522
0.7,0.5,guyton_klinger,guyton_klinger (no inflation rule),0.1,True,,False,"guyton_klinger (no inflation rule) @ 10.0%, 70% equity / 50% domestic",0.1,False,0.8699501912765376,0.9646611031023462,0.86252,0.43507290109370295,1.5435054735154141
0.7,0.5,guyton_klinger,guyton_klinger (no inflation rule),0.12,True,,False,"guyton_klinger (no inflation rule) @ 12.0%, 70% equity / 50% domestic",0.12,False,0.787016317140715,0.8662399977713238,0.98356,0.6113111265944156,1.4945106669313455
0.7,0.5,vanguard_dynamic,vanguard_dynamic,0.03,True,,False,"vanguard_dynamic @ 3.0%, 70% equity / 50% domestic",0.03,False,0.9617540606555425,0.9646076590420125,0.0312,0.01566656297584922,1.4194546286546488
0.7,0.5,vanguard_dynamic,vanguard_dynamic,0.035,True,,False,"vanguard_dynamic @ 3.5%, 70% equity / 50% domestic",0.035,False,0.9928825434468587,1.0012544564080517,0.04988,0.025729755844082984,1.4578784287890134
0.7,0.5,vanguard_dynamic,vanguard_dynamic,0.04,True,,False,"vanguard_dynamic @ 4.0%, 70% equity / 50% domestic",0.04,False,1.0148757323608704,1.0306933643230096,0.07592,0.039253820704901014,1.4902368918114945
0.7,0.5,vanguard_dynamic,vanguard_dynamic,0.045,True,,False,"vanguard_dynamic @ 4.5%, 70% equity / 50% domestic",0.045,False,1.0272546351983116,1.0523299963426556,0.10836,0.05676707750831826,1.5169751005461714
0.7,0.5,vanguard_dynamic,vanguard_dynamic,0.05,True,,False,"vanguard_dynamic @ 5.0%, 70% equity / 50% domestic",0.05,False,1.0280041537593096,1.064577043920027,0.15792,0.0818998590813594,1.5380905438190513
0.7,0.5,vanguard_dynamic,vanguard_dynamic,0.06,True,,False,"vanguard_dynamic @ 6.0%, 70% equity / 50% domestic",0.06,False,0.9948539621399637,1.0565170214566848,0.29968,0.15813015190533958,1.565122167615237
0.7,0.5,vanguard_dynamic,vanguard_dynamic,0.07,True,,False,"vanguard_dynamic @ 7.0%, 70% equity / 50% domestic",0.07,False,0.9284565679106717,1.0071357749865808,0.50012,0.2756631340831589,1.5710365179134937
0.7,0.5,vanguard_dynamic,vanguard_dynamic,0.08,True,,False,"vanguard_dynamic @ 8.0%, 70% equity / 50% domestic",0.08,False,0.8594105674007035,0.9409842640402889,0.70688,0.41637346771962574,1.558315072743348
0.7,0.5,vanguard_dynamic,vanguard_dynamic,0.09,True,,False,"vanguard_dynamic @ 9.0%, 70% equity / 50% domestic",0.09,False,0.8031711145965327,0.8789631330817348,0.8616,0.5505797030044015,1.5345443479139578
0.7,0.5,vanguard_dynamic,vanguard_dynamic,0.1,True,,False,"vanguard_dynamic @ 10.0%, 70% equity / 50% domestic",0.1,False,0.7614547140957653,0.8286664964370138,0.94632,0.6576815201530128,1.5077119904037977
0.7,0.5,vanguard_dynamic,vanguard_dynamic,0.12,True,,False,"vanguard_dynamic @ 12.0%, 70% equity / 50% domestic",0.12,False,0.7091499116298347,0.7604059801265552,0.99712,0.790787144009771,1.4641914851597408
0.7,0.5,vanguard_dynamic,vanguard_dynamic (asymmetric),0.03,True,,False,"vanguard_dynamic (asymmetric) @ 3.0%, 70% equity / 50% domestic",0.03,False,0.9288672165096601,0.934597889665206,0.01124,0.005919217835349304,1.35718860287712
0.7,0.5,vanguard_dynamic,vanguard_dynamic (asymmetric),0.035,True,,False,"vanguard_dynamic (asymmetric) @ 3.5%, 70% equity / 50% domestic",0.035,False,0.9629097413842177,0.9720149141319543,0.01964,0.010573981183313444,1.3947748336287107
0.7,0.5,vanguard_dynamic,vanguard_dynamic (asymmetric),0.04,True,,False,"vanguard_dynamic (asymmetric) @ 4.0%, 70% equity / 50% domestic",0.04,False,0.9903977795079264,1.004162576110183,0.03408,0.018081210738078266,1.4285103847094631
0.7,0.5,vanguard_dynamic,vanguard_dynamic (asymmetric),0.045,True,,False,"vanguard_dynamic (asymmetric) @ 4.5%, 70% equity / 50% domestic",0.045,False,1.01097989543131,1.030527784959349,0.04856,0.026755553495885577,1.4581083695213009
0.7,0.5,vanguard_dynamic,vanguard_dynamic (asymmetric),0.05,True,,False,"vanguard_dynamic (asymmetric) @ 5.0%, 70% equity / 50% domestic",0.05,False,1.0246808070251174,1.0510120509550795,0.06832,0.037547478608826644,1.4835351814047217
0.7,0.5,vanguard_dynamic,vanguard_dynamic (asymmetric),0.06,True,,False,"vanguard_dynamic (asymmetric) @ 6.0%, 70% equity / 50% domestic",0.06,False,1.0301677720309017,1.0727736022029617,0.12836,0.07002585751684466,1.5214413207100759
0.7,0.5,vanguard_dynamic,vanguard_dynamic (asymmetric),0.07,True,,False,"vanguard_dynamic (asymmetric) @ 7.0%, 70% equity / 50% domestic",0.07,False,1.0035015537727021,1.064213298912326,0.22712,0.1252323153438402,1.542766813226615
0.7,0.5,vanguard_dynamic,vanguard_dynamic (asymmetric),0.08,True,,False,"vanguard_dynamic (asymmetric) @ 8.0%, 70% equity / 50% domestic",0.08,False,0.9491444414146994,1.0240787543428642,0.38,0.21535179918332897,1.549128616563245
0.7,0.5,vanguard_dynamic,vanguard_dynamic (asymmetric),0.09,True,,False,"vanguard_dynamic (asymmetric) @ 9.0%, 70% equity / 50% domestic",0.09,False,0.8848460790668333,0.9643045705429284,0.57392,0.3374307586685221,1.5422167430385934
0.7,0.5,vanguard_dynamic,vanguard_dynamic (asymmetric),0.1,True,,False,"vanguard_dynamic (asymmetric) @ 10.0%, 70% equity / 50% domestic",0.1,False,0.8259051306461122,0.9022009150125176,0.75656,0.4724468880205405,1.525374439020823
0.7,0.5,vanguard_dynamic,vanguard_dynamic (asymmetric),0.12,True,,False,"vanguard_dynamic (asymmetric) @ 12.0%, 70% equity / 50% domestic",0.12,False,0.7436629738787386,0.80474628025243,0.95708,0.6928604190950788,1.481994942026405
0.7,0.5,endowment,endowment,0.03,True,,False,"endowment @ 3.0%, 70% equity / 50% domestic",0.03,False,0.956385626702983,0.9583891119565364,0.00012,4.9527402276874445e-05,1.450221491310247
0.7,0.5,endowment,endowment,0.035,True,,False,"endowment @ 3.5%, 70% equity / 50% domestic",0.035,False,0.9872128498465681,0.9931181983858199,0.00016,8.135904797947631e-05,1.481792918030632
0.7,0.5,endowment,endowment,0.04,True,,False,"endowment @ 4.0%, 70% equity / 50% domestic",0.04,False,1.0123937894801693,1.0229213135801338,0.0002,0.0001011818280776773,1.5068587782569696
0.7,0.5,endowment,endowment,0.045,True,,False,"endowment @ 4.5%, 70% equity / 50% domestic",0.045,False,1.032195472045371,1.048000926724897,0.00044,0.00023053168894352204,1.5262416011499378
0.7,0.5,endowment,endowment,0.05,True,,False,"endowment @ 5.0%, 70% equity / 50% domestic",0.05,False,1.046829231616981,1.068481517371553,0.00088,0.0005420570806305075,1.5406830584043012
0.7,0.5,endowment,endowment,0.06,True,,False,"endowment @ 6.0%, 70% equity / 50% domestic",0.06,False,1.0612831269922154,1.0958660408033345,0.00336,0.002025034436367572,1.5573457077586883
0.7,0.5,endowment,endowment,0.07,True,,False,"endowment @ 7.0%, 70% equity / 50% domestic",0.07,False,1.05753128858323,1.1056734905377252,0.0118,0.0066187236380193595,1.5614077817458996
0.7,0.5,endowment,endowment,0.08,True,,False,"endowment @ 8.0%, 70% equity / 50% domestic",0.08,False,1.0383555699789275,1.0992037449349643,0.02108,0.012195177460483547,1.5565209579772519
0.7,0.5,endowment,endowment,0.09,True,,False,"endowment @ 9.0%, 70% equity / 50% domestic",0.09,False,1.0066042350133277,1.0782027128795926,0.04628,0.02652308040314032,1.5455656876061408
0.7,0.5,endowment,endowment,0.1,True,,False,"endowment @ 10.0%, 70% equity / 50% domestic",0.1,False,0.965791348120767,1.0452955913972226,0.09404,0.051367700267912285,1.5308127140106131
0.7,0.5,endowment,endowment,0.12,True,,False,"endowment @ 12.0%, 70% equity / 50% domestic",0.12,False,0.8690187711719023,0.9534019534133416,0.36972,0.1974690601380342,1.4962963570326635
0.7,0.5,endowment,endowment (light smoothing),0.03,True,,False,"endowment (light smoothing) @ 3.0%, 70% equity / 50% domestic",0.03,False,0.9571392262354241,0.9588480377961978,0.0,0.0,1.4611608811965426
0.7,0.5,endowment,endowment (light smoothing),0.035,True,,False,"endowment (light smoothing) @ 3.5%, 70% equity / 50% domestic",0.035,False,0.9864184246451886,0.9916858151453355,0.0,0.0,1.4904878862103743
0.7,0.5,endowment,endowment (light smoothing),0.04,True,,False,"endowment (light smoothing) @ 4.0%, 70% equity / 50% domestic",0.04,False,1.010385126557732,1.0197274277855695,0.0,0.0,1.513236746550039
0.7,0.5,endowment,endowment (light smoothing),0.045,True,,False,"endowment (light smoothing) @ 4.5%, 70% equity / 50% domestic",0.045,False,1.029512897450152,1.0433584539535417,0.0,0.0,1.5304400566500629
0.7,0.5,endowment,endowment (light smoothing),0.05,True,,False,"endowment (light smoothing) @ 5.0%, 70% equity / 50% domestic",0.05,False,1.044205305001763,1.0628926767497577,0.0,0.0,1.5429902460597247
0.7,0.5,endowment,endowment (light smoothing),0.06,True,,False,"endowment (light smoothing) @ 6.0%, 70% equity / 50% domestic",0.06,False,1.061726626519793,1.0907413596876414,0.0,0.0,1.5571017132875855
0.7,0.5,endowment,endowment (light smoothing),0.07,True,,False,"endowment (light smoothing) @ 7.0%, 70% equity / 50% domestic",0.07,False,1.065689567354002,1.1052651561082592,0.0,0.0,1.5605155664768688
0.7,0.5,endowment,endowment (light smoothing),0.08,True,,False,"endowment (light smoothing) @ 8.0%, 70% equity / 50% domestic",0.08,False,1.0587182556403798,1.108386464893275,0.0,0.0,1.5568514791271553
0.7,0.5,endowment,endowment (light smoothing),0.09,True,,False,"endowment (light smoothing) @ 9.0%, 70% equity / 50% domestic",0.09,False,1.043338955242915,1.102054939240391,0.0,0.0,1.5487252826936986
0.7,0.5,endowment,endowment (light smoothing),0.1,True,,False,"endowment (light smoothing) @ 10.0%, 70% equity / 50% domestic",0.1,False,1.0219074696783177,1.088227107729403,0.0,0.0,1.5379980925485328
0.7,0.5,endowment,endowment (light smoothing),0.12,True,,False,"endowment (light smoothing) @ 12.0%, 70% equity / 50% domestic",0.12,False,0.9689702202163659,1.045497862767123,0.0,0.0,1.513520603147041
0.7,0.5,life_expectancy,life_expectancy,,False,,False,"life_expectancy, 70% equity / 50% domestic",0.03333333333333333,False,1.0726012906473292,1.0653157664799824,0.0,0.0,1.8199320243743675
0.7,0.5,life_expectancy,life_expectancy (+5y buffer),,False,,False,"life_expectancy (+5y buffer), 70% equity / 50% domestic",0.02857142857142857,False,1.0311600544887756,1.0165637928537516,0.0,0.0,1.7122454811530154
0.7,0.5,gompertz,gompertz,,False,,False,"gompertz, 70% equity / 50% domestic",0.04598575701368062,True,1.1106723348655447,1.1269461989473262,0.0,0.0,1.671343152503782
0.7,0.5,gompertz,gompertz (+5y buffer),,False,,False,"gompertz (+5y buffer), 70% equity / 50% domestic",0.03738895907792182,True,1.0698909173376698,1.0704084849175088,0.0,0.0,1.6471532089296952
0.7,0.5,amortisation,amortisation (0% assumed return),,False,0.0,True,"amortisation (0% assumed return), 70% equity / 50% domestic",0.03333333333333333,False,1.0726012906473292,1.0653157664799824,0.0,0.0,1.8199320243743675
0.7,0.5,amortisation,amortisation (1% assumed return),,False,0.01,True,"amortisation (1% assumed return), 70% equity / 50% domestic",0.03874811321584711,False,1.0923650431525398,1.0916721677553307,0.0,0.0,1.7860233724410979
0.7,0.5,amortisation,amortisation (2% assumed return),,False,0.02,True,"amortisation (2% assumed return), 70% equity / 50% domestic",0.04464992229340293,False,1.1069458267248267,1.1139992897903483,0.0,0.0,1.7533003463016927
0.7,0.5,amortisation,amortisation (3% assumed return),,False,0.03,True,"amortisation (3% assumed return), 70% equity / 50% domestic",0.05101925932025255,False,1.1156189415572082,1.1314251415831236,0.0,0.0,1.7220129006000027
0.7,0.5,amortisation,amortisation (4% assumed return),,False,0.04,True,"amortisation (4% assumed return), 70% equity / 50% domestic",0.057830099133661314,False,1.1179733478344167,1.143274541661506,0.0,0.0,1.6923614117863988
0.7,0.5,amortisation,amortisation (5% assumed return),,False,0.05,True,"amortisation (5% assumed return), 70% equity / 50% domestic",0.06505143508027657,False,1.1139718149946511,1.1491430406758338,0.0,0.0,1.6644927639506846
0.7,0.5,amortisation,amortisation (6% assumed return),,False,0.06,True,"amortisation (6% assumed return), 70% equity / 50% domestic",0.07264891149004721,False,1.1039637857218436,1.1489468008252097,0.0,0.0,1.6385001379703144
0.7,0.5,amortisation,amortisation (7% assumed return),,False,0.07,True,"amortisation (7% assumed return), 70% equity / 50% domestic",0.08058640351111118,False,1.0886444090540153,1.142935865205249,0.0,0.0,1.6144259993064025
0.7,0.5,amortisation,amortisation (8% assumed return),,False,0.08,True,"amortisation (8% assumed return), 70% equity / 50% domestic",0.08882743338727227,False,1.068966937199602,1.1316650417274152,0.0,0.0,1.5922675245597524
0.7,0.5,amortisation,amortisation (10% assumed return),,False,0.1,True,"amortisation (10% assumed return), 70% equity / 50% domestic",0.1060792482526339,False,1.0209478053991408,1.0966581352992921,0.0,0.0,1.5535025817890673
0.7,0.5,amortisation,amortisation (12% assumed return),,False,0.12,True,"amortisation (12% assumed return), 70% equity / 50% domestic",0.12414365755194319,False,0.9684054197309971,1.051430867853211,0.0,0.0,1.521556030837013
0.8,0.0,constant_real,constant_real,0.03,True,,False,"constant_real @ 3.0%, 80% equity / 0% domestic",0.03,False,0.9861214366828174,0.9970742799183245,0.0274,0.013704647152733536,1.3884092790464948
0.8,0.0,constant_real,constant_real,0.035,True,,False,"constant_real @ 3.5%, 80% equity / 0% domestic",0.035,False,1.0291499381760172,1.0453286224246197,0.05276,0.025568381343321154,1.4396442816359496
0.8,0.0,constant_real,constant_real,0.04,True,,False,"constant_real @ 4.0%, 80% equity / 0% domestic",0.04,False,1.0571187256699655,1.083338568933606,0.09504,0.04597252716504864,1.4881614578799502
0.8,0.0,constant_real,constant_real,0.045,True,,False,"constant_real @ 4.5%, 80% equity / 0% domestic",0.045,False,1.0622106886512162,1.104540916358313,0.15764,0.07798381100203626,1.5320359638965553
0.8,0.0,constant_real,constant_real,0.05,True,,False,"constant_real @ 5.0%, 80% equity / 0% domestic",0.05,False,1.045740873270776,1.1056338641817258,0.22916,0.11906193277247748,1.569952531970388
0.8,0.0,constant_real,constant_real,0.06,True,,False,"constant_real @ 6.0%, 80% equity / 0% domestic",0.06,False,0.9761041856615418,1.058145865053048,0.39196,0.2226570145835023,1.6256941766951671
0.8,0.0,constant_real,constant_real,0.07,True,,False,"constant_real @ 7.0%, 80% equity / 0% domestic",0.07,False,0.9021954324171515,0.9869130394148291,0.5514,0.3378116998585583,1.6561712832906892
0.8,0.0,constant_real,constant_real,0.08,True,,False,"constant_real @ 8.0%, 80% equity / 0% domestic",0.08,False,0.8400078910322197,0.9184802285006055,0.69216,0.4544353979610767,1.6630726537023677
0.8,0.0,constant_real,constant_real,0.09,True,,False,"constant_real @ 9.0%, 80% equity / 0% domestic",0.09,False,0.79158319681114,0.8613125108391682,0.80888,0.5632784837175393,1.651848833181677
0.8,0.0,constant_real,constant_real,0.1,True,,False,"constant_real @ 10.0%, 80% equity / 0% domestic",0.1,False,0.7551969141268228,0.8163797069781304,0.88496,0.6538959052377529,1.630544180101584
0.8,0.0,constant_real,constant_real,0.12,True,,False,"constant_real @ 12.0%, 80% equity / 0% domestic",0.12,False,0.7067350619044035,0.7543558370916734,0.96876,0.7821245566469031,1.582347360154953
0.8,0.0,constant_percent,constant_percent,0.03,True,,False,"constant_percent @ 3.0%, 80% equity / 0% domestic",0.03,False,1.0613786110325636,1.056810983124402,0.0,0.0,1.6292646960072672
0.8,0.0,constant_percent,constant_percent,0.035,True,,False,"constant_percent @ 3.5%, 80% equity / 0% domestic",0.035,False,1.0995414190162474,1.0985705211104781,0.0,0.0,1.6682811260431312
0.8,0.0,constant_percent,constant_percent,0.04,True,,False,"constant_percent @ 4.0%, 80% equity / 0% domestic",0.04,False,1.1311690834187005,1.1345147982306731,0.0,0.0,1.6977977903274424
0.8,0.0,constant_percent,constant_percent,0.045,True,,False,"constant_percent @ 4.5%, 80% equity / 0% domestic",0.045,False,1.156781687956574,1.1650772875321906,0.0,0.0,1.7194095859222147
0.8,0.0,constant_percent,constant_percent,0.05,True,,False,"constant_percent @ 5.0%, 80% equity / 0% domestic",0.05,False,1.1768195088191016,1.1906041856816885,0.0,0.0,1.7344758922195616
0.8,0.0,constant_percent,constant_percent,0.06,True,,False,"constant_percent @ 6.0%, 80% equity / 0% domestic",0.06,False,1.201767767690995,1.227725092042856,0.0,0.0,1.7494213099364564
0.8,0.0,constant_percent,constant_percent,0.07,True,,False,"constant_percent @ 7.0%, 80% equity / 0% domestic",0.07,False,1.2091435503827237,1.248090263542453,0.0,0.0,1.7499240794575932
0.8,0.0,constant_percent,constant_percent,0.08,True,,False,"constant_percent @ 8.0%, 80% equity / 0% domestic",0.08,False,1.2021178936141794,1.253921796875438,0.0,0.0,1.7411790467958146
0.8,0.0,constant_percent,constant_percent,0.09,True,,False,"constant_percent @ 9.0%, 80% equity / 0% domestic",0.09,False,1.1838927109559954,1.2475756843281764,0.0,0.0,1.7268411124612573
0.8,0.0,constant_percent,constant_percent,0.1,True,,False,"constant_percent @ 10.0%, 80% equity / 0% domestic",0.1,False,1.1575469947656503,1.2314996916252463,0.0,0.0,1.7094414991073956
0.8,0.0,constant_percent,constant_percent,0.12,True,,False,"constant_percent @ 12.0%, 80% equity / 0% domestic",0.12,False,1.0912084063588794,1.1796624408490333,0.0,0.0,1.6717463289364198
0.8,0.0,guyton_klinger,guyton_klinger,0.03,True,,False,"guyton_klinger @ 3.0%, 80% equity / 0% domestic",0.03,False,1.0111887594488633,1.0085022241743604,0.0,0.0,1.5391979706115801
0.8,0.0,guyton_klinger,guyton_klinger,0.035,True,,False,"guyton_klinger @ 3.5%, 80% equity / 0% domestic",0.035,False,1.0514616952316351,1.0513505704231072,4e-05,1.1258300121115244e-05,1.5872064004404252
0.8,0.0,guyton_klinger,guyton_klinger,0.04,True,,False,"guyton_klinger @ 4.0%, 80% equity / 0% domestic",0.04,False,1.0867073121925324,1.0897507126638148,8e-05,2.405979171076309e-05,1.627568354737225
0.8,0.0,guyton_klinger,guyton_klinger,0.045,True,,False,"guyton_klinger @ 4.5%, 80% equity / 0% domestic",0.045,False,1.1173395989088333,1.124019670600164,0.00012,3.6949120813032804e-05,1.6612733023195243
0.8,0.0,guyton_klinger,guyton_klinger,0.05,True,,False,"guyton_klinger @ 5.0%, 80% equity / 0% domestic",0.05,False,1.1436966403824567,1.1544721367612694,0.00036,0.0001061467638192599,1.689228660451186
0.8,0.0,guyton_klinger,guyton_klinger,0.06,True,,False,"guyton_klinger @ 6.0%, 80% equity / 0% domestic",0.06,False,1.1838300672570086,1.2042619808276134,0.00412,0.0011812721519353416,1.7302386024151624
0.8,0.0,guyton_klinger,guyton_klinger,0.07,True,,False,"guyton_klinger @ 7.0%, 80% equity / 0% domestic",0.07,False,1.2017907509284274,1.2362357821974401,0.0294,0.008900184685944409,1.7546929343014166
0.8,0.0,guyton_klinger,guyton_klinger,0.08,True,,False,"guyton_klinger @ 8.0%, 80% equity / 0% domestic",0.08,False,1.180917950491225,1.2417011575388328,0.13292,0.04162901612066542,1.76236064274725
0.8,0.0,guyton_klinger,guyton_klinger,0.09,True,,False,"guyton_klinger @ 9.0%, 80% equity / 0% domestic",0.09,False,1.1145198715785771,1.2101392809320048,0.33164,0.11353492581868758,1.7519922874675735
0.8,0.0,guyton_klinger,guyton_klinger,0.1,True,,False,"guyton_klinger @ 10.0%, 80% equity / 0% domestic",0.1,False,1.031476493168876,1.1495383409622215,0.53796,0.2083331684140685,1.7274764215635765
0.8,0.0,guyton_klinger,guyton_klinger,0.12,True,,False,"guyton_klinger @ 12.0%, 80% equity / 0% domestic",0.12,False,0.8858728500102356,0.9983566202427426,0.84348,0.4227278217747022,1.659982436620936
0.8,0.0,guyton_klinger,guyton_klinger (tight band),0.03,True,,False,"guyton_klinger (tight band) @ 3.0%, 80% equity / 0% domestic",0.03,False,1.0282139549643738,1.0244974736400625,0.0,0.0,1.572405138354254
0.8,0.0,guyton_klinger,guyton_klinger (tight band),0.035,True,,False,"guyton_klinger (tight band) @ 3.5%, 80% equity / 0% domestic",0.035,False,1.0683713463487028,1.0672894077886272,0.0,0.0,1.6207743732241866
0.8,0.0,guyton_klinger,guyton_klinger (tight band),0.04,True,,False,"guyton_klinger (tight band) @ 4.0%, 80% equity / 0% domestic",0.04,False,1.1031860636571875,1.1052944997161083,4e-05,1.1258300121115244e-05,1.6603607353415908
0.8,0.0,guyton_klinger,guyton_klinger (tight band),0.045,True,,False,"guyton_klinger (tight band) @ 4.5%, 80% equity / 0% domestic",0.045,False,1.132811878701562,1.1386030637932,0.00016,4.5086365518351184e-05,1.6925124969255954
0.8,0.0,guyton_klinger,guyton_klinger (tight band),0.05,True,,False,"guyton_klinger (tight band) @ 5.0%, 80% equity / 0% domestic",0.05,False,1.1577919558627485,1.1676731798167632,0.00036,0.00010320306268548414,1.7185842900472275
0.8,0.0,guyton_klinger,guyton_klinger (tight band),0.06,True,,False,"guyton_klinger (tight band) @ 6.0%, 80% equity / 0% domestic",0.06,False,1.1945065020329804,1.2138265811964113,0.00324,0.0009131813227421296,1.754074125886376
0.8,0.0,guyton_klinger,guyton_klinger (tight band),0.07,True,,False,"guyton_klinger (tight band) @ 7.0%, 80% equity / 0% domestic",0.07,False,1.2115441245199359,1.243372008075904,0.02224,0.006553132575454372,1.7727678277382495
0.8,0.0,guyton_klinger,guyton_klinger (tight band),0.08,True,,False,"guyton_klinger (tight band) @ 8.0%, 80% equity / 0% domestic",0.08,False,1.1983173389992958,1.2517897218324943,0.09892,0.029898568165166516,1.775666250561543
0.8,0.0,guyton_klinger,guyton_klinger (tight band),0.09,True,,False,"guyton_klinger (tight band) @ 9.0%, 80% equity / 0% domestic",0.09,False,1.1414625522717199,1.228400297565422,0.28604,0.091569569603528,1.7623550367836522
0.8,0.0,guyton_klinger,guyton_klinger (tight band),0.1,True,,False,"guyton_klinger (tight band) @ 10.0%, 80% equity / 0% domestic",0.1,False,1.0617300148836917,1.1755768491340866,0.50504,0.18014676455023684,1.7361829673640692
0.8,0.0,guyton_klinger,guyton_klinger (tight band),0.12,True,,False,"guyton_klinger (tight band) @ 12.0%, 80% equity / 0% domestic",0.12,False,0.9160207874083733,1.035384760866201,0.82908,0.37951535605150566,1.6696145193922196
0.8,0.0,guyton_klinger,guyton_klinger (no inflation rule),0.03,True,,False,"guyton_klinger (no inflation rule) @ 3.0%, 80% equity / 0% domestic",0.03,False,1.0529949492091097,1.0463928053881904,0.00884,0.0039449929662105955,1.5794558256934084
0.8,0.0,guyton_klinger,guyton_klinger (no inflation rule),0.035,True,,False,"guyton_klinger (no inflation rule) @ 3.5%, 80% equity / 0% domestic",0.035,False,1.0958883511102087,1.0927811018787155,0.01348,0.006069667504958906,1.629153184143508
0.8,0.0,guyton_klinger,guyton_klinger (no inflation rule),0.04,True,,False,"guyton_klinger (no inflation rule) @ 4.0%, 80% equity / 0% domestic",0.04,False,1.1314083313148025,1.1332358191630756,0.01996,0.009139282218478446,1.6708417494959433
0.8,0.0,guyton_klinger,guyton_klinger (no inflation rule),0.045,True,,False,"guyton_klinger (no inflation rule) @ 4.5%, 80% equity / 0% domestic",0.045,False,1.1593547834120386,1.167534853835407,0.03108,0.013718145601681735,1.7053735798249616
0.8,0.0,guyton_klinger,guyton_klinger (no inflation rule),0.05,True,,False,"guyton_klinger (no inflation rule) @ 5.0%, 80% equity / 0% domestic",0.05,False,1.1777655610859703,1.1946461881142358,0.05108,0.021241890453042606,1.7329979956189359
0.8,0.0,guyton_klinger,guyton_klinger (no inflation rule),0.06,True,,False,"guyton_klinger (no inflation rule) @ 6.0%, 80% equity / 0% domestic",0.06,False,1.1795802260734345,1.223929025554334,0.12988,0.05104595720127665,1.7693951074569847
0.8,0.0,guyton_klinger,guyton_klinger (no inflation rule),0.07,True,,False,"guyton_klinger (no inflation rule) @ 7.0%, 80% equity / 0% domestic",0.07,False,1.1340251448868683,1.2125830503742938,0.26312,0.10558070771859893,1.782214018955346
0.8,0.0,guyton_klinger,guyton_klinger (no inflation rule),0.08,True,,False,"guyton_klinger (no inflation rule) @ 8.0%, 80% equity / 0% domestic",0.08,False,1.057229004198272,1.1621084939578041,0.44904,0.18912764859716072,1.7735807725109993
0.8,0.0,guyton_klinger,guyton_klinger (no inflation rule),0.09,True,,False,"guyton_klinger (no inflation rule) @ 9.0%, 80% equity / 0% domestic",0.09,False,0.9759974559583873,1.0898389552369825,0.64956,0.29488044346096826,1.7465972065017032
0.8,0.0,guyton_klinger,guyton_klinger (no inflation rule),0.1,True,,False,"guyton_klinger (no inflation rule) @ 10.0%, 80% equity / 0% domestic",0.1,False,0.9062947404519872,1.015294830125269,0.80408,0.40063962707415274,1.7107401884714766
0.8,0.0,guyton_klinger,guyton_klinger (no inflation rule),0.12,True,,False,"guyton_klinger (no inflation rule) @ 12.0%, 80% equity / 0% domestic",0.12,False,0.8065324930980545,0.8936372505431733,0.9684,0.5857520882152951,1.6369612533894362
0.8,0.0,vanguard_dynamic,vanguard_dynamic,0.03,True,,False,"vanguard_dynamic @ 3.0%, 80% equity / 0% domestic",0.03,False,1.0541314453219692,1.0519827090080431,0.015,0.007904029149001455,1.5288853407602319
0.8,0.0,vanguard_dynamic,vanguard_dynamic,0.035,True,,False,"vanguard_dynamic @ 3.5%, 80% equity / 0% domestic",0.035,False,1.0964409322005346,1.0995563289897354,0.02424,0.012674071460479044,1.58210820285707
0.8,0.0,vanguard_dynamic,vanguard_dynamic,0.04,True,,False,"vanguard_dynamic @ 4.0%, 80% equity / 0% domestic",0.04,False,1.1288797154615924,1.1397057340335588,0.03892,0.0198480395144789,1.628172239823923
0.8,0.0,vanguard_dynamic,vanguard_dynamic,0.045,True,,False,"vanguard_dynamic @ 4.5%, 80% equity / 0% domestic",0.045,False,1.146416895050102,1.1692739070175235,0.06632,0.0329648619005905,1.6665003674343428
0.8,0.0,vanguard_dynamic,vanguard_dynamic,0.05,True,,False,"vanguard_dynamic @ 5.0%, 80% equity / 0% domestic",0.05,False,1.1438531771941642,1.1837146751265428,0.10844,0.054030674821646044,1.6969945546036644
0.8,0.0,vanguard_dynamic,vanguard_dynamic,0.06,True,,False,"vanguard_dynamic @ 6.0%, 80% equity / 0% domestic",0.06,False,1.078495592291929,1.1554385393898725,0.25244,0.1302592048234374,1.7355269726355969
0.8,0.0,vanguard_dynamic,vanguard_dynamic,0.07,True,,False,"vanguard_dynamic @ 7.0%, 80% equity / 0% domestic",0.07,False,0.9797871142961532,1.0726957694071408,0.4388,0.24289619926832828,1.7439274461888439
0.8,0.0,vanguard_dynamic,vanguard_dynamic,0.08,True,,False,"vanguard_dynamic @ 8.0%, 80% equity / 0% domestic",0.08,False,0.8957325177892813,0.9862102854795507,0.62692,0.36939345844789684,1.7285380795635272
0.8,0.0,vanguard_dynamic,vanguard_dynamic,0.09,True,,False,"vanguard_dynamic @ 9.0%, 80% equity / 0% domestic",0.09,False,0.8292629320475602,0.9115569468564819,0.79844,0.5018915869744557,1.6967209691294811
0.8,0.0,vanguard_dynamic,vanguard_dynamic,0.1,True,,False,"vanguard_dynamic @ 10.0%, 80% equity / 0% domestic",0.1,False,0.7806306868052004,0.852869025011628,0.90828,0.6156821104019764,1.6581674807846571
0.8,0.0,vanguard_dynamic,vanguard_dynamic,0.12,True,,False,"vanguard_dynamic @ 12.0%, 80% equity / 0% domestic",0.12,False,0.7193800066327347,0.7739814932737837,0.99168,0.7688851794201155,1.5905945175957887
0.8,0.0,vanguard_dynamic,vanguard_dynamic (asymmetric),0.03,True,,False,"vanguard_dynamic (asymmetric) @ 3.0%, 80% equity / 0% domestic",0.03,False,1.0091778204307122,1.0122905115815306,0.00592,0.0033879141814872685,1.4371632945593877
0.8,0.0,vanguard_dynamic,vanguard_dynamic (asymmetric),0.035,True,,False,"vanguard_dynamic (asymmetric) @ 3.5%, 80% equity / 0% domestic",0.035,False,1.0531016059239533,1.0593936296439317,0.01076,0.005969255916610578,1.48688635160088
0.8,0.0,vanguard_dynamic,vanguard_dynamic (asymmetric),0.04,True,,False,"vanguard_dynamic (asymmetric) @ 4.0%, 80% equity / 0% domestic",0.04,False,1.0900097009198608,1.1007422343404183,0.01576,0.008917238539168393,1.5321110243591707
0.8,0.0,vanguard_dynamic,vanguard_dynamic (asymmetric),0.045,True,,False,"vanguard_dynamic (asymmetric) @ 4.5%, 80% equity / 0% domestic",0.045,False,1.119767677207719,1.1363593459492676,0.0232,0.0127448747867813,1.5727580501549274
0.8,0.0,vanguard_dynamic,vanguard_dynamic (asymmetric),0.05,True,,False,"vanguard_dynamic (asymmetric) @ 5.0%, 80% equity / 0% domestic",0.05,False,1.140700428897743,1.1649824830018194,0.03428,0.018579725939754526,1.608366183846515
0.8,0.0,vanguard_dynamic,vanguard_dynamic (asymmetric),0.06,True,,False,"vanguard_dynamic (asymmetric) @ 6.0%, 80% equity / 0% domestic",0.06,False,1.1465954465918942,1.1939738285818935,0.08568,0.044847107914612064,1.6637877188654315
0.8,0.0,vanguard_dynamic,vanguard_dynamic (asymmetric),0.07,True,,False,"vanguard_dynamic (asymmetric) @ 7.0%, 80% equity / 0% domestic",0.07,False,1.0947861414233586,1.1692394376397608,0.18652,0.10003971998821808,1.6966641944886414
0.8,0.0,vanguard_dynamic,vanguard_dynamic (asymmetric),0.08,True,,False,"vanguard_dynamic (asymmetric) @ 8.0%, 80% equity / 0% domestic",0.08,False,1.007912239259471,1.0971557734960011,0.3392,0.1905430001537603,1.7074012327617138
0.8,0.0,vanguard_dynamic,vanguard_dynamic (asymmetric),0.09,True,,False,"vanguard_dynamic (asymmetric) @ 9.0%, 80% equity / 0% domestic",0.09,False,0.9258870361024507,1.0146470780714827,0.50184,0.298434104381084,1.700519332209878
0.8,0.0,vanguard_dynamic,vanguard_dynamic (asymmetric),0.1,True,,False,"vanguard_dynamic (asymmetric) @ 10.0%, 80% equity / 0% domestic",0.1,False,0.856305342811736,0.939193830339508,0.68172,0.4243332884286609,1.679339241314295
0.8,0.0,vanguard_dynamic,vanguard_dynamic (asymmetric),0.12,True,,False,"vanguard_dynamic (asymmetric) @ 12.0%, 80% equity / 0% domestic",0.12,False,0.7605577788753827,0.825737145400737,0.92396,0.6528183970997229,1.617937524786567
0.8,0.0,endowment,endowment,0.03,True,,False,"endowment @ 3.0%, 80% equity / 0% domestic",0.03,False,1.0584082427983754,1.05429813508352,0.00016,0.00010084971344835332,1.6050358135342546
0.8,0.0,endowment,endowment,0.035,True,,False,"endowment @ 3.5%, 80% equity / 0% domestic",0.035,False,1.0989205651887752,1.0988845826566294,0.00028,0.00016588029044567663,1.648066909246182
0.8,0.0,endowment,endowment,0.04,True,,False,"endowment @ 4.0%, 80% equity / 0% domestic",0.04,False,1.1323728171181413,1.1374624418934585,0.00048,0.0002877283995816227,1.6817591754606807
0.8,0.0,endowment,endowment,0.045,True,,False,"endowment @ 4.5%, 80% equity / 0% domestic",0.045,False,1.1588700617443433,1.1701046243268454,0.001,0.0006616036717012036,1.7073085358262596
0.8,0.0,endowment,endowment,0.05,True,,False,"endowment @ 5.0%, 80% equity / 0% domestic",0.05,False,1.1785131014245385,1.1968396225900282,0.00164,0.0010480728272485532,1.725796085313897
0.8,0.0,endowment,endowment,0.06,True,,False,"endowment @ 6.0%, 80% equity / 0% domestic",0.06,False,1.1972900277738325,1.2321014717201468,0.00776,0.004288901156520249,1.745368410829332
0.8,0.0,endowment,endowment,0.07,True,,False,"endowment @ 7.0%, 80% equity / 0% domestic",0.07,False,1.1913340526383855,1.2434377333103792,0.01124,0.007023291718173159,1.7470925730030025
0.8,0.0,endowment,endowment,0.08,True,,False,"endowment @ 8.0%, 80% equity / 0% domestic",0.08,False,1.1650984986881436,1.2340835184487364,0.0152,0.009255940430415714,1.7362988364526437
0.8,0.0,endowment,endowment,0.09,True,,False,"endowment @ 9.0%, 80% equity / 0% domestic",0.09,False,1.120483318384868,1.2041310918849204,0.02476,0.014544267486105614,1.71713214216304
0.8,0.0,endowment,endowment,0.1,True,,False,"endowment @ 10.0%, 80% equity / 0% domestic",0.1,False,1.0609902123566248,1.155290434245836,0.05488,0.02980943092918379,1.692794550385114
0.8,0.0,endowment,endowment,0.12,True,,False,"endowment @ 12.0%, 80% equity / 0% domestic",0.12,False,0.9219850037756541,1.0200779473221344,0.32572,0.17162510094830147,1.6379354838904985
0.8,0.0,endowment,endowment (light smoothing),0.03,True,,False,"endowment (light smoothing) @ 3.0%, 80% equity / 0% domestic",0.03,False,1.0614727169424936,1.056952862464929,0.0,0.0,1.624955980062385
0.8,0.0,endowment,endowment (light smoothing),0.035,True,,False,"endowment (light smoothing) @ 3.5%, 80% equity / 0% domestic",0.035,False,1.1002241125416365,1.099400535160169,0.0,0.0,1.664796471713445
0.8,0.0,endowment,endowment (light smoothing),0.04,True,,False,"endowment (light smoothing) @ 4.0%, 80% equity / 0% domestic",0.04,False,1.132333290113894,1.135978017351452,0.0,0.0,1.6951174797678632
0.8,0.0,endowment,endowment (light smoothing),0.045,True,,False,"endowment (light smoothing) @ 4.5%, 80% equity / 0% domestic",0.045,False,1.1582661777818202,1.1670663772363543,0.0,0.0,1.7174433354505578
0.8,0.0,endowment,endowment (light smoothing),0.05,True,,False,"endowment (light smoothing) @ 5.0%, 80% equity / 0% domestic",0.05,False,1.1784179256697493,1.192964331759558,0.0,0.0,1.7330893487815187
0.8,0.0,endowment,endowment (light smoothing),0.06,True,,False,"endowment (light smoothing) @ 6.0%, 80% equity / 0% domestic",0.06,False,1.2028470908827191,1.2302035974218946,0.0,0.0,1.748710350295452
0.8,0.0,endowment,endowment (light smoothing),0.07,True,,False,"endowment (light smoothing) @ 7.0%, 80% equity / 0% domestic",0.07,False,1.2086126340829755,1.249668868317958,0.0,0.0,1.7492349438775079
0.8,0.0,endowment,endowment (light smoothing),0.08,True,,False,"endowment (light smoothing) @ 8.0%, 80% equity / 0% domestic",0.08,False,1.1989358825527814,1.25349071652088,0.0,0.0,1.739949421204315
0.8,0.0,endowment,endowment (light smoothing),0.09,True,,False,"endowment (light smoothing) @ 9.0%, 80% equity / 0% domestic",0.09,False,1.1772239109475613,1.244091250427539,0.0,0.0,1.724652183899083
0.8,0.0,endowment,endowment (light smoothing),0.1,True,,False,"endowment (light smoothing) @ 10.0%, 80% equity / 0% domestic",0.1,False,1.1468522397101837,1.2241177027621846,0.0,0.0,1.7060260804737775
0.8,0.0,endowment,endowment (light smoothing),0.12,True,,False,"endowment (light smoothing) @ 12.0%, 80% equity / 0% domestic",0.12,False,1.0720901269141163,1.1631086800995714,0.0,0.0,1.6655953761865023
0.8,0.0,life_expectancy,life_expectancy,,False,,False,"life_expectancy, 80% equity / 0% domestic",0.03333333333333333,False,1.1942789692714622,1.1833636940177643,0.0,0.0,2.1518047105715157
0.8,0.0,life_expectancy,life_expectancy (+5y buffer),,False,,False,"life_expectancy (+5y buffer), 80% equity / 0% domestic",0.02857142857142857,False,1.1474111576352544,1.1237478775640664,0.0,0.0,1.996707783607714
0.8,0.0,gompertz,gompertz,,False,,False,"gompertz, 80% equity / 0% domestic",0.04598575701368062,True,1.2627094574979179,1.2721094330606644,0.0,0.0,1.9155458389978712
0.8,0.0,gompertz,gompertz (+5y buffer),,False,,False,"gompertz (+5y buffer), 80% equity / 0% domestic",0.03738895907792182,True,1.2053010008683758,1.196954524979307,0.0,0.0,1.889586382831802
0.8,0.0,amortisation,amortisation (0% assumed return),,False,0.0,True,"amortisation (0% assumed return), 80% equity / 0% domestic",0.03333333333333333,False,1.1942789692714622,1.1833636940177643,0.0,0.0,2.1518047105715157
0.8,0.0,amortisation,amortisation (1% assumed return),,False,0.01,True,"amortisation (1% assumed return), 80% equity / 0% domestic",0.03874811321584711,False,1.2227803129237063,1.2193335949271178,0.0,0.0,2.0970591839840806
0.8,0.0,amortisation,amortisation (2% assumed return),,False,0.02,True,"amortisation (2% assumed return), 80% equity / 0% domestic",0.04464992229340293,False,1.2449228628987858,1.2504852398165796,0.0,0.0,2.0443606395347307
0.8,0.0,amortisation,amortisation (3% assumed return),,False,0.03,True,"amortisation (3% assumed return), 80% equity / 0% domestic",0.05101925932025255,False,1.2594754398805417,1.2754814717461722,0.0,0.0,1.9941029075883816
0.8,0.0,amortisation,amortisation (4% assumed return),,False,0.04,True,"amortisation (4% assumed return), 80% equity / 0% domestic",0.057830099133661314,False,1.2655540738798132,1.2931739387016465,0.0,0.0,1.9465972769271003
0.8,0.0,amortisation,amortisation (5% assumed return),,False,0.05,True,"amortisation (5% assumed return), 80% equity / 0% domestic",0.06505143508027657,False,1.2627627235710017,1.302736785793587,0.0,0.0,1.9020669032505921
0.8,0.0,amortisation,amortisation (6% assumed return),,False,0.06,True,"amortisation (6% assumed return), 80% equity / 0% domestic",0.07264891149004721,False,1.2512850911241211,1.3037861988308834,0.0,0.0,1.8606472256752133
0.8,0.0,amortisation,amortisation (7% assumed return),,False,0.07,True,"amortisation (7% assumed return), 80% equity / 0% domestic",0.08058640351111118,False,1.231892451912527,1.2964550975649172,0.0,0.0,1.8223915097316705
0.8,0.0,amortisation,amortisation (8% assumed return),,False,0.08,True,"amortisation (8% assumed return), 80% equity / 0% domestic",0.08882743338727227,False,1.2058522978416881,1.281395883713423,0.0,0.0,1.7872802384775726
0.8,0.0,amortisation,amortisation (10% assumed return),,False,0.1,True,"amortisation (10% assumed return), 80% equity / 0% domestic",0.1060792482526339,False,1.1403047692911192,1.2327604419291514,0.0,0.0,1.7261209867253566
0.8,0.0,amortisation,amortisation (12% assumed return),,False,0.12,True,"amortisation (12% assumed return), 80% equity / 0% domestic",0.12414365755194319,False,1.067618696232456,1.169130709849407,0.0,0.0,1.6760242070014015
0.8,0.1,constant_real,constant_real,0.03,True,,False,"constant_real @ 3.0%, 80% equity / 10% domestic",0.03,False,0.9844065572378436,0.9951316110069559,0.026,0.01288452375663529,1.3819611667994112
0.8,0.1,constant_real,constant_real,0.035,True,,False,"constant_real @ 3.5%, 80% equity / 10% domestic",0.035,False,1.028150077480564,1.0438853284607401,0.05096,0.024419136325900526,1.432262980544863
0.8,0.1,constant_real,constant_real,0.04,True,,False,"constant_real @ 4.0%, 80% equity / 10% domestic",0.04,False,1.0568538232587414,1.0824948656951845,0.092,0.044342740378420606,1.479907870510786
0.8,0.1,constant_real,constant_real,0.045,True,,False,"constant_real @ 4.5%, 80% equity / 10% domestic",0.045,False,1.063644490430897,1.105011420401312,0.15328,0.07567939348220162,1.5230875137746573
0.8,0.1,constant_real,constant_real,0.05,True,,False,"constant_real @ 5.0%, 80% equity / 10% domestic",0.05,False,1.0473322630202708,1.1069875702273693,0.23036,0.11805404395376047,1.560203758082909
0.8,0.1,constant_real,constant_real,0.06,True,,False,"constant_real @ 6.0%, 80% equity / 10% domestic",0.06,False,0.9767771226437361,1.0596264242453328,0.39584,0.22317787609252093,1.6146348829284614
0.8,0.1,constant_real,constant_real,0.07,True,,False,"constant_real @ 7.0%, 80% equity / 10% domestic",0.07,False,0.9019353341347279,0.9871896351885008,0.55648,0.33969222521172254,1.6441645551261403
0.8,0.1,constant_real,constant_real,0.08,True,,False,"constant_real @ 8.0%, 80% equity / 10% domestic",0.08,False,0.8394338940166651,0.9183617203076887,0.69872,0.457585212968757,1.650141780478991
0.8,0.1,constant_real,constant_real,0.09,True,,False,"constant_real @ 9.0%, 80% equity / 10% domestic",0.09,False,0.7906571538977933,0.860659577099532,0.81456,0.5672860997480887,1.638190352070302
0.8,0.1,constant_real,constant_real,0.1,True,,False,"constant_real @ 10.0%, 80% equity / 10% domestic",0.1,False,0.7543658776253788,0.8157148375363966,0.89104,0.6581578893998924,1.6168781303512918
0.8,0.1,constant_real,constant_real,0.12,True,,False,"constant_real @ 12.0%, 80% equity / 10% domestic",0.12,False,0.7059126547006249,0.7535056636007461,0.97176,0.7855164204244603,1.5694560458207854
0.8,0.1,constant_percent,constant_percent,0.03,True,,False,"constant_percent @ 3.0%, 80% equity / 10% domestic",0.03,False,1.0585026136847195,1.0539378263411796,0.0,0.0,1.6109393543937818
0.8,0.1,constant_percent,constant_percent,0.035,True,,False,"constant_percent @ 3.5%, 80% equity / 10% domestic",0.035,False,1.0968231743938512,1.0958577205635418,0.0,0.0,1.6488466332869856
0.8,0.1,constant_percent,constant_percent,0.04,True,,False,"constant_percent @ 4.0%, 80% equity / 10% domestic",0.04,False,1.1286080701292702,1.1319774026054608,0.0,0.0,1.6775821543858442
0.8,0.1,constant_percent,constant_percent,0.045,True,,False,"constant_percent @ 4.5%, 80% equity / 10% domestic",0.045,False,1.1543582921631268,1.1627112566075908,0.0,0.0,1.6986825779295422
0.8,0.1,constant_percent,constant_percent,0.05,True,,False,"constant_percent @ 5.0%, 80% equity / 10% domestic",0.05,False,1.1745007657002422,1.1883908380740043,0.0,0.0,1.713457899421408
0.8,0.1,constant_percent,constant_percent,0.06,True,,False,"constant_percent @ 6.0%, 80% equity / 10% domestic",0.06,False,1.1995310763876628,1.225721532825483,0.0,0.0,1.728321991353393
0.8,0.1,constant_percent,constant_percent,0.07,True,,False,"constant_percent @ 7.0%, 80% equity / 10% domestic",0.07,False,1.206814368696219,1.2461371168848465,0.0,0.0,1.7292034173027464
0.8,0.1,constant_percent,constant_percent,0.08,True,,False,"constant_percent @ 8.0%, 80% equity / 10% domestic",0.08,False,1.1995598691692442,1.251862246615114,0.0,0.0,1.7211137447907146
0.8,0.1,constant_percent,constant_percent,0.09,True,,False,"constant_percent @ 9.0%, 80% equity / 10% domestic",0.09,False,1.1810348016835621,1.2452902252904736,0.0,0.0,1.7075813026945872
0.8,0.1,constant_percent,constant_percent,0.1,True,,False,"constant_percent @ 10.0%, 80% equity / 10% domestic",0.1,False,1.154386101878264,1.2289241137413967,0.0,0.0,1.6910517366676323
0.8,0.1,constant_percent,constant_percent,0.12,True,,False,"constant_percent @ 12.0%, 80% equity / 10% domestic",0.12,False,1.0876254344533256,1.176530055099157,0.0,0.0,1.6550861429703712
0.8,0.1,guyton_klinger,guyton_klinger,0.03,True,,False,"guyton_klinger @ 3.0%, 80% equity / 10% domestic",0.03,False,1.0085980787513673,1.00592707958593,0.0,0.0,1.5280863400900948
0.8,0.1,guyton_klinger,guyton_klinger,0.035,True,,False,"guyton_klinger @ 3.5%, 80% equity / 10% domestic",0.035,False,1.048918907173059,1.0488710735609126,0.0,0.0,1.5743816637977317
0.8,0.1,guyton_klinger,guyton_klinger,0.04,True,,False,"guyton_klinger @ 4.0%, 80% equity / 10% domestic",0.04,False,1.0842473928502405,1.0873897930482985,4e-05,1.2801491589647849e-05,1.6133046424314696
0.8,0.1,guyton_klinger,guyton_klinger,0.045,True,,False,"guyton_klinger @ 4.5%, 80% equity / 10% domestic",0.045,False,1.1149701612975778,1.1217669527752143,8e-05,2.414762922338495e-05,1.6459120879056086
0.8,0.1,guyton_klinger,guyton_klinger,0.05,True,,False,"guyton_klinger @ 5.0%, 80% equity / 10% domestic",0.05,False,1.1413653344514025,1.1522883393566616,0.00032,9.185524579496967e-05,1.6729068263451736
0.8,0.1,guyton_klinger,guyton_klinger,0.06,True,,False,"guyton_klinger @ 6.0%, 80% equity / 10% domestic",0.06,False,1.1818696636455615,1.2023964085090235,0.0026,0.0007506448612305806,1.7121872691313955
0.8,0.1,guyton_klinger,guyton_klinger,0.07,True,,False,"guyton_klinger @ 7.0%, 80% equity / 10% domestic",0.07,False,1.2007156701213006,1.2349757201562714,0.0262,0.007736513707287292,1.735436522435406
0.8,0.1,guyton_klinger,guyton_klinger,0.08,True,,False,"guyton_klinger @ 8.0%, 80% equity / 10% domestic",0.08,False,1.1820252831284257,1.2416154464454956,0.12464,0.03850484137243237,1.743293588586922
0.8,0.1,guyton_klinger,guyton_klinger,0.09,True,,False,"guyton_klinger @ 9.0%, 80% equity / 10% domestic",0.09,False,1.1156213574262452,1.2107436215644876,0.3294,0.11124772963956453,1.7331048171046517
0.8,0.1,guyton_klinger,guyton_klinger,0.1,True,,False,"guyton_klinger @ 10.0%, 80% equity / 10% domestic",0.1,False,1.0333282211435775,1.1513486779460183,0.5406,0.20612387731224935,1.709312979705249
0.8,0.1,guyton_klinger,guyton_klinger,0.12,True,,False,"guyton_klinger @ 12.0%, 80% equity / 10% domestic",0.12,False,0.8871145080198335,1.0010627395096807,0.85184,0.42259337854740914,1.643891801263546
0.8,0.1,guyton_klinger,guyton_klinger (tight band),0.03,True,,False,"guyton_klinger (tight band) @ 3.0%, 80% equity / 10% domestic",0.03,False,1.0258165460000261,1.022202177780054,0.0,0.0,1.5605575281491875
0.8,0.1,guyton_klinger,guyton_klinger (tight band),0.035,True,,False,"guyton_klinger (tight band) @ 3.5%, 80% equity / 10% domestic",0.035,False,1.066054825894033,1.065080243803274,0.0,0.0,1.6071644684102848
0.8,0.1,guyton_klinger,guyton_klinger (tight band),0.04,True,,False,"guyton_klinger (tight band) @ 4.0%, 80% equity / 10% domestic",0.04,False,1.1009359385306845,1.1031747487588357,4e-05,9.76827368647285e-06,1.64557771832949
0.8,0.1,guyton_klinger,guyton_klinger (tight band),0.045,True,,False,"guyton_klinger (tight band) @ 4.5%, 80% equity / 10% domestic",0.045,False,1.1307273677976935,1.13670354687048,8e-05,2.2516600242230488e-05,1.6766048457306615
0.8,0.1,guyton_klinger,guyton_klinger (tight band),0.05,True,,False,"guyton_klinger (tight band) @ 5.0%, 80% equity / 10% domestic",0.05,False,1.1557877768124367,1.1659371843465849,0.00028,7.593437804630233e-05,1.7012906207459946
0.8,0.1,guyton_klinger,guyton_klinger (tight band),0.06,True,,False,"guyton_klinger (tight band) @ 6.0%, 80% equity / 10% domestic",0.06,False,1.1924696136962678,1.2120461707992463,0.00248,0.0006953789607774766,1.735261632624382
0.8,0.1,guyton_klinger,guyton_klinger (tight band),0.07,True,,False,"guyton_klinger (tight band) @ 7.0%, 80% equity / 10% domestic",0.07,False,1.2100313653323387,1.2417550485831474,0.01908,0.005590769588031007,1.7528537620421227
0.8,0.1,guyton_klinger,guyton_klinger (tight band),0.08,True,,False,"guyton_klinger (tight band) @ 8.0%, 80% equity / 10% domestic",0.08,False,1.1982977612501353,1.250810973109882,0.0914,0.02726256339042323,1.7556984666634947
0.8,0.1,guyton_klinger,guyton_klinger (tight band),0.09,True,,False,"guyton_klinger (tight band) @ 9.0%, 80% equity / 10% domestic",0.09,False,1.1433950565346216,1.2290770022857498,0.27876,0.0880863922757802,1.7430611895961643
0.8,0.1,guyton_klinger,guyton_klinger (tight band),0.1,True,,False,"guyton_klinger (tight band) @ 10.0%, 80% equity / 10% domestic",0.1,False,1.0635353324741286,1.1772042337554627,0.50572,0.17792658467391254,1.7176922401136068
0.8,0.1,guyton_klinger,guyton_klinger (tight band),0.12,True,,False,"guyton_klinger (tight band) @ 12.0%, 80% equity / 10% domestic",0.12,False,0.9179067502189617,1.038209099140635,0.83328,0.37721262419029716,1.6534609949255938
0.8,0.1,guyton_klinger,guyton_klinger (no inflation rule),0.03,True,,False,"guyton_klinger (no inflation rule) @ 3.0%, 80% equity / 10% domestic",0.03,False,1.0501212396756694,1.0433891760343728,0.00748,0.0032778572712518126,1.564779826041573
0.8,0.1,guyton_klinger,guyton_klinger (no inflation rule),0.035,True,,False,"guyton_klinger (no inflation rule) @ 3.5%, 80% equity / 10% domestic",0.035,False,1.0934726797723402,1.0901202239434922,0.01192,0.005265281111208215,1.6128107083159777
0.8,0.1,guyton_klinger,guyton_klinger (no inflation rule),0.04,True,,False,"guyton_klinger (no inflation rule) @ 4.0%, 80% equity / 10% domestic",0.04,False,1.1297655389692485,1.131146800341314,0.01812,0.008011453081281584,1.653285988101311
0.8,0.1,guyton_klinger,guyton_klinger (no inflation rule),0.045,True,,False,"guyton_klinger (no inflation rule) @ 4.5%, 80% equity / 10% domestic",0.045,False,1.1581471379898047,1.1658683963819254,0.02852,0.012354120433082675,1.6866561095207946
0.8,0.1,guyton_klinger,guyton_klinger (no inflation rule),0.05,True,,False,"guyton_klinger (no inflation rule) @ 5.0%, 80% equity / 10% domestic",0.05,False,1.1775591808574597,1.19384912156475,0.04788,0.019753427559314793,1.7137140913769313
0.8,0.1,guyton_klinger,guyton_klinger (no inflation rule),0.06,True,,False,"guyton_klinger (no inflation rule) @ 6.0%, 80% equity / 10% domestic",0.06,False,1.1806773916769362,1.2241261653069226,0.12588,0.04892587943699773,1.7492242788565142
0.8,0.1,guyton_klinger,guyton_klinger (no inflation rule),0.07,True,,False,"guyton_klinger (no inflation rule) @ 7.0%, 80% equity / 10% domestic",0.07,False,1.1354997643421219,1.2138610487168962,0.2634,0.10431510064482488,1.7618367339877457
0.8,0.1,guyton_klinger,guyton_klinger (no inflation rule),0.08,True,,False,"guyton_klinger (no inflation rule) @ 8.0%, 80% equity / 10% domestic",0.08,False,1.059443583174267,1.1646924704612962,0.45016,0.1879991731120858,1.753967825355798
0.8,0.1,guyton_klinger,guyton_klinger (no inflation rule),0.09,True,,False,"guyton_klinger (no inflation rule) @ 9.0%, 80% equity / 10% domestic",0.09,False,0.9757242498879396,1.089916258618414,0.6546,0.29518132246323314,1.7278507826074634
0.8,0.1,guyton_klinger,guyton_klinger (no inflation rule),0.1,True,,False,"guyton_klinger (no inflation rule) @ 10.0%, 80% equity / 10% domestic",0.1,False,0.9069599855885292,1.0167876661845434,0.80684,0.40051756695579743,1.6930916583813875
0.8,0.1,guyton_klinger,guyton_klinger (no inflation rule),0.12,True,,False,"guyton_klinger (no inflation rule) @ 12.0%, 80% equity / 10% domestic",0.12,False,0.8069752675599907,0.8945156394152234,0.97032,0.5859077095051833,1.6217915354729666
0.8,0.1,vanguard_dynamic,vanguard_dynamic,0.03,True,,False,"vanguard_dynamic @ 3.0%, 80% equity / 10% domestic",0.03,False,1.05268700489026,1.0501634125499482,0.01356,0.006831100958663682,1.5189421278595692
0.8,0.1,vanguard_dynamic,vanguard_dynamic,0.035,True,,False,"vanguard_dynamic @ 3.5%, 80% equity / 10% domestic",0.035,False,1.0955536004473434,1.098250451121252,0.02272,0.011660465862905875,1.5708595480899425
0.8,0.1,vanguard_dynamic,vanguard_dynamic,0.04,True,,False,"vanguard_dynamic @ 4.0%, 80% equity / 10% domestic",0.04,False,1.1282378177327748,1.138720422317115,0.03828,0.019154689105699917,1.6154146048948994
0.8,0.1,vanguard_dynamic,vanguard_dynamic,0.045,True,,False,"vanguard_dynamic @ 4.5%, 80% equity / 10% domestic",0.045,False,1.1459440819290125,1.1685651343804506,0.06512,0.03213920574068951,1.6522725221981398
0.8,0.1,vanguard_dynamic,vanguard_dynamic,0.05,True,,False,"vanguard_dynamic @ 5.0%, 80% equity / 10% domestic",0.05,False,1.1446513603960677,1.1839244577135535,0.10612,0.052472888144648656,1.681780845617918
0.8,0.1,vanguard_dynamic,vanguard_dynamic,0.06,True,,False,"vanguard_dynamic @ 6.0%, 80% equity / 10% domestic",0.06,False,1.0804120087155253,1.1572061686141975,0.24976,0.12833814014735492,1.7185231531149472
0.8,0.1,vanguard_dynamic,vanguard_dynamic,0.07,True,,False,"vanguard_dynamic @ 7.0%, 80% equity / 10% domestic",0.07,False,0.9810685388115135,1.0745424266316226,0.43764,0.24132443431280967,1.726660673982071
0.8,0.1,vanguard_dynamic,vanguard_dynamic,0.08,True,,False,"vanguard_dynamic @ 8.0%, 80% equity / 10% domestic",0.08,False,0.8956861846093154,0.9868096208277842,0.63192,0.37100696299327496,1.7113484418223903
0.8,0.1,vanguard_dynamic,vanguard_dynamic,0.09,True,,False,"vanguard_dynamic @ 9.0%, 80% equity / 10% domestic",0.09,False,0.8290617175138382,0.911896100831435,0.80484,0.5043114214093161,1.6799390102963998
0.8,0.1,vanguard_dynamic,vanguard_dynamic,0.1,True,,False,"vanguard_dynamic @ 10.0%, 80% equity / 10% domestic",0.1,False,0.7799573565620852,0.8525155064104764,0.91356,0.6191455866571133,1.6421482034241266
0.8,0.1,vanguard_dynamic,vanguard_dynamic,0.12,True,,False,"vanguard_dynamic @ 12.0%, 80% equity / 10% domestic",0.12,False,0.7187634761954389,0.7733959598422956,0.99276,0.7712744982258226,1.576609646226072
0.8,0.1,vanguard_dynamic,vanguard_dynamic (asymmetric),0.03,True,,False,"vanguard_dynamic (asymmetric) @ 3.0%, 80% equity / 10% domestic",0.03,False,1.007094072097208,1.0100736617584583,0.00504,0.002933803896485181,1.429768023021643
0.8,0.1,vanguard_dynamic,vanguard_dynamic (asymmetric),0.035,True,,False,"vanguard_dynamic (asymmetric) @ 3.5%, 80% equity / 10% domestic",0.035,False,1.0516628620337505,1.0575895924163794,0.00848,0.004660352167022696,1.4785044772344844
0.8,0.1,vanguard_dynamic,vanguard_dynamic (asymmetric),0.04,True,,False,"vanguard_dynamic (asymmetric) @ 4.0%, 80% equity / 10% domestic",0.04,False,1.0890236550315229,1.0994169364036173,0.01412,0.00783782389420577,1.5227422375001436
0.8,0.1,vanguard_dynamic,vanguard_dynamic (asymmetric),0.045,True,,False,"vanguard_dynamic (asymmetric) @ 4.5%, 80% equity / 10% domestic",0.045,False,1.1191300055993467,1.1353768918328997,0.0216,0.011790641790910498,1.5624956297011832
0.8,0.1,vanguard_dynamic,vanguard_dynamic (asymmetric),0.05,True,,False,"vanguard_dynamic (asymmetric) @ 5.0%, 80% equity / 10% domestic",0.05,False,1.1407987596524465,1.1647759421208967,0.03292,0.017693623745410506,1.5972852209329182
0.8,0.1,vanguard_dynamic,vanguard_dynamic (asymmetric),0.06,True,,False,"vanguard_dynamic (asymmetric) @ 6.0%, 80% equity / 10% domestic",0.06,False,1.1476895446416366,1.1945873003795988,0.08268,0.04307658011862162,1.6509572837761675
0.8,0.1,vanguard_dynamic,vanguard_dynamic (asymmetric),0.07,True,,False,"vanguard_dynamic (asymmetric) @ 7.0%, 80% equity / 10% domestic",0.07,False,1.095631772910199,1.1701984862691501,0.18616,0.09941544166745075,1.6819968666236433
0.8,0.1,vanguard_dynamic,vanguard_dynamic (asymmetric),0.08,True,,False,"vanguard_dynamic (asymmetric) @ 8.0%, 80% equity / 10% domestic",0.08,False,1.0098985321097462,1.0996887111331617,0.3368,0.18803468501647308,1.6919199207922797
0.8,0.1,vanguard_dynamic,vanguard_dynamic (asymmetric),0.09,True,,False,"vanguard_dynamic (asymmetric) @ 9.0%, 80% equity / 10% domestic",0.09,False,0.9263038606785301,1.0159419284671585,0.50436,0.29856690164801886,1.6848661518662937
0.8,0.1,vanguard_dynamic,vanguard_dynamic (asymmetric),0.1,True,,False,"vanguard_dynamic (asymmetric) @ 10.0%, 80% equity / 10% domestic",0.1,False,0.8562792460901241,0.9396383481702384,0.68444,0.42541346823944054,1.6638804525739823
0.8,0.1,vanguard_dynamic,vanguard_dynamic (asymmetric),0.12,True,,False,"vanguard_dynamic (asymmetric) @ 12.0%, 80% equity / 10% domestic",0.12,False,0.7599123980982513,0.8253057436437106,0.92748,0.6558492662467604,1.6034885441973057
0.8,0.1,endowment,endowment,0.03,True,,False,"endowment @ 3.0%, 80% equity / 10% domestic",0.03,False,1.0553739762475234,1.0512316670395108,0.00012,6.313674980869866e-05,1.5880246089547418
0.8,0.1,endowment,endowment,0.035,True,,False,"endowment @ 3.5%, 80% equity / 10% domestic",0.035,False,1.0960950630554092,1.0959932856974093,0.0002,0.0001155872416697801,1.6298180461225455
0.8,0.1,endowment,endowment,0.04,True,,False,"endowment @ 4.0%, 80% equity / 10% domestic",0.04,False,1.1298089767187436,1.134800533822121,0.00028,0.00017022268494489264,1.662587196537204
0.8,0.1,endowment,endowment,0.045,True,,False,"endowment @ 4.5%, 80% equity / 10% domestic",0.045,False,1.1566451948555567,1.1677554246785595,0.00056,0.00034004097192668665,1.687487065532042
0.8,0.1,endowment,endowment,0.05,True,,False,"endowment @ 5.0%, 80% equity / 10% domestic",0.05,False,1.1766230077782458,1.19480756142152,0.0012,0.0007883082501138952,1.7055581499777657
0.8,0.1,endowment,endowment,0.06,True,,False,"endowment @ 6.0%, 80% equity / 10% domestic",0.06,False,1.1964110049419077,1.2310428145707477,0.00328,0.001958256173180535,1.7248746550256129
0.8,0.1,endowment,endowment,0.07,True,,False,"endowment @ 7.0%, 80% equity / 10% domestic",0.07,False,1.1901559512775275,1.2425988689129572,0.0106,0.0064651836926517305,1.7269149273355713
0.8,0.1,endowment,endowment,0.08,True,,False,"endowment @ 8.0%, 80% equity / 10% domestic",0.08,False,1.1635373723917781,1.2329083465242106,0.014,0.008596705037337147,1.7168200146040544
0.8,0.1,endowment,endowment,0.09,True,,False,"endowment @ 9.0%, 80% equity / 10% domestic",0.09,False,1.118958215781797,1.2030479243799423,0.02324,0.013586141074766094,1.6986068517474617
0.8,0.1,endowment,endowment,0.1,True,,False,"endowment @ 10.0%, 80% equity / 10% domestic",0.1,False,1.0598393949578024,1.1545506304006405,0.05028,0.027413562780597107,1.6753720432242567
0.8,0.1,endowment,endowment,0.12,True,,False,"endowment @ 12.0%, 80% equity / 10% domestic",0.12,False,0.920835230581014,1.0192610776973032,0.32528,0.17080037960389985,1.622770165780282
0.8,0.1,endowment,endowment (light smoothing),0.03,True,,False,"endowment (light smoothing) @ 3.0%, 80% equity / 10% domestic",0.03,False,1.0585220299033482,1.0540024113594808,0.0,0.0,1.6068738469422537
0.8,0.1,endowment,endowment (light smoothing),0.035,True,,False,"endowment (light smoothing) @ 3.5%, 80% equity / 10% domestic",0.035,False,1.0974296455837607,1.0966053126500919,0.0,0.0,1.6455770497249467
0.8,0.1,endowment,endowment (light smoothing),0.04,True,,False,"endowment (light smoothing) @ 4.0%, 80% equity / 10% domestic",0.04,False,1.1296989183265622,1.1333572807519345,0.0,0.0,1.6750881814399943
0.8,0.1,endowment,endowment (light smoothing),0.045,True,,False,"endowment (light smoothing) @ 4.5%, 80% equity / 10% domestic",0.045,False,1.1557756116754692,1.1646195923289089,0.0,0.0,1.6968763345055056
0.8,0.1,endowment,endowment (light smoothing),0.05,True,,False,"endowment (light smoothing) @ 5.0%, 80% equity / 10% domestic",0.05,False,1.1760403316069168,1.1906754187637203,0.0,0.0,1.712209354533264
0.8,0.1,endowment,endowment (light smoothing),0.06,True,,False,"endowment (light smoothing) @ 6.0%, 80% equity / 10% domestic",0.06,False,1.200570225743786,1.2281387094379634,0.0,0.0,1.7277217556287134
0.8,0.1,endowment,endowment (light smoothing),0.07,True,,False,"endowment (light smoothing) @ 7.0%, 80% equity / 10% domestic",0.07,False,1.2062601297251812,1.24766822851635,0.0,0.0,1.7286211693043891
0.8,0.1,endowment,endowment (light smoothing),0.08,True,,False,"endowment (light smoothing) @ 8.0%, 80% equity / 10% domestic",0.08,False,1.1963691038339828,1.2513939795365494,0.0,0.0,1.7200077087194856
0.8,0.1,endowment,endowment (light smoothing),0.09,True,,False,"endowment (light smoothing) @ 9.0%, 80% equity / 10% domestic",0.09,False,1.174373601431727,1.241777154728675,0.0,0.0,1.705548065244643
0.8,0.1,endowment,endowment (light smoothing),0.1,True,,False,"endowment (light smoothing) @ 10.0%, 80% equity / 10% domestic",0.1,False,1.1437225040432935,1.2215255328027728,0.0,0.0,1.6878339194447864
0.8,0.1,endowment,endowment (light smoothing),0.12,True,,False,"endowment (light smoothing) @ 12.0%, 80% equity / 10% domestic",0.12,False,1.0686192842959739,1.1600156397707184,0.0,0.0,1.6492266736420749
0.8,0.1,life_expectancy,life_expectancy,,False,,False,"life_expectancy, 80% equity / 10% domestic",0.03333333333333333,False,1.1927001841718683,1.1814070484489347,0.0,0.0,2.1148759187132065
0.8,0.1,life_expectancy,life_expectancy (+5y buffer),,False,,False,"life_expectancy (+5y buffer), 80% equity / 10% domestic",0.02857142857142857,False,1.145184604467265,1.1213223047316556,0.0,0.0,1.9650545334434488
0.8,0.1,gompertz,gompertz,,False,,False,"gompertz, 80% equity / 10% domestic",0.04598575701368062,True,1.2613001344294132,1.2707612652027878,0.0,0.0,1.8886965461599445
0.8,0.1,gompertz,gompertz (+5y buffer),,False,,False,"gompertz (+5y buffer), 80% equity / 10% domestic",0.03738895907792182,True,1.2034638630566232,1.1949818467502518,0.0,0.0,1.8628045451062243
0.8,0.1,amortisation,amortisation (0% assumed return),,False,0.0,True,"amortisation (0% assumed return), 80% equity / 10% domestic",0.03333333333333333,False,1.1927001841718683,1.1814070484489347,0.0,0.0,2.1148759187132065
0.8,0.1,amortisation,amortisation (1% assumed return),,False,0.01,True,"amortisation (1% assumed return), 80% equity / 10% domestic",0.03874811321584711,False,1.2214893478922244,1.2176717083787347,0.0,0.0,2.062531319523314
0.8,0.1,amortisation,amortisation (2% assumed return),,False,0.02,True,"amortisation (2% assumed return), 80% equity / 10% domestic",0.04464992229340293,False,1.2438632640995637,1.2491060722700957,0.0,0.0,2.012131110158014
0.8,0.1,amortisation,amortisation (3% assumed return),,False,0.03,True,"amortisation (3% assumed return), 80% equity / 10% domestic",0.05101925932025255,False,1.258543349119996,1.2743306930247313,0.0,0.0,1.9640528110162947
0.8,0.1,amortisation,amortisation (4% assumed return),,False,0.04,True,"amortisation (4% assumed return), 80% equity / 10% domestic",0.057830099133661314,False,1.2646092529125808,1.2921560145534319,0.0,0.0,1.91859525759261
0.8,0.1,amortisation,amortisation (5% assumed return),,False,0.05,True,"amortisation (5% assumed return), 80% equity / 10% domestic",0.06505143508027657,False,1.2616509204489355,1.3017253052858782,0.0,0.0,1.8759731834645037
0.8,0.1,amortisation,amortisation (6% assumed return),,False,0.06,True,"amortisation (6% assumed return), 80% equity / 10% domestic",0.07264891149004721,False,1.2498671558571233,1.302643058191144,0.0,0.0,1.83631754534974
0.8,0.1,amortisation,amortisation (7% assumed return),,False,0.07,True,"amortisation (7% assumed return), 80% equity / 10% domestic",0.08058640351111118,False,1.2300716397835,1.2950545947249321,0.0,0.0,1.7996807537946669
0.8,0.1,amortisation,amortisation (8% assumed return),,False,0.08,True,"amortisation (8% assumed return), 80% equity / 10% domestic",0.08882743338727227,False,1.2035909050902551,1.2796470458651343,0.0,0.0,1.7660455920852638
0.8,0.1,amortisation,amortisation (10% assumed return),,False,0.1,True,"amortisation (10% assumed return), 80% equity / 10% domestic",0.1060792482526339,False,1.13727860455771,1.2302387741377518,0.0,0.0,1.7074316598045602
0.8,0.1,amortisation,amortisation (12% assumed return),,False,0.12,True,"amortisation (12% assumed return), 80% equity / 10% domestic",0.12414365755194319,False,1.0642071815486793,1.166024148440993,0.0,0.0,1.659390018977627
0.8,0.2,constant_real,constant_real,0.03,True,,False,"constant_real @ 3.0%, 80% equity / 20% domestic",0.03,False,0.9789639897061995,0.9896241646279614,0.02668,0.013058107795687935,1.3754512134464507
0.8,0.2,constant_real,constant_real,0.035,True,,False,"constant_real @ 3.5%, 80% equity / 20% domestic",0.035,False,1.021887600660044,1.0376667327162332,0.05268,0.025175195411808963,1.4246364924495165
0.8,0.2,constant_real,constant_real,0.04,True,,False,"constant_real @ 4.0%, 80% equity / 20% domestic",0.04,False,1.0501960097437346,1.0757765394634227,0.09432,0.0454839350457942,1.4712135915017654
0.8,0.2,constant_real,constant_real,0.045,True,,False,"constant_real @ 4.5%, 80% equity / 20% domestic",0.045,False,1.0574339259441625,1.098216089497067,0.1568,0.0771524372032593,1.5134357305372474
0.8,0.2,constant_real,constant_real,0.05,True,,False,"constant_real @ 5.0%, 80% equity / 20% domestic",0.05,False,1.042275949622198,1.101031705698473,0.23396,0.11965659402617246,1.5497816097319326
0.8,0.2,constant_real,constant_real,0.06,True,,False,"constant_real @ 6.0%, 80% equity / 20% domestic",0.06,False,0.9736304047742735,1.0557525057902255,0.39844,0.2250155244999646,1.6030424893440618
0.8,0.2,constant_real,constant_real,0.07,True,,False,"constant_real @ 7.0%, 80% equity / 20% domestic",0.07,False,0.8995787891411877,0.9845442313591277,0.56236,0.34344913723857246,1.6311451466084264
0.8,0.2,constant_real,constant_real,0.08,True,,False,"constant_real @ 8.0%, 80% equity / 20% domestic",0.08,False,0.8372564239769213,0.9159872287750555,0.70868,0.46288253985422706,1.6363565803052573
0.8,0.2,constant_real,constant_real,0.09,True,,False,"constant_real @ 9.0%, 80% equity / 20% domestic",0.09,False,0.7888470707525173,0.8586818168970506,0.82096,0.5721448062453381,1.6239988827248981
0.8,0.2,constant_real,constant_real,0.1,True,,False,"constant_real @ 10.0%, 80% equity / 20% domestic",0.1,False,0.7529289304336694,0.8141408425082158,0.89704,0.6629826577162818,1.6031621897953816
0.8,0.2,constant_real,constant_real,0.12,True,,False,"constant_real @ 12.0%, 80% equity / 20% domestic",0.12,False,0.7048296395549981,0.7521819421327547,0.97416,0.7887663024967628,1.5569172447485087
0.8,0.2,constant_percent,constant_percent,0.03,True,,False,"constant_percent @ 3.0%, 80% equity / 20% domestic",0.03,False,1.0497604968047198,1.0457169545959153,0.0,0.0,1.5935311152137739
0.8,0.2,constant_percent,constant_percent,0.035,True,,False,"constant_percent @ 3.5%, 80% equity / 20% domestic",0.035,False,1.0874127011261072,1.0869747852552216,0.0,0.0,1.6303712308574139
0.8,0.2,constant_percent,constant_percent,0.04,True,,False,"constant_percent @ 4.0%, 80% equity / 20% domestic",0.04,False,1.1186243783042689,1.122515950442918,0.0,0.0,1.6583497056773981
0.8,0.2,constant_percent,constant_percent,0.045,True,,False,"constant_percent @ 4.5%, 80% equity / 20% domestic",0.045,False,1.1438896629426119,1.1527471812169232,0.0,0.0,1.6789484278174325
0.8,0.2,constant_percent,constant_percent,0.05,True,,False,"constant_percent @ 5.0%, 80% equity / 20% domestic",0.05,False,1.16363121249667,1.1779949627431017,0.0,0.0,1.6934309230877418
0.8,0.2,constant_percent,constant_percent,0.06,True,,False,"constant_percent @ 6.0%, 80% equity / 20% domestic",0.06,False,1.1881016186387419,1.2146624361141976,0.0,0.0,1.7081848375436157
0.8,0.2,constant_percent,constant_percent,0.07,True,,False,"constant_percent @ 7.0%, 80% equity / 20% domestic",0.07,False,1.1951349853184545,1.2346708438527958,0.0,0.0,1.7093944374617742
0.8,0.2,constant_percent,constant_percent,0.08,True,,False,"constant_percent @ 8.0%, 80% equity / 20% domestic",0.08,False,1.1879205381392082,1.2402352299396713,0.0,0.0,1.7018983205704976
0.8,0.2,constant_percent,constant_percent,0.09,True,,False,"constant_percent @ 9.0%, 80% equity / 20% domestic",0.09,False,1.1696925017788433,1.2337349678254805,0.0,0.0,1.6891051392302623
0.8,0.2,constant_percent,constant_percent,0.1,True,,False,"constant_percent @ 10.0%, 80% equity / 20% domestic",0.1,False,1.1435510471272345,1.2176493144688372,0.0,0.0,1.6733794263916706
0.8,0.2,constant_percent,constant_percent,0.12,True,,False,"constant_percent @ 12.0%, 80% equity / 20% domestic",0.12,False,1.0782133799233644,1.1662975128152664,0.0,0.0,1.6390209745616071
0.8,0.2,guyton_klinger,guyton_klinger,0.03,True,,False,"guyton_klinger @ 3.0%, 80% equity / 20% domestic",0.03,False,1.0010487644087875,0.9987382237536062,0.0,0.0,1.5157912033125447
0.8,0.2,guyton_klinger,guyton_klinger,0.035,True,,False,"guyton_klinger @ 3.5%, 80% equity / 20% domestic",0.035,False,1.040542140521551,1.0408134994354021,0.0,0.0,1.560627170660922
0.8,0.2,guyton_klinger,guyton_klinger,0.04,True,,False,"guyton_klinger @ 4.0%, 80% equity / 20% domestic",0.04,False,1.0752406963191898,1.0786494657769967,4e-05,9.76827368647285e-06,1.598349611327532
0.8,0.2,guyton_klinger,guyton_klinger,0.045,True,,False,"guyton_klinger @ 4.5%, 80% equity / 20% domestic",0.045,False,1.1055552037440615,1.1127011513473326,4e-05,1.1258300121115244e-05,1.6296791381771507
0.8,0.2,guyton_klinger,guyton_klinger,0.05,True,,False,"guyton_klinger @ 5.0%, 80% equity / 20% domestic",0.05,False,1.1316227258797205,1.1429145362503537,0.00028,7.439118657776973e-05,1.6556581669522301
0.8,0.2,guyton_klinger,guyton_klinger,0.06,True,,False,"guyton_klinger @ 6.0%, 80% equity / 20% domestic",0.06,False,1.1709560674940478,1.1918724986227052,0.00308,0.0008721780881840662,1.693471617701568
0.8,0.2,guyton_klinger,guyton_klinger,0.07,True,,False,"guyton_klinger @ 7.0%, 80% equity / 20% domestic",0.07,False,1.1899600955189684,1.2241134833730463,0.02388,0.0070425096996000365,1.716049417769607
0.8,0.2,guyton_klinger,guyton_klinger,0.08,True,,False,"guyton_klinger @ 8.0%, 80% equity / 20% domestic",0.08,False,1.1738894650979699,1.2318412146749307,0.11888,0.036396439616144714,1.7239351234238092
0.8,0.2,guyton_klinger,guyton_klinger,0.09,True,,False,"guyton_klinger @ 9.0%, 80% equity / 20% domestic",0.09,False,1.1110413745023713,1.2035208906703874,0.32164,0.10777675235876379,1.7145889833614862
0.8,0.2,guyton_klinger,guyton_klinger,0.1,True,,False,"guyton_klinger @ 10.0%, 80% equity / 20% domestic",0.1,False,1.0295292904600917,1.1455148920062486,0.54036,0.20491474063923582,1.6914365689535094
0.8,0.2,guyton_klinger,guyton_klinger,0.12,True,,False,"guyton_klinger @ 12.0%, 80% equity / 20% domestic",0.12,False,0.8863930834558521,0.9995927631126285,0.8554,0.4215519448264081,1.6286030435093437
0.8,0.2,guyton_klinger,guyton_klinger (tight band),0.03,True,,False,"guyton_klinger (tight band) @ 3.0%, 80% equity / 20% domestic",0.03,False,1.0180234976909532,1.014768541664795,0.0,0.0,1.5475084375622394
0.8,0.2,guyton_klinger,guyton_klinger (tight band),0.035,True,,False,"guyton_klinger (tight band) @ 3.5%, 80% equity / 20% domestic",0.035,False,1.0575349474294526,1.0569483946822857,0.0,0.0,1.5925429069805332
0.8,0.2,guyton_klinger,guyton_klinger (tight band),0.04,True,,False,"guyton_klinger (tight band) @ 4.0%, 80% equity / 20% domestic",0.04,False,1.0917746598986953,1.0944385986566088,0.0,0.0,1.6295745344764572
0.8,0.2,guyton_klinger,guyton_klinger (tight band),0.045,True,,False,"guyton_klinger (tight band) @ 4.5%, 80% equity / 20% domestic",0.045,False,1.1210101323219952,1.1274092215185945,8e-05,2.1026573807588092e-05,1.659430961347146
0.8,0.2,guyton_klinger,guyton_klinger (tight band),0.05,True,,False,"guyton_klinger (tight band) @ 5.0%, 80% equity / 20% domestic",0.05,False,1.1459008747040116,1.1564288801211018,0.00016,4.3596339083708785e-05,1.6833937655318827
0.8,0.2,guyton_klinger,guyton_klinger (tight band),0.06,True,,False,"guyton_klinger (tight band) @ 6.0%, 80% equity / 20% domestic",0.06,False,1.1819261314007683,1.2018615206621768,0.00216,0.0005970704905541442,1.7159637522625188
0.8,0.2,guyton_klinger,guyton_klinger (tight band),0.07,True,,False,"guyton_klinger (tight band) @ 7.0%, 80% equity / 20% domestic",0.07,False,1.1992012184677245,1.2312778502139292,0.01852,0.005370744667656329,1.7329655108665738
0.8,0.2,guyton_klinger,guyton_klinger (tight band),0.08,True,,False,"guyton_klinger (tight band) @ 8.0%, 80% equity / 20% domestic",0.08,False,1.1886334058222996,1.2405130299813367,0.08936,0.026497850033972755,1.7361255428902875
0.8,0.2,guyton_klinger,guyton_klinger (tight band),0.09,True,,False,"guyton_klinger (tight band) @ 9.0%, 80% equity / 20% domestic",0.09,False,1.1364884187774085,1.2202699607440066,0.27696,0.08684440144549443,1.7239839490138904
0.8,0.2,guyton_klinger,guyton_klinger (tight band),0.1,True,,False,"guyton_klinger (tight band) @ 10.0%, 80% equity / 20% domestic",0.1,False,1.05912833773426,1.1706586391140552,0.5006,0.1754262297136488,1.6995308714200328
0.8,0.2,guyton_klinger,guyton_klinger (tight band),0.12,True,,False,"guyton_klinger (tight band) @ 12.0%, 80% equity / 20% domestic",0.12,False,0.9162764427324083,1.0354079667629614,0.83884,0.3771559015871961,1.6378087847984621
0.8,0.2,guyton_klinger,guyton_klinger (no inflation rule),0.03,True,,False,"guyton_klinger (no inflation rule) @ 3.0%, 80% equity / 20% domestic",0.03,False,1.0420553668866126,1.0357118545844535,0.0064,0.002885604421571827,1.5505951073248345
0.8,0.2,guyton_klinger,guyton_klinger (no inflation rule),0.035,True,,False,"guyton_klinger (no inflation rule) @ 3.5%, 80% equity / 20% domestic",0.035,False,1.085126894549239,1.0820182817561435,0.01112,0.004814491311354813,1.597357674658114
0.8,0.2,guyton_klinger,guyton_klinger (no inflation rule),0.04,True,,False,"guyton_klinger (no inflation rule) @ 4.0%, 80% equity / 20% domestic",0.04,False,1.1208591489204263,1.1223207458921955,0.01776,0.007617508261607435,1.636299894146613
0.8,0.2,guyton_klinger,guyton_klinger (no inflation rule),0.045,True,,False,"guyton_klinger (no inflation rule) @ 4.5%, 80% equity / 20% domestic",0.045,False,1.1491042435609045,1.1568560403308314,0.02916,0.012213020636994651,1.6689309832741037
0.8,0.2,guyton_klinger,guyton_klinger (no inflation rule),0.05,True,,False,"guyton_klinger (no inflation rule) @ 5.0%, 80% equity / 20% domestic",0.05,False,1.168197047831651,1.1845687493826182,0.04836,0.019633567514024394,1.6947557037234373
0.8,0.2,guyton_klinger,guyton_klinger (no inflation rule),0.06,True,,False,"guyton_klinger (no inflation rule) @ 6.0%, 80% equity / 20% domestic",0.06,False,1.1711070765772449,1.2146209408540707,0.12948,0.050162783000105335,1.7293364620198093
0.8,0.2,guyton_klinger,guyton_klinger (no inflation rule),0.07,True,,False,"guyton_klinger (no inflation rule) @ 7.0%, 80% equity / 20% domestic",0.07,False,1.12824456779163,1.205306632769645,0.26952,0.106237551469582,1.7421016374541485
0.8,0.2,guyton_klinger,guyton_klinger (no inflation rule),0.08,True,,False,"guyton_klinger (no inflation rule) @ 8.0%, 80% equity / 20% domestic",0.08,False,1.0533666124275045,1.1570985243193859,0.45472,0.1906395201530912,1.7347015641366268
0.8,0.2,guyton_klinger,guyton_klinger (no inflation rule),0.09,True,,False,"guyton_klinger (no inflation rule) @ 9.0%, 80% equity / 20% domestic",0.09,False,0.9731566097769401,1.0862469429918797,0.65684,0.29611610036646085,1.7098823953528894
0.8,0.2,guyton_klinger,guyton_klinger (no inflation rule),0.1,True,,False,"guyton_klinger (no inflation rule) @ 10.0%, 80% equity / 20% domestic",0.1,False,0.90436645511871,1.0135383713312387,0.81436,0.4041702681089068,1.6757694411060455
0.8,0.2,guyton_klinger,guyton_klinger (no inflation rule),0.12,True,,False,"guyton_klinger (no inflation rule) @ 12.0%, 80% equity / 20% domestic",0.12,False,0.8054020825768465,0.8925633057896765,0.97196,0.5882641455395462,1.6070741405955642
0.8,0.2,vanguard_dynamic,vanguard_dynamic,0.03,True,,False,"vanguard_dynamic @ 3.0%, 80% equity / 20% domestic",0.03,False,1.0460042399456733,1.043576232782285,0.01252,0.006192197242414994,1.5083778066371492
0.8,0.2,vanguard_dynamic,vanguard_dynamic,0.035,True,,False,"vanguard_dynamic @ 3.5%, 80% equity / 20% domestic",0.035,False,1.088201637577681,1.0911214224783956,0.02332,0.011758832860221332,1.5588161786099561
0.8,0.2,vanguard_dynamic,vanguard_dynamic,0.04,True,,False,"vanguard_dynamic @ 4.0%, 80% equity / 20% domestic",0.04,False,1.1198496771983752,1.1307571146313273,0.04008,0.019769260975859678,1.601819648313831
0.8,0.2,vanguard_dynamic,vanguard_dynamic,0.045,True,,False,"vanguard_dynamic @ 4.5%, 80% equity / 20% domestic",0.045,False,1.1366338207607358,1.1596783716527457,0.0676,0.03348000928213017,1.6374156961431425
0.8,0.2,vanguard_dynamic,vanguard_dynamic,0.05,True,,False,"vanguard_dynamic @ 5.0%, 80% equity / 20% domestic",0.05,False,1.1358155931548015,1.174976107783979,0.11016,0.05439986592598281,1.665924990368472
0.8,0.2,vanguard_dynamic,vanguard_dynamic,0.06,True,,False,"vanguard_dynamic @ 6.0%, 80% equity / 20% domestic",0.06,False,1.073800249292207,1.1498894240848594,0.2556,0.13108224480426933,1.7012904715170176
0.8,0.2,vanguard_dynamic,vanguard_dynamic,0.07,True,,False,"vanguard_dynamic @ 7.0%, 80% equity / 20% domestic",0.07,False,0.9781346065737101,1.0707109249118196,0.44344,0.24325870740323247,1.7091973262461744
0.8,0.2,vanguard_dynamic,vanguard_dynamic,0.08,True,,False,"vanguard_dynamic @ 8.0%, 80% equity / 20% domestic",0.08,False,0.8936404086032496,0.9843397230548223,0.637,0.37367811066757567,1.6941413367020017
0.8,0.2,vanguard_dynamic,vanguard_dynamic,0.09,True,,False,"vanguard_dynamic @ 9.0%, 80% equity / 20% domestic",0.09,False,0.8272750524321215,0.9098568548373044,0.80996,0.5079142060315226,1.6634919162414827
0.8,0.2,vanguard_dynamic,vanguard_dynamic,0.1,True,,False,"vanguard_dynamic @ 10.0%, 80% equity / 20% domestic",0.1,False,0.7783560260785544,0.8506585364739848,0.91804,0.6233128444138871,1.6265503977234967
0.8,0.2,vanguard_dynamic,vanguard_dynamic,0.12,True,,False,"vanguard_dynamic @ 12.0%, 80% equity / 20% domestic",0.12,False,0.7177652456717855,0.7721835760679414,0.99408,0.7740901384586237,1.5632073588362632
0.8,0.2,vanguard_dynamic,vanguard_dynamic (asymmetric),0.03,True,,False,"vanguard_dynamic (asymmetric) @ 3.0%, 80% equity / 20% domestic",0.03,False,1.0004723692258983,1.0036468008416595,0.00456,0.0027028223858467045,1.4218979777439131
0.8,0.2,vanguard_dynamic,vanguard_dynamic (asymmetric),0.035,True,,False,"vanguard_dynamic (asymmetric) @ 3.5%, 80% equity / 20% domestic",0.035,False,1.0447822431833103,1.050787070014974,0.00724,0.004143502743081178,1.469545315574185
0.8,0.2,vanguard_dynamic,vanguard_dynamic (asymmetric),0.04,True,,False,"vanguard_dynamic (asymmetric) @ 4.0%, 80% equity / 20% domestic",0.04,False,1.0819584656931336,1.0924138196440965,0.01388,0.0073598995655540286,1.5127515309789044
0.8,0.2,vanguard_dynamic,vanguard_dynamic (asymmetric),0.045,True,,False,"vanguard_dynamic (asymmetric) @ 4.5%, 80% equity / 20% domestic",0.045,False,1.1112081404449436,1.1277128161680148,0.02232,0.011928257900296117,1.551317344880196
0.8,0.2,vanguard_dynamic,vanguard_dynamic (asymmetric),0.05,True,,False,"vanguard_dynamic (asymmetric) @ 5.0%, 80% equity / 20% domestic",0.05,False,1.1324052402603877,1.156641058706115,0.0344,0.018337881905214716,1.5852050888578264
0.8,0.2,vanguard_dynamic,vanguard_dynamic (asymmetric),0.06,True,,False,"vanguard_dynamic (asymmetric) @ 6.0%, 80% equity / 20% domestic",0.06,False,1.1388265808937579,1.1855706639126278,0.08476,0.044361780078260984,1.6370085543804807
0.8,0.2,vanguard_dynamic,vanguard_dynamic (asymmetric),0.07,True,,False,"vanguard_dynamic (asymmetric) @ 7.0%, 80% equity / 20% domestic",0.07,False,1.0906585652641771,1.164187326683452,0.18924,0.10001411733142596,1.6668675600385183
0.8,0.2,vanguard_dynamic,vanguard_dynamic (asymmetric),0.08,True,,False,"vanguard_dynamic (asymmetric) @ 8.0%, 80% equity / 20% domestic",0.08,False,1.0061842813182997,1.094861405281607,0.33776,0.18905589496866304,1.6761665932576812
0.8,0.2,vanguard_dynamic,vanguard_dynamic (asymmetric),0.09,True,,False,"vanguard_dynamic (asymmetric) @ 9.0%, 80% equity / 20% domestic",0.09,False,0.9236594432575359,1.012924655831351,0.51028,0.30125986032060936,1.6689034903069033
0.8,0.2,vanguard_dynamic,vanguard_dynamic (asymmetric),0.1,True,,False,"vanguard_dynamic (asymmetric) @ 10.0%, 80% equity / 20% domestic",0.1,False,0.8544299047371153,0.9375126540951257,0.6914,0.42873774068761217,1.6483649824547852
0.8,0.2,vanguard_dynamic,vanguard_dynamic (asymmetric),0.12,True,,False,"vanguard_dynamic (asymmetric) @ 12.0%, 80% equity / 20% domestic",0.12,False,0.758490827637759,0.8237100258748096,0.93224,0.6599413791985304,1.5894625704850367
0.8,0.2,endowment,endowment,0.03,True,,False,"endowment @ 3.0%, 80% equity / 20% domestic",0.03,False,1.0467873767659535,1.0431435591107883,0.00012,5.717708609642866e-05,1.5718125667950902
0.8,0.2,endowment,endowment,0.035,True,,False,"endowment @ 3.5%, 80% equity / 20% domestic",0.035,False,1.0868398102622596,1.0872269518871946,0.00012,7.159077429300346e-05,1.6124152468069588
0.8,0.2,endowment,endowment,0.04,True,,False,"endowment @ 4.0%, 80% equity / 20% domestic",0.04,False,1.1200056452733878,1.1254538981920599,0.00024,0.00013719720772529254,1.6442915042688597
0.8,0.2,endowment,endowment,0.045,True,,False,"endowment @ 4.5%, 80% equity / 20% domestic",0.045,False,1.1464281781392027,1.1579329267622969,0.00032,0.0001915573284054788,1.6685570970980486
0.8,0.2,endowment,endowment,0.05,True,,False,"endowment @ 5.0%, 80% equity / 20% domestic",0.05,False,1.1661495307873926,1.1846431229204342,0.00088,0.0005144739653768548,1.6862172304100622
0.8,0.2,endowment,endowment,0.06,True,,False,"endowment @ 6.0%, 80% equity / 20% domestic",0.06,False,1.1858454565583367,1.2205571195038931,0.00268,0.0015967222161479722,1.7052519081680027
0.8,0.2,endowment,endowment,0.07,True,,False,"endowment @ 7.0%, 80% equity / 20% domestic",0.07,False,1.1799267555580992,1.2323918685205217,0.00992,0.005849894818603525,1.7075667495951021
0.8,0.2,endowment,endowment,0.08,True,,False,"endowment @ 8.0%, 80% equity / 20% domestic",0.08,False,1.153369251786592,1.2224193147435132,0.01364,0.008414531844807015,1.69810968241421
0.8,0.2,endowment,endowment,0.09,True,,False,"endowment @ 9.0%, 80% equity / 20% domestic",0.09,False,1.109734740101124,1.1932075818969194,0.02224,0.012912663458609282,1.6807742237224306
0.8,0.2,endowment,endowment,0.1,True,,False,"endowment @ 10.0%, 80% equity / 20% domestic",0.1,False,1.0522081106511938,1.1461100790544883,0.05068,0.027350561205319673,1.658558202145923
0.8,0.2,endowment,endowment,0.12,True,,False,"endowment @ 12.0%, 80% equity / 20% domestic",0.12,False,0.916739176357191,1.0142756322593127,0.32836,0.1722817645977626,1.608104058612888
0.8,0.2,endowment,endowment (light smoothing),0.03,True,,False,"endowment (light smoothing) @ 3.0%, 80% equity / 20% domestic",0.03,False,1.0497673398939606,1.0457706706587673,0.0,0.0,1.5896846570688496
0.8,0.2,endowment,endowment (light smoothing),0.035,True,,False,"endowment (light smoothing) @ 3.5%, 80% equity / 20% domestic",0.035,False,1.0879931408605423,1.0876973763864366,0.0,0.0,1.6272936022745759
0.8,0.2,endowment,endowment (light smoothing),0.04,True,,False,"endowment (light smoothing) @ 4.0%, 80% equity / 20% domestic",0.04,False,1.119677590246724,1.1238575700064284,0.0,0.0,1.6560201662042895
0.8,0.2,endowment,endowment (light smoothing),0.045,True,,False,"endowment (light smoothing) @ 4.5%, 80% equity / 20% domestic",0.045,False,1.1452607089728255,1.1546057774423857,0.0,0.0,1.677281461544473
0.8,0.2,endowment,endowment (light smoothing),0.05,True,,False,"endowment (light smoothing) @ 5.0%, 80% equity / 20% domestic",0.05,False,1.1651199234764475,1.180221019402846,0.0,0.0,1.6923006494670307
0.8,0.2,endowment,endowment (light smoothing),0.06,True,,False,"endowment (light smoothing) @ 6.0%, 80% equity / 20% domestic",0.06,False,1.189096882419941,1.2170153048909336,0.0,0.0,1.7076768101297002
0.8,0.2,endowment,endowment (light smoothing),0.07,True,,False,"endowment (light smoothing) @ 7.0%, 80% equity / 20% domestic",0.07,False,1.1945702682686166,1.2361532907173867,0.0,0.0,1.7089005933918437
0.8,0.2,endowment,endowment (light smoothing),0.08,True,,False,"endowment (light smoothing) @ 8.0%, 80% equity / 20% domestic",0.08,False,1.1847812665582422,1.2397604180014155,0.0,0.0,1.700896377716213
0.8,0.2,endowment,endowment (light smoothing),0.09,True,,False,"endowment (light smoothing) @ 9.0%, 80% equity / 20% domestic",0.09,False,1.1631701938525958,1.2302853661213318,0.0,0.0,1.6872063243530435
0.8,0.2,endowment,endowment (light smoothing),0.1,True,,False,"endowment (light smoothing) @ 10.0%, 80% equity / 20% domestic",0.1,False,1.133131466175179,1.2104089513859926,0.0,0.0,1.6703357281350144
0.8,0.2,endowment,endowment (light smoothing),0.12,True,,False,"endowment (light smoothing) @ 12.0%, 80% equity / 20% domestic",0.12,False,1.0596746997803654,1.1501740231904978,0.0,0.0,1.6334248475519944
0.8,0.2,life_expectancy,life_expectancy,,False,,False,"life_expectancy, 80% equity / 20% domestic",0.03333333333333333,False,1.183535577188489,1.1722696994943769,0.0,0.0,2.0799335446339327
0.8,0.2,life_expectancy,life_expectancy (+5y buffer),,False,,False,"life_expectancy (+5y buffer), 80% equity / 20% domestic",0.02857142857142857,False,1.1360252147803283,1.1127453162074474,0.0,0.0,1.9351039270897854
0.8,0.2,gompertz,gompertz,,False,,False,"gompertz, 80% equity / 20% domestic",0.04598575701368062,True,1.2495084004184003,1.259663091788158,0.0,0.0,1.863112364680995
0.8,0.2,gompertz,gompertz (+5y buffer),,False,,False,"gompertz (+5y buffer), 80% equity / 20% domestic",0.03738895907792182,True,1.1928688385303443,1.1850688561070764,0.0,0.0,1.8373557363895485
0.8,0.2,amortisation,amortisation (0% assumed return),,False,0.0,True,"amortisation (0% assumed return), 80% equity / 20% domestic",0.03333333333333333,False,1.183535577188489,1.1722696994943769,0.0,0.0,2.0799335446339327
0.8,0.2,amortisation,amortisation (1% assumed return),,False,0.01,True,"amortisation (1% assumed return), 80% equity / 20% domestic",0.03874811321584711,False,1.2117557818402533,1.207911676824856,0.0,0.0,2.029814957964185
0.8,0.2,amortisation,amortisation (2% assumed return),,False,0.02,True,"amortisation (2% assumed return), 80% equity / 20% domestic",0.04464992229340293,False,1.2336035624359927,1.2387634761070285,0.0,0.0,1.9815472902757834
0.8,0.2,amortisation,amortisation (3% assumed return),,False,0.03,True,"amortisation (3% assumed return), 80% equity / 20% domestic",0.05101925932025255,False,1.2478203510908883,1.2634634049231204,0.0,0.0,1.9354928079548315
0.8,0.2,amortisation,amortisation (4% assumed return),,False,0.04,True,"amortisation (4% assumed return), 80% equity / 20% domestic",0.057830099133661314,False,1.2535136679994618,1.2808439311720157,0.0,0.0,1.8919386389465516
0.8,0.2,amortisation,amortisation (5% assumed return),,False,0.05,True,"amortisation (5% assumed return), 80% equity / 20% domestic",0.06505143508027657,False,1.2503074916079024,1.2900744643015722,0.0,0.0,1.8510915267715167
0.8,0.2,amortisation,amortisation (6% assumed return),,False,0.06,True,"amortisation (6% assumed return), 80% equity / 20% domestic",0.07264891149004721,False,1.2384346031020492,1.2907872239406197,0.0,0.0,1.8130780802799762
0.8,0.2,amortisation,amortisation (7% assumed return),,False,0.07,True,"amortisation (7% assumed return), 80% equity / 20% domestic",0.08058640351111118,False,1.218733287779645,1.283151711259653,0.0,0.0,1.777949723668951
0.8,0.2,amortisation,amortisation (8% assumed return),,False,0.08,True,"amortisation (8% assumed return), 80% equity / 20% domestic",0.08882743338727227,False,1.1925368509545682,1.267869331432245,0.0,0.0,1.7456911852696932
0.8,0.2,amortisation,amortisation (10% assumed return),,False,0.1,True,"amortisation (10% assumed return), 80% equity / 20% domestic",0.1060792482526339,False,1.1272871478847115,1.2192094999367593,0.0,0.0,1.689454354651372
0.8,0.2,amortisation,amortisation (12% assumed return),,False,0.12,True,"amortisation (12% assumed return), 80% equity / 20% domestic",0.12414365755194319,False,1.055675005081915,1.156236369685664,0.0,0.0,1.6433358644908886
0.8,0.3,constant_real,constant_real,0.03,True,,False,"constant_real @ 3.0%, 80% equity / 30% domestic",0.03,False,0.9698742627082921,0.9806862944238464,0.03044,0.014598431212111327,1.368822617213194
0.8,0.3,constant_real,constant_real,0.035,True,,False,"constant_real @ 3.5%, 80% equity / 30% domestic",0.035,False,1.0109466995692011,1.0271059723069857,0.05788,0.027800964572221205,1.4167724548724132
0.8,0.3,constant_real,constant_real,0.04,True,,False,"constant_real @ 4.0%, 80% equity / 30% domestic",0.04,False,1.0372911963331952,1.0633168334126981,0.10156,0.04953755537044949,1.4620461004806053
0.8,0.3,constant_real,constant_real,0.045,True,,False,"constant_real @ 4.5%, 80% equity / 30% domestic",0.045,False,1.0443754899927467,1.0848529616598164,0.16356,0.08146338587293371,1.5030965305256794
0.8,0.3,constant_real,constant_real,0.05,True,,False,"constant_real @ 5.0%, 80% equity / 30% domestic",0.05,False,1.0307558423185759,1.088096046726531,0.23996,0.12395883093422044,1.53865457805381
0.8,0.3,constant_real,constant_real,0.06,True,,False,"constant_real @ 6.0%, 80% equity / 30% domestic",0.06,False,0.9666778601625383,1.0468164939615217,0.40772,0.22977657839756488,1.5907196395568997
0.8,0.3,constant_real,constant_real,0.07,True,,False,"constant_real @ 7.0%, 80% equity / 30% domestic",0.07,False,0.8946714362943646,0.9783551879031323,0.57076,0.34919248321775453,1.6173818931349975
0.8,0.3,constant_real,constant_real,0.08,True,,False,"constant_real @ 8.0%, 80% equity / 30% domestic",0.08,False,0.8336045407551935,0.9114754226382995,0.7182,0.46947391614227274,1.6218776060380113
0.8,0.3,constant_real,constant_real,0.09,True,,False,"constant_real @ 9.0%, 80% equity / 30% domestic",0.09,False,0.7862978072048431,0.8555728443318599,0.82792,0.578247190453929,1.609460824470027
0.8,0.3,constant_real,constant_real,0.1,True,,False,"constant_real @ 10.0%, 80% equity / 30% domestic",0.1,False,0.7507842879458899,0.8115364341022417,0.90252,0.6683555713566242,1.589009784479111
0.8,0.3,constant_real,constant_real,0.12,True,,False,"constant_real @ 12.0%, 80% equity / 30% domestic",0.12,False,0.703771149531545,0.7508602403236417,0.97616,0.7916942127183262,1.544542775174279
0.8,0.3,constant_percent,constant_percent,0.03,True,,False,"constant_percent @ 3.0%, 80% equity / 30% domestic",0.03,False,1.0356446855314636,1.032597076902774,0.0,0.0,1.5768664283566105
0.8,0.3,constant_percent,constant_percent,0.035,True,,False,"constant_percent @ 3.5%, 80% equity / 30% domestic",0.035,False,1.0718530982072074,1.0724166917945008,0.0,0.0,1.61267378976956
0.8,0.3,constant_percent,constant_percent,0.04,True,,False,"constant_percent @ 4.0%, 80% equity / 30% domestic",0.04,False,1.1018076013443918,1.1066669034945382,0.0,0.0,1.6399151511076573
0.8,0.3,constant_percent,constant_percent,0.045,True,,False,"constant_percent @ 4.5%, 80% equity / 30% domestic",0.045,False,1.1260084641699393,1.135759248037194,0.0,0.0,1.6600204212321192
0.8,0.3,constant_percent,constant_percent,0.05,True,,False,"constant_percent @ 5.0%, 80% equity / 30% domestic",0.05,False,1.144883426864853,1.1600254249659503,0.0,0.0,1.6742090063688149
0.8,0.3,constant_percent,constant_percent,0.06,True,,False,"constant_percent @ 6.0%, 80% equity / 30% domestic",0.06,False,1.1682211685984103,1.195218052323626,0.0,0.0,1.6888301343616186
0.8,0.3,constant_percent,constant_percent,0.07,True,,False,"constant_percent @ 7.0%, 80% equity / 30% domestic",0.07,False,1.1748971978362515,1.2144112635279647,0.0,0.0,1.690327677040019
0.8,0.3,constant_percent,constant_percent,0.08,True,,False,"constant_percent @ 8.0%, 80% equity / 30% domestic",0.08,False,1.1680154549580453,1.2197939178736579,0.0,0.0,1.6833755969564457
0.8,0.3,constant_percent,constant_percent,0.09,True,,False,"constant_percent @ 9.0%, 80% equity / 30% domestic",0.09,False,1.1506744248976577,1.213675115371185,0.0,0.0,1.6712684539509086
0.8,0.3,constant_percent,constant_percent,0.1,True,,False,"constant_percent @ 10.0%, 80% equity / 30% domestic",0.1,False,1.1258134649279266,1.1984282926107503,0.0,0.0,1.6562932917841804
0.8,0.3,constant_percent,constant_percent,0.12,True,,False,"constant_percent @ 12.0%, 80% equity / 30% domestic",0.12,False,1.0636046771714218,1.1496274371069382,0.0,0.0,1.6234431578579376
0.8,0.3,guyton_klinger,guyton_klinger,0.03,True,,False,"guyton_klinger @ 3.0%, 80% equity / 30% domestic",0.03,False,0.9898488734048263,0.9881402244656333,0.0,0.0,1.5036534272388393
0.8,0.3,guyton_klinger,guyton_klinger,0.035,True,,False,"guyton_klinger @ 3.5%, 80% equity / 30% domestic",0.035,False,1.0280723461884784,1.0288983124124804,0.0,0.0,1.5471408299228555
0.8,0.3,guyton_klinger,guyton_klinger,0.04,True,,False,"guyton_klinger @ 4.0%, 80% equity / 30% domestic",0.04,False,1.0616438726346,1.0656182681394832,0.0,0.0,1.5837764810900663
0.8,0.3,guyton_klinger,guyton_klinger,0.045,True,,False,"guyton_klinger @ 4.5%, 80% equity / 30% domestic",0.045,False,1.0911621591328124,1.0988284724939614,4e-05,1.1258300121115244e-05,1.6143677274740558
0.8,0.3,guyton_klinger,guyton_klinger,0.05,True,,False,"guyton_klinger @ 5.0%, 80% equity / 30% domestic",0.05,False,1.1161158650453928,1.1279109637580722,0.0002,5.336461277018164e-05,1.6392157748392964
0.8,0.3,guyton_klinger,guyton_klinger,0.06,True,,False,"guyton_klinger @ 6.0%, 80% equity / 30% domestic",0.06,False,1.1536682983548703,1.1748954066018422,0.00268,0.0007591574459485963,1.675783224722038
0.8,0.3,guyton_klinger,guyton_klinger,0.07,True,,False,"guyton_klinger @ 7.0%, 80% equity / 30% domestic",0.07,False,1.1721386125830553,1.205995122280914,0.02356,0.006846657067396819,1.697536157816562
0.8,0.3,guyton_klinger,guyton_klinger,0.08,True,,False,"guyton_klinger @ 8.0%, 80% equity / 30% domestic",0.08,False,1.157263122579316,1.2138129334677483,0.1164,0.035629614616563186,1.7052462711421204
0.8,0.3,guyton_klinger,guyton_klinger,0.09,True,,False,"guyton_klinger @ 9.0%, 80% equity / 30% domestic",0.09,False,1.1004338989775688,1.189150992832351,0.31736,0.10582762285484518,1.696539521274231
0.8,0.3,guyton_klinger,guyton_klinger,0.1,True,,False,"guyton_klinger @ 10.0%, 80% equity / 30% domestic",0.1,False,1.0217893454623022,1.1341051287115764,0.5396,0.20422614914135753,1.6742833383560145
0.8,0.3,guyton_klinger,guyton_klinger,0.12,True,,False,"guyton_klinger @ 12.0%, 80% equity / 30% domestic",0.12,False,0.8829060686648457,0.9941752448551205,0.85916,0.42207777349114256,1.6131296473020986
0.8,0.3,guyton_klinger,guyton_klinger (tight band),0.03,True,,False,"guyton_klinger (tight band) @ 3.0%, 80% equity / 30% domestic",0.03,False,1.0066705319888194,1.0040615708400933,0.0,0.0,1.534238660001569
0.8,0.3,guyton_klinger,guyton_klinger (tight band),0.035,True,,False,"guyton_klinger (tight band) @ 3.5%, 80% equity / 30% domestic",0.035,False,1.0449302126841267,1.0449853628241277,0.0,0.0,1.5780794309820538
0.8,0.3,guyton_klinger,guyton_klinger (tight band),0.04,True,,False,"guyton_klinger (tight band) @ 4.0%, 80% equity / 30% domestic",0.04,False,1.0780485625308045,1.0812930458912737,0.0,0.0,1.6140352358194408
0.8,0.3,guyton_klinger,guyton_klinger (tight band),0.045,True,,False,"guyton_klinger (tight band) @ 4.5%, 80% equity / 30% domestic",0.045,False,1.1062050882185455,1.1131018766606895,0.0,0.0,1.6432127560859737
0.8,0.3,guyton_klinger,guyton_klinger (tight band),0.05,True,,False,"guyton_klinger (tight band) @ 5.0%, 80% equity / 30% domestic",0.05,False,1.129898173188115,1.140926194014745,0.00012,2.930482105941855e-05,1.6660830988267439
0.8,0.3,guyton_klinger,guyton_klinger (tight band),0.06,True,,False,"guyton_klinger (tight band) @ 6.0%, 80% equity / 30% domestic",0.06,False,1.1646217543195265,1.1848679246998444,0.00228,0.0006144534208796461,1.6975976956137708
0.8,0.3,guyton_klinger,guyton_klinger (tight band),0.07,True,,False,"guyton_klinger (tight band) @ 7.0%, 80% equity / 30% domestic",0.07,False,1.1813573132189596,1.2134020945701782,0.01756,0.005028501107274232,1.7139733032305182
0.8,0.3,guyton_klinger,guyton_klinger (tight band),0.08,True,,False,"guyton_klinger (tight band) @ 8.0%, 80% equity / 30% domestic",0.08,False,1.1713662987676012,1.222359509273699,0.08932,0.026344368984633246,1.7169479872351145
0.8,0.3,guyton_klinger,guyton_klinger (tight band),0.09,True,,False,"guyton_klinger (tight band) @ 9.0%, 80% equity / 30% domestic",0.09,False,1.122310533267081,1.2035848352212426,0.277,0.0868625296402437,1.7052890436202128
0.8,0.3,guyton_klinger,guyton_klinger (tight band),0.1,True,,False,"guyton_klinger (tight band) @ 10.0%, 80% equity / 30% domestic",0.1,False,1.0504117158149575,1.1579726830304216,0.49956,0.17480307040683493,1.682111665421459
0.8,0.3,guyton_klinger,guyton_klinger (tight band),0.12,True,,False,"guyton_klinger (tight band) @ 12.0%, 80% equity / 30% domestic",0.12,False,0.9116535666749043,1.0280964762609786,0.84388,0.3783469940415675,1.6220685915161757
0.8,0.3,guyton_klinger,guyton_klinger (no inflation rule),0.03,True,,False,"guyton_klinger (no inflation rule) @ 3.0%, 80% equity / 30% domestic",0.03,False,1.029527254073546,1.0239997137366394,0.00652,0.002859419278406058,1.5366319108436837
0.8,0.3,guyton_klinger,guyton_klinger (no inflation rule),0.035,True,,False,"guyton_klinger (no inflation rule) @ 3.5%, 80% equity / 30% domestic",0.035,False,1.0708838627557047,1.0685693135844412,0.01136,0.0048734903657926786,1.5818093735452965
0.8,0.3,guyton_klinger,guyton_klinger (no inflation rule),0.04,True,,False,"guyton_klinger (no inflation rule) @ 4.0%, 80% equity / 30% domestic",0.04,False,1.105705506241392,1.1079069367929262,0.0192,0.007948032988779084,1.6198939612062264
0.8,0.3,guyton_klinger,guyton_klinger (no inflation rule),0.045,True,,False,"guyton_klinger (no inflation rule) @ 4.5%, 80% equity / 30% domestic",0.045,False,1.132514267440798,1.1410723111424972,0.03264,0.013290963857829302,1.650988306352365
0.8,0.3,guyton_klinger,guyton_klinger (no inflation rule),0.05,True,,False,"guyton_klinger (no inflation rule) @ 5.0%, 80% equity / 30% domestic",0.05,False,1.1502825403207253,1.167656016342562,0.05448,0.021782093765380622,1.6763468128728332
0.8,0.3,guyton_klinger,guyton_klinger (no inflation rule),0.06,True,,False,"guyton_klinger (no inflation rule) @ 6.0%, 80% equity / 30% domestic",0.06,False,1.1526530715272691,1.1959745839472415,0.13636,0.053393327933096445,1.70998812522198
0.8,0.3,guyton_klinger,guyton_klinger (no inflation rule),0.07,True,,False,"guyton_klinger (no inflation rule) @ 7.0%, 80% equity / 30% domestic",0.07,False,1.1123662513418584,1.1871603825589938,0.276,0.11024060768821244,1.7231597875224547
0.8,0.3,guyton_klinger,guyton_klinger (no inflation rule),0.08,True,,False,"guyton_klinger (no inflation rule) @ 8.0%, 80% equity / 30% domestic",0.08,False,1.0417849632727523,1.1420491802978148,0.4624,0.1951558456827204,1.7160665892213103
0.8,0.3,guyton_klinger,guyton_klinger (no inflation rule),0.09,True,,False,"guyton_klinger (no inflation rule) @ 9.0%, 80% equity / 30% domestic",0.09,False,0.9657479778230779,1.075915384299452,0.66644,0.30136740761083336,1.6919328981345712
0.8,0.3,guyton_klinger,guyton_klinger (no inflation rule),0.1,True,,False,"guyton_klinger (no inflation rule) @ 10.0%, 80% equity / 30% domestic",0.1,False,0.8994207329896773,1.0066021067536368,0.82296,0.408672500375534,1.6588469057820658
0.8,0.3,guyton_klinger,guyton_klinger (no inflation rule),0.12,True,,False,"guyton_klinger (no inflation rule) @ 12.0%, 80% equity / 30% domestic",0.12,False,0.8024472914952492,0.8883745295618153,0.9718,0.5920723532288397,1.5923121579537607
0.8,0.3,vanguard_dynamic,vanguard_dynamic,0.03,True,,False,"vanguard_dynamic @ 3.0%, 80% equity / 30% domestic",0.03,False,1.0341828629493757,1.0325125401462922,0.0136,0.006774470534083587,1.497021836983729
0.8,0.3,vanguard_dynamic,vanguard_dynamic,0.035,True,,False,"vanguard_dynamic @ 3.5%, 80% equity / 30% domestic",0.035,False,1.0746720650826873,1.078510227261641,0.0266,0.013070075614245065,1.5460501178267143
0.8,0.3,vanguard_dynamic,vanguard_dynamic,0.04,True,,False,"vanguard_dynamic @ 4.0%, 80% equity / 30% domestic",0.04,False,1.1041338443599127,1.1162077335977887,0.04532,0.022456113957416025,1.5876971741442971
0.8,0.3,vanguard_dynamic,vanguard_dynamic,0.045,True,,False,"vanguard_dynamic @ 4.5%, 80% equity / 30% domestic",0.045,False,1.119372722824216,1.143361621946427,0.07448,0.03709978646007834,1.6218853521905199
0.8,0.3,vanguard_dynamic,vanguard_dynamic,0.05,True,,False,"vanguard_dynamic @ 5.0%, 80% equity / 30% domestic",0.05,False,1.1174957563529277,1.1570762327095094,0.12016,0.05978227394706724,1.6493580479480314
0.8,0.3,vanguard_dynamic,vanguard_dynamic,0.06,True,,False,"vanguard_dynamic @ 6.0%, 80% equity / 30% domestic",0.06,False,1.0609132419150806,1.1349624982186086,0.26384,0.13585461305724078,1.683770914071553
0.8,0.3,vanguard_dynamic,vanguard_dynamic,0.07,True,,False,"vanguard_dynamic @ 7.0%, 80% equity / 30% domestic",0.07,False,0.9714871876707502,1.0616845059268576,0.44732,0.24650562893339417,1.6915558750855246
0.8,0.3,vanguard_dynamic,vanguard_dynamic,0.08,True,,False,"vanguard_dynamic @ 8.0%, 80% equity / 30% domestic",0.08,False,0.8891043962632034,0.9784010868651708,0.64648,0.3791502209539474,1.676957230757585
0.8,0.3,vanguard_dynamic,vanguard_dynamic,0.09,True,,False,"vanguard_dynamic @ 9.0%, 80% equity / 30% domestic",0.09,False,0.8239377761655363,0.9055000437348472,0.81728,0.5138397404098405,1.647172968001369
0.8,0.3,vanguard_dynamic,vanguard_dynamic,0.1,True,,False,"vanguard_dynamic @ 10.0%, 80% equity / 30% domestic",0.1,False,0.7758865789043125,0.847538167494846,0.92292,0.6287226340705765,1.6112153756987824
0.8,0.3,vanguard_dynamic,vanguard_dynamic,0.12,True,,False,"vanguard_dynamic @ 12.0%, 80% equity / 30% domestic",0.12,False,0.716334614317415,0.7702474687079549,0.99456,0.7769171273624744,1.550372372766303
0.8,0.3,vanguard_dynamic,vanguard_dynamic (asymmetric),0.03,True,,False,"vanguard_dynamic (asymmetric) @ 3.0%, 80% equity / 30% domestic",0.03,False,0.9898798240993342,0.993512705011095,0.00476,0.002796053815721739,1.4134721419976606
0.8,0.3,vanguard_dynamic,vanguard_dynamic (asymmetric),0.035,True,,False,"vanguard_dynamic (asymmetric) @ 3.5%, 80% equity / 30% domestic",0.035,False,1.032732810122813,1.0392718330781725,0.00792,0.004471027638320028,1.4598143720653944
0.8,0.3,vanguard_dynamic,vanguard_dynamic (asymmetric),0.04,True,,False,"vanguard_dynamic (asymmetric) @ 4.0%, 80% equity / 30% domestic",0.04,False,1.0687655396004732,1.079771435970715,0.01504,0.007910906003582178,1.5019303680437304
0.8,0.3,vanguard_dynamic,vanguard_dynamic (asymmetric),0.045,True,,False,"vanguard_dynamic (asymmetric) @ 4.5%, 80% equity / 30% domestic",0.045,False,1.0966449840617594,1.1137950149018672,0.02516,0.013362676660142578,1.5395635577008966
0.8,0.3,vanguard_dynamic,vanguard_dynamic (asymmetric),0.05,True,,False,"vanguard_dynamic (asymmetric) @ 5.0%, 80% equity / 30% domestic",0.05,False,1.1155523776907739,1.1407988162478626,0.0416,0.02169164476211234,1.5722107886649406
0.8,0.3,vanguard_dynamic,vanguard_dynamic (asymmetric),0.06,True,,False,"vanguard_dynamic (asymmetric) @ 6.0%, 80% equity / 30% domestic",0.06,False,1.1206851302586924,1.1675938036205828,0.09304,0.049264015522681635,1.6220763561567346
0.8,0.3,vanguard_dynamic,vanguard_dynamic (asymmetric),0.07,True,,False,"vanguard_dynamic (asymmetric) @ 7.0%, 80% equity / 30% domestic",0.07,False,1.0761922612420705,1.147836752228914,0.19492,0.10418762223022938,1.6509412709043756
0.8,0.3,vanguard_dynamic,vanguard_dynamic (asymmetric),0.08,True,,False,"vanguard_dynamic (asymmetric) @ 8.0%, 80% equity / 30% domestic",0.08,False,0.997996007582899,1.0843066856017836,0.342,0.19249725440521323,1.6599157567246012
0.8,0.3,vanguard_dynamic,vanguard_dynamic (asymmetric),0.09,True,,False,"vanguard_dynamic (asymmetric) @ 9.0%, 80% equity / 30% domestic",0.09,False,0.9186309899777134,1.0064487445938366,0.51688,0.3054695800082523,1.6527840165403327
0.8,0.3,vanguard_dynamic,vanguard_dynamic (asymmetric),0.1,True,,False,"vanguard_dynamic (asymmetric) @ 10.0%, 80% equity / 30% domestic",0.1,False,0.8507824092495491,0.9329162369694284,0.70052,0.4342168919359678,1.6327199074459304
0.8,0.3,vanguard_dynamic,vanguard_dynamic (asymmetric),0.12,True,,False,"vanguard_dynamic (asymmetric) @ 12.0%, 80% equity / 30% domestic",0.12,False,0.7561994469504144,0.8208365031845352,0.9362,0.6652444662997332,1.5756204814747048
0.8,0.3,endowment,endowment,0.03,True,,False,"endowment @ 3.0%, 80% equity / 30% domestic",0.03,False,1.0331315258395357,1.0304698094598894,8e-05,3.501375198962103e-05,1.5562476403299446
0.8,0.3,endowment,endowment,0.035,True,,False,"endowment @ 3.5%, 80% equity / 30% domestic",0.035,False,1.0716949781433904,1.0730726431746265,0.00012,6.716704047203282e-05,1.5956970179121668
0.8,0.3,endowment,endowment,0.04,True,,False,"endowment @ 4.0%, 80% equity / 30% domestic",0.04,False,1.1035492174118926,1.1099459200856419,0.00016,8.753996466256253e-05,1.6267044473454702
0.8,0.3,endowment,endowment,0.045,True,,False,"endowment @ 4.5%, 80% equity / 30% domestic",0.045,False,1.1288842514774162,1.1412372476145862,0.00032,0.0001740805631207735,1.6503481712337686
0.8,0.3,endowment,endowment,0.05,True,,False,"endowment @ 5.0%, 80% equity / 30% domestic",0.05,False,1.147786962170436,1.166961499723621,0.0006,0.0003376132031299805,1.667600194012585
0.8,0.3,endowment,endowment,0.06,True,,False,"endowment @ 6.0%, 80% equity / 30% domestic",0.06,False,1.1666410062464756,1.2015373845710153,0.00236,0.0014196156982653049,1.68633701249328
0.8,0.3,endowment,endowment,0.07,True,,False,"endowment @ 7.0%, 80% equity / 30% domestic",0.07,False,1.1613445763146077,1.2133794391923023,0.008,0.00438371176880651,1.6888892926673476
0.8,0.3,endowment,endowment,0.08,True,,False,"endowment @ 8.0%, 80% equity / 30% domestic",0.08,False,1.135569674592408,1.203636182296254,0.0138,0.008411721086012677,1.6800143385159882
0.8,0.3,endowment,endowment,0.09,True,,False,"endowment @ 9.0%, 80% equity / 30% domestic",0.09,False,1.0936900003345233,1.175554243695181,0.02424,0.013705955243033734,1.663496074292005
0.8,0.3,endowment,endowment,0.1,True,,False,"endowment @ 10.0%, 80% equity / 30% domestic",0.1,False,1.038695547691599,1.1305070338386318,0.05836,0.031209874253839563,1.6422294202314158
0.8,0.3,endowment,endowment,0.12,True,,False,"endowment @ 12.0%, 80% equity / 30% domestic",0.12,False,0.9100331662406941,1.0055861445814938,0.3318,0.17509080196053867,1.593836454387981
0.8,0.3,endowment,endowment (light smoothing),0.03,True,,False,"endowment (light smoothing) @ 3.0%, 80% equity / 30% domestic",0.03,False,1.035698540888069,1.0327030085709759,0.0,0.0,1.573219135693635
0.8,0.3,endowment,endowment (light smoothing),0.035,True,,False,"endowment (light smoothing) @ 3.5%, 80% equity / 30% domestic",0.035,False,1.072456935495121,1.0731697450264739,0.0,0.0,1.6097688763694797
0.8,0.3,endowment,endowment (light smoothing),0.04,True,,False,"endowment (light smoothing) @ 4.0%, 80% equity / 30% domestic",0.04,False,1.1028602579321658,1.108015074230611,0.0,0.0,1.6377315811744393
0.8,0.3,endowment,endowment (light smoothing),0.045,True,,False,"endowment (light smoothing) @ 4.5%, 80% equity / 30% domestic",0.045,False,1.1273579125682136,1.1376008118934244,0.0,0.0,1.658475016651637
0.8,0.3,endowment,endowment (light smoothing),0.05,True,,False,"endowment (light smoothing) @ 5.0%, 80% equity / 30% domestic",0.05,False,1.1463356857854303,1.1622138986396895,0.0,0.0,1.6731799062912043
0.8,0.3,endowment,endowment (light smoothing),0.06,True,,False,"endowment (light smoothing) @ 6.0%, 80% equity / 30% domestic",0.06,False,1.1691804688676006,1.1975123446851466,0.0,0.0,1.6883978489215081
0.8,0.3,endowment,endowment (light smoothing),0.07,True,,False,"endowment (light smoothing) @ 7.0%, 80% equity / 30% domestic",0.07,False,1.1743501038768396,1.2158569213912163,0.0,0.0,1.6899055099175446
0.8,0.3,endowment,endowment (light smoothing),0.08,True,,False,"endowment (light smoothing) @ 8.0%, 80% equity / 30% domestic",0.08,False,1.1650032180038197,1.21935843690992,0.0,0.0,1.6824599808772773
0.8,0.3,endowment,endowment (light smoothing),0.09,True,,False,"endowment (light smoothing) @ 9.0%, 80% equity / 30% domestic",0.09,False,1.1444328989635653,1.2103947765260803,0.0,0.0,1.669484704136212
0.8,0.3,endowment,endowment (light smoothing),0.1,True,,False,"endowment (light smoothing) @ 10.0%, 80% equity / 30% domestic",0.1,False,1.1158522734610061,1.1915287025743246,0.0,0.0,1.6534024623083383
0.8,0.3,endowment,endowment (light smoothing),0.12,True,,False,"endowment (light smoothing) @ 12.0%, 80% equity / 30% domestic",0.12,False,1.0458661829153246,1.1342327000790362,0.0,0.0,1.6180852825468566
0.8,0.3,life_expectancy,life_expectancy,,False,,False,"life_expectancy, 80% equity / 30% domestic",0.03333333333333333,False,1.1670908541164726,1.15633426120357,0.0,0.0,2.0465975691736324
0.8,0.3,life_expectancy,life_expectancy (+5y buffer),,False,,False,"life_expectancy (+5y buffer), 80% equity / 30% domestic",0.02857142857142857,False,1.120320617496574,1.0984060376018312,0.0,0.0,1.9065302338380996
0.8,0.3,gompertz,gompertz,,False,,False,"gompertz, 80% equity / 30% domestic",0.04598575701368062,True,1.2279682907609273,1.2393686353788658,0.0,0.0,1.8385572374322219
0.8,0.3,gompertz,gompertz (+5y buffer),,False,,False,"gompertz (+5y buffer), 80% equity / 30% domestic",0.03738895907792182,True,1.1740376193788258,1.1677003308910832,0.0,0.0,1.8129885364437064
0.8,0.3,amortisation,amortisation (0% assumed return),,False,0.0,True,"amortisation (0% assumed return), 80% equity / 30% domestic",0.03333333333333333,False,1.1670908541164726,1.15633426120357,0.0,0.0,2.0465975691736324
0.8,0.3,amortisation,amortisation (1% assumed return),,False,0.01,True,"amortisation (1% assumed return), 80% equity / 30% domestic",0.03874811321584711,False,1.1939121934168917,1.190470628058564,0.0,0.0,1.9985649497231677
0.8,0.3,amortisation,amortisation (2% assumed return),,False,0.02,True,"amortisation (2% assumed return), 80% equity / 30% domestic",0.04464992229340293,False,1.2145134644970714,1.219912699563893,0.0,0.0,1.9522969576564242
0.8,0.3,amortisation,amortisation (3% assumed return),,False,0.03,True,"amortisation (3% assumed return), 80% equity / 30% domestic",0.05101925932025255,False,1.2277271886706242,1.243378838305265,0.0,0.0,1.9081414654483362
0.8,0.3,amortisation,amortisation (4% assumed return),,False,0.04,True,"amortisation (4% assumed return), 80% equity / 30% domestic",0.057830099133661314,False,1.2327527224411374,1.2597875622201846,0.0,0.0,1.8663745066441662
0.8,0.3,amortisation,amortisation (5% assumed return),,False,0.05,True,"amortisation (5% assumed return), 80% equity / 30% domestic",0.06505143508027657,False,1.229290055895462,1.2683893078854152,0.0,0.0,1.8271951973221812
0.8,0.3,amortisation,amortisation (6% assumed return),,False,0.06,True,"amortisation (6% assumed return), 80% equity / 30% domestic",0.07264891149004721,False,1.2176134885039138,1.2688777251601848,0.0,0.0,1.7907259227134358
0.8,0.3,amortisation,amortisation (7% assumed return),,False,0.07,True,"amortisation (7% assumed return), 80% equity / 30% domestic",0.08058640351111118,False,1.1985548411940443,1.261449904790139,0.0,0.0,1.7570170312390565
0.8,0.3,amortisation,amortisation (8% assumed return),,False,0.08,True,"amortisation (8% assumed return), 80% equity / 30% domestic",0.08882743338727227,False,1.1733913850345619,1.2467925132763706,0.0,0.0,1.726054926371085
0.8,0.3,amortisation,amortisation (10% assumed return),,False,0.1,True,"amortisation (10% assumed return), 80% equity / 30% domestic",0.1060792482526339,False,1.1109860787157106,1.200381807457732,0.0,0.0,1.6720594021474937
0.8,0.3,amortisation,amortisation (12% assumed return),,False,0.12,True,"amortisation (12% assumed return), 80% equity / 30% domestic",0.12414365755194319,False,1.0425467017361711,1.1403709543583012,0.0,0.0,1.6277572866087076
0.8,0.5,constant_real,constant_real,0.03,True,,False,"constant_real @ 3.0%, 80% equity / 50% domestic",0.03,False,0.9423561151054256,0.9541427443592824,0.04716,0.022896458663786534,1.355104786355715
0.8,0.5,constant_real,constant_real,0.035,True,,False,"constant_real @ 3.5%, 80% equity / 50% domestic",0.035,False,0.9770208575592936,0.9946792333234981,0.0804,0.040070271827551185,1.400137526740802
0.8,0.5,constant_real,constant_real,0.04,True,,False,"constant_real @ 4.0%, 80% equity / 50% domestic",0.04,False,0.9985900894901526,1.0255591155214627,0.12824,0.06512187342232607,1.4426140643151608
0.8,0.5,constant_real,constant_real,0.045,True,,False,"constant_real @ 4.5%, 80% equity / 50% domestic",0.045,False,1.0047102611585124,1.044009855371276,0.18744,0.09757404101433884,1.4813986693131809
0.8,0.5,constant_real,constant_real,0.05,True,,False,"constant_real @ 5.0%, 80% equity / 50% domestic",0.05,False,0.9950386259308011,1.0480541181626222,0.26264,0.1398807642494119,1.5149713073890378
0.8,0.5,constant_real,constant_real,0.06,True,,False,"constant_real @ 6.0%, 80% equity / 50% domestic",0.06,False,0.9429989866097593,1.0166794427539585,0.42936,0.24529996931472903,1.5637173403418962
0.8,0.5,constant_real,constant_real,0.07,True,,False,"constant_real @ 7.0%, 80% equity / 50% domestic",0.07,False,0.8785400866182594,0.9572653266439861,0.59548,0.3663968730234215,1.5877230674934133
0.8,0.5,constant_real,constant_real,0.08,True,,False,"constant_real @ 8.0%, 80% equity / 50% domestic",0.08,False,0.8224155857513517,0.8966059718525838,0.73588,0.48573481266629237,1.590985853065209
0.8,0.5,constant_real,constant_real,0.09,True,,False,"constant_real @ 9.0%, 80% equity / 50% domestic",0.09,False,0.7783254442592961,0.8450474329393117,0.8432,0.5924511540938023,1.579190828016787
0.8,0.5,constant_real,constant_real,0.1,True,,False,"constant_real @ 10.0%, 80% equity / 50% domestic",0.1,False,0.7450629977386258,0.8039135665056254,0.91008,0.6789795402750466,1.5603958505750766
0.8,0.5,constant_real,constant_real,0.12,True,,False,"constant_real @ 12.0%, 80% equity / 50% domestic",0.12,False,0.7007763782187949,0.7467565778757793,0.97884,0.7973752187259431,1.5199951656185666
0.8,0.5,constant_percent,constant_percent,0.03,True,,False,"constant_percent @ 3.0%, 80% equity / 50% domestic",0.03,False,0.9953489085298712,0.9951885407298702,0.0,0.0,1.5452214634278532
0.8,0.5,constant_percent,constant_percent,0.035,True,,False,"constant_percent @ 3.5%, 80% equity / 50% domestic",0.035,False,1.0270276980030193,1.0304315019371069,0.0,0.0,1.5790426098313834
0.8,0.5,constant_percent,constant_percent,0.04,True,,False,"constant_percent @ 4.0%, 80% equity / 50% domestic",0.04,False,1.0530511237502171,1.0605607997541606,0.0,0.0,1.6048563669486793
0.8,0.5,constant_percent,constant_percent,0.045,True,,False,"constant_percent @ 4.5%, 80% equity / 50% domestic",0.045,False,1.073952595466786,1.0860216452422533,0.0,0.0,1.6239949539803906
0.8,0.5,constant_percent,constant_percent,0.05,True,,False,"constant_percent @ 5.0%, 80% equity / 50% domestic",0.05,False,1.0901816495948697,1.1071742246944853,0.0,0.0,1.6375948162534213
0.8,0.5,constant_percent,constant_percent,0.06,True,,False,"constant_percent @ 6.0%, 80% equity / 50% domestic",0.06,False,1.110203171477271,1.1377670520779892,0.0,0.0,1.651902185658669
0.8,0.5,constant_percent,constant_percent,0.07,True,,False,"constant_percent @ 7.0%, 80% equity / 50% domestic",0.07,False,1.1160683935099611,1.1545521102506566,0.0,0.0,1.653887262699535
0.8,0.5,constant_percent,constant_percent,0.08,True,,False,"constant_percent @ 8.0%, 80% equity / 50% domestic",0.08,False,1.110535149816951,1.1595926313829268,0.0,0.0,1.647913522167092
0.8,0.5,constant_percent,constant_percent,0.09,True,,False,"constant_percent @ 9.0%, 80% equity / 50% domestic",0.09,False,1.0962075502767334,1.15491653351505,0.0,0.0,1.637059950901361
0.8,0.5,constant_percent,constant_percent,0.1,True,,False,"constant_percent @ 10.0%, 80% equity / 50% domestic",0.1,False,1.0754802386971307,1.1425103510074586,0.0,0.0,1.6234668233657041
0.8,0.5,constant_percent,constant_percent,0.12,True,,False,"constant_percent @ 12.0%, 80% equity / 50% domestic",0.12,False,1.02295733488871,1.101894872530493,0.0,0.0,1.5934117831248067
0.8,0.5,guyton_klinger,guyton_klinger,0.03,True,,False,"guyton_klinger @ 3.0%, 80% equity / 50% domestic",0.03,False,0.9558539007771049,0.9564442037413542,0.0,0.0,1.475955744981413
0.8,0.5,guyton_klinger,guyton_klinger,0.035,True,,False,"guyton_klinger @ 3.5%, 80% equity / 50% domestic",0.035,False,0.9899100616828016,0.9931142526002523,0.0,0.0,1.5169036597868035
0.8,0.5,guyton_klinger,guyton_klinger,0.04,True,,False,"guyton_klinger @ 4.0%, 80% equity / 50% domestic",0.04,False,1.019620388563123,1.0259238931049057,0.0,0.0,1.5514590319983295
0.8,0.5,guyton_klinger,guyton_klinger,0.045,True,,False,"guyton_klinger @ 4.5%, 80% equity / 50% domestic",0.045,False,1.045376067904383,1.0551689236820718,0.0,0.0,1.580270757607427
0.8,0.5,guyton_klinger,guyton_klinger,0.05,True,,False,"guyton_klinger @ 5.0%, 80% equity / 50% domestic",0.05,False,1.0672584145945867,1.0808924095969425,8e-05,2.25697652761207e-05,1.6040517121174658
0.8,0.5,guyton_klinger,guyton_klinger,0.06,True,,False,"guyton_klinger @ 6.0%, 80% equity / 50% domestic",0.06,False,1.0997495142251603,1.122018630643989,0.00236,0.0006552208143180394,1.6390733966417266
0.8,0.5,guyton_klinger,guyton_klinger,0.07,True,,False,"guyton_klinger @ 7.0%, 80% equity / 50% domestic",0.07,False,1.1153333164774861,1.148821179954079,0.02768,0.007967268001885559,1.660211183109923
0.8,0.5,guyton_klinger,guyton_klinger,0.08,True,,False,"guyton_klinger @ 8.0%, 80% equity / 50% domestic",0.08,False,1.1041492086276403,1.1566535846973376,0.13168,0.04011577720757568,1.668170141460197
0.8,0.5,guyton_klinger,guyton_klinger,0.09,True,,False,"guyton_klinger @ 9.0%, 80% equity / 50% domestic",0.09,False,1.0569413117111075,1.1368342997028344,0.33708,0.11361488794978636,1.6607833001104997
0.8,0.5,guyton_klinger,guyton_klinger,0.1,True,,False,"guyton_klinger @ 10.0%, 80% equity / 50% domestic",0.1,False,0.9912053105528021,1.092107950104658,0.55672,0.21252558271701502,1.6404168095062015
0.8,0.5,guyton_klinger,guyton_klinger,0.12,True,,False,"guyton_klinger @ 12.0%, 80% equity / 50% domestic",0.12,False,0.8687816306867902,0.9722079091000346,0.87456,0.432946647290793,1.5841071538038973
0.8,0.5,guyton_klinger,guyton_klinger (tight band),0.03,True,,False,"guyton_klinger (tight band) @ 3.0%, 80% equity / 50% domestic",0.03,False,0.9712343444425988,0.9710217117469718,0.0,0.0,1.5045779723951993
0.8,0.5,guyton_klinger,guyton_klinger (tight band),0.035,True,,False,"guyton_klinger (tight band) @ 3.5%, 80% equity / 50% domestic",0.035,False,1.0048653848457216,1.0073335056683987,0.0,0.0,1.545859706252834
0.8,0.5,guyton_klinger,guyton_klinger (tight band),0.04,True,,False,"guyton_klinger (tight band) @ 4.0%, 80% equity / 50% domestic",0.04,False,1.0340533448499862,1.0396803050781587,0.0,0.0,1.5798011478034697
0.8,0.5,guyton_klinger,guyton_klinger (tight band),0.045,True,,False,"guyton_klinger (tight band) @ 4.5%, 80% equity / 50% domestic",0.045,False,1.0586923196133367,1.067833205000382,0.0,0.0,1.6072370301005194
0.8,0.5,guyton_klinger,guyton_klinger (tight band),0.05,True,,False,"guyton_klinger (tight band) @ 5.0%, 80% equity / 50% domestic",0.05,False,1.0791884796746507,1.092165703862538,8e-05,2.25697652761207e-05,1.6290723250940198
0.8,0.5,guyton_klinger,guyton_klinger (tight band),0.06,True,,False,"guyton_klinger (tight band) @ 6.0%, 80% equity / 50% domestic",0.06,False,1.1091308468840206,1.1305829401067966,0.0024,0.0006482266419862145,1.6593178010810945
0.8,0.5,guyton_klinger,guyton_klinger (tight band),0.07,True,,False,"guyton_klinger (tight band) @ 7.0%, 80% equity / 50% domestic",0.07,False,1.1235563686132666,1.155327713564972,0.01936,0.0055490242810725615,1.6754923156784038
0.8,0.5,guyton_klinger,guyton_klinger (tight band),0.08,True,,False,"guyton_klinger (tight band) @ 8.0%, 80% equity / 50% domestic",0.08,False,1.1160651834931574,1.1638356440406374,0.0988,0.02913127815020662,1.6790085337066476
0.8,0.5,guyton_klinger,guyton_klinger (tight band),0.09,True,,False,"guyton_klinger (tight band) @ 9.0%, 80% equity / 50% domestic",0.09,False,1.076280581667404,1.1493254486520572,0.29292,0.09281785340291168,1.66868328960716
0.8,0.5,guyton_klinger,guyton_klinger (tight band),0.1,True,,False,"guyton_klinger (tight band) @ 10.0%, 80% equity / 50% domestic",0.1,False,1.016133907673506,1.112187677452084,0.51388,0.18166464930873352,1.647947226033177
0.8,0.5,guyton_klinger,guyton_klinger (tight band),0.12,True,,False,"guyton_klinger (tight band) @ 12.0%, 80% equity / 50% domestic",0.12,False,0.8940625064976244,1.0010726173296745,0.85768,0.3887355783244682,1.59257713982679
0.8,0.5,guyton_klinger,guyton_klinger (no inflation rule),0.03,True,,False,"guyton_klinger (no inflation rule) @ 3.0%, 80% equity / 50% domestic",0.03,False,0.9935631910488492,0.9905694883758152,0.00976,0.0039597500807997165,1.5089881247944417
0.8,0.5,guyton_klinger,guyton_klinger (no inflation rule),0.035,True,,False,"guyton_klinger (no inflation rule) @ 3.5%, 80% equity / 50% domestic",0.035,False,1.0301490356909522,1.030521822274365,0.01884,0.00753522351648013,1.5516139612194129
0.8,0.5,guyton_klinger,guyton_klinger (no inflation rule),0.04,True,,False,"guyton_klinger (no inflation rule) @ 4.0%, 80% equity / 50% domestic",0.04,False,1.0599360508096296,1.0652256700731795,0.03268,0.013099567083034325,1.587222576761981
0.8,0.5,guyton_klinger,guyton_klinger (no inflation rule),0.045,True,,False,"guyton_klinger (no inflation rule) @ 4.5%, 80% equity / 50% domestic",0.045,False,1.0815356673371694,1.0936057733163045,0.0524,0.021291503118033673,1.6164848060670993
0.8,0.5,guyton_klinger,guyton_klinger (no inflation rule),0.05,True,,False,"guyton_klinger (no inflation rule) @ 5.0%, 80% equity / 50% domestic",0.05,False,1.094784874841936,1.1155819804811118,0.07888,0.03258554082466334,1.6402002072347694
0.8,0.5,guyton_klinger,guyton_klinger (no inflation rule),0.06,True,,False,"guyton_klinger (no inflation rule) @ 6.0%, 80% equity / 50% domestic",0.06,False,1.0955284606547553,1.1385328079991068,0.16192,0.0674981541870065,1.6727707573435315
0.8,0.5,guyton_klinger,guyton_klinger (no inflation rule),0.07,True,,False,"guyton_klinger (no inflation rule) @ 7.0%, 80% equity / 50% domestic",0.07,False,1.063754354583405,1.13176881110258,0.29704,0.12457539440515963,1.6857756870370297
0.8,0.5,guyton_klinger,guyton_klinger (no inflation rule),0.08,True,,False,"guyton_klinger (no inflation rule) @ 8.0%, 80% equity / 50% domestic",0.08,False,1.0064732021908256,1.096216614518759,0.49068,0.2115700201371555,1.6795008575222334
0.8,0.5,guyton_klinger,guyton_klinger (no inflation rule),0.09,True,,False,"guyton_klinger (no inflation rule) @ 9.0%, 80% equity / 50% domestic",0.09,False,0.9418999873678229,1.0422033976640737,0.69336,0.3177272914082562,1.6568310676336262
0.8,0.5,guyton_klinger,guyton_klinger (no inflation rule),0.1,True,,False,"guyton_klinger (no inflation rule) @ 10.0%, 80% equity / 50% domestic",0.1,False,0.8835434254728392,0.9830947460844109,0.83916,0.4228180905754077,1.626167308058552
0.8,0.5,guyton_klinger,guyton_klinger (no inflation rule),0.12,True,,False,"guyton_klinger (no inflation rule) @ 12.0%, 80% equity / 50% domestic",0.12,False,0.7940572401521161,0.8757454552660623,0.97528,0.6019567243084425,1.5646428287395326
0.8,0.5,vanguard_dynamic,vanguard_dynamic,0.03,True,,False,"vanguard_dynamic @ 3.0%, 80% equity / 50% domestic",0.03,False,0.9975635282049543,0.9988627663957854,0.02428,0.011938294862532598,1.4724059949526243
0.8,0.5,vanguard_dynamic,vanguard_dynamic,0.035,True,,False,"vanguard_dynamic @ 3.5%, 80% equity / 50% domestic",0.035,False,1.031516447505088,1.0388562813745332,0.04288,0.021571155121801886,1.5182137617127873
0.8,0.5,vanguard_dynamic,vanguard_dynamic,0.04,True,,False,"vanguard_dynamic @ 4.0%, 80% equity / 50% domestic",0.04,False,1.054611302161472,1.070477095808592,0.06888,0.03502625508297353,1.55707241765956
0.8,0.5,vanguard_dynamic,vanguard_dynamic,0.045,True,,False,"vanguard_dynamic @ 4.5%, 80% equity / 50% domestic",0.045,False,1.0658783831408891,1.092517573075159,0.1016,0.05267903698459657,1.5892743173418764
0.8,0.5,vanguard_dynamic,vanguard_dynamic,0.05,True,,False,"vanguard_dynamic @ 5.0%, 80% equity / 50% domestic",0.05,False,1.0635169657147374,1.1034922827782734,0.15176,0.07804523907940372,1.6150532647380738
0.8,0.5,vanguard_dynamic,vanguard_dynamic,0.06,True,,False,"vanguard_dynamic @ 6.0%, 80% equity / 50% domestic",0.06,False,1.0211594150010384,1.0878870297563592,0.28472,0.1514643605126142,1.6480213049093655
0.8,0.5,vanguard_dynamic,vanguard_dynamic,0.07,True,,False,"vanguard_dynamic @ 7.0%, 80% equity / 50% domestic",0.07,False,0.9464934493860918,1.0294158426610673,0.47184,0.26341126407222987,1.6557154839256507
0.8,0.5,vanguard_dynamic,vanguard_dynamic,0.08,True,,False,"vanguard_dynamic @ 8.0%, 80% equity / 50% domestic",0.08,False,0.8727397186772177,0.9570030744776168,0.67504,0.3985713871737015,1.6419287910891265
0.8,0.5,vanguard_dynamic,vanguard_dynamic,0.09,True,,False,"vanguard_dynamic @ 9.0%, 80% equity / 50% domestic",0.09,False,0.8130975374089022,0.8908063873189885,0.8322,0.5299871333071923,1.6143990834468784
0.8,0.5,vanguard_dynamic,vanguard_dynamic,0.1,True,,False,"vanguard_dynamic @ 10.0%, 80% equity / 50% domestic",0.1,False,0.768502685494629,0.8372670363056576,0.92896,0.6410101973244036,1.5815708188739177
0.8,0.5,vanguard_dynamic,vanguard_dynamic,0.12,True,,False,"vanguard_dynamic @ 12.0%, 80% equity / 50% domestic",0.12,False,0.7128913119524506,0.7651978444247608,0.99508,0.7817966319812175,1.5261217367320463
0.8,0.5,vanguard_dynamic,vanguard_dynamic (asymmetric),0.03,True,,False,"vanguard_dynamic (asymmetric) @ 3.0%, 80% equity / 50% domestic",0.03,False,0.9592571441439866,0.9643710781856075,0.0082,0.004493987735095341,1.3952207518017068
0.8,0.5,vanguard_dynamic,vanguard_dynamic (asymmetric),0.035,True,,False,"vanguard_dynamic (asymmetric) @ 3.5%, 80% equity / 50% domestic",0.035,False,0.9970563699726896,1.005363767263317,0.01416,0.007571006951152581,1.438816480212756
0.8,0.5,vanguard_dynamic,vanguard_dynamic (asymmetric),0.04,True,,False,"vanguard_dynamic (asymmetric) @ 4.0%, 80% equity / 50% domestic",0.04,False,1.027563937214456,1.04074751547862,0.0258,0.01364306773837491,1.4782579716405289
0.8,0.5,vanguard_dynamic,vanguard_dynamic (asymmetric),0.045,True,,False,"vanguard_dynamic (asymmetric) @ 4.5%, 80% equity / 50% domestic",0.045,False,1.0499695912785612,1.069539904142921,0.04124,0.022387258653377838,1.513249911156598
0.8,0.5,vanguard_dynamic,vanguard_dynamic (asymmetric),0.05,True,,False,"vanguard_dynamic (asymmetric) @ 5.0%, 80% equity / 50% domestic",0.05,False,1.0641552821648304,1.0913710241000045,0.06108,0.03314545470325301,1.5435557472862331
0.8,0.5,vanguard_dynamic,vanguard_dynamic (asymmetric),0.06,True,,False,"vanguard_dynamic (asymmetric) @ 6.0%, 80% equity / 50% domestic",0.06,False,1.066198094406878,1.111918426707599,0.12128,0.06612385839946472,1.589957729498115
0.8,0.5,vanguard_dynamic,vanguard_dynamic (asymmetric),0.07,True,,False,"vanguard_dynamic (asymmetric) @ 7.0%, 80% equity / 50% domestic",0.07,False,1.0315116109135085,1.0970062334123618,0.21856,0.12132947439026584,1.6171663243782208
0.8,0.5,vanguard_dynamic,vanguard_dynamic (asymmetric),0.08,True,,False,"vanguard_dynamic (asymmetric) @ 8.0%, 80% equity / 50% domestic",0.08,False,0.9687216889281778,1.0479417687007557,0.36704,0.20931367181408664,1.6262454778092836
0.8,0.5,vanguard_dynamic,vanguard_dynamic (asymmetric),0.09,True,,False,"vanguard_dynamic (asymmetric) @ 9.0%, 80% equity / 50% domestic",0.09,False,0.8991663892412493,0.9813630972250549,0.54424,0.32366123097413796,1.6195805336456452
0.8,0.5,vanguard_dynamic,vanguard_dynamic (asymmetric),0.1,True,,False,"vanguard_dynamic (asymmetric) @ 10.0%, 80% equity / 50% domestic",0.1,False,0.8368816319077469,0.9149505948502401,0.72612,0.45432574191344,1.6008362842480455
0.8,0.5,vanguard_dynamic,vanguard_dynamic (asymmetric),0.12,True,,False,"vanguard_dynamic (asymmetric) @ 12.0%, 80% equity / 50% domestic",0.12,False,0.7499612604959962,0.8122425252625093,0.941,0.676216664788537,1.5487855754176523
0.8,0.5,endowment,endowment,0.03,True,,False,"endowment @ 3.0%, 80% equity / 50% domestic",0.03,False,0.9943721388447113,0.9946047287321468,8e-05,2.5742306469030382e-05,1.5265780244078448
0.8,0.5,endowment,endowment,0.035,True,,False,"endowment @ 3.5%, 80% equity / 50% domestic",0.035,False,1.0281878784501428,1.0324544141323329,0.00016,6.845736077330404e-05,1.5638035696779766
0.8,0.5,endowment,endowment,0.04,True,,False,"endowment @ 4.0%, 80% equity / 50% domestic",0.04,False,1.055866656408721,1.0649772929763661,0.00016,8.229327782810504e-05,1.5931260503100684
0.8,0.5,endowment,endowment,0.045,True,,False,"endowment @ 4.5%, 80% equity / 50% domestic",0.045,False,1.0776841124438106,1.0923878902209887,0.00024,0.00011715586086023485,1.6155527864889307
0.8,0.5,endowment,endowment,0.05,True,,False,"endowment @ 5.0%, 80% equity / 50% domestic",0.05,False,1.0938129074636882,1.1147795890788081,0.00084,0.0004606319795831467,1.6319917866874278
0.8,0.5,endowment,endowment,0.06,True,,False,"endowment @ 6.0%, 80% equity / 50% domestic",0.06,False,1.109675059016801,1.1446899222499156,0.0026,0.0015702835806879454,1.6500915132954121
0.8,0.5,endowment,endowment,0.07,True,,False,"endowment @ 7.0%, 80% equity / 50% domestic",0.07,False,1.1052429352723687,1.1551282960866684,0.0068,0.003834627550282854,1.6530096909700527
0.8,0.5,endowment,endowment,0.08,True,,False,"endowment @ 8.0%, 80% equity / 50% domestic",0.08,False,1.082890286537702,1.1468775319796791,0.018,0.010447622379444407,1.6451899184347387
0.8,0.5,endowment,endowment,0.09,True,,False,"endowment @ 9.0%, 80% equity / 50% domestic",0.09,False,1.046654711777164,1.1225035344404872,0.0404,0.022575064897144958,1.6301612211413068
0.8,0.5,endowment,endowment,0.1,True,,False,"endowment @ 10.0%, 80% equity / 50% domestic",0.1,False,0.9998309888071522,1.0841834004240518,0.08644,0.046563010885198326,1.610665361366528
0.8,0.5,endowment,endowment,0.12,True,,False,"endowment @ 12.0%, 80% equity / 50% domestic",0.12,False,0.890067131991325,0.978887425759993,0.35112,0.18886691749549223,1.5661485577038636
0.8,0.5,endowment,endowment (light smoothing),0.03,True,,False,"endowment (light smoothing) @ 3.0%, 80% equity / 50% domestic",0.03,False,0.9956269216339432,0.9955365895380373,0.0,0.0,1.5419258079937912
0.8,0.5,endowment,endowment (light smoothing),0.035,True,,False,"endowment (light smoothing) @ 3.5%, 80% equity / 50% domestic",0.035,False,1.0277888718782369,1.0313670243995698,0.0,0.0,1.5764371090710538
0.8,0.5,endowment,endowment (light smoothing),0.04,True,,False,"endowment (light smoothing) @ 4.0%, 80% equity / 50% domestic",0.04,False,1.0541912418523605,1.0620225772871008,0.0,0.0,1.6029196855804098
0.8,0.5,endowment,endowment (light smoothing),0.045,True,,False,"endowment (light smoothing) @ 4.5%, 80% equity / 50% domestic",0.045,False,1.0753275984636321,1.0879074131325335,0.0,0.0,1.6226485464431475
0.8,0.5,endowment,endowment (light smoothing),0.05,True,,False,"endowment (light smoothing) @ 5.0%, 80% equity / 50% domestic",0.05,False,1.0916162402946417,1.10934619767128,0.0,0.0,1.6367246031373366
0.8,0.5,endowment,endowment (light smoothing),0.06,True,,False,"endowment (light smoothing) @ 6.0%, 80% equity / 50% domestic",0.06,False,1.1111501966669675,1.139985573284658,0.0,0.0,1.65157805145129
0.8,0.5,endowment,endowment (light smoothing),0.07,True,,False,"endowment (light smoothing) @ 7.0%, 80% equity / 50% domestic",0.07,False,1.1156720171647012,1.1559944022572228,0.0,0.0,1.6535634816686247
0.8,0.5,endowment,endowment (light smoothing),0.08,True,,False,"endowment (light smoothing) @ 8.0%, 80% equity / 50% domestic",0.08,False,1.1079949893024468,1.1593883175519424,0.0,0.0,1.6471224602328158
0.8,0.5,endowment,endowment (light smoothing),0.09,True,,False,"endowment (light smoothing) @ 9.0%, 80% equity / 50% domestic",0.09,False,1.0908771179589012,1.1522553114655714,0.0,0.0,1.6354541006715506
0.8,0.5,endowment,endowment (light smoothing),0.1,True,,False,"endowment (light smoothing) @ 10.0%, 80% equity / 50% domestic",0.1,False,1.0669236530723163,1.1367286107535042,0.0,0.0,1.620824904830905
0.8,0.5,endowment,endowment (light smoothing),0.12,True,,False,"endowment (light smoothing) @ 12.0%, 80% equity / 50% domestic",0.12,False,1.0075325008772618,1.0887034610652806,0.0,0.0,1.5884647732818722
0.8,0.5,life_expectancy,life_expectancy,,False,,False,"life_expectancy, 80% equity / 50% domestic",0.03333333333333333,False,1.1165110813462535,1.1082170768545048,0.0,0.0,1.9835501471048664
0.8,0.5,life_expectancy,life_expectancy (+5y buffer),,False,,False,"life_expectancy (+5y buffer), 80% equity / 50% domestic",0.02857142857142857,False,1.0733941587282663,1.0560744918448843,0.0,0.0,1.8524895863505861
0.8,0.5,gompertz,gompertz,,False,,False,"gompertz, 80% equity / 50% domestic",0.04598575701368062,True,1.1632413687736052,1.1778155500589784,0.0,0.0,1.7917885178086663
0.8,0.5,gompertz,gompertz (+5y buffer),,False,,False,"gompertz (+5y buffer), 80% equity / 50% domestic",0.03738895907792182,True,1.117654835882556,1.1157438720283908,0.0,0.0,1.7667064274736084
0.8,0.5,amortisation,amortisation (0% assumed return),,False,0.0,True,"amortisation (0% assumed return), 80% equity / 50% domestic",0.03333333333333333,False,1.1165110813462535,1.1082170768545048,0.0,0.0,1.9835501471048664
0.8,0.5,amortisation,amortisation (1% assumed return),,False,0.01,True,"amortisation (1% assumed return), 80% equity / 50% domestic",0.03874811321584711,False,1.1388087082317597,1.1374420186223073,0.0,0.0,1.939378263980589
0.8,0.5,amortisation,amortisation (2% assumed return),,False,0.02,True,"amortisation (2% assumed return), 80% equity / 50% domestic",0.04464992229340293,False,1.155532222073934,1.1623552899186105,0.0,0.0,1.89681406241921
0.8,0.5,amortisation,amortisation (3% assumed return),,False,0.03,True,"amortisation (3% assumed return), 80% equity / 50% domestic",0.05101925932025255,False,1.1658386777736112,1.1819691924541644,0.0,0.0,1.8561785725487452
0.8,0.5,amortisation,amortisation (4% assumed return),,False,0.04,True,"amortisation (4% assumed return), 80% equity / 50% domestic",0.057830099133661314,False,1.1692136878972383,1.1954963027329022,0.0,0.0,1.8177270396481437
0.8,0.5,amortisation,amortisation (5% assumed return),,False,0.05,True,"amortisation (5% assumed return), 80% equity / 50% domestic",0.06505143508027657,False,1.165546692901628,1.2024363906301159,0.0,0.0,1.7816441706236719
0.8,0.5,amortisation,amortisation (6% assumed return),,False,0.06,True,"amortisation (6% assumed return), 80% equity / 50% domestic",0.07264891149004721,False,1.1551565091189875,1.202639769318203,0.0,0.0,1.748044219593798
0.8,0.5,amortisation,amortisation (7% assumed return),,False,0.07,True,"amortisation (7% assumed return), 80% equity / 50% domestic",0.08058640351111118,False,1.1387566959440971,1.1963312031296867,0.0,0.0,1.7169752232762352
0.8,0.5,amortisation,amortisation (8% assumed return),,False,0.08,True,"amortisation (8% assumed return), 80% equity / 50% domestic",0.08882743338727227,False,1.1173658018217234,1.1840855505212686,0.0,0.0,1.6884263715360774
0.8,0.5,amortisation,amortisation (10% assumed return),,False,0.1,True,"amortisation (10% assumed return), 80% equity / 50% domestic",0.1060792482526339,False,1.0644524717731942,1.1453822975722239,0.0,0.0,1.6386087193863692
0.8,0.5,amortisation,amortisation (12% assumed return),,False,0.12,True,"amortisation (12% assumed return), 80% equity / 50% domestic",0.12414365755194319,False,1.0059144152225694,1.0948623901635917,0.0,0.0,1.5976990742171988
0.9,0.0,constant_real,constant_real,0.03,True,,False,"constant_real @ 3.0%, 90% equity / 0% domestic",0.03,False,1.016086096576689,1.0276197548461334,0.02676,0.01317296039971598,1.4326562143614778
0.9,0.0,constant_real,constant_real,0.035,True,,False,"constant_real @ 3.5%, 90% equity / 0% domestic",0.035,False,1.060113197885947,1.0776470594797112,0.04944,0.024345916693206494,1.490965972463258
0.9,0.0,constant_real,constant_real,0.04,True,,False,"constant_real @ 4.0%, 90% equity / 0% domestic",0.04,False,1.0874560075460098,1.1161527894733954,0.08936,0.04376471481850727,1.5463639018861555
0.9,0.0,constant_real,constant_real,0.045,True,,False,"constant_real @ 4.5%, 90% equity / 0% domestic",0.045,False,1.0901080416193922,1.136011952434804,0.147,0.0740732879413822,1.5964158750161501
0.9,0.0,constant_real,constant_real,0.05,True,,False,"constant_real @ 5.0%, 90% equity / 0% domestic",0.05,False,1.069084162919137,1.1333236728757352,0.21464,0.11309002790977508,1.6401899660079096
0.9,0.0,constant_real,constant_real,0.06,True,,False,"constant_real @ 6.0%, 90% equity / 0% domestic",0.06,False,0.9934712063796949,1.0781826301831157,0.36468,0.2102398177186003,1.706027849193675
0.9,0.0,constant_real,constant_real,0.07,True,,False,"constant_real @ 7.0%, 90% equity / 0% domestic",0.07,False,0.9165178331576362,1.0023559370228659,0.51316,0.31763812052162566,1.7452191618958817
0.9,0.0,constant_real,constant_real,0.08,True,,False,"constant_real @ 8.0%, 90% equity / 0% domestic",0.08,False,0.8515157890653222,0.9308254390073911,0.65228,0.4295918629961177,1.7580082469009677
0.9,0.0,constant_real,constant_real,0.09,True,,False,"constant_real @ 9.0%, 90% equity / 0% domestic",0.09,False,0.8015306781002667,0.8718082907141809,0.76488,0.5342321147599464,1.7500884202287925
0.9,0.0,constant_real,constant_real,0.1,True,,False,"constant_real @ 10.0%, 90% equity / 0% domestic",0.1,False,0.7636242875012171,0.8254397414588606,0.85044,0.6259260013771074,1.728586514888268
0.9,0.0,constant_real,constant_real,0.12,True,,False,"constant_real @ 12.0%, 90% equity / 0% domestic",0.12,False,0.7126301335705794,0.7609452067299898,0.94944,0.7601544611336747,1.674951347233262
0.9,0.0,constant_percent,constant_percent,0.03,True,,False,"constant_percent @ 3.0%, 90% equity / 0% domestic",0.03,False,1.1054781939602587,1.098762111992843,0.0,0.0,1.7628622283503337
0.9,0.0,constant_percent,constant_percent,0.035,True,,False,"constant_percent @ 3.5%, 90% equity / 0% domestic",0.035,False,1.1466585659935329,1.1435589717571522,0.0,0.0,1.8097979779755207
0.9,0.0,constant_percent,constant_percent,0.04,True,,False,"constant_percent @ 4.0%, 90% equity / 0% domestic",0.04,False,1.1808867085929629,1.1821719463603593,0.0,0.0,1.8448239366293884
0.9,0.0,constant_percent,constant_percent,0.045,True,,False,"constant_percent @ 4.5%, 90% equity / 0% domestic",0.045,False,1.2087165653666456,1.215070990913993,0.0,0.0,1.8699662578751957
0.9,0.0,constant_percent,constant_percent,0.05,True,,False,"constant_percent @ 5.0%, 90% equity / 0% domestic",0.05,False,1.2306096427127382,1.2426254024941243,0.0,0.0,1.886949743404932
0.9,0.0,constant_percent,constant_percent,0.06,True,,False,"constant_percent @ 6.0%, 90% equity / 0% domestic",0.06,False,1.2582357672745237,1.2829283467953572,0.0,0.0,1.902076035619209
0.9,0.0,constant_percent,constant_percent,0.07,True,,False,"constant_percent @ 7.0%, 90% equity / 0% domestic",0.07,False,1.2669811854792983,1.3053638686277043,0.0,0.0,1.8994204018940803
0.9,0.0,constant_percent,constant_percent,0.08,True,,False,"constant_percent @ 8.0%, 90% equity / 0% domestic",0.08,False,1.2601099345190812,1.312201569079147,0.0,0.0,1.885528004452253
0.9,0.0,constant_percent,constant_percent,0.09,True,,False,"constant_percent @ 9.0%, 90% equity / 0% domestic",0.09,False,1.2409521655249514,1.3058573685307424,0.0,0.0,1.864983669462709
0.9,0.0,constant_percent,constant_percent,0.1,True,,False,"constant_percent @ 10.0%, 90% equity / 0% domestic",0.1,False,1.2127530228850518,1.2888684869997158,0.0,0.0,1.8409450633740638
0.9,0.0,constant_percent,constant_percent,0.12,True,,False,"constant_percent @ 12.0%, 90% equity / 0% domestic",0.12,False,1.1407176544625695,1.2329743040312113,0.0,0.0,1.7901593981229267
0.9,0.0,guyton_klinger,guyton_klinger,0.03,True,,False,"guyton_klinger @ 3.0%, 90% equity / 0% domestic",0.03,False,1.0486248181690079,1.0443690236169432,4e-05,9.76827368647285e-06,1.6300621665262847
0.9,0.0,guyton_klinger,guyton_klinger,0.035,True,,False,"guyton_klinger @ 3.5%, 90% equity / 0% domestic",0.035,False,1.0920536949512847,1.090338785767387,4e-05,1.2801491589647849e-05,1.688611783294946
0.9,0.0,guyton_klinger,guyton_klinger,0.04,True,,False,"guyton_klinger @ 4.0%, 90% equity / 0% domestic",0.04,False,1.1298889409960602,1.1313003873593155,0.00012,3.540592934450019e-05,1.7380937606531233
0.9,0.0,guyton_klinger,guyton_klinger,0.045,True,,False,"guyton_klinger @ 4.5%, 90% equity / 0% domestic",0.045,False,1.1629420472950631,1.1681029506359,0.00024,7.389656236928822e-05,1.780007319182193
0.9,0.0,guyton_klinger,guyton_klinger,0.05,True,,False,"guyton_klinger @ 5.0%, 90% equity / 0% domestic",0.05,False,1.1913185410099907,1.2006821735132567,0.0006,0.00019096860161722763,1.8146979416339273
0.9,0.0,guyton_klinger,guyton_klinger,0.06,True,,False,"guyton_klinger @ 6.0%, 90% equity / 0% domestic",0.06,False,1.2337506404856469,1.2535048801870032,0.00648,0.0019782334404738764,1.8652069519758208
0.9,0.0,guyton_klinger,guyton_klinger,0.07,True,,False,"guyton_klinger @ 7.0%, 90% equity / 0% domestic",0.07,False,1.2506505636802556,1.286837077927987,0.03392,0.010799122043555827,1.8939627332833584
0.9,0.0,guyton_klinger,guyton_klinger,0.08,True,,False,"guyton_klinger @ 8.0%, 90% equity / 0% domestic",0.08,False,1.2237076938001996,1.289763037984508,0.12904,0.042371979410287385,1.9026481544977427
0.9,0.0,guyton_klinger,guyton_klinger,0.09,True,,False,"guyton_klinger @ 9.0%, 90% equity / 0% domestic",0.09,False,1.1456943056649898,1.2494878965876361,0.315,0.11163620368413397,1.8896642119978444
0.9,0.0,guyton_klinger,guyton_klinger,0.1,True,,False,"guyton_klinger @ 10.0%, 90% equity / 0% domestic",0.1,False,1.0500199376749622,1.1750129897017523,0.51584,0.20551693403599583,1.8584374457126247
0.9,0.0,guyton_klinger,guyton_klinger,0.12,True,,False,"guyton_klinger @ 12.0%, 90% equity / 0% domestic",0.12,False,0.8948214871876614,1.0091253126940567,0.8188,0.41518006947994085,1.7749202408396112
0.9,0.0,guyton_klinger,guyton_klinger (tight band),0.03,True,,False,"guyton_klinger (tight band) @ 3.0%, 90% equity / 0% domestic",0.03,False,1.0660851147819634,1.0607101551776357,0.0,0.0,1.6694988942198312
0.9,0.0,guyton_klinger,guyton_klinger (tight band),0.035,True,,False,"guyton_klinger (tight band) @ 3.5%, 90% equity / 0% domestic",0.035,False,1.1093936881242135,1.106595889210753,4e-05,1.1258300121115244e-05,1.7289485178941584
0.9,0.0,guyton_klinger,guyton_klinger (tight band),0.04,True,,False,"guyton_klinger (tight band) @ 4.0%, 90% equity / 0% domestic",0.04,False,1.1470185406123057,1.1474071418708682,0.00016,4.671739449950565e-05,1.7786177798861336
0.9,0.0,guyton_klinger,guyton_klinger (tight band),0.045,True,,False,"guyton_klinger (tight band) @ 4.5%, 90% equity / 0% domestic",0.045,False,1.1792664988319317,1.1833654045837094,0.00024,7.698294530635342e-05,1.8190574949118472
0.9,0.0,guyton_klinger,guyton_klinger (tight band),0.05,True,,False,"guyton_klinger (tight band) @ 5.0%, 90% equity / 0% domestic",0.05,False,1.206438405827264,1.2147572815378291,0.00076,0.00023128409774385674,1.8514062564165303
0.9,0.0,guyton_klinger,guyton_klinger (tight band),0.06,True,,False,"guyton_klinger (tight band) @ 6.0%, 90% equity / 0% domestic",0.06,False,1.2453590044372138,1.2641192084332469,0.00692,0.00207080690523114,1.8955710460117179
0.9,0.0,guyton_klinger,guyton_klinger (tight band),0.07,True,,False,"guyton_klinger (tight band) @ 7.0%, 90% equity / 0% domestic",0.07,False,1.2609774441809447,1.2949740041741737,0.0312,0.009732713875598322,1.9179507684895505
0.9,0.0,guyton_klinger,guyton_klinger (tight band),0.08,True,,False,"guyton_klinger (tight band) @ 8.0%, 90% equity / 0% domestic",0.08,False,1.2389055940649987,1.2994408252492031,0.11112,0.035312810709383496,1.9202374054293734
0.9,0.0,guyton_klinger,guyton_klinger (tight band),0.09,True,,False,"guyton_klinger (tight band) @ 9.0%, 90% equity / 0% domestic",0.09,False,1.1677537882833515,1.2660036896040232,0.29108,0.09781283796036609,1.9018484360468288
0.9,0.0,guyton_klinger,guyton_klinger (tight band),0.1,True,,False,"guyton_klinger (tight band) @ 10.0%, 90% equity / 0% domestic",0.1,False,1.0791220729876474,1.202281385107179,0.49388,0.18358616942891431,1.86857288616828
0.9,0.0,guyton_klinger,guyton_klinger (tight band),0.12,True,,False,"guyton_klinger (tight band) @ 12.0%, 90% equity / 0% domestic",0.12,False,0.919898699960429,1.0405975779596892,0.8116,0.3832490789335563,1.7835816235676896
0.9,0.0,guyton_klinger,guyton_klinger (no inflation rule),0.03,True,,False,"guyton_klinger (no inflation rule) @ 3.0%, 90% equity / 0% domestic",0.03,False,1.0941707111828864,1.0855230262760056,0.00656,0.003115209762086009,1.6828856996194095
0.9,0.0,guyton_klinger,guyton_klinger (no inflation rule),0.035,True,,False,"guyton_klinger (no inflation rule) @ 3.5%, 90% equity / 0% domestic",0.035,False,1.1405567592479182,1.1353765534503741,0.01164,0.005153191765671428,1.7439721715596896
0.9,0.0,guyton_klinger,guyton_klinger (no inflation rule),0.04,True,,False,"guyton_klinger (no inflation rule) @ 4.0%, 90% equity / 0% domestic",0.04,False,1.1784768204582756,1.1785695549241415,0.01896,0.008261495562306504,1.7953251062498805
0.9,0.0,guyton_klinger,guyton_klinger (no inflation rule),0.045,True,,False,"guyton_klinger (no inflation rule) @ 4.5%, 90% equity / 0% domestic",0.045,False,1.2071407579872322,1.2147465345299937,0.02976,0.012898282526274025,1.837452862721428
0.9,0.0,guyton_klinger,guyton_klinger (no inflation rule),0.05,True,,False,"guyton_klinger (no inflation rule) @ 5.0%, 90% equity / 0% domestic",0.05,False,1.2257922230368772,1.2432968600697698,0.0494,0.020407433925714983,1.87105518650393
0.9,0.0,guyton_klinger,guyton_klinger (no inflation rule),0.06,True,,False,"guyton_klinger (no inflation rule) @ 6.0%, 90% equity / 0% domestic",0.06,False,1.2233443603721263,1.2718480228510727,0.1238,0.04882251993262547,1.9147319285574014
0.9,0.0,guyton_klinger,guyton_klinger (no inflation rule),0.07,True,,False,"guyton_klinger (no inflation rule) @ 7.0%, 90% equity / 0% domestic",0.07,False,1.166323475011813,1.2524510045200665,0.24896,0.10146349758862407,1.9298898840091088
0.9,0.0,guyton_klinger,guyton_klinger (no inflation rule),0.08,True,,False,"guyton_klinger (no inflation rule) @ 8.0%, 90% equity / 0% domestic",0.08,False,1.0801006682554466,1.191899420066819,0.42832,0.18244683971506653,1.9183539100017333
0.9,0.0,guyton_klinger,guyton_klinger (no inflation rule),0.09,True,,False,"guyton_klinger (no inflation rule) @ 9.0%, 90% equity / 0% domestic",0.09,False,0.9904034454864115,1.1090378988187894,0.62276,0.2861010776054163,1.8844097041919594
0.9,0.0,guyton_klinger,guyton_klinger (no inflation rule),0.1,True,,False,"guyton_klinger (no inflation rule) @ 10.0%, 90% equity / 0% domestic",0.1,False,0.9152237214011002,1.026538272040878,0.77424,0.39109739171071284,1.8391631499242982
0.9,0.0,guyton_klinger,guyton_klinger (no inflation rule),0.12,True,,False,"guyton_klinger (no inflation rule) @ 12.0%, 90% equity / 0% domestic",0.12,False,0.8118323869984129,0.8995438217665014,0.95348,0.5758636279375219,1.7454820565902913
0.9,0.0,vanguard_dynamic,vanguard_dynamic,0.03,True,,False,"vanguard_dynamic @ 3.0%, 90% equity / 0% domestic",0.03,False,1.0931832554349001,1.089834747461911,0.01464,0.007473783430495446,1.6039860233073364
0.9,0.0,vanguard_dynamic,vanguard_dynamic,0.035,True,,False,"vanguard_dynamic @ 3.5%, 90% equity / 0% domestic",0.035,False,1.13772760256601,1.1402135153056543,0.02336,0.012297951381538018,1.6678001226607986
0.9,0.0,vanguard_dynamic,vanguard_dynamic,0.04,True,,False,"vanguard_dynamic @ 4.0%, 90% equity / 0% domestic",0.04,False,1.1706873798839632,1.1819878847699603,0.0382,0.01957635007170458,1.7236874559862971
0.9,0.0,vanguard_dynamic,vanguard_dynamic,0.045,True,,False,"vanguard_dynamic @ 4.5%, 90% equity / 0% domestic",0.045,False,1.186678413356463,1.2118376477138197,0.06512,0.03237418413176345,1.7708449576523997
0.9,0.0,vanguard_dynamic,vanguard_dynamic,0.05,True,,False,"vanguard_dynamic @ 5.0%, 90% equity / 0% domestic",0.05,False,1.178612481058568,1.2230563218577568,0.10644,0.053567801562180266,1.8088301489354643
0.9,0.0,vanguard_dynamic,vanguard_dynamic,0.06,True,,False,"vanguard_dynamic @ 6.0%, 90% equity / 0% domestic",0.06,False,1.10048245552233,1.1836120884248706,0.2452,0.1276304951340337,1.8575561562899348
0.9,0.0,vanguard_dynamic,vanguard_dynamic,0.07,True,,False,"vanguard_dynamic @ 7.0%, 90% equity / 0% domestic",0.07,False,0.9927321834673088,1.088571527861606,0.4184,0.2353288391336979,1.8708809152426318
0.9,0.0,vanguard_dynamic,vanguard_dynamic,0.08,True,,False,"vanguard_dynamic @ 8.0%, 90% equity / 0% domestic",0.08,False,0.9058846857599951,0.9974225887185845,0.59748,0.3556678375478064,1.8553669869191372
0.9,0.0,vanguard_dynamic,vanguard_dynamic,0.09,True,,False,"vanguard_dynamic @ 9.0%, 90% equity / 0% domestic",0.09,False,0.8370377460967343,0.9198171559965984,0.767,0.4842072015873525,1.8187891079389338
0.9,0.0,vanguard_dynamic,vanguard_dynamic,0.1,True,,False,"vanguard_dynamic @ 10.0%, 90% equity / 0% domestic",0.1,False,0.7871230735521713,0.8596927951359017,0.88192,0.596659101099337,1.7726603062287023
0.9,0.0,vanguard_dynamic,vanguard_dynamic,0.12,True,,False,"vanguard_dynamic @ 12.0%, 90% equity / 0% domestic",0.12,False,0.7234505270066967,0.7787442631771124,0.985,0.7563747005089722,1.6870553654839677
0.9,0.0,vanguard_dynamic,vanguard_dynamic (asymmetric),0.03,True,,False,"vanguard_dynamic (asymmetric) @ 3.0%, 90% equity / 0% domestic",0.03,False,1.0428823421239681,1.0455213264721632,0.00532,0.0030555241433345573,1.4905906757715568
0.9,0.0,vanguard_dynamic,vanguard_dynamic (asymmetric),0.035,True,,False,"vanguard_dynamic (asymmetric) @ 3.5%, 90% equity / 0% domestic",0.035,False,1.090566078395271,1.096202348437243,0.009,0.005037284966419218,1.5487731794598623
0.9,0.0,vanguard_dynamic,vanguard_dynamic (asymmetric),0.04,True,,False,"vanguard_dynamic (asymmetric) @ 4.0%, 90% equity / 0% domestic",0.04,False,1.1300277455966583,1.1404988537672127,0.01484,0.008306275501677476,1.6021439415015115
0.9,0.0,vanguard_dynamic,vanguard_dynamic (asymmetric),0.045,True,,False,"vanguard_dynamic (asymmetric) @ 4.5%, 90% equity / 0% domestic",0.045,False,1.1608237487151642,1.1778011669475594,0.02208,0.012356124356463565,1.6503909072053604
0.9,0.0,vanguard_dynamic,vanguard_dynamic (asymmetric),0.05,True,,False,"vanguard_dynamic (asymmetric) @ 5.0%, 90% equity / 0% domestic",0.05,False,1.1823593626598181,1.207701896075294,0.03312,0.018111686114624135,1.6930061387058999
0.9,0.0,vanguard_dynamic,vanguard_dynamic (asymmetric),0.06,True,,False,"vanguard_dynamic (asymmetric) @ 6.0%, 90% equity / 0% domestic",0.06,False,1.182093917639043,1.2336488903675311,0.08388,0.044628707981528314,1.7610763635732283
0.9,0.0,vanguard_dynamic,vanguard_dynamic (asymmetric),0.07,True,,False,"vanguard_dynamic (asymmetric) @ 7.0%, 90% equity / 0% domestic",0.07,False,1.118965004771049,1.1986863690250438,0.18252,0.09943440297595713,1.803460875167617
0.9,0.0,vanguard_dynamic,vanguard_dynamic (asymmetric),0.08,True,,False,"vanguard_dynamic (asymmetric) @ 8.0%, 90% equity / 0% domestic",0.08,False,1.0209137930212882,1.1134604144105233,0.32996,0.18851188503042915,1.8196924782076336
0.9,0.0,vanguard_dynamic,vanguard_dynamic (asymmetric),0.09,True,,False,"vanguard_dynamic (asymmetric) @ 9.0%, 90% equity / 0% domestic",0.09,False,0.9356087252004714,1.0254312599645294,0.48084,0.290516099367047,1.8147366252222736
0.9,0.0,vanguard_dynamic,vanguard_dynamic (asymmetric),0.1,True,,False,"vanguard_dynamic (asymmetric) @ 10.0%, 90% equity / 0% domestic",0.1,False,0.8648086267498268,0.9479124376090688,0.65156,0.4093735929896681,1.7926625608174906
0.9,0.0,vanguard_dynamic,vanguard_dynamic (asymmetric),0.12,True,,False,"vanguard_dynamic (asymmetric) @ 12.0%, 90% equity / 0% domestic",0.12,False,0.7664591984429862,0.8317517320385901,0.8968,0.6331003826346702,1.720382845775661
0.9,0.0,endowment,endowment,0.03,True,,False,"endowment @ 3.0%, 90% equity / 0% domestic",0.03,False,1.1023292260930995,1.0961280521233294,0.00016,9.3193432186671e-05,1.728824285826913
0.9,0.0,endowment,endowment,0.035,True,,False,"endowment @ 3.5%, 90% equity / 0% domestic",0.035,False,1.1459852121638199,1.1439355666396178,0.00024,0.00013954199334877593,1.7808075753635801
0.9,0.0,endowment,endowment,0.04,True,,False,"endowment @ 4.0%, 90% equity / 0% domestic",0.04,False,1.1820721093422668,1.185312073383097,0.00044,0.000275793830634485,1.8211520006662487
0.9,0.0,endowment,endowment,0.045,True,,False,"endowment @ 4.5%, 90% equity / 0% domestic",0.045,False,1.2106741444681548,1.2203323347923092,0.00096,0.0006006893117994613,1.8513605610858135
0.9,0.0,endowment,endowment,0.05,True,,False,"endowment @ 5.0%, 90% equity / 0% domestic",0.05,False,1.2318474092473903,1.2489775170933115,0.00152,0.0009665420973370752,1.8727909681658954
0.9,0.0,endowment,endowment,0.06,True,,False,"endowment @ 6.0%, 90% equity / 0% domestic",0.06,False,1.2520090742615357,1.2867261928820368,0.0042,0.0024750829172497358,1.8940721684489839
0.9,0.0,endowment,endowment,0.07,True,,False,"endowment @ 7.0%, 90% equity / 0% domestic",0.07,False,1.2441073481674072,1.297539228062938,0.0108,0.006683597049299472,1.8932812037701696
0.9,0.0,endowment,endowment,0.08,True,,False,"endowment @ 8.0%, 90% equity / 0% domestic",0.08,False,1.2148833536084864,1.2862982047176788,0.01468,0.008996523109436756,1.8771012128609474
0.9,0.0,endowment,endowment,0.09,True,,False,"endowment @ 9.0%, 90% equity / 0% domestic",0.09,False,1.16588621568421,1.2531087112071213,0.0234,0.013949450204778037,1.8507346068807113
0.9,0.0,endowment,endowment,0.1,True,,False,"endowment @ 10.0%, 90% equity / 0% domestic",0.1,False,1.0993004706697838,1.1980562980256473,0.05504,0.029778329288775704,1.8181657572048886
0.9,0.0,endowment,endowment,0.12,True,,False,"endowment @ 12.0%, 90% equity / 0% domestic",0.12,False,0.9435908884584798,1.0453886627631441,0.31396,0.1673145200142837,1.7461030737675267
0.9,0.0,endowment,endowment (light smoothing),0.03,True,,False,"endowment (light smoothing) @ 3.0%, 90% equity / 0% domestic",0.03,False,1.105778309845606,1.0991110980989407,0.0,0.0,1.7567503645713167
0.9,0.0,endowment,endowment (light smoothing),0.035,True,,False,"endowment (light smoothing) @ 3.5%, 90% equity / 0% domestic",0.035,False,1.1476127602489796,1.144671902408168,0.0,0.0,1.804737103735811
0.9,0.0,endowment,endowment (light smoothing),0.04,True,,False,"endowment (light smoothing) @ 4.0%, 90% equity / 0% domestic",0.04,False,1.182372180081088,1.1839833026601636,0.0,0.0,1.840799493364117
0.9,0.0,endowment,endowment (light smoothing),0.045,True,,False,"endowment (light smoothing) @ 4.5%, 90% equity / 0% domestic",0.045,False,1.2105519051197613,1.217458960506806,0.0,0.0,1.8668700397793614
0.9,0.0,endowment,endowment (light smoothing),0.05,True,,False,"endowment (light smoothing) @ 5.0%, 90% equity / 0% domestic",0.05,False,1.2325642004155233,1.2454168411338842,0.0,0.0,1.8846146256424006
0.9,0.0,endowment,endowment (light smoothing),0.06,True,,False,"endowment (light smoothing) @ 6.0%, 90% equity / 0% domestic",0.06,False,1.2595954470437694,1.2858333998700902,0.0,0.0,1.9006514044902139
0.9,0.0,endowment,endowment (light smoothing),0.07,True,,False,"endowment (light smoothing) @ 7.0%, 90% equity / 0% domestic",0.07,False,1.266526278391214,1.307251182361809,0.0,0.0,1.8980724008619358
0.9,0.0,endowment,endowment (light smoothing),0.08,True,,False,"endowment (light smoothing) @ 8.0%, 90% equity / 0% domestic",0.08,False,1.2566709033725147,1.3118334617898186,0.0,0.0,1.8835353608839718
0.9,0.0,endowment,endowment (light smoothing),0.09,True,,False,"endowment (light smoothing) @ 9.0%, 90% equity / 0% domestic",0.09,False,1.2335828837294152,1.3020624135758054,0.0,0.0,1.861807180007199
0.9,0.0,endowment,endowment (light smoothing),0.1,True,,False,"endowment (light smoothing) @ 10.0%, 90% equity / 0% domestic",0.1,False,1.2008357458306742,1.2806909489956175,0.0,0.0,1.8362394833204734
0.9,0.0,endowment,endowment (light smoothing),0.12,True,,False,"endowment (light smoothing) @ 12.0%, 90% equity / 0% domestic",0.12,False,1.1192473245847985,1.2144447970395604,0.0,0.0,1.782026575004455
0.9,0.0,life_expectancy,life_expectancy,,False,,False,"life_expectancy, 90% equity / 0% domestic",0.03333333333333333,False,1.2400521877330541,1.229622997022962,0.0,0.0,2.422716884331352
0.9,0.0,life_expectancy,life_expectancy (+5y buffer),,False,,False,"life_expectancy (+5y buffer), 90% equity / 0% domestic",0.02857142857142857,False,1.1936548094154746,1.167443861355937,0.0,0.0,2.2289182182590026
0.9,0.0,gompertz,gompertz,,False,,False,"gompertz, 90% equity / 0% domestic",0.04598575701368062,True,1.320663585023179,1.3274469851220567,0.0,0.0,2.110365229099152
0.9,0.0,gompertz,gompertz (+5y buffer),,False,,False,"gompertz (+5y buffer), 90% equity / 0% domestic",0.03738895907792182,True,1.2577790545635936,1.2467076746903463,0.0,0.0,2.0847690361694426
0.9,0.0,amortisation,amortisation (0% assumed return),,False,0.0,True,"amortisation (0% assumed return), 90% equity / 0% domestic",0.03333333333333333,False,1.2400521877330541,1.229622997022962,0.0,0.0,2.422716884331352
0.9,0.0,amortisation,amortisation (1% assumed return),,False,0.01,True,"amortisation (1% assumed return), 90% equity / 0% domestic",0.03874811321584711,False,1.2709426338517282,1.268413771093138,0.0,0.0,2.3498041799226086
0.9,0.0,amortisation,amortisation (2% assumed return),,False,0.02,True,"amortisation (2% assumed return), 90% equity / 0% domestic",0.04464992229340293,False,1.295252948764954,1.3021870778688989,0.0,0.0,2.279731377927423
0.9,0.0,amortisation,amortisation (3% assumed return),,False,0.03,True,"amortisation (3% assumed return), 90% equity / 0% domestic",0.05101925932025255,False,1.3116950264445568,1.3295335178507508,0.0,0.0,2.2130142800953925
0.9,0.0,amortisation,amortisation (4% assumed return),,False,0.04,True,"amortisation (4% assumed return), 90% equity / 0% domestic",0.057830099133661314,False,1.3193101926219,1.3492228776988182,0.0,0.0,2.150056657697037
0.9,0.0,amortisation,amortisation (5% assumed return),,False,0.05,True,"amortisation (5% assumed return), 90% equity / 0% domestic",0.06505143508027657,False,1.317608612975775,1.3603390175201548,0.0,0.0,2.09114344133255
0.9,0.0,amortisation,amortisation (6% assumed return),,False,0.06,True,"amortisation (6% assumed return), 90% equity / 0% domestic",0.07264891149004721,False,1.3066702582111605,1.3624052255935266,0.0,0.0,2.0364419325187884
0.9,0.0,amortisation,amortisation (7% assumed return),,False,0.07,True,"amortisation (7% assumed return), 90% equity / 0% domestic",0.08058640351111118,False,1.287173056749933,1.3554705653740093,0.0,0.0,1.9860098057810993
0.9,0.0,amortisation,amortisation (8% assumed return),,False,0.08,True,"amortisation (8% assumed return), 90% equity / 0% domestic",0.08882743338727227,False,1.260327026733253,1.340128572009936,0.0,0.0,1.9398081549173463
0.9,0.0,amortisation,amortisation (10% assumed return),,False,0.1,True,"amortisation (10% assumed return), 90% equity / 0% domestic",0.1060792482526339,False,1.191119881695569,1.2888657224902746,0.0,0.0,1.859556026118695
0.9,0.0,amortisation,amortisation (12% assumed return),,False,0.12,True,"amortisation (12% assumed return), 90% equity / 0% domestic",0.12414365755194319,False,1.1126854387183291,1.2202942609048761,0.0,0.0,1.7940774398707648
0.9,0.1,constant_real,constant_real,0.03,True,,False,"constant_real @ 3.0%, 90% equity / 10% domestic",0.03,False,1.0162795028708602,1.027406912279989,0.02344,0.011603686244556101,1.4242302260876627
0.9,0.1,constant_real,constant_real,0.035,True,,False,"constant_real @ 3.5%, 90% equity / 10% domestic",0.035,False,1.0619689178380207,1.0787331510489817,0.0458,0.022284035801644758,1.4813659382040312
0.9,0.1,constant_real,constant_real,0.04,True,,False,"constant_real @ 4.0%, 90% equity / 10% domestic",0.04,False,1.091160786759673,1.1188531072202466,0.08388,0.040663524314360155,1.535764345309754
0.9,0.1,constant_real,constant_real,0.045,True,,False,"constant_real @ 4.5%, 90% equity / 10% domestic",0.045,False,1.0959968580950894,1.140841879072846,0.1416,0.07028383570490569,1.5849371589830625
0.9,0.1,constant_real,constant_real,0.05,True,,False,"constant_real @ 5.0%, 90% equity / 10% domestic",0.05,False,1.0748078069335818,1.1391897729058438,0.21416,0.11063987966625387,1.62758131174507
0.9,0.1,constant_real,constant_real,0.06,True,,False,"constant_real @ 6.0%, 90% equity / 10% domestic",0.06,False,0.9969358525055065,1.083220378680961,0.3668,0.20920292778376257,1.6917717111921005
0.9,0.1,constant_real,constant_real,0.07,True,,False,"constant_real @ 7.0%, 90% equity / 10% domestic",0.07,False,0.9174822816890426,1.0045980459256683,0.516,0.3183404746641818,1.7295551544506653
0.9,0.1,constant_real,constant_real,0.08,True,,False,"constant_real @ 8.0%, 90% equity / 10% domestic",0.08,False,0.8518009700648106,0.9318416503823908,0.65708,0.43172845309830443,1.7412779420556599
0.9,0.1,constant_real,constant_real,0.09,True,,False,"constant_real @ 9.0%, 90% equity / 10% domestic",0.09,False,0.8011035206274197,0.8719756688318115,0.7718,0.5379826916770295,1.7322036087226376
0.9,0.1,constant_real,constant_real,0.1,True,,False,"constant_real @ 10.0%, 90% equity / 10% domestic",0.1,False,0.7630262605416026,0.8251959813399662,0.8574,0.6299823195788573,1.710838962320871
0.9,0.1,constant_real,constant_real,0.12,True,,False,"constant_real @ 12.0%, 90% equity / 10% domestic",0.12,False,0.7117803050105912,0.7601922082919343,0.9538,0.7642812466963439,1.6574706215672448
0.9,0.1,constant_percent,constant_percent,0.03,True,,False,"constant_percent @ 3.0%, 90% equity / 10% domestic",0.03,False,1.1056514871795013,1.0986124182864252,0.0,0.0,1.7362189942291568
0.9,0.1,constant_percent,constant_percent,0.035,True,,False,"constant_percent @ 3.5%, 90% equity / 10% domestic",0.035,False,1.147520833059497,1.1440922489165533,0.0,0.0,1.781591953567419
0.9,0.1,constant_percent,constant_percent,0.04,True,,False,"constant_percent @ 4.0%, 90% equity / 10% domestic",0.04,False,1.1823824692696907,1.183365297196053,0.0,0.0,1.8155373831170758
0.9,0.1,constant_percent,constant_percent,0.045,True,,False,"constant_percent @ 4.5%, 90% equity / 10% domestic",0.045,False,1.2107612361548825,1.2168735016810759,0.0,0.0,1.8399947334121507
0.9,0.1,constant_percent,constant_percent,0.05,True,,False,"constant_percent @ 5.0%, 90% equity / 10% domestic",0.05,False,1.2330974904992118,1.2449639753361998,0.0,0.0,1.856615375136253
0.9,0.1,constant_percent,constant_percent,0.06,True,,False,"constant_percent @ 6.0%, 90% equity / 10% domestic",0.06,False,1.261245588035174,1.2860573965622384,0.0,0.0,1.871744083113765
0.9,0.1,constant_percent,constant_percent,0.07,True,,False,"constant_percent @ 7.0%, 90% equity / 10% domestic",0.07,False,1.2700176302313617,1.3088546322606953,0.0,0.0,1.8697542888364875
0.9,0.1,constant_percent,constant_percent,0.08,True,,False,"constant_percent @ 8.0%, 90% equity / 10% domestic",0.08,False,1.2627461500337605,1.3156280101864903,0.0,0.0,1.8569205647529672
0.9,0.1,constant_percent,constant_percent,0.09,True,,False,"constant_percent @ 9.0%, 90% equity / 10% domestic",0.09,False,1.242888569028043,1.308859428183835,0.0,0.0,1.8376417169523669
0.9,0.1,constant_percent,constant_percent,0.1,True,,False,"constant_percent @ 10.0%, 90% equity / 10% domestic",0.1,False,1.2138355593981596,1.2911921121846508,0.0,0.0,1.8149503854504472
0.9,0.1,constant_percent,constant_percent,0.12,True,,False,"constant_percent @ 12.0%, 90% equity / 10% domestic",0.12,False,1.1401186364368585,1.2336436289538122,0.0,0.0,1.7668093588390366
0.9,0.1,guyton_klinger,guyton_klinger,0.03,True,,False,"guyton_klinger @ 3.0%, 90% equity / 10% domestic",0.03,False,1.047819131633943,1.04352853237809,0.0,0.0,1.6155411413832146
0.9,0.1,guyton_klinger,guyton_klinger,0.035,True,,False,"guyton_klinger @ 3.5%, 90% equity / 10% domestic",0.035,False,1.0912478625172282,1.0894834157153936,4e-05,1.1258300121115244e-05,1.6718601319262052
0.9,0.1,guyton_klinger,guyton_klinger,0.04,True,,False,"guyton_klinger @ 4.0%, 90% equity / 10% domestic",0.04,False,1.1296505777009558,1.1310463553997772,8e-05,2.405979171076309e-05,1.7199021853511434
0.9,0.1,guyton_klinger,guyton_klinger,0.045,True,,False,"guyton_klinger @ 4.5%, 90% equity / 10% domestic",0.045,False,1.1630702698576412,1.1681752906388292,0.0002,5.797569462062089e-05,1.7596896190904598
0.9,0.1,guyton_klinger,guyton_klinger,0.05,True,,False,"guyton_klinger @ 5.0%, 90% equity / 10% domestic",0.05,False,1.1919517357720941,1.2013058341477447,0.00048,0.0001400626667291177,1.7927888057586276
0.9,0.1,guyton_klinger,guyton_klinger,0.06,True,,False,"guyton_klinger @ 6.0%, 90% equity / 10% domestic",0.06,False,1.2356016179936298,1.2552862278566024,0.00464,0.001415330356529093,1.8408183378736347
0.9,0.1,guyton_klinger,guyton_klinger,0.07,True,,False,"guyton_klinger @ 7.0%, 90% equity / 10% domestic",0.07,False,1.2543458053046979,1.289900999231732,0.03056,0.009527231887163753,1.8681557283565084
0.9,0.1,guyton_klinger,guyton_klinger,0.08,True,,False,"guyton_klinger @ 8.0%, 90% equity / 10% domestic",0.08,False,1.2285410485859534,1.2940766932223724,0.123,0.03972394937233459,1.8764310594093498
0.9,0.1,guyton_klinger,guyton_klinger,0.09,True,,False,"guyton_klinger @ 9.0%, 90% equity / 10% domestic",0.09,False,1.1498858784379213,1.2541296865418776,0.31332,0.1092202576651664,1.8636519186506588
0.9,0.1,guyton_klinger,guyton_klinger,0.1,True,,False,"guyton_klinger @ 10.0%, 90% equity / 10% domestic",0.1,False,1.0532996646428647,1.1800335113630112,0.5234,0.2054440706294556,1.8333820754989516
0.9,0.1,guyton_klinger,guyton_klinger,0.12,True,,False,"guyton_klinger @ 12.0%, 90% equity / 10% domestic",0.12,False,0.8955020987203353,1.01118109557121,0.82612,0.4161856325973677,1.7517423395585932
0.9,0.1,guyton_klinger,guyton_klinger (tight band),0.03,True,,False,"guyton_klinger (tight band) @ 3.0%, 90% equity / 10% domestic",0.03,False,1.065305642643379,1.0599085516467601,0.0,0.0,1.653872681731832
0.9,0.1,guyton_klinger,guyton_klinger (tight band),0.035,True,,False,"guyton_klinger (tight band) @ 3.5%, 90% equity / 10% domestic",0.035,False,1.1089573272183946,1.1061475782086114,4e-05,9.76827368647285e-06,1.7112480120164328
0.9,0.1,guyton_klinger,guyton_klinger (tight band),0.04,True,,False,"guyton_klinger (tight band) @ 4.0%, 90% equity / 10% domestic",0.04,False,1.14698216981445,1.1473719100752364,4e-05,1.2801491589647849e-05,1.7586060198778901
0.9,0.1,guyton_klinger,guyton_klinger (tight band),0.045,True,,False,"guyton_klinger (tight band) @ 4.5%, 90% equity / 10% domestic",0.045,False,1.1795052329124875,1.1836445977676051,0.00016,4.81727484554164e-05,1.7972905145275297
0.9,0.1,guyton_klinger,guyton_klinger (tight band),0.05,True,,False,"guyton_klinger (tight band) @ 5.0%, 90% equity / 10% domestic",0.05,False,1.2070531474517694,1.215432017508591,0.00064,0.00018688471203962638,1.8280104004962179
0.9,0.1,guyton_klinger,guyton_klinger (tight band),0.06,True,,False,"guyton_klinger (tight band) @ 6.0%, 90% equity / 10% domestic",0.06,False,1.2472285317685343,1.2659024396173906,0.00584,0.0017213619020922811,1.8701234389138606
0.9,0.1,guyton_klinger,guyton_klinger (tight band),0.07,True,,False,"guyton_klinger (tight band) @ 7.0%, 90% equity / 10% domestic",0.07,False,1.2637537921348174,1.297360805633983,0.02768,0.008491579837666536,1.8910845136622447
0.9,0.1,guyton_klinger,guyton_klinger (tight band),0.08,True,,False,"guyton_klinger (tight band) @ 8.0%, 90% equity / 10% domestic",0.08,False,1.2430564673797955,1.3031081014200856,0.10484,0.032909831160946715,1.8930906279559703
0.9,0.1,guyton_klinger,guyton_klinger (tight band),0.09,True,,False,"guyton_klinger (tight band) @ 9.0%, 90% equity / 10% domestic",0.09,False,1.1735939157232989,1.2712636834923898,0.28124,0.09335289571722674,1.8753788739042332
0.9,0.1,guyton_klinger,guyton_klinger (tight band),0.1,True,,False,"guyton_klinger (tight band) @ 10.0%, 90% equity / 10% domestic",0.1,False,1.0812582591665427,1.2058434136166503,0.49816,0.18294576873357765,1.842959853480504
0.9,0.1,guyton_klinger,guyton_klinger (tight band),0.12,True,,False,"guyton_klinger (tight band) @ 12.0%, 90% equity / 10% domestic",0.12,False,0.9212391688610094,1.0436089565125257,0.8176,0.38256620536091634,1.7608140458090582
0.9,0.1,guyton_klinger,guyton_klinger (no inflation rule),0.03,True,,False,"guyton_klinger (no inflation rule) @ 3.0%, 90% equity / 10% domestic",0.03,False,1.0940372721121785,1.084991185043685,0.00552,0.002621725357632474,1.663972990731002
0.9,0.1,guyton_klinger,guyton_klinger (no inflation rule),0.035,True,,False,"guyton_klinger (no inflation rule) @ 3.5%, 90% equity / 10% domestic",0.035,False,1.141484549945281,1.1356377668634667,0.0094,0.004146465071941451,1.7224450825016615
0.9,0.1,guyton_klinger,guyton_klinger (no inflation rule),0.04,True,,False,"guyton_klinger (no inflation rule) @ 4.0%, 90% equity / 10% domestic",0.04,False,1.1810701506895507,1.180193699975284,0.01572,0.0067372120680743545,1.7715081230823082
0.9,0.1,guyton_klinger,guyton_klinger (no inflation rule),0.045,True,,False,"guyton_klinger (no inflation rule) @ 4.5%, 90% equity / 10% domestic",0.045,False,1.2113422754230647,1.2175815425693652,0.02596,0.010866696805414962,1.811951680894791
0.9,0.1,guyton_klinger,guyton_klinger (no inflation rule),0.05,True,,False,"guyton_klinger (no inflation rule) @ 5.0%, 90% equity / 10% domestic",0.05,False,1.2312296582517577,1.247335405867443,0.04424,0.018020864814189123,1.8445536824548512
0.9,0.1,guyton_klinger,guyton_klinger (no inflation rule),0.06,True,,False,"guyton_klinger (no inflation rule) @ 6.0%, 90% equity / 10% domestic",0.06,False,1.2304570200666043,1.2776845332310314,0.11696,0.04541971166293501,1.8869344834605197
0.9,0.1,guyton_klinger,guyton_klinger (no inflation rule),0.07,True,,False,"guyton_klinger (no inflation rule) @ 7.0%, 90% equity / 10% domestic",0.07,False,1.1762892670331573,1.2620720469285582,0.24568,0.09748986709439567,1.901643016611925
0.9,0.1,guyton_klinger,guyton_klinger (no inflation rule),0.08,True,,False,"guyton_klinger (no inflation rule) @ 8.0%, 90% equity / 10% domestic",0.08,False,1.085855141438069,1.1996911613189671,0.42688,0.17970188164264478,1.8905180359713603
0.9,0.1,guyton_klinger,guyton_klinger (no inflation rule),0.09,True,,False,"guyton_klinger (no inflation rule) @ 9.0%, 90% equity / 10% domestic",0.09,False,0.9935052513396065,1.1141818511571673,0.62408,0.28476592413008683,1.857797290502058
0.9,0.1,guyton_klinger,guyton_klinger (no inflation rule),0.1,True,,False,"guyton_klinger (no inflation rule) @ 10.0%, 90% equity / 10% domestic",0.1,False,0.9174241704994142,1.0307115039544672,0.77792,0.390096788287333,1.8143693260808536
0.9,0.1,guyton_klinger,guyton_klinger (no inflation rule),0.12,True,,False,"guyton_klinger (no inflation rule) @ 12.0%, 90% equity / 10% domestic",0.12,False,0.8124296600646734,0.90099432736131,0.95612,0.5764922426061511,1.7242856443259476
0.9,0.1,vanguard_dynamic,vanguard_dynamic,0.03,True,,False,"vanguard_dynamic @ 3.0%, 90% equity / 10% domestic",0.03,False,1.0944719421958433,1.090278563195312,0.01184,0.005953130548115609,1.5909651825204902
0.9,0.1,vanguard_dynamic,vanguard_dynamic,0.035,True,,False,"vanguard_dynamic @ 3.5%, 90% equity / 10% domestic",0.035,False,1.1404593536712417,1.1420192047507332,0.02116,0.01084574668333989,1.6529956729507496
0.9,0.1,vanguard_dynamic,vanguard_dynamic,0.04,True,,False,"vanguard_dynamic @ 4.0%, 90% equity / 10% domestic",0.04,False,1.1745036842410832,1.1848780004591306,0.03568,0.018006479484167535,1.7068894997994088
0.9,0.1,vanguard_dynamic,vanguard_dynamic,0.045,True,,False,"vanguard_dynamic @ 4.5%, 90% equity / 10% domestic",0.045,False,1.192288382289989,1.2161197294209722,0.0604,0.02991596601046049,1.7525172146820913
0.9,0.1,vanguard_dynamic,vanguard_dynamic,0.05,True,,False,"vanguard_dynamic @ 5.0%, 90% equity / 10% domestic",0.05,False,1.1867838429381528,1.2298959584964513,0.10104,0.049983348795833264,1.789222780942056
0.9,0.1,vanguard_dynamic,vanguard_dynamic,0.06,True,,False,"vanguard_dynamic @ 6.0%, 90% equity / 10% domestic",0.06,False,1.1068014121877725,1.1905373802229366,0.24044,0.12421766764787362,1.8356156728628892
0.9,0.1,vanguard_dynamic,vanguard_dynamic,0.07,True,,False,"vanguard_dynamic @ 7.0%, 90% equity / 10% domestic",0.07,False,0.9963901075329374,1.0938597151332479,0.41856,0.2335680053150394,1.8476071847377378
0.9,0.1,vanguard_dynamic,vanguard_dynamic,0.08,True,,False,"vanguard_dynamic @ 8.0%, 90% equity / 10% domestic",0.08,False,0.9069832974054679,0.9996329813859592,0.59944,0.35568191083171713,1.8320577166476375
0.9,0.1,vanguard_dynamic,vanguard_dynamic,0.09,True,,False,"vanguard_dynamic @ 9.0%, 90% equity / 10% domestic",0.09,False,0.8375282021239703,0.9211198742345237,0.77136,0.4855463241619352,1.7959904588706928
0.9,0.1,vanguard_dynamic,vanguard_dynamic,0.1,True,,False,"vanguard_dynamic @ 10.0%, 90% equity / 10% domestic",0.1,False,0.7868835005108659,0.8600449041442277,0.88716,0.5997432427542768,1.7506911095592923
0.9,0.1,vanguard_dynamic,vanguard_dynamic,0.12,True,,False,"vanguard_dynamic @ 12.0%, 90% equity / 10% domestic",0.12,False,0.7230119681125935,0.7784454518739028,0.98696,0.7587949863376032,1.667767567629945
0.9,0.1,vanguard_dynamic,vanguard_dynamic (asymmetric),0.03,True,,False,"vanguard_dynamic (asymmetric) @ 3.0%, 90% equity / 10% domestic",0.03,False,1.0431082792347415,1.045380594203726,0.0044,0.0025628819023303423,1.481040776345682
0.9,0.1,vanguard_dynamic,vanguard_dynamic (asymmetric),0.035,True,,False,"vanguard_dynamic (asymmetric) @ 3.5%, 90% equity / 10% domestic",0.035,False,1.091647932441166,1.0968449754225131,0.00724,0.004064993023088836,1.5378199130658665
0.9,0.1,vanguard_dynamic,vanguard_dynamic (asymmetric),0.04,True,,False,"vanguard_dynamic (asymmetric) @ 4.0%, 90% equity / 10% domestic",0.04,False,1.1325564064513622,1.142265923887473,0.01252,0.006861912619642885,1.589786368043518
0.9,0.1,vanguard_dynamic,vanguard_dynamic (asymmetric),0.045,True,,False,"vanguard_dynamic (asymmetric) @ 4.5%, 90% equity / 10% domestic",0.045,False,1.1646656529307695,1.1808212202659691,0.01948,0.010805869329202685,1.6368720556845067
0.9,0.1,vanguard_dynamic,vanguard_dynamic (asymmetric),0.05,True,,False,"vanguard_dynamic (asymmetric) @ 5.0%, 90% equity / 10% domestic",0.05,False,1.1870200413999552,1.211631222171501,0.03088,0.01652680383249214,1.6783249549484143
0.9,0.1,vanguard_dynamic,vanguard_dynamic (asymmetric),0.06,True,,False,"vanguard_dynamic (asymmetric) @ 6.0%, 90% equity / 10% domestic",0.06,False,1.1911503330524578,1.2413348171060314,0.07676,0.04032778001222366,1.7443509784171738
0.9,0.1,vanguard_dynamic,vanguard_dynamic (asymmetric),0.07,True,,False,"vanguard_dynamic (asymmetric) @ 7.0%, 90% equity / 10% domestic",0.07,False,1.125674993796138,1.2061282099010044,0.1802,0.09665954159266148,1.7848298180400703
0.9,0.1,vanguard_dynamic,vanguard_dynamic (asymmetric),0.08,True,,False,"vanguard_dynamic (asymmetric) @ 8.0%, 90% equity / 10% domestic",0.08,False,1.0253939890723498,1.1194463690970442,0.3288,0.18601248939177617,1.7995007417136901
0.9,0.1,vanguard_dynamic,vanguard_dynamic (asymmetric),0.09,True,,False,"vanguard_dynamic (asymmetric) @ 9.0%, 90% equity / 10% domestic",0.09,False,0.9373406306311004,1.0285796528229858,0.48288,0.2899760763020908,1.7939930629165257
0.9,0.1,vanguard_dynamic,vanguard_dynamic (asymmetric),0.1,True,,False,"vanguard_dynamic (asymmetric) @ 10.0%, 90% equity / 10% domestic",0.1,False,0.8656819445752614,0.9496652854578238,0.65496,0.4096805131742482,1.7718722215161267
0.9,0.1,vanguard_dynamic,vanguard_dynamic (asymmetric),0.12,True,,False,"vanguard_dynamic (asymmetric) @ 12.0%, 90% equity / 10% domestic",0.12,False,0.7661231289665728,0.8318992521157891,0.90236,0.6361589480807044,1.7007405764378558
0.9,0.1,endowment,endowment,0.03,True,,False,"endowment @ 3.0%, 90% equity / 10% domestic",0.03,False,1.1021260434999158,1.0955561241545748,0.00012,5.720336902396463e-05,1.7042307189084989
0.9,0.1,endowment,endowment,0.035,True,,False,"endowment @ 3.5%, 90% equity / 10% domestic",0.035,False,1.1465823189872266,1.1441022889914543,0.00016,9.856847694688789e-05,1.7544539518317137
0.9,0.1,endowment,endowment,0.04,True,,False,"endowment @ 4.0%, 90% equity / 10% domestic",0.04,False,1.1834807620445893,1.1862422007978706,0.00024,0.000143585221072475,1.7934976130298115
0.9,0.1,endowment,endowment,0.045,True,,False,"endowment @ 4.5%, 90% equity / 10% domestic",0.045,False,1.2129448910520662,1.22208845295181,0.00052,0.00033028944878884614,1.8228042074644786
0.9,0.1,endowment,endowment,0.05,True,,False,"endowment @ 5.0%, 90% equity / 10% domestic",0.05,False,1.234936343248243,1.2515624891565933,0.00096,0.0006201309099642858,1.8436727648522229
0.9,0.1,endowment,endowment,0.06,True,,False,"endowment @ 6.0%, 90% equity / 10% domestic",0.06,False,1.256718802568294,1.2909988822369165,0.00268,0.001660404995413866,1.8646612168880108
0.9,0.1,endowment,endowment,0.07,True,,False,"endowment @ 7.0%, 90% equity / 10% domestic",0.07,False,1.248968285587248,1.3028789407352315,0.00984,0.005840005559939536,1.8644243541478809
0.9,0.1,endowment,endowment,0.08,True,,False,"endowment @ 8.0%, 90% equity / 10% domestic",0.08,False,1.2188324522667917,1.2910491036497245,0.01348,0.008204392942567706,1.849343535011071
0.9,0.1,endowment,endowment,0.09,True,,False,"endowment @ 9.0%, 90% equity / 10% domestic",0.09,False,1.168878652892694,1.2571015279192317,0.02116,0.0127081978519195,1.8244340734872984
0.9,0.1,endowment,endowment,0.1,True,,False,"endowment @ 10.0%, 90% equity / 10% domestic",0.1,False,1.102306085637424,1.2022983264924434,0.04716,0.02556391763153211,1.7935393396779227
0.9,0.1,endowment,endowment,0.12,True,,False,"endowment @ 12.0%, 90% equity / 10% domestic",0.12,False,0.9441881980826258,1.0472393000433011,0.31116,0.16421799905545334,1.7248658968306303
0.9,0.1,endowment,endowment (light smoothing),0.03,True,,False,"endowment (light smoothing) @ 3.0%, 90% equity / 10% domestic",0.03,False,1.10583216680158,1.0988369347368758,0.0,0.0,1.7304891585631286
0.9,0.1,endowment,endowment (light smoothing),0.035,True,,False,"endowment (light smoothing) @ 3.5%, 90% equity / 10% domestic",0.035,False,1.1483620031966748,1.14508132749103,0.0,0.0,1.7768693501019566
0.9,0.1,endowment,endowment (light smoothing),0.04,True,,False,"endowment (light smoothing) @ 4.0%, 90% equity / 10% domestic",0.04,False,1.1837678971116918,1.185060154040239,0.0,0.0,1.8118061284384066
0.9,0.1,endowment,endowment (light smoothing),0.045,True,,False,"endowment (light smoothing) @ 4.5%, 90% equity / 10% domestic",0.045,False,1.2125136176686229,1.2191573683383539,0.0,0.0,1.8371499594103977
0.9,0.1,endowment,endowment (light smoothing),0.05,True,,False,"endowment (light smoothing) @ 5.0%, 90% equity / 10% domestic",0.05,False,1.234987588751098,1.2476666908696752,0.0,0.0,1.8544962984882674
0.9,0.1,endowment,endowment (light smoothing),0.06,True,,False,"endowment (light smoothing) @ 6.0%, 90% equity / 10% domestic",0.06,False,1.2625720061501642,1.2889044712414177,0.0,0.0,1.8704897182302862
0.9,0.1,endowment,endowment (light smoothing),0.07,True,,False,"endowment (light smoothing) @ 7.0%, 90% equity / 10% domestic",0.07,False,1.2695415034492112,1.3107014133486115,0.0,0.0,1.868566172520421
0.9,0.1,endowment,endowment (light smoothing),0.08,True,,False,"endowment (light smoothing) @ 8.0%, 90% equity / 10% domestic",0.08,False,1.2592757602960365,1.3152143076279048,0.0,0.0,1.8551086716754488
0.9,0.1,endowment,endowment (light smoothing),0.09,True,,False,"endowment (light smoothing) @ 9.0%, 90% equity / 10% domestic",0.09,False,1.2354637681676608,1.3049925859961518,0.0,0.0,1.8346904399200055
0.9,0.1,endowment,endowment (light smoothing),0.1,True,,False,"endowment (light smoothing) @ 10.0%, 90% equity / 10% domestic",0.1,False,1.2018383695050159,1.2829055465855013,0.0,0.0,1.8105296683726058
0.9,0.1,endowment,endowment (light smoothing),0.12,True,,False,"endowment (light smoothing) @ 12.0%, 90% equity / 10% domestic",0.12,False,1.1185666256916953,1.2149550907932143,0.0,0.0,1.759096982457969
0.9,0.1,life_expectancy,life_expectancy,,False,,False,"life_expectancy, 90% equity / 10% domestic",0.03333333333333333,False,1.242524607539017,1.231481981319475,0.0,0.0,2.368514239508991
0.9,0.1,life_expectancy,life_expectancy (+5y buffer),,False,,False,"life_expectancy (+5y buffer), 90% equity / 10% domestic",0.02857142857142857,False,1.1950633904766383,1.1681897705085416,0.0,0.0,2.182458808411264
0.9,0.1,gompertz,gompertz,,False,,False,"gompertz, 90% equity / 10% domestic",0.04598575701368062,True,1.3252020157031654,1.3316059583321995,0.0,0.0,2.071627047389069
0.9,0.1,gompertz,gompertz (+5y buffer),,False,,False,"gompertz (+5y buffer), 90% equity / 10% domestic",0.03738895907792182,True,1.2607913177243142,1.2490627454779366,0.0,0.0,2.0458623228096857
0.9,0.1,amortisation,amortisation (0% assumed return),,False,0.0,True,"amortisation (0% assumed return), 90% equity / 10% domestic",0.03333333333333333,False,1.242524607539017,1.231481981319475,0.0,0.0,2.368514239508991
0.9,0.1,amortisation,amortisation (1% assumed return),,False,0.01,True,"amortisation (1% assumed return), 90% equity / 10% domestic",0.03874811321584711,False,1.2742566731072156,1.2711601132114836,0.0,0.0,2.2992958356545294
0.9,0.1,amortisation,amortisation (2% assumed return),,False,0.02,True,"amortisation (2% assumed return), 90% equity / 10% domestic",0.04464992229340293,False,1.299298289655611,1.3057835660703447,0.0,0.0,2.232752750674997
0.9,0.1,amortisation,amortisation (3% assumed return),,False,0.03,True,"amortisation (3% assumed return), 90% equity / 10% domestic",0.05101925932025255,False,1.3162713196290534,1.3338616681192426,0.0,0.0,2.1693762856805234
0.9,0.1,amortisation,amortisation (4% assumed return),,False,0.04,True,"amortisation (4% assumed return), 90% equity / 10% domestic",0.057830099133661314,False,1.324137946399921,1.3540806268447103,0.0,0.0,2.1095517588698884
0.9,0.1,amortisation,amortisation (5% assumed return),,False,0.05,True,"amortisation (5% assumed return), 90% equity / 10% domestic",0.06505143508027657,False,1.322358745692995,1.3654532085540652,0.0,0.0,2.053551923814541
0.9,0.1,amortisation,amortisation (6% assumed return),,False,0.06,True,"amortisation (6% assumed return), 90% equity / 10% domestic",0.07264891149004721,False,1.3110090411449664,1.3674603410493784,0.0,0.0,2.0015380002577325
0.9,0.1,amortisation,amortisation (7% assumed return),,False,0.07,True,"amortisation (7% assumed return), 90% equity / 10% domestic",0.08058640351111118,False,1.2908122638053496,1.3601498399003695,0.0,0.0,1.9535671588374033
0.9,0.1,amortisation,amortisation (8% assumed return),,False,0.08,True,"amortisation (8% assumed return), 90% equity / 10% domestic",0.08882743338727227,False,1.263065262094512,1.3441581402502356,0.0,0.0,1.909604809660263
0.9,0.1,amortisation,amortisation (10% assumed return),,False,0.1,True,"amortisation (10% assumed return), 90% equity / 10% domestic",0.1060792482526339,False,1.1918800250015067,1.2911054995433784,0.0,0.0,1.8332012820294674
0.9,0.1,amortisation,amortisation (12% assumed return),,False,0.12,True,"amortisation (12% assumed return), 90% equity / 10% domestic",0.12414365755194319,False,1.1118123333891168,1.2207041313456106,0.0,0.0,1.7708157078635296
0.9,0.2,constant_real,constant_real,0.03,True,,False,"constant_real @ 3.0%, 90% equity / 20% domestic",0.03,False,1.011230580875045,1.0222066924809252,0.0232,0.011431076237895778,1.4157313785182761
0.9,0.2,constant_real,constant_real,0.035,True,,False,"constant_real @ 3.5%, 90% equity / 20% domestic",0.035,False,1.0568301858847213,1.0734189755805397,0.0462,0.022202777504391428,1.4715446923080882
0.9,0.2,constant_real,constant_real,0.04,True,,False,"constant_real @ 4.0%, 90% equity / 20% domestic",0.04,False,1.086045781121916,1.1134193946829414,0.08612,0.0412211881931131,1.524508454522548
0.9,0.2,constant_real,constant_real,0.045,True,,False,"constant_real @ 4.5%, 90% equity / 20% domestic",0.045,False,1.0918165008580203,1.1358331304630764,0.14244,0.07044493368642028,1.5725814565759224
0.9,0.2,constant_real,constant_real,0.05,True,,False,"constant_real @ 5.0%, 90% equity / 20% domestic",0.05,False,1.0719408196184472,1.1353345562319286,0.21568,0.11102982093712607,1.614135405361344
0.9,0.2,constant_real,constant_real,0.06,True,,False,"constant_real @ 6.0%, 90% equity / 20% domestic",0.06,False,0.9944497486299932,1.0805624059457424,0.36944,0.2106754096895717,1.676602394527682
0.9,0.2,constant_real,constant_real,0.07,True,,False,"constant_real @ 7.0%, 90% equity / 20% domestic",0.07,False,0.9154697034688456,1.00258173907516,0.5214,0.3214686423039476,1.7127913055618609
0.9,0.2,constant_real,constant_real,0.08,True,,False,"constant_real @ 8.0%, 90% equity / 20% domestic",0.08,False,0.8500506915238911,0.9301059699456116,0.66572,0.43628409478139046,1.7235832267655293
0.9,0.2,constant_real,constant_real,0.09,True,,False,"constant_real @ 9.0%, 90% equity / 20% domestic",0.09,False,0.7994645367578891,0.8703894424880495,0.7806,0.543380882450948,1.7136585677898664
0.9,0.2,constant_real,constant_real,0.1,True,,False,"constant_real @ 10.0%, 90% equity / 20% domestic",0.1,False,0.7615294566502434,0.8236240426042655,0.8632,0.6350259272601557,1.6924990585163555
0.9,0.2,constant_real,constant_real,0.12,True,,False,"constant_real @ 12.0%, 90% equity / 20% domestic",0.12,False,0.710598262369962,0.7588752691227216,0.95804,0.768542235726234,1.6402613441944598
0.9,0.2,constant_percent,constant_percent,0.03,True,,False,"constant_percent @ 3.0%, 90% equity / 20% domestic",0.03,False,1.0976389068001131,1.0909840540865399,0.0,0.0,1.7112842610916785
0.9,0.2,constant_percent,constant_percent,0.035,True,,False,"constant_percent @ 3.5%, 90% equity / 20% domestic",0.035,False,1.1390811185510534,1.1360422095784815,0.0,0.0,1.7551712758167044
0.9,0.2,constant_percent,constant_percent,0.04,True,,False,"constant_percent @ 4.0%, 90% equity / 20% domestic",0.04,False,1.1735850073911644,1.17496261836144,0.0,0.0,1.7880795855227112
0.9,0.2,constant_percent,constant_percent,0.045,True,,False,"constant_percent @ 4.5%, 90% equity / 20% domestic",0.045,False,1.2016605068596695,1.2081719464433383,0.0,0.0,1.8118684533363778
0.9,0.2,constant_percent,constant_percent,0.05,True,,False,"constant_percent @ 5.0%, 90% equity / 20% domestic",0.05,False,1.2237378110410249,1.236006075867828,0.0,0.0,1.8281212950757642
0.9,0.2,constant_percent,constant_percent,0.06,True,,False,"constant_percent @ 6.0%, 90% equity / 20% domestic",0.06,False,1.251478320106481,1.2766848833246436,0.0,0.0,1.8431957568972057
0.9,0.2,constant_percent,constant_percent,0.07,True,,False,"constant_percent @ 7.0%, 90% equity / 20% domestic",0.07,False,1.2599780992477367,1.2991731514518838,0.0,0.0,1.841775167265088
0.9,0.2,constant_percent,constant_percent,0.08,True,,False,"constant_percent @ 8.0%, 90% equity / 20% domestic",0.08,False,1.2525769467355707,1.3057378657865317,0.0,0.0,1.8298827968381832
0.9,0.2,constant_percent,constant_percent,0.09,True,,False,"constant_percent @ 9.0%, 90% equity / 20% domestic",0.09,False,1.2327461475923447,1.298872038089967,0.0,0.0,1.8117442966452328
0.9,0.2,constant_percent,constant_percent,0.1,True,,False,"constant_percent @ 10.0%, 90% equity / 20% domestic",0.1,False,1.2038819948438795,1.2812333186811256,0.0,0.0,1.790275578507391
0.9,0.2,constant_percent,constant_percent,0.12,True,,False,"constant_percent @ 12.0%, 90% equity / 20% domestic",0.12,False,1.130977490215215,1.224137372381366,0.0,0.0,1.7445494694532246
0.9,0.2,guyton_klinger,guyton_klinger,0.03,True,,False,"guyton_klinger @ 3.0%, 90% equity / 20% domestic",0.03,False,1.0409777097607353,1.0369279271201208,0.0,0.0,1.5988244883544853
0.9,0.2,guyton_klinger,guyton_klinger,0.035,True,,False,"guyton_klinger @ 3.5%, 90% equity / 20% domestic",0.035,False,1.0843401903850538,1.08277246466662,4e-05,9.76827368647285e-06,1.6534657054654862
0.9,0.2,guyton_klinger,guyton_klinger,0.04,True,,False,"guyton_klinger @ 4.0%, 90% equity / 20% domestic",0.04,False,1.122519252193616,1.1240901817953228,4e-05,1.2801491589647849e-05,1.6997933446908184
0.9,0.2,guyton_klinger,guyton_klinger,0.045,True,,False,"guyton_klinger @ 4.5%, 90% equity / 20% domestic",0.045,False,1.1558858179236344,1.1612128930587933,0.0002,5.643250315208828e-05,1.7386172023047524
0.9,0.2,guyton_klinger,guyton_klinger,0.05,True,,False,"guyton_klinger @ 5.0%, 90% equity / 20% domestic",0.05,False,1.1845339210335024,1.1941021066132607,0.0004,0.000117492901452997,1.770046334101485
0.9,0.2,guyton_klinger,guyton_klinger,0.06,True,,False,"guyton_klinger @ 6.0%, 90% equity / 20% domestic",0.06,False,1.2280529839441916,1.2478994282432216,0.00468,0.0013767672309697272,1.8161884762223282
0.9,0.2,guyton_klinger,guyton_klinger,0.07,True,,False,"guyton_klinger @ 7.0%, 90% equity / 20% domestic",0.07,False,1.2470085349610698,1.2822367939134327,0.02804,0.008663619396457734,1.842019847762382
0.9,0.2,guyton_klinger,guyton_klinger,0.08,True,,False,"guyton_klinger @ 8.0%, 90% equity / 20% domestic",0.08,False,1.2234744453967143,1.2873955634104555,0.11904,0.03806758483012801,1.8504742547971427
0.9,0.2,guyton_klinger,guyton_klinger,0.09,True,,False,"guyton_klinger @ 9.0%, 90% equity / 20% domestic",0.09,False,1.147193028597628,1.2497423519178845,0.31184,0.10754328624928283,1.8384494895991508
0.9,0.2,guyton_klinger,guyton_klinger,0.1,True,,False,"guyton_klinger @ 10.0%, 90% equity / 20% domestic",0.1,False,1.0528191970055436,1.1780364885041814,0.5182,0.20201719258972434,1.809288950797883
0.9,0.2,guyton_klinger,guyton_klinger,0.12,True,,False,"guyton_klinger @ 12.0%, 90% equity / 20% domestic",0.12,False,0.8959169073623039,1.0118708155146054,0.83072,0.4155699280661375,1.7307208766044788
0.9,0.2,guyton_klinger,guyton_klinger (tight band),0.03,True,,False,"guyton_klinger (tight band) @ 3.0%, 90% equity / 20% domestic",0.03,False,1.0584429388575975,1.053277165721735,0.0,0.0,1.6361688789802933
0.9,0.2,guyton_klinger,guyton_klinger (tight band),0.035,True,,False,"guyton_klinger (tight band) @ 3.5%, 90% equity / 20% domestic",0.035,False,1.1015173753261704,1.0989040919174593,0.0,0.0,1.6911858430968494
0.9,0.2,guyton_klinger,guyton_klinger (tight band),0.04,True,,False,"guyton_klinger (tight band) @ 4.0%, 90% equity / 20% domestic",0.04,False,1.1393686298429098,1.139927842380391,4e-05,1.1258300121115244e-05,1.737231894359998
0.9,0.2,guyton_klinger,guyton_klinger (tight band),0.045,True,,False,"guyton_klinger (tight band) @ 4.5%, 90% equity / 20% domestic",0.045,False,1.1719537742461024,1.176319585289235,0.00016,4.5086365518351184e-05,1.7748664028199261
0.9,0.2,guyton_klinger,guyton_klinger (tight band),0.05,True,,False,"guyton_klinger (tight band) @ 5.0%, 90% equity / 20% domestic",0.05,False,1.199514966447569,1.2081379238896441,0.0004,0.00012050930605779083,1.8043486332686256
0.9,0.2,guyton_klinger,guyton_klinger (tight band),0.06,True,,False,"guyton_klinger (tight band) @ 6.0%, 90% equity / 20% domestic",0.06,False,1.2395736818554663,1.258375263038858,0.0052,0.0014999862901749312,1.844486312523882
0.9,0.2,guyton_klinger,guyton_klinger (tight band),0.07,True,,False,"guyton_klinger (tight band) @ 7.0%, 90% equity / 20% domestic",0.07,False,1.2566425403603096,1.2900786330706735,0.02496,0.0076616601934123936,1.8643071495811345
0.9,0.2,guyton_klinger,guyton_klinger (tight band),0.08,True,,False,"guyton_klinger (tight band) @ 8.0%, 90% equity / 20% domestic",0.08,False,1.2374073847775147,1.2965582999742877,0.1036,0.03223508553390793,1.8664338451646154
0.9,0.2,guyton_klinger,guyton_klinger (tight band),0.09,True,,False,"guyton_klinger (tight band) @ 9.0%, 90% equity / 20% domestic",0.09,False,1.1715209596464644,1.2670150851612956,0.27732,0.09136371146797294,1.8494257887438608
0.9,0.2,guyton_klinger,guyton_klinger (tight band),0.1,True,,False,"guyton_klinger (tight band) @ 10.0%, 90% equity / 20% domestic",0.1,False,1.0793513731064728,1.202811275059619,0.5,0.18206562426231748,1.8181577495468988
0.9,0.2,guyton_klinger,guyton_klinger (tight band),0.12,True,,False,"guyton_klinger (tight band) @ 12.0%, 90% equity / 20% domestic",0.12,False,0.9207900869293096,1.0428403333717793,0.82316,0.38293958247090676,1.7391217083299466
0.9,0.2,guyton_klinger,guyton_klinger (no inflation rule),0.03,True,,False,"guyton_klinger (no inflation rule) @ 3.0%, 90% equity / 20% domestic",0.03,False,1.0869345303500286,1.0781334106970242,0.00488,0.0023000313645184004,1.644540633437785
0.9,0.2,guyton_klinger,guyton_klinger (no inflation rule),0.035,True,,False,"guyton_klinger (no inflation rule) @ 3.5%, 90% equity / 20% domestic",0.035,False,1.1337338731363698,1.1280035154492312,0.0084,0.003733303393424353,1.7010750139667414
0.9,0.2,guyton_klinger,guyton_klinger (no inflation rule),0.04,True,,False,"guyton_klinger (no inflation rule) @ 4.0%, 90% equity / 20% domestic",0.04,False,1.1731900113966047,1.1721540330736948,0.0142,0.006010974458649298,1.7484037490309605
0.9,0.2,guyton_klinger,guyton_klinger (no inflation rule),0.045,True,,False,"guyton_klinger (no inflation rule) @ 4.5%, 90% equity / 20% domestic",0.045,False,1.204328539107274,1.2100983313343225,0.02492,0.010128098879673118,1.787452129752542
0.9,0.2,guyton_klinger,guyton_klinger (no inflation rule),0.05,True,,False,"guyton_klinger (no inflation rule) @ 5.0%, 90% equity / 20% domestic",0.05,False,1.2243928646815856,1.240009548110627,0.04288,0.017071435236632484,1.8186325797061924
0.9,0.2,guyton_klinger,guyton_klinger (no inflation rule),0.06,True,,False,"guyton_klinger (no inflation rule) @ 6.0%, 90% equity / 20% domestic",0.06,False,1.224143568454898,1.2706754094135504,0.11636,0.04496696417137589,1.8592631512525852
0.9,0.2,guyton_klinger,guyton_klinger (no inflation rule),0.07,True,,False,"guyton_klinger (no inflation rule) @ 7.0%, 90% equity / 20% domestic",0.07,False,1.1712895012210733,1.2558868633001972,0.2472,0.09769233631427317,1.873975856512495
0.9,0.2,guyton_klinger,guyton_klinger (no inflation rule),0.08,True,,False,"guyton_klinger (no inflation rule) @ 8.0%, 90% equity / 20% domestic",0.08,False,1.0837695705337083,1.1969568218475246,0.43048,0.18040294472509225,1.8637787969109185
0.9,0.2,guyton_klinger,guyton_klinger (no inflation rule),0.09,True,,False,"guyton_klinger (no inflation rule) @ 9.0%, 90% equity / 20% domestic",0.09,False,0.9912297091325757,1.1116720357669543,0.63172,0.28650249028831876,1.8323817815329952
0.9,0.2,guyton_klinger,guyton_klinger (no inflation rule),0.1,True,,False,"guyton_klinger (no inflation rule) @ 10.0%, 90% equity / 20% domestic",0.1,False,0.9157762127813648,1.028805671158341,0.7862,0.3929381554815505,1.7903577017178238
0.9,0.2,guyton_klinger,guyton_klinger (no inflation rule),0.12,True,,False,"guyton_klinger (no inflation rule) @ 12.0%, 90% equity / 20% domestic",0.12,False,0.8113073733389041,0.8998000938178785,0.95912,0.5788209729921495,1.703723825385968
0.9,0.2,vanguard_dynamic,vanguard_dynamic,0.03,True,,False,"vanguard_dynamic @ 3.0%, 90% equity / 20% domestic",0.03,False,1.0883288798231177,1.0842093434860285,0.01048,0.005322432555254614,1.577337369461969
0.9,0.2,vanguard_dynamic,vanguard_dynamic,0.035,True,,False,"vanguard_dynamic @ 3.5%, 90% equity / 20% domestic",0.035,False,1.1346125268227492,1.1360315026234853,0.02076,0.010396042438277178,1.6375062696489213
0.9,0.2,vanguard_dynamic,vanguard_dynamic,0.04,True,,False,"vanguard_dynamic @ 4.0%, 90% equity / 20% domestic",0.04,False,1.1682629036280066,1.1785906979904148,0.0354,0.017745273612832513,1.6892913647740115
0.9,0.2,vanguard_dynamic,vanguard_dynamic,0.045,True,,False,"vanguard_dynamic @ 4.5%, 90% equity / 20% domestic",0.045,False,1.1852807393083888,1.2091643993145833,0.06108,0.03020030089813934,1.7329627192841053
0.9,0.2,vanguard_dynamic,vanguard_dynamic,0.05,True,,False,"vanguard_dynamic @ 5.0%, 90% equity / 20% domestic",0.05,False,1.1811365084646055,1.2236369503239353,0.10084,0.049936060663503146,1.7684523060160224
0.9,0.2,vanguard_dynamic,vanguard_dynamic,0.06,True,,False,"vanguard_dynamic @ 6.0%, 90% equity / 20% domestic",0.06,False,1.1029517000476325,1.186299367621969,0.24628,0.12625127726248456,1.8127539443873457
0.9,0.2,vanguard_dynamic,vanguard_dynamic,0.07,True,,False,"vanguard_dynamic @ 7.0%, 90% equity / 20% domestic",0.07,False,0.9945794153830976,1.0917564353773714,0.4198,0.23422455088925875,1.8240738506430454
0.9,0.2,vanguard_dynamic,vanguard_dynamic,0.08,True,,False,"vanguard_dynamic @ 8.0%, 90% equity / 20% domestic",0.08,False,0.9052581124171455,0.9978849968638995,0.60616,0.3586660295754411,1.8088091738695098
0.9,0.2,vanguard_dynamic,vanguard_dynamic,0.09,True,,False,"vanguard_dynamic @ 9.0%, 90% equity / 20% domestic",0.09,False,0.8362217480121579,0.9197873898681757,0.7772,0.48880159586669836,1.7735728348470903
0.9,0.2,vanguard_dynamic,vanguard_dynamic,0.1,True,,False,"vanguard_dynamic @ 10.0%, 90% equity / 20% domestic",0.1,False,0.7855735922471867,0.8587295736712307,0.89248,0.6034735508029742,1.729398937942005
0.9,0.2,vanguard_dynamic,vanguard_dynamic,0.12,True,,False,"vanguard_dynamic @ 12.0%, 90% equity / 20% domestic",0.12,False,0.721999424628763,0.7772534238734634,0.9888,0.7620943622296938,1.64926228602576
0.9,0.2,vanguard_dynamic,vanguard_dynamic (asymmetric),0.03,True,,False,"vanguard_dynamic (asymmetric) @ 3.0%, 90% equity / 20% domestic",0.03,False,1.036886921765,1.0392574380588424,0.0036,0.0022605774073089797,1.4707251562096288
0.9,0.2,vanguard_dynamic,vanguard_dynamic (asymmetric),0.035,True,,False,"vanguard_dynamic (asymmetric) @ 3.5%, 90% equity / 20% domestic",0.035,False,1.0851941772287914,1.0904416188914203,0.00628,0.0036199419916731652,1.5259685255191346
0.9,0.2,vanguard_dynamic,vanguard_dynamic (asymmetric),0.04,True,,False,"vanguard_dynamic (asymmetric) @ 4.0%, 90% equity / 20% domestic",0.04,False,1.126384630742608,1.1359663708780743,0.01108,0.006055426682656456,1.5767045917778835
0.9,0.2,vanguard_dynamic,vanguard_dynamic (asymmetric),0.045,True,,False,"vanguard_dynamic (asymmetric) @ 4.5%, 90% equity / 20% domestic",0.045,False,1.1584032011734118,1.174515352732537,0.0198,0.010588057830624121,1.6224291499813503
0.9,0.2,vanguard_dynamic,vanguard_dynamic (asymmetric),0.05,True,,False,"vanguard_dynamic (asymmetric) @ 5.0%, 90% equity / 20% domestic",0.05,False,1.1807594861159307,1.2054553825485046,0.03056,0.016326989339161147,1.6629801640567725
0.9,0.2,vanguard_dynamic,vanguard_dynamic (asymmetric),0.06,True,,False,"vanguard_dynamic (asymmetric) @ 6.0%, 90% equity / 20% domestic",0.06,False,1.1845301036761706,1.2344353510917296,0.07832,0.04087083368845132,1.726506081447833
0.9,0.2,vanguard_dynamic,vanguard_dynamic (asymmetric),0.07,True,,False,"vanguard_dynamic (asymmetric) @ 7.0%, 90% equity / 20% domestic",0.07,False,1.122773723354828,1.2028420976984862,0.18228,0.0964454921060527,1.7651324121402514
0.9,0.2,vanguard_dynamic,vanguard_dynamic (asymmetric),0.08,True,,False,"vanguard_dynamic (asymmetric) @ 8.0%, 90% equity / 20% domestic",0.08,False,1.0237416587258608,1.1176256213152445,0.3296,0.18606973390353396,1.7786918807067358
0.9,0.2,vanguard_dynamic,vanguard_dynamic (asymmetric),0.09,True,,False,"vanguard_dynamic (asymmetric) @ 9.0%, 90% equity / 20% domestic",0.09,False,0.9356065932772979,1.0270077650398939,0.4878,0.2921545788781706,1.7727337855140555
0.9,0.2,vanguard_dynamic,vanguard_dynamic (asymmetric),0.1,True,,False,"vanguard_dynamic (asymmetric) @ 10.0%, 90% equity / 20% domestic",0.1,False,0.8644754287175852,0.9483998066927324,0.65852,0.4120226237293954,1.7509058809392757
0.9,0.2,vanguard_dynamic,vanguard_dynamic (asymmetric),0.12,True,,False,"vanguard_dynamic (asymmetric) @ 12.0%, 90% equity / 20% domestic",0.12,False,0.7649966943995438,0.8307639906594346,0.90696,0.6399410944723074,1.6818282793844106
0.9,0.2,endowment,endowment,0.03,True,,False,"endowment @ 3.0%, 90% equity / 20% domestic",0.03,False,1.0941498011495343,1.0879364347205291,8e-05,3.501375198962103e-05,1.681127908904209
0.9,0.2,endowment,endowment,0.035,True,,False,"endowment @ 3.5%, 90% equity / 20% domestic",0.035,False,1.138203548122892,1.1360573821774942,0.00012,6.313674980869866e-05,1.7296793496807894
0.9,0.2,endowment,endowment,0.04,True,,False,"endowment @ 4.0%, 90% equity / 20% domestic",0.04,False,1.174803793921364,1.1778636744394468,0.0002,0.00011134365768553206,1.7674800141178881
0.9,0.2,endowment,endowment,0.045,True,,False,"endowment @ 4.5%, 90% equity / 20% domestic",0.045,False,1.2040936616324966,1.2134779751088083,0.00028,0.00016398445732747696,1.7959152212337761
0.9,0.2,endowment,endowment,0.05,True,,False,"endowment @ 5.0%, 90% equity / 20% domestic",0.05,False,1.226073234700304,1.2428559316993313,0.0006,0.0003756786454886821,1.8162328766063238
0.9,0.2,endowment,endowment,0.06,True,,False,"endowment @ 6.0%, 90% equity / 20% domestic",0.06,False,1.248152126316255,1.2824166795189793,0.00208,0.001259036595933587,1.8368944954976953
0.9,0.2,endowment,endowment,0.07,True,,False,"endowment @ 7.0%, 90% equity / 20% domestic",0.07,False,1.2417697042169664,1.2955740235338025,0.006,0.0034154781426018787,1.8371305610140198
0.9,0.2,endowment,endowment,0.08,True,,False,"endowment @ 8.0%, 90% equity / 20% domestic",0.08,False,1.2105640618863092,1.2828345719561642,0.01288,0.007763448077509621,1.8230298398317237
0.9,0.2,endowment,endowment,0.09,True,,False,"endowment @ 9.0%, 90% equity / 20% domestic",0.09,False,1.1612532599005754,1.2493206365510188,0.01972,0.0115577476259985,1.7994435305726995
0.9,0.2,endowment,endowment,0.1,True,,False,"endowment @ 10.0%, 90% equity / 20% domestic",0.1,False,1.0957543397494929,1.1953567382810084,0.0462,0.02498558736190037,1.7700671085192217
0.9,0.2,endowment,endowment,0.12,True,,False,"endowment @ 12.0%, 90% equity / 20% domestic",0.12,False,0.9402536487964207,1.0428132222598974,0.31572,0.166166045191809,1.704552517636106
0.9,0.2,endowment,endowment (light smoothing),0.03,True,,False,"endowment (light smoothing) @ 3.0%, 90% equity / 20% domestic",0.03,False,1.097776837773397,1.0911669152703931,0.0,0.0,1.705891963034769
0.9,0.2,endowment,endowment (light smoothing),0.035,True,,False,"endowment (light smoothing) @ 3.5%, 90% equity / 20% domestic",0.035,False,1.1398681802577553,1.1369763525547418,0.0,0.0,1.7507450271846616
0.9,0.2,endowment,endowment (light smoothing),0.04,True,,False,"endowment (light smoothing) @ 4.0%, 90% equity / 20% domestic",0.04,False,1.1749081247975401,1.1765915897522357,0.0,0.0,1.7846025138128152
0.9,0.2,endowment,endowment (light smoothing),0.045,True,,False,"endowment (light smoothing) @ 4.5%, 90% equity / 20% domestic",0.045,False,1.2033458683139213,1.2103816583708409,0.0,0.0,1.8092389552068273
0.9,0.2,endowment,endowment (light smoothing),0.05,True,,False,"endowment (light smoothing) @ 5.0%, 90% equity / 20% domestic",0.05,False,1.2255599314820715,1.2386293170634024,0.0,0.0,1.826184587080889
0.9,0.2,endowment,endowment (light smoothing),0.06,True,,False,"endowment (light smoothing) @ 6.0%, 90% equity / 20% domestic",0.06,False,1.2527471005739053,1.2794516455816518,0.0,0.0,1.8420813851926858
0.9,0.2,endowment,endowment (light smoothing),0.07,True,,False,"endowment (light smoothing) @ 7.0%, 90% equity / 20% domestic",0.07,False,1.2594729750147107,1.3009537278761314,0.0,0.0,1.84071767067346
0.9,0.2,endowment,endowment (light smoothing),0.08,True,,False,"endowment (light smoothing) @ 8.0%, 90% equity / 20% domestic",0.08,False,1.2491268761637004,1.3052899588861366,0.0,0.0,1.8282212434928624
0.9,0.2,endowment,endowment (light smoothing),0.09,True,,False,"endowment (light smoothing) @ 9.0%, 90% equity / 20% domestic",0.09,False,1.2254126101632892,1.2950239074301328,0.0,0.0,1.8089850632365645
0.9,0.2,endowment,endowment (light smoothing),0.1,True,,False,"endowment (light smoothing) @ 10.0%, 90% equity / 20% domestic",0.1,False,1.1920666263145592,1.2730407140607127,0.0,0.0,1.786102800768553
0.9,0.2,endowment,endowment (light smoothing),0.12,True,,False,"endowment (light smoothing) @ 12.0%, 90% equity / 20% domestic",0.12,False,1.1098240879202244,1.2057502469149002,0.0,0.0,1.7372122673668817
0.9,0.2,life_expectancy,life_expectancy,,False,,False,"life_expectancy, 90% equity / 20% domestic",0.03333333333333333,False,1.2349841960858603,1.2236728336925395,0.0,0.0,2.3180276759874783
0.9,0.2,life_expectancy,life_expectancy (+5y buffer),,False,,False,"life_expectancy (+5y buffer), 90% equity / 20% domestic",0.02857142857142857,False,1.1870925503910033,1.1605395205646412,0.0,0.0,2.1391846111071104
0.9,0.2,gompertz,gompertz,,False,,False,"gompertz, 90% equity / 20% domestic",0.04598575701368062,True,1.315661489953131,1.3225939642743716,0.0,0.0,2.035232725160277
0.9,0.2,gompertz,gompertz (+5y buffer),,False,,False,"gompertz (+5y buffer), 90% equity / 20% domestic",0.03738895907792182,True,1.2519463997969729,1.2406347196686383,0.0,0.0,2.009435605934703
0.9,0.2,amortisation,amortisation (0% assumed return),,False,0.0,True,"amortisation (0% assumed return), 90% equity / 20% domestic",0.03333333333333333,False,1.2349841960858603,1.2236728336925395,0.0,0.0,2.3180276759874783
0.9,0.2,amortisation,amortisation (1% assumed return),,False,0.01,True,"amortisation (1% assumed return), 90% equity / 20% domestic",0.03874811321584711,False,1.266461083368577,1.2630366760810374,0.0,0.0,2.252171010906685
0.9,0.2,amortisation,amortisation (2% assumed return),,False,0.02,True,"amortisation (2% assumed return), 90% equity / 20% domestic",0.04464992229340293,False,1.2912499119420877,1.297370066603567,0.0,0.0,2.188842913580668
0.9,0.2,amortisation,amortisation (3% assumed return),,False,0.03,True,"amortisation (3% assumed return), 90% equity / 20% domestic",0.05101925932025255,False,1.3079580382633393,1.3251722835084219,0.0,0.0,2.1285121328381007
0.9,0.2,amortisation,amortisation (4% assumed return),,False,0.04,True,"amortisation (4% assumed return), 90% equity / 20% domestic",0.057830099133661314,False,1.3155433777198355,1.3451221267443474,0.0,0.0,2.071546886457064
0.9,0.2,amortisation,amortisation (5% assumed return),,False,0.05,True,"amortisation (5% assumed return), 90% equity / 20% domestic",0.06505143508027657,False,1.3134788872428815,1.3562328073935885,0.0,0.0,2.0182085046957257
0.9,0.2,amortisation,amortisation (6% assumed return),,False,0.06,True,"amortisation (6% assumed return), 90% equity / 20% domestic",0.07264891149004721,False,1.3018702920707972,1.3579974327411481,0.0,0.0,1.9686523141077303
0.9,0.2,amortisation,amortisation (7% assumed return),,False,0.07,True,"amortisation (7% assumed return), 90% equity / 20% domestic",0.08058640351111118,False,1.281483534264651,1.3504878649717202,0.0,0.0,1.9229346677109687
0.9,0.2,amortisation,amortisation (8% assumed return),,False,0.08,True,"amortisation (8% assumed return), 90% equity / 20% domestic",0.08882743338727227,False,1.2536582816332626,1.3343716435182846,0.0,0.0,1.8810245579366294
0.9,0.2,amortisation,amortisation (10% assumed return),,False,0.1,True,"amortisation (10% assumed return), 90% equity / 20% domestic",0.1060792482526339,False,1.1827527336982395,1.281402439696997,0.0,0.0,1.8081541031636619
0.9,0.2,amortisation,amortisation (12% assumed return),,False,0.12,True,"amortisation (12% assumed return), 90% equity / 20% domestic",0.12414365755194319,False,1.1035116026106007,1.2115832551777301,0.0,0.0,1.7486148010878928
0.9,0.3,constant_real,constant_real,0.03,True,,False,"constant_real @ 3.0%, 90% equity / 30% domestic",0.03,False,1.0011225417594316,1.0122271190705683,0.02544,0.012435716262397077,1.4071624532691165
0.9,0.3,constant_real,constant_real,0.035,True,,False,"constant_real @ 3.5%, 90% equity / 30% domestic",0.035,False,1.0450873308503925,1.0618588922812133,0.05028,0.024145211789675724,1.4614529485447967
0.9,0.3,constant_real,constant_real,0.04,True,,False,"constant_real @ 4.0%, 90% equity / 30% domestic",0.04,False,1.0725366951183666,1.1001850897421876,0.09188,0.04449234648187152,1.5127586387438492
0.9,0.3,constant_real,constant_real,0.045,True,,False,"constant_real @ 4.5%, 90% equity / 30% domestic",0.045,False,1.0775718795171814,1.121359816627508,0.15,0.0747406619118332,1.5593088872516863
0.9,0.3,constant_real,constant_real,0.05,True,,False,"constant_real @ 5.0%, 90% equity / 30% domestic",0.05,False,1.0598622688629382,1.1218057250798354,0.2212,0.1149521921589949,1.5997546051322031
0.9,0.3,constant_real,constant_real,0.06,True,,False,"constant_real @ 6.0%, 90% equity / 30% domestic",0.06,False,0.9869400282654565,1.071086796995517,0.3746,0.2146692845547136,1.6605493576973178
0.9,0.3,constant_real,constant_real,0.07,True,,False,"constant_real @ 7.0%, 90% equity / 30% domestic",0.07,False,0.9105446455085628,0.9964805835943376,0.53268,0.32767479341163797,1.6949786077771258
0.9,0.3,constant_real,constant_real,0.08,True,,False,"constant_real @ 8.0%, 90% equity / 30% domestic",0.08,False,0.8463744671058642,0.9256119889546172,0.67472,0.4427455214497989,1.7047873354471037
0.9,0.3,constant_real,constant_real,0.09,True,,False,"constant_real @ 9.0%, 90% equity / 30% domestic",0.09,False,0.7964402920854188,0.8667425237285893,0.78748,0.5498602872896687,1.6944828085580024
0.9,0.3,constant_real,constant_real,0.1,True,,False,"constant_real @ 10.0%, 90% equity / 30% domestic",0.1,False,0.7592385488233847,0.8209082841180172,0.87,0.6409712097878498,1.6736620932153865
0.9,0.3,constant_real,constant_real,0.12,True,,False,"constant_real @ 12.0%, 90% equity / 30% domestic",0.12,False,0.7092848874050759,0.7572611641005333,0.96028,0.7722051672133742,1.6234716643395135
0.9,0.3,constant_percent,constant_percent,0.03,True,,False,"constant_percent @ 3.0%, 90% equity / 30% domestic",0.03,False,1.0818085608148176,1.0762472521481574,0.0,0.0,1.6876908700067963
0.9,0.3,constant_percent,constant_percent,0.035,True,,False,"constant_percent @ 3.5%, 90% equity / 30% domestic",0.035,False,1.121703468339291,1.1197764822604699,0.0,0.0,1.7301530983728028
0.9,0.3,constant_percent,constant_percent,0.04,True,,False,"constant_percent @ 4.0%, 90% equity / 30% domestic",0.04,False,1.154852295588009,1.1573237023723415,0.0,0.0,1.7620592620074427
0.9,0.3,constant_percent,constant_percent,0.045,True,,False,"constant_percent @ 4.5%, 90% equity / 30% domestic",0.045,False,1.181768236643087,1.18931671903166,0.0,0.0,1.7851935155280192
0.9,0.3,constant_percent,constant_percent,0.05,True,,False,"constant_percent @ 5.0%, 90% equity / 30% domestic",0.05,False,1.202885364692128,1.2160942449104235,0.0,0.0,1.801075590867592
0.9,0.3,constant_percent,constant_percent,0.06,True,,False,"constant_percent @ 6.0%, 90% equity / 30% domestic",0.06,False,1.2293125437673216,1.255151395533025,0.0,0.0,1.8160530945691713
0.9,0.3,constant_percent,constant_percent,0.07,True,,False,"constant_percent @ 7.0%, 90% equity / 30% domestic",0.07,False,1.2372952744033716,1.2766840619126605,0.0,0.0,1.8151274282149457
0.9,0.3,constant_percent,constant_percent,0.08,True,,False,"constant_percent @ 8.0%, 90% equity / 30% domestic",0.08,False,1.2301081500887416,1.2829444279249353,0.0,0.0,1.8040856510566654
0.9,0.3,constant_percent,constant_percent,0.09,True,,False,"constant_percent @ 9.0%, 90% equity / 30% domestic",0.09,False,1.2111041341898732,1.2763707847139265,0.0,0.0,1.786990344889767
0.9,0.3,constant_percent,constant_percent,0.1,True,,False,"constant_percent @ 10.0%, 90% equity / 30% domestic",0.1,False,1.1835271515267205,1.259528299887166,0.0,0.0,1.7666472169802556
0.9,0.3,constant_percent,constant_percent,0.12,True,,False,"constant_percent @ 12.0%, 90% equity / 30% domestic",0.12,False,1.1139491438715459,1.2050575546748838,0.0,0.0,1.7231567260684615
0.9,0.3,guyton_klinger,guyton_klinger,0.03,True,,False,"guyton_klinger @ 3.0%, 90% equity / 30% domestic",0.03,False,1.0276208272884628,1.0243075772207768,0.0,0.0,1.582244933324266
0.9,0.3,guyton_klinger,guyton_klinger,0.035,True,,False,"guyton_klinger @ 3.5%, 90% equity / 30% domestic",0.035,False,1.0696040072598916,1.0687992396346693,4e-05,9.76827368647285e-06,1.6351952418196747
0.9,0.3,guyton_klinger,guyton_klinger,0.04,True,,False,"guyton_klinger @ 4.0%, 90% equity / 30% domestic",0.04,False,1.10644630388336,1.1088193156341073,4e-05,1.1258300121115244e-05,1.679866035336922
0.9,0.3,guyton_klinger,guyton_klinger,0.045,True,,False,"guyton_klinger @ 4.5%, 90% equity / 30% domestic",0.045,False,1.1384653378224256,1.1445353986731501,8e-05,2.5602983179295698e-05,1.7170940339992005
0.9,0.3,guyton_klinger,guyton_klinger,0.05,True,,False,"guyton_klinger @ 5.0%, 90% equity / 30% domestic",0.05,False,1.1658601754037556,1.1761783330106572,0.0004,0.0001189846071444168,1.7475116925532332
0.9,0.3,guyton_klinger,guyton_klinger,0.06,True,,False,"guyton_klinger @ 6.0%, 90% equity / 30% domestic",0.06,False,1.2076349956037697,1.2279785886587868,0.00436,0.0012526003604673229,1.7912713079241858
0.9,0.3,guyton_klinger,guyton_klinger,0.07,True,,False,"guyton_klinger @ 7.0%, 90% equity / 30% domestic",0.07,False,1.2263076583565349,1.2613302273018714,0.02736,0.008393634603290326,1.8160327117612105
0.9,0.3,guyton_klinger,guyton_klinger,0.08,True,,False,"guyton_klinger @ 8.0%, 90% equity / 30% domestic",0.08,False,1.2067774732072003,1.2680719934301612,0.1136,0.03602096524509237,1.8240944555355132
0.9,0.3,guyton_klinger,guyton_klinger,0.09,True,,False,"guyton_klinger @ 9.0%, 90% equity / 30% domestic",0.09,False,1.137620092117604,1.235168659451757,0.30176,0.10344884191900468,1.8130602256757062
0.9,0.3,guyton_klinger,guyton_klinger,0.1,True,,False,"guyton_klinger @ 10.0%, 90% equity / 30% domestic",0.1,False,1.04692871951931,1.1680028444850414,0.51456,0.19925410075115735,1.7855325763163394
0.9,0.3,guyton_klinger,guyton_klinger,0.12,True,,False,"guyton_klinger @ 12.0%, 90% equity / 30% domestic",0.12,False,0.8946645256001002,1.0091402831116083,0.83512,0.41361911050471484,1.7102436388919608
0.9,0.3,guyton_klinger,guyton_klinger (tight band),0.03,True,,False,"guyton_klinger (tight band) @ 3.0%, 90% equity / 30% domestic",0.03,False,1.0449018967538881,1.040536691974391,0.0,0.0,1.618403946752391
0.9,0.3,guyton_klinger,guyton_klinger (tight band),0.035,True,,False,"guyton_klinger (tight band) @ 3.5%, 90% equity / 30% domestic",0.035,False,1.0866388930717648,1.0849084113598266,0.0,0.0,1.6717685688295802
0.9,0.3,guyton_klinger,guyton_klinger (tight band),0.04,True,,False,"guyton_klinger (tight band) @ 4.0%, 90% equity / 30% domestic",0.04,False,1.1231899988106209,1.124659607451339,0.0,0.0,1.7161602219826673
0.9,0.3,guyton_klinger,guyton_klinger (tight band),0.045,True,,False,"guyton_klinger (tight band) @ 4.5%, 90% equity / 30% domestic",0.045,False,1.1544179969691293,1.159614351519383,0.00012,3.382806539723594e-05,1.7521466144535245
0.9,0.3,guyton_klinger,guyton_klinger (tight band),0.05,True,,False,"guyton_klinger (tight band) @ 5.0%, 90% equity / 30% domestic",0.05,False,1.18077853849752,1.1901415943744715,0.00028,8.049229486285137e-05,1.780557733654061
0.9,0.3,guyton_klinger,guyton_klinger (tight band),0.06,True,,False,"guyton_klinger (tight band) @ 6.0%, 90% equity / 30% domestic",0.06,False,1.2191273838540848,1.2385418544652331,0.00484,0.0013862140115968279,1.8187658965401083
0.9,0.3,guyton_klinger,guyton_klinger (tight band),0.07,True,,False,"guyton_klinger (tight band) @ 7.0%, 90% equity / 30% domestic",0.07,False,1.2358590389050674,1.2691780642010513,0.02408,0.007328333504511768,1.8376023118343496
0.9,0.3,guyton_klinger,guyton_klinger (tight band),0.08,True,,False,"guyton_klinger (tight band) @ 8.0%, 90% equity / 30% domestic",0.08,False,1.219624591428012,1.276564737564984,0.09956,0.03082127686953202,1.8396481482882183
0.9,0.3,guyton_klinger,guyton_klinger (tight band),0.09,True,,False,"guyton_klinger (tight band) @ 9.0%, 90% equity / 30% domestic",0.09,False,1.1582713123783592,1.2499101837225415,0.27396,0.08990666426830807,1.8238774496471846
0.9,0.3,guyton_klinger,guyton_klinger (tight band),0.1,True,,False,"guyton_klinger (tight band) @ 10.0%, 90% equity / 30% domestic",0.1,False,1.072713521502287,1.1912645950756027,0.49068,0.17774837318908954,1.793970472774087
0.9,0.3,guyton_klinger,guyton_klinger (tight band),0.12,True,,False,"guyton_klinger (tight band) @ 12.0%, 90% equity / 30% domestic",0.12,False,0.9184270131352212,1.0381430935877975,0.82404,0.38068181104567256,1.7183202106893578
0.9,0.3,guyton_klinger,guyton_klinger (no inflation rule),0.03,True,,False,"guyton_klinger (no inflation rule) @ 3.0%, 90% equity / 30% domestic",0.03,False,1.0725415490281818,1.0646145483793856,0.0044,0.002068674966275453,1.6255553521045008
0.9,0.3,guyton_klinger,guyton_klinger (no inflation rule),0.035,True,,False,"guyton_klinger (no inflation rule) @ 3.5%, 90% equity / 30% domestic",0.035,False,1.1180380734997528,1.1131523445005094,0.00812,0.0035994189514169314,1.6800972557644211
0.9,0.3,guyton_klinger,guyton_klinger (no inflation rule),0.04,True,,False,"guyton_klinger (no inflation rule) @ 4.0%, 90% equity / 30% domestic",0.04,False,1.1563390169550931,1.15605385747476,0.01432,0.006019787898827603,1.7255892780121682
0.9,0.3,guyton_klinger,guyton_klinger (no inflation rule),0.045,True,,False,"guyton_klinger (no inflation rule) @ 4.5%, 90% equity / 30% domestic",0.045,False,1.1863354927819336,1.1927278613455512,0.02708,0.010667349062479695,1.7632032257603207
0.9,0.3,guyton_klinger,guyton_klinger (no inflation rule),0.05,True,,False,"guyton_klinger (no inflation rule) @ 5.0%, 90% equity / 30% domestic",0.05,False,1.205634097782859,1.2218178132757216,0.04628,0.018117374544972753,1.7935387254957107
0.9,0.3,guyton_klinger,guyton_klinger (no inflation rule),0.06,True,,False,"guyton_klinger (no inflation rule) @ 6.0%, 90% equity / 30% domestic",0.06,False,1.204480242310239,1.2508028996797522,0.12292,0.04753286468722912,1.83247652159836
0.9,0.3,guyton_klinger,guyton_klinger (no inflation rule),0.07,True,,False,"guyton_klinger (no inflation rule) @ 7.0%, 90% equity / 30% domestic",0.07,False,1.1556321236076958,1.2373142236994255,0.2532,0.10083291265576236,1.8469953218885413
0.9,0.3,guyton_klinger,guyton_klinger (no inflation rule),0.08,True,,False,"guyton_klinger (no inflation rule) @ 8.0%, 90% equity / 30% domestic",0.08,False,1.0717284066371524,1.1813537171551955,0.43852,0.18514950963272894,1.837768538788534
0.9,0.3,guyton_klinger,guyton_klinger (no inflation rule),0.09,True,,False,"guyton_klinger (no inflation rule) @ 9.0%, 90% equity / 30% domestic",0.09,False,0.983382177416938,1.1007009075776737,0.63988,0.29145424153962896,1.8077146624550873
0.9,0.3,guyton_klinger,guyton_klinger (no inflation rule),0.1,True,,False,"guyton_klinger (no inflation rule) @ 10.0%, 90% equity / 30% domestic",0.1,False,0.9106330477337602,1.021661066653512,0.7948,0.39809584523195923,1.7671085361836631
0.9,0.3,guyton_klinger,guyton_klinger (no inflation rule),0.12,True,,False,"guyton_klinger (no inflation rule) @ 12.0%, 90% equity / 30% domestic",0.12,False,0.8083083858850093,0.8957405320110068,0.96184,0.5833557864928356,1.6838160701269995
0.9,0.3,vanguard_dynamic,vanguard_dynamic,0.03,True,,False,"vanguard_dynamic @ 3.0%, 90% equity / 30% domestic",0.03,False,1.0750042845636727,1.0717285062612874,0.01156,0.005806522377621646,1.5624756801231736
0.9,0.3,vanguard_dynamic,vanguard_dynamic,0.035,True,,False,"vanguard_dynamic @ 3.5%, 90% equity / 30% domestic",0.035,False,1.1198509229774574,1.1220918311749626,0.02216,0.011004778016165001,1.6207107190086922
0.9,0.3,vanguard_dynamic,vanguard_dynamic,0.04,True,,False,"vanguard_dynamic @ 4.0%, 90% equity / 30% domestic",0.04,False,1.1514345988411048,1.1629281121122297,0.03968,0.01963552901373974,1.6710627261139086
0.9,0.3,vanguard_dynamic,vanguard_dynamic,0.045,True,,False,"vanguard_dynamic @ 4.5%, 90% equity / 30% domestic",0.045,False,1.1666914219785205,1.191768616072256,0.06868,0.033826856435568244,1.7129934702992677
0.9,0.3,vanguard_dynamic,vanguard_dynamic,0.05,True,,False,"vanguard_dynamic @ 5.0%, 90% equity / 30% domestic",0.05,False,1.1611400361679889,1.204387098327172,0.11132,0.055185414626538566,1.7467180756600058
0.9,0.3,vanguard_dynamic,vanguard_dynamic,0.06,True,,False,"vanguard_dynamic @ 6.0%, 90% equity / 30% domestic",0.06,False,1.0893285387898486,1.1705233324885582,0.25392,0.13091362540022597,1.7892779996276327
0.9,0.3,vanguard_dynamic,vanguard_dynamic,0.07,True,,False,"vanguard_dynamic @ 7.0%, 90% equity / 30% domestic",0.07,False,0.9870703871273602,1.0819231331616896,0.42652,0.2385202018824216,1.8003311030259166
0.9,0.3,vanguard_dynamic,vanguard_dynamic,0.08,True,,False,"vanguard_dynamic @ 8.0%, 90% equity / 30% domestic",0.08,False,0.9009811318486991,0.9923521240550088,0.61376,0.3633626556549351,1.7853753215358517
0.9,0.3,vanguard_dynamic,vanguard_dynamic,0.09,True,,False,"vanguard_dynamic @ 9.0%, 90% equity / 30% domestic",0.09,False,0.8331896543675026,0.9159170612567801,0.78704,0.49461408033997223,1.7513251925069024
0.9,0.3,vanguard_dynamic,vanguard_dynamic,0.1,True,,False,"vanguard_dynamic @ 10.0%, 90% equity / 30% domestic",0.1,False,0.7830322430954825,0.8556583328337709,0.90028,0.6096540195299972,1.7085162572573966
0.9,0.3,vanguard_dynamic,vanguard_dynamic,0.12,True,,False,"vanguard_dynamic @ 12.0%, 90% equity / 30% domestic",0.12,False,0.7205262622753118,0.7752619597042982,0.98996,0.7650955389463153,1.6317766365541284
0.9,0.3,vanguard_dynamic,vanguard_dynamic (asymmetric),0.03,True,,False,"vanguard_dynamic (asymmetric) @ 3.0%, 90% equity / 30% domestic",0.03,False,1.0252084619627115,1.0280406970291156,0.00388,0.002360775111608537,1.4599208526453236
0.9,0.3,vanguard_dynamic,vanguard_dynamic (asymmetric),0.035,True,,False,"vanguard_dynamic (asymmetric) @ 3.5%, 90% equity / 30% domestic",0.035,False,1.0720019601142559,1.077759744552213,0.00664,0.00371186202657033,1.5135891495254625
0.9,0.3,vanguard_dynamic,vanguard_dynamic (asymmetric),0.04,True,,False,"vanguard_dynamic (asymmetric) @ 4.0%, 90% equity / 30% domestic",0.04,False,1.1116293010724523,1.12181618621398,0.01192,0.006443975568242389,1.5627193703994038
0.9,0.3,vanguard_dynamic,vanguard_dynamic (asymmetric),0.045,True,,False,"vanguard_dynamic (asymmetric) @ 4.5%, 90% equity / 30% domestic",0.045,False,1.142235508657882,1.1590478543759337,0.02152,0.011391588341390925,1.6071003995359507
0.9,0.3,vanguard_dynamic,vanguard_dynamic (asymmetric),0.05,True,,False,"vanguard_dynamic (asymmetric) @ 5.0%, 90% equity / 30% domestic",0.05,False,1.1629787434443293,1.1883896207356008,0.03448,0.018192236093537262,1.6460728051833085
0.9,0.3,vanguard_dynamic,vanguard_dynamic (asymmetric),0.06,True,,False,"vanguard_dynamic (asymmetric) @ 6.0%, 90% equity / 30% domestic",0.06,False,1.163866200821123,1.2143547145483815,0.08684,0.045726335238906984,1.7070965027199423
0.9,0.3,vanguard_dynamic,vanguard_dynamic (asymmetric),0.07,True,,False,"vanguard_dynamic (asymmetric) @ 7.0%, 90% equity / 30% domestic",0.07,False,1.1070006879237406,1.185165762758353,0.19116,0.10153503520492806,1.7441545127619644
0.9,0.3,vanguard_dynamic,vanguard_dynamic (asymmetric),0.08,True,,False,"vanguard_dynamic (asymmetric) @ 8.0%, 90% equity / 30% domestic",0.08,False,1.0146972136976775,1.1062065967979318,0.33588,0.19049838843885605,1.757005045874853
0.9,0.3,vanguard_dynamic,vanguard_dynamic (asymmetric),0.09,True,,False,"vanguard_dynamic (asymmetric) @ 9.0%, 90% equity / 30% domestic",0.09,False,0.9300775365970606,1.0198883107317847,0.49312,0.2964087418851532,1.751146703688606
0.9,0.3,vanguard_dynamic,vanguard_dynamic (asymmetric),0.1,True,,False,"vanguard_dynamic (asymmetric) @ 10.0%, 90% equity / 30% domestic",0.1,False,0.8608765199791955,0.943794306796283,0.66616,0.41694185515465476,1.7299163752776905
0.9,0.3,vanguard_dynamic,vanguard_dynamic (asymmetric),0.12,True,,False,"vanguard_dynamic (asymmetric) @ 12.0%, 90% equity / 30% domestic",0.12,False,0.7626696765817387,0.8279759847265353,0.91376,0.6459730888107621,1.6630277148328563
0.9,0.3,endowment,endowment,0.03,True,,False,"endowment @ 3.0%, 90% equity / 30% domestic",0.03,False,1.078783893880374,1.0736477069104253,8e-05,3.0406978510957618e-05,1.6591946168839262
0.9,0.3,endowment,endowment,0.035,True,,False,"endowment @ 3.5%, 90% equity / 30% domestic",0.035,False,1.1212335021914084,1.120182927425643,0.00012,5.562550507670038e-05,1.7061428850924325
0.9,0.3,endowment,endowment,0.04,True,,False,"endowment @ 4.0%, 90% equity / 30% domestic",0.04,False,1.1564421309970674,1.1605659933026402,0.00012,7.193372160673597e-05,1.7427452207221052
0.9,0.3,endowment,endowment,0.045,True,,False,"endowment @ 4.5%, 90% equity / 30% domestic",0.045,False,1.1845615745843858,1.19491885277894,0.00024,0.0001375668100058589,1.7703327650394363
0.9,0.3,endowment,endowment,0.05,True,,False,"endowment @ 5.0%, 90% equity / 30% domestic",0.05,False,1.2056491309967519,1.2232428795396648,0.0004,0.00022657897656224783,1.7901057981517994
0.9,0.3,endowment,endowment,0.06,True,,False,"endowment @ 6.0%, 90% equity / 30% domestic",0.06,False,1.2268224163673405,1.26139508846853,0.0018,0.001116967803518541,1.810413792097799
0.9,0.3,endowment,endowment,0.07,True,,False,"endowment @ 7.0%, 90% equity / 30% domestic",0.07,False,1.220971667477754,1.2743549059876762,0.00448,0.0027084838761724187,1.8110397625000674
0.9,0.3,endowment,endowment,0.08,True,,False,"endowment @ 8.0%, 90% equity / 30% domestic",0.08,False,1.1907537507148525,1.2621728939275538,0.01268,0.007551915442862385,1.7978396879188465
0.9,0.3,endowment,endowment,0.09,True,,False,"endowment @ 9.0%, 90% equity / 30% domestic",0.09,False,1.143282454540638,1.2298442995956975,0.0202,0.011727819714067805,1.7754728981736143
0.9,0.3,endowment,endowment,0.1,True,,False,"endowment @ 10.0%, 90% equity / 30% domestic",0.1,False,1.0802982946999367,1.177797451954014,0.05188,0.027564075379048862,1.7474934542206466
0.9,0.3,endowment,endowment,0.12,True,,False,"endowment @ 12.0%, 90% equity / 30% domestic",0.12,False,0.9325783209266202,1.0330751588817744,0.31964,0.16967609587423835,1.6849743446376393
0.9,0.3,endowment,endowment (light smoothing),0.03,True,,False,"endowment (light smoothing) @ 3.0%, 90% equity / 30% domestic",0.03,False,1.0819815510674475,1.0764715588913834,0.0,0.0,1.6826008103997439
0.9,0.3,endowment,endowment (light smoothing),0.035,True,,False,"endowment (light smoothing) @ 3.5%, 90% equity / 30% domestic",0.035,False,1.1224978612418144,1.1207262823956252,0.0,0.0,1.7259895499363465
0.9,0.3,endowment,endowment (light smoothing),0.04,True,,False,"endowment (light smoothing) @ 4.0%, 90% equity / 30% domestic",0.04,False,1.1561547526426548,1.1589404390221971,0.0,0.0,1.7588046162069362
0.9,0.3,endowment,endowment (light smoothing),0.045,True,,False,"endowment (light smoothing) @ 4.5%, 90% equity / 30% domestic",0.045,False,1.1834079631626866,1.1914866776843518,0.0,0.0,1.7827493811554385
0.9,0.3,endowment,endowment (light smoothing),0.05,True,,False,"endowment (light smoothing) @ 5.0%, 90% equity / 30% domestic",0.05,False,1.204643281598697,1.218653317783859,0.0,0.0,1.7992929317699904
0.9,0.3,endowment,endowment (light smoothing),0.06,True,,False,"endowment (light smoothing) @ 6.0%, 90% equity / 30% domestic",0.06,False,1.2305118057922937,1.2578259140953583,0.0,0.0,1.8150524060386808
0.9,0.3,endowment,endowment (light smoothing),0.07,True,,False,"endowment (light smoothing) @ 7.0%, 90% equity / 30% domestic",0.07,False,1.2367730840644644,1.2783895594105559,0.0,0.0,1.8141744974851497
0.9,0.3,endowment,endowment (light smoothing),0.08,True,,False,"endowment (light smoothing) @ 8.0%, 90% equity / 30% domestic",0.08,False,1.2267572558831983,1.282498298543571,0.0,0.0,1.8025470794763514
0.9,0.3,endowment,endowment (light smoothing),0.09,True,,False,"endowment (light smoothing) @ 9.0%, 90% equity / 30% domestic",0.09,False,1.2040404149499728,1.272663461165188,0.0,0.0,1.7843933499540843
0.9,0.3,endowment,endowment (light smoothing),0.1,True,,False,"endowment (light smoothing) @ 10.0%, 90% equity / 30% domestic",0.1,False,1.172185958816879,1.2516671598109668,0.0,0.0,1.7626894508236477
0.9,0.3,endowment,endowment (light smoothing),0.12,True,,False,"endowment (light smoothing) @ 12.0%, 90% equity / 30% domestic",0.12,False,1.0936835881397664,1.1874542727341502,0.0,0.0,1.7161551142356808
0.9,0.3,life_expectancy,life_expectancy,,False,,False,"life_expectancy, 90% equity / 30% domestic",0.03333333333333333,False,1.21749204767113,1.2063903385892347,0.0,0.0,2.2704493512051327
0.9,0.3,life_expectancy,life_expectancy (+5y buffer),,False,,False,"life_expectancy (+5y buffer), 90% equity / 30% domestic",0.02857142857142857,False,1.169960194008279,1.1447643933965364,0.0,0.0,2.0984031898651
0.9,0.3,gompertz,gompertz,,False,,False,"gompertz, 90% equity / 30% domestic",0.04598575701368062,True,1.2921851507670281,1.3005628579473052,0.0,0.0,2.0006860544949787
0.9,0.3,gompertz,gompertz (+5y buffer),,False,,False,"gompertz (+5y buffer), 90% equity / 30% domestic",0.03738895907792182,True,1.2314265965472548,1.2216555938213085,0.0,0.0,1.9749577905142297
0.9,0.3,amortisation,amortisation (0% assumed return),,False,0.0,True,"amortisation (0% assumed return), 90% equity / 30% domestic",0.03333333333333333,False,1.21749204767113,1.2063903385892347,0.0,0.0,2.2704493512051327
0.9,0.3,amortisation,amortisation (1% assumed return),,False,0.01,True,"amortisation (1% assumed return), 90% equity / 30% domestic",0.03874811321584711,False,1.2475593677499937,1.2441999627849583,0.0,0.0,2.2076973018278303
0.9,0.3,amortisation,amortisation (2% assumed return),,False,0.02,True,"amortisation (2% assumed return), 90% equity / 30% domestic",0.04464992229340293,False,1.2710628404008097,1.2770642156259016,0.0,0.0,2.147340588305267
0.9,0.3,amortisation,amortisation (3% assumed return),,False,0.03,True,"amortisation (3% assumed return), 90% equity / 30% domestic",0.05101925932025255,False,1.2866856842808576,1.303553529787608,0.0,0.0,2.0898269455504312
0.9,0.3,amortisation,amortisation (4% assumed return),,False,0.04,True,"amortisation (4% assumed return), 90% equity / 30% domestic",0.057830099133661314,False,1.293469853585564,1.3224264585457801,0.0,0.0,2.035508571826151
0.9,0.3,amortisation,amortisation (5% assumed return),,False,0.05,True,"amortisation (5% assumed return), 90% equity / 30% domestic",0.06505143508027657,False,1.29096955801088,1.3327770710386877,0.0,0.0,1.984635993242508
0.9,0.3,amortisation,amortisation (6% assumed return),,False,0.06,True,"amortisation (6% assumed return), 90% equity / 30% domestic",0.07264891149004721,False,1.2793521270876422,1.3341683402467515,0.0,0.0,1.9373588250697746
0.9,0.3,amortisation,amortisation (7% assumed return),,False,0.07,True,"amortisation (7% assumed return), 90% equity / 30% domestic",0.08058640351111118,False,1.2594077993686088,1.3267164531604727,0.0,0.0,1.8937323945130902
0.9,0.3,amortisation,amortisation (8% assumed return),,False,0.08,True,"amortisation (8% assumed return), 90% equity / 30% domestic",0.08882743338727227,False,1.2324526305762964,1.3110955029351914,0.0,0.0,1.853728740401648
0.9,0.3,amortisation,amortisation (10% assumed return),,False,0.1,True,"amortisation (10% assumed return), 90% equity / 30% domestic",0.1060792482526339,False,1.1642618767660047,1.260249862331543,0.0,0.0,1.7841450156666283
0.9,0.3,amortisation,amortisation (12% assumed return),,False,0.12,True,"amortisation (12% assumed return), 90% equity / 30% domestic",0.12414365755194319,False,1.0883321122569498,1.1934870276527654,0.0,0.0,1.7272588612504967
0.9,0.5,constant_real,constant_real,0.03,True,,False,"constant_real @ 3.0%, 90% equity / 50% domestic",0.03,False,0.9682991050253563,0.9803770717430744,0.04052,0.019859830061381818,1.3896124592096588
0.9,0.5,constant_real,constant_real,0.035,True,,False,"constant_real @ 3.5%, 90% equity / 50% domestic",0.035,False,1.004594099937683,1.0231308291803343,0.07408,0.03634891820437681,1.4401980426934626
0.9,0.5,constant_real,constant_real,0.04,True,,False,"constant_real @ 4.0%, 90% equity / 50% domestic",0.04,False,1.025473512514766,1.0545314023502672,0.12008,0.06080722485506018,1.4876822517673391
0.9,0.5,constant_real,constant_real,0.045,True,,False,"constant_real @ 4.5%, 90% equity / 50% domestic",0.045,False,1.029386306956813,1.0718851057225232,0.17752,0.09249722270967056,1.5311328479541173
0.9,0.5,constant_real,constant_real,0.05,True,,False,"constant_real @ 5.0%, 90% equity / 50% domestic",0.05,False,1.0167477196753278,1.0734095281697962,0.24636,0.13259234905977546,1.5690922367470646
0.9,0.5,constant_real,constant_real,0.06,True,,False,"constant_real @ 6.0%, 90% equity / 50% domestic",0.06,False,0.9597394802893284,1.0360363162774537,0.40128,0.2320016531592606,1.625641550489979
0.9,0.5,constant_real,constant_real,0.07,True,,False,"constant_real @ 7.0%, 90% equity / 50% domestic",0.07,False,0.892284299804246,0.9726197068472776,0.55812,0.34595347019880307,1.6567065581451028
0.9,0.5,constant_real,constant_real,0.08,True,,False,"constant_real @ 8.0%, 90% equity / 50% domestic",0.08,False,0.8335731482191565,0.9089220494489024,0.699,0.46154816797897946,1.6643351580647163
0.9,0.5,constant_real,constant_real,0.09,True,,False,"constant_real @ 9.0%, 90% equity / 50% domestic",0.09,False,0.787615792590228,0.8551885388275623,0.80684,0.5663029333956474,1.654667483394653
0.9,0.5,constant_real,constant_real,0.1,True,,False,"constant_real @ 10.0%, 90% equity / 50% domestic",0.1,False,0.7525960185140296,0.8123803883424583,0.88324,0.6548788649228349,1.6351483371907745
0.9,0.5,constant_real,constant_real,0.12,True,,False,"constant_real @ 12.0%, 90% equity / 50% domestic",0.12,False,0.7058216147801885,0.7526261389282481,0.96448,0.7796069095661989,1.5900738361279436
0.9,0.5,constant_percent,constant_percent,0.03,True,,False,"constant_percent @ 3.0%, 90% equity / 50% domestic",0.03,False,1.032191095522274,1.0302912311442798,0.0,0.0,1.6434016296983986
0.9,0.5,constant_percent,constant_percent,0.035,True,,False,"constant_percent @ 3.5%, 90% equity / 50% domestic",0.035,False,1.066505608997128,1.0682382455407857,0.0,0.0,1.6831491575577904
0.9,0.5,constant_percent,constant_percent,0.04,True,,False,"constant_percent @ 4.0%, 90% equity / 50% domestic",0.04,False,1.0947749254016728,1.1007385427855474,0.0,0.0,1.7131295938018736
0.9,0.5,constant_percent,constant_percent,0.045,True,,False,"constant_percent @ 4.5%, 90% equity / 50% domestic",0.045,False,1.1175545159682299,1.1282591796008905,0.0,0.0,1.7349877292605096
0.9,0.5,constant_percent,constant_percent,0.05,True,,False,"constant_percent @ 5.0%, 90% equity / 50% domestic",0.05,False,1.1353096106228784,1.1511739187961298,0.0,0.0,1.7501250610052488
0.9,0.5,constant_percent,constant_percent,0.06,True,,False,"constant_percent @ 6.0%, 90% equity / 50% domestic",0.06,False,1.1573817728998421,1.1844344698199436,0.0,0.0,1.7648226380702683
0.9,0.5,constant_percent,constant_percent,0.07,True,,False,"constant_percent @ 7.0%, 90% equity / 50% domestic",0.07,False,1.16406476562484,1.202799339570733,0.0,0.0,1.7647321261771303
0.9,0.5,constant_percent,constant_percent,0.08,True,,False,"constant_percent @ 8.0%, 90% equity / 50% domestic",0.08,False,1.1582693950843983,1.2084120460019898,0.0,0.0,1.7552005567655926
0.9,0.5,constant_percent,constant_percent,0.09,True,,False,"constant_percent @ 9.0%, 90% equity / 50% domestic",0.09,False,1.1427831298605904,1.203409129081889,0.0,0.0,1.739986081161797
0.9,0.5,constant_percent,constant_percent,0.1,True,,False,"constant_percent @ 10.0%, 90% equity / 50% domestic",0.1,False,1.1201972170440468,1.1899114113850853,0.0,0.0,1.7216880887860537
0.9,0.5,constant_percent,constant_percent,0.12,True,,False,"constant_percent @ 12.0%, 90% equity / 50% domestic",0.12,False,1.0626015642773945,1.1454166711466605,0.0,0.0,1.6822865006561922
0.9,0.5,guyton_klinger,guyton_klinger,0.03,True,,False,"guyton_klinger @ 3.0%, 90% equity / 50% domestic",0.03,False,0.9883356941088971,0.9874929457103668,0.0,0.0,1.5464995542676352
0.9,0.5,guyton_klinger,guyton_klinger,0.035,True,,False,"guyton_klinger @ 3.5%, 90% equity / 50% domestic",0.035,False,1.0251752964924037,1.0269518882247013,0.0,0.0,1.5958728983019823
0.9,0.5,guyton_klinger,guyton_klinger,0.04,True,,False,"guyton_klinger @ 4.0%, 90% equity / 50% domestic",0.04,False,1.0574273230661348,1.0623325747743348,0.0,0.0,1.6376346949392542
0.9,0.5,guyton_klinger,guyton_klinger,0.045,True,,False,"guyton_klinger @ 4.5%, 90% equity / 50% domestic",0.045,False,1.0850610073560536,1.0935536770944738,0.00012,3.2284873928703335e-05,1.6723275895999337
0.9,0.5,guyton_klinger,guyton_klinger,0.05,True,,False,"guyton_klinger @ 5.0%, 90% equity / 50% domestic",0.05,False,1.10872305646559,1.1211825200305243,0.0004,0.00011134030739080252,1.7007668214915945
0.9,0.5,guyton_klinger,guyton_klinger,0.06,True,,False,"guyton_klinger @ 6.0%, 90% equity / 50% domestic",0.06,False,1.1438923888813184,1.1656451839432411,0.00492,0.0014359135131618722,1.742379844618106
0.9,0.5,guyton_klinger,guyton_klinger,0.07,True,,False,"guyton_klinger @ 7.0%, 90% equity / 50% domestic",0.07,False,1.1591921365007305,1.1938268336117042,0.03136,0.009502484587838672,1.7661305177322095
0.9,0.5,guyton_klinger,guyton_klinger,0.08,True,,False,"guyton_klinger @ 8.0%, 90% equity / 50% domestic",0.08,False,1.1426958805913643,1.1995233948791986,0.12836,0.040961943188413064,1.774218074221526
0.9,0.5,guyton_klinger,guyton_klinger,0.09,True,,False,"guyton_klinger @ 9.0%, 90% equity / 50% domestic",0.09,False,1.0871926251692146,1.173806435224855,0.31836,0.11094819587108243,1.764224577826639
0.9,0.5,guyton_klinger,guyton_klinger,0.1,True,,False,"guyton_klinger @ 10.0%, 90% equity / 50% domestic",0.1,False,1.0114991249639125,1.119061048314374,0.53076,0.20882840021101098,1.739021089431619
0.9,0.5,guyton_klinger,guyton_klinger,0.12,True,,False,"guyton_klinger @ 12.0%, 90% equity / 50% domestic",0.12,False,0.8786617711266169,0.9846491260288469,0.84936,0.42419112638569256,1.6703797321057314
0.9,0.5,guyton_klinger,guyton_klinger (tight band),0.03,True,,False,"guyton_klinger (tight band) @ 3.0%, 90% equity / 50% domestic",0.03,False,1.0040241729049983,1.0022626224404647,0.0,0.0,1.5803554478956172
0.9,0.5,guyton_klinger,guyton_klinger (tight band),0.035,True,,False,"guyton_klinger (tight band) @ 3.5%, 90% equity / 50% domestic",0.035,False,1.0406827327941988,1.0415650945494739,0.0,0.0,1.630039533611403
0.9,0.5,guyton_klinger,guyton_klinger (tight band),0.04,True,,False,"guyton_klinger (tight band) @ 4.0%, 90% equity / 50% domestic",0.04,False,1.0723291066782843,1.0764050326727619,0.0,0.0,1.6712942834896798
0.9,0.5,guyton_klinger,guyton_klinger (tight band),0.045,True,,False,"guyton_klinger (tight band) @ 4.5%, 90% equity / 50% domestic",0.045,False,1.099018283576537,1.1066978592823804,8e-05,1.95365473729457e-05,1.7048797975477028
0.9,0.5,guyton_klinger,guyton_klinger (tight band),0.05,True,,False,"guyton_klinger (tight band) @ 5.0%, 90% equity / 50% domestic",0.05,False,1.12170291105453,1.133371762615311,0.00036,0.00010008200726968727,1.7318450773166545
0.9,0.5,guyton_klinger,guyton_klinger (tight band),0.06,True,,False,"guyton_klinger (tight band) @ 6.0%, 90% equity / 50% domestic",0.06,False,1.1540926937338492,1.1750364717360984,0.00496,0.0014427426516969238,1.7679369234464526
0.9,0.5,guyton_klinger,guyton_klinger (tight band),0.07,True,,False,"guyton_klinger (tight band) @ 7.0%, 90% equity / 50% domestic",0.07,False,1.1673749085262826,1.2007907252952206,0.02776,0.008418023429422418,1.785816235668972
0.9,0.5,guyton_klinger,guyton_klinger (tight band),0.08,True,,False,"guyton_klinger (tight band) @ 8.0%, 90% equity / 50% domestic",0.08,False,1.1536165426728142,1.207069026541167,0.11316,0.035178163339173,1.7881390695151314
0.9,0.5,guyton_klinger,guyton_klinger (tight band),0.09,True,,False,"guyton_klinger (tight band) @ 9.0%, 90% equity / 50% domestic",0.09,False,1.1048317215704735,1.1862936637068775,0.29112,0.0966374343530525,1.774276048064612
0.9,0.5,guyton_klinger,guyton_klinger (tight band),0.1,True,,False,"guyton_klinger (tight band) @ 10.0%, 90% equity / 50% domestic",0.1,False,1.033261563917156,1.1380745470768066,0.50644,0.18713616597186025,1.7469464675381565
0.9,0.5,guyton_klinger,guyton_klinger (tight band),0.12,True,,False,"guyton_klinger (tight band) @ 12.0%, 90% equity / 50% domestic",0.12,False,0.899888038322922,1.0093957072914075,0.83844,0.39158467971456573,1.6782285591188004
0.9,0.5,guyton_klinger,guyton_klinger (no inflation rule),0.03,True,,False,"guyton_klinger (no inflation rule) @ 3.0%, 90% equity / 50% domestic",0.03,False,1.028382788036577,1.023596028878165,0.00716,0.002996990116125302,1.5875953577538064
0.9,0.5,guyton_klinger,guyton_klinger (no inflation rule),0.035,True,,False,"guyton_klinger (no inflation rule) @ 3.5%, 90% equity / 50% domestic",0.035,False,1.0679715087015447,1.0665464579585004,0.01456,0.005916352131035432,1.6384594551641543
0.9,0.5,guyton_klinger,guyton_klinger (no inflation rule),0.04,True,,False,"guyton_klinger (no inflation rule) @ 4.0%, 90% equity / 50% domestic",0.04,False,1.1005506397380347,1.1039890485148467,0.02616,0.010421039007443652,1.6810323978970467
0.9,0.5,guyton_klinger,guyton_klinger (no inflation rule),0.045,True,,False,"guyton_klinger (no inflation rule) @ 4.5%, 90% equity / 50% domestic",0.045,False,1.1243416417551753,1.1348885370685102,0.04452,0.017595665313047834,1.7160599857452628
0.9,0.5,guyton_klinger,guyton_klinger (no inflation rule),0.05,True,,False,"guyton_klinger (no inflation rule) @ 5.0%, 90% equity / 50% domestic",0.05,False,1.1381329340225987,1.1586285918757144,0.07144,0.02839922323893771,1.7438282008061545
0.9,0.5,guyton_klinger,guyton_klinger (no inflation rule),0.06,True,,False,"guyton_klinger (no inflation rule) @ 6.0%, 90% equity / 50% domestic",0.06,False,1.1344774365263985,1.1810304667447358,0.15472,0.06337374010189213,1.7805208870935703
0.9,0.5,guyton_klinger,guyton_klinger (no inflation rule),0.07,True,,False,"guyton_klinger (no inflation rule) @ 7.0%, 90% equity / 50% domestic",0.07,False,1.094346507884404,1.1686420577410777,0.2816,0.11868495268557941,1.7952987009224701
0.9,0.5,guyton_klinger,guyton_klinger (no inflation rule),0.08,True,,False,"guyton_klinger (no inflation rule) @ 8.0%, 90% equity / 50% domestic",0.08,False,1.0284813376369069,1.125039752637256,0.46988,0.20407536561716189,1.7873714574824844
0.9,0.5,guyton_klinger,guyton_klinger (no inflation rule),0.09,True,,False,"guyton_klinger (no inflation rule) @ 9.0%, 90% equity / 50% domestic",0.09,False,0.957109231369092,1.0624407097634014,0.66352,0.3075362168913843,1.7597587406145463
0.9,0.5,guyton_klinger,guyton_klinger (no inflation rule),0.1,True,,False,"guyton_klinger (no inflation rule) @ 10.0%, 90% equity / 50% domestic",0.1,False,0.8927587261049689,0.9954675061700794,0.81252,0.413737340925857,1.7218073647347245
0.9,0.5,guyton_klinger,guyton_klinger (no inflation rule),0.12,True,,False,"guyton_klinger (no inflation rule) @ 12.0%, 90% equity / 50% domestic",0.12,False,0.7989352829671663,0.8819636281534603,0.96612,0.5948684847928801,1.646050452267853
0.9,0.5,vanguard_dynamic,vanguard_dynamic,0.03,True,,False,"vanguard_dynamic @ 3.0%, 90% equity / 50% domestic",0.03,False,1.0311855487684243,1.031182283672875,0.02012,0.00989466800446719,1.5304714670856259
0.9,0.5,vanguard_dynamic,vanguard_dynamic,0.035,True,,False,"vanguard_dynamic @ 3.5%, 90% equity / 50% domestic",0.035,False,1.0681976844543504,1.0744777639560514,0.03644,0.018146079684358583,1.5844681864740129
0.9,0.5,vanguard_dynamic,vanguard_dynamic,0.04,True,,False,"vanguard_dynamic @ 4.0%, 90% equity / 50% domestic",0.04,False,1.0919576058280462,1.1079853895940066,0.06308,0.031625020411739924,1.6307945432702788
0.9,0.5,vanguard_dynamic,vanguard_dynamic,0.045,True,,False,"vanguard_dynamic @ 4.5%, 90% equity / 50% domestic",0.045,False,1.1011761933646484,1.1298713014280681,0.09768,0.04993992363711177,1.6693848142353127
0.9,0.5,vanguard_dynamic,vanguard_dynamic,0.05,True,,False,"vanguard_dynamic @ 5.0%, 90% equity / 50% domestic",0.05,False,1.094290040785984,1.1381913940533535,0.1474,0.07582331422191402,1.7004734083546058
0.9,0.5,vanguard_dynamic,vanguard_dynamic,0.06,True,,False,"vanguard_dynamic @ 6.0%, 90% equity / 50% domestic",0.06,False,1.0410813188340884,1.1132521394593706,0.27776,0.14932233194716515,1.7409086159913247
0.9,0.5,vanguard_dynamic,vanguard_dynamic,0.07,True,,False,"vanguard_dynamic @ 7.0%, 90% equity / 50% domestic",0.07,False,0.9597352939271995,1.0459704495451578,0.45152,0.2559510635416849,1.7517019323397798
0.9,0.5,vanguard_dynamic,vanguard_dynamic,0.08,True,,False,"vanguard_dynamic @ 8.0%, 90% equity / 50% domestic",0.08,False,0.8830492146356648,0.9687644758593715,0.64412,0.3840571227253902,1.737558653897184
0.9,0.5,vanguard_dynamic,vanguard_dynamic,0.09,True,,False,"vanguard_dynamic @ 9.0%, 90% equity / 50% domestic",0.09,False,0.8209961081988187,0.8996171201033009,0.80508,0.5127533769639394,1.7062070976778978
0.9,0.5,vanguard_dynamic,vanguard_dynamic,0.1,True,,False,"vanguard_dynamic @ 10.0%, 90% equity / 50% domestic",0.1,False,0.7749514830794424,0.8446259306962988,0.90904,0.6236660529322554,1.6677166105127026
0.9,0.5,vanguard_dynamic,vanguard_dynamic,0.12,True,,False,"vanguard_dynamic @ 12.0%, 90% equity / 50% domestic",0.12,False,0.7164577716301248,0.7694607313218554,0.98964,0.7715215830754911,1.5987838073871017
0.9,0.5,vanguard_dynamic,vanguard_dynamic (asymmetric),0.03,True,,False,"vanguard_dynamic (asymmetric) @ 3.0%, 90% equity / 50% domestic",0.03,False,0.9881035506277057,0.9927644779239994,0.00688,0.00383575233371307,1.4367302360093155
0.9,0.5,vanguard_dynamic,vanguard_dynamic (asymmetric),0.035,True,,False,"vanguard_dynamic (asymmetric) @ 3.5%, 90% equity / 50% domestic",0.035,False,1.0288119689777626,1.0366631847721932,0.01132,0.006247816859238876,1.486747846401598
0.9,0.5,vanguard_dynamic,vanguard_dynamic (asymmetric),0.04,True,,False,"vanguard_dynamic (asymmetric) @ 4.0%, 90% equity / 50% domestic",0.04,False,1.0622684019706479,1.074922456563506,0.0206,0.01088436032514727,1.5322999403202096
0.9,0.5,vanguard_dynamic,vanguard_dynamic (asymmetric),0.045,True,,False,"vanguard_dynamic (asymmetric) @ 4.5%, 90% equity / 50% domestic",0.045,False,1.086855012514747,1.1063200310665096,0.0352,0.018740891480331697,1.5732550972217316
0.9,0.5,vanguard_dynamic,vanguard_dynamic (asymmetric),0.05,True,,False,"vanguard_dynamic (asymmetric) @ 5.0%, 90% equity / 50% domestic",0.05,False,1.1012840460557742,1.1293789041556168,0.05472,0.029470245136044713,1.6091593416502126
0.9,0.5,vanguard_dynamic,vanguard_dynamic (asymmetric),0.06,True,,False,"vanguard_dynamic (asymmetric) @ 6.0%, 90% equity / 50% domestic",0.06,False,1.0979716806742619,1.1473032938477763,0.11736,0.06372093929747516,1.6651192648418571
0.9,0.5,vanguard_dynamic,vanguard_dynamic (asymmetric),0.07,True,,False,"vanguard_dynamic (asymmetric) @ 7.0%, 90% equity / 50% domestic",0.07,False,1.0533761698357842,1.1238499362764642,0.21736,0.12070909295339567,1.6991329672074333
0.9,0.5,vanguard_dynamic,vanguard_dynamic (asymmetric),0.08,True,,False,"vanguard_dynamic (asymmetric) @ 8.0%, 90% equity / 50% domestic",0.08,False,0.982999198918366,1.0655107632441465,0.3576,0.2065677521438596,1.712150011915613
0.9,0.5,vanguard_dynamic,vanguard_dynamic (asymmetric),0.09,True,,False,"vanguard_dynamic (asymmetric) @ 9.0%, 90% equity / 50% domestic",0.09,False,0.9096676324758692,0.9933592472823828,0.52152,0.31458620152644623,1.7065759051520955
0.9,0.5,vanguard_dynamic,vanguard_dynamic (asymmetric),0.1,True,,False,"vanguard_dynamic (asymmetric) @ 10.0%, 90% equity / 50% domestic",0.1,False,0.8457608648776839,0.9244318444480046,0.69316,0.43756915724707507,1.6866643374484185
0.9,0.5,vanguard_dynamic,vanguard_dynamic (asymmetric),0.12,True,,False,"vanguard_dynamic (asymmetric) @ 12.0%, 90% equity / 50% domestic",0.12,False,0.755693245352071,0.8186319044279032,0.92308,0.6594654651033371,1.6261785287165447
0.9,0.5,endowment,endowment,0.03,True,,False,"endowment @ 3.0%, 90% equity / 50% domestic",0.03,False,1.031005357013061,1.029539029689426,0.0,0.0,1.6178445735693392
0.9,0.5,endowment,endowment,0.035,True,,False,"endowment @ 3.5%, 90% equity / 50% domestic",0.035,False,1.0675964620703662,1.0702686730251365,8e-05,3.501375198962103e-05,1.6617317245891887
0.9,0.5,endowment,endowment,0.04,True,,False,"endowment @ 4.0%, 90% equity / 50% domestic",0.04,False,1.0976161096840595,1.1053205163006776,0.00016,7.565650166942048e-05,1.69603012458055
0.9,0.5,endowment,endowment,0.045,True,,False,"endowment @ 4.5%, 90% equity / 50% domestic",0.045,False,1.121299139033299,1.1348722381044418,0.00016,8.450674675938753e-05,1.7219708300419947
0.9,0.5,endowment,endowment,0.05,True,,False,"endowment @ 5.0%, 90% equity / 50% domestic",0.05,False,1.1388450757241124,1.1590521228676633,0.0004,0.00020769587749032916,1.7406641710182273
0.9,0.5,endowment,endowment,0.06,True,,False,"endowment @ 6.0%, 90% equity / 50% domestic",0.06,False,1.1560153160510507,1.1912832906458188,0.00196,0.0011684006250022273,1.76019804669979
0.9,0.5,endowment,endowment,0.07,True,,False,"endowment @ 7.0%, 90% equity / 50% domestic",0.07,False,1.1506593549890085,1.2020642997256719,0.0052,0.0031247459119893113,1.7614495430593218
0.9,0.5,endowment,endowment,0.08,True,,False,"endowment @ 8.0%, 90% equity / 50% domestic",0.08,False,1.1252271352236376,1.1921406474068494,0.01588,0.009104298992128078,1.7498439992268526
0.9,0.5,endowment,endowment,0.09,True,,False,"endowment @ 9.0%, 90% equity / 50% domestic",0.09,False,1.0843170978224406,1.1640298533375257,0.0342,0.019032472553359533,1.729672302936552
0.9,0.5,endowment,endowment,0.1,True,,False,"endowment @ 10.0%, 90% equity / 50% domestic",0.1,False,1.0311675287458224,1.1199589598714885,0.08144,0.04372283827818539,1.7042500142987023
0.9,0.5,endowment,endowment,0.12,True,,False,"endowment @ 12.0%, 90% equity / 50% domestic",0.12,False,0.9083713855962503,1.0008725244132526,0.3432,0.18608017890897707,1.647342716622161
0.9,0.5,endowment,endowment (light smoothing),0.03,True,,False,"endowment (light smoothing) @ 3.0%, 90% equity / 50% domestic",0.03,False,1.032607101015291,1.0307832884568844,0.0,0.0,1.6388368491863323
0.9,0.5,endowment,endowment (light smoothing),0.035,True,,False,"endowment (light smoothing) @ 3.5%, 90% equity / 50% domestic",0.035,False,1.0674536990803811,1.0693765387243404,0.0,0.0,1.6794338912762696
0.9,0.5,endowment,endowment (light smoothing),0.04,True,,False,"endowment (light smoothing) @ 4.0%, 90% equity / 50% domestic",0.04,False,1.0961371330278267,1.1024526852483958,0.0,0.0,1.7102452946045896
0.9,0.5,endowment,endowment (light smoothing),0.045,True,,False,"endowment (light smoothing) @ 4.5%, 90% equity / 50% domestic",0.045,False,1.119168946523308,1.1304340459331266,0.0,0.0,1.7328423543504434
0.9,0.5,endowment,endowment (light smoothing),0.05,True,,False,"endowment (light smoothing) @ 5.0%, 90% equity / 50% domestic",0.05,False,1.1369795556539126,1.1536552767709325,0.0,0.0,1.7485805979307434
0.9,0.5,endowment,endowment (light smoothing),0.06,True,,False,"endowment (light smoothing) @ 6.0%, 90% equity / 50% domestic",0.06,False,1.1584814874771705,1.1869408527768475,0.0,0.0,1.7639813258259671
0.9,0.5,endowment,endowment (light smoothing),0.07,True,,False,"endowment (light smoothing) @ 7.0%, 90% equity / 50% domestic",0.07,False,1.1636323946360716,1.2044097691910935,0.0,0.0,1.7639189594554308
0.9,0.5,endowment,endowment (light smoothing),0.08,True,,False,"endowment (light smoothing) @ 8.0%, 90% equity / 50% domestic",0.08,False,1.15540599115964,1.2081509016193723,0.0,0.0,1.7538343473769173
0.9,0.5,endowment,endowment (light smoothing),0.09,True,,False,"endowment (light smoothing) @ 9.0%, 90% equity / 50% domestic",0.09,False,1.1367653035755017,1.2003682369731064,0.0,0.0,1.7376337368701733
0.9,0.5,endowment,endowment (light smoothing),0.1,True,,False,"endowment (light smoothing) @ 10.0%, 90% equity / 50% domestic",0.1,False,1.1105410680323786,1.1833488133742882,0.0,0.0,1.7180732503668148
0.9,0.5,endowment,endowment (light smoothing),0.12,True,,False,"endowment (light smoothing) @ 12.0%, 90% equity / 50% domestic",0.12,False,1.0452211592955858,1.130515569884605,0.0,0.0,1.675854500132919
0.9,0.5,life_expectancy,life_expectancy,,False,,False,"life_expectancy, 90% equity / 50% domestic",0.03333333333333333,False,1.1574919258721832,1.1486164167564064,0.0,0.0,2.181545312833469
0.9,0.5,life_expectancy,life_expectancy (+5y buffer),,False,,False,"life_expectancy (+5y buffer), 90% equity / 50% domestic",0.02857142857142857,False,1.1133836343960537,1.093566444275099,0.0,0.0,2.0221997284036743
0.9,0.5,gompertz,gompertz,,False,,False,"gompertz, 90% equity / 50% domestic",0.04598575701368062,True,1.2130676639333131,1.2258261623951783,0.0,0.0,1.9356049226889318
0.9,0.5,gompertz,gompertz (+5y buffer),,False,,False,"gompertz (+5y buffer), 90% equity / 50% domestic",0.03738895907792182,True,1.162888046973616,1.1586319995378698,0.0,0.0,1.9102162088914207
0.9,0.5,amortisation,amortisation (0% assumed return),,False,0.0,True,"amortisation (0% assumed return), 90% equity / 50% domestic",0.03333333333333333,False,1.1574919258721832,1.1486164167564064,0.0,0.0,2.181545312833469
0.9,0.5,amortisation,amortisation (1% assumed return),,False,0.01,True,"amortisation (1% assumed return), 90% equity / 50% domestic",0.03874811321584711,False,1.1820967975896828,1.180469839628284,0.0,0.0,2.1244594014823432
0.9,0.5,amortisation,amortisation (2% assumed return),,False,0.02,True,"amortisation (2% assumed return), 90% equity / 50% domestic",0.04464992229340293,False,1.200807504237239,1.2077755654845548,0.0,0.0,2.0695303120737707
0.9,0.5,amortisation,amortisation (3% assumed return),,False,0.03,True,"amortisation (3% assumed return), 90% equity / 50% domestic",0.05101925932025255,False,1.2126801308249087,1.229445463876497,0.0,0.0,2.0171670663180437
0.9,0.5,amortisation,amortisation (4% assumed return),,False,0.04,True,"amortisation (4% assumed return), 90% equity / 50% domestic",0.057830099133661314,False,1.217107080824838,1.2445916701198063,0.0,0.0,1.9676921793485471
0.9,0.5,amortisation,amortisation (5% assumed return),,False,0.05,True,"amortisation (5% assumed return), 90% equity / 50% domestic",0.06505143508027657,False,1.2139052766013574,1.2526245959346192,0.0,0.0,1.9213359534144012
0.9,0.5,amortisation,amortisation (6% assumed return),,False,0.06,True,"amortisation (6% assumed return), 90% equity / 50% domestic",0.07264891149004721,False,1.2033539786018908,1.253328545354484,0.0,0.0,1.8782370424049284
0.9,0.5,amortisation,amortisation (7% assumed return),,False,0.07,True,"amortisation (7% assumed return), 90% equity / 50% domestic",0.08058640351111118,False,1.186167970808493,1.2468960837673697,0.0,0.0,1.838448356419842
0.9,0.5,amortisation,amortisation (8% assumed return),,False,0.08,True,"amortisation (8% assumed return), 90% equity / 50% domestic",0.08882743338727227,False,1.163408462611875,1.2339093102112335,0.0,0.0,1.8019469642694659
0.9,0.5,amortisation,amortisation (10% assumed return),,False,0.1,True,"amortisation (10% assumed return), 90% equity / 50% domestic",0.1060792482526339,False,1.106343689553238,1.1920868307296988,0.0,0.0,1.7384106552880836
0.9,0.5,amortisation,amortisation (12% assumed return),,False,0.12,True,"amortisation (12% assumed return), 90% equity / 50% domestic",0.12414365755194319,False,1.042480856260603,1.1368729324957756,0.0,0.0,1.686417123745945
1.0,0.0,constant_real,constant_real,0.03,True,,False,"constant_real @ 3.0%, 100% equity / 0% domestic",0.03,False,1.0420546508785478,1.054322326977872,0.0272,0.013447523230183224,1.4830386954227806
1.0,0.0,constant_real,constant_real,0.035,True,,False,"constant_real @ 3.5%, 100% equity / 0% domestic",0.035,False,1.085772209664302,1.1051016177086803,0.05092,0.025045225960576928,1.5492385353598874
1.0,0.0,constant_real,constant_real,0.04,True,,False,"constant_real @ 4.0%, 100% equity / 0% domestic",0.04,False,1.1110299204320706,1.1426487063180393,0.0878,0.04388934204706623,1.612142688645034
1.0,0.0,constant_real,constant_real,0.045,True,,False,"constant_real @ 4.5%, 100% equity / 0% domestic",0.045,False,1.1091070267884784,1.1592439151004819,0.14264,0.07341168947218385,1.668915258869931
1.0,0.0,constant_real,constant_real,0.05,True,,False,"constant_real @ 5.0%, 100% equity / 0% domestic",0.05,False,1.0841068506523388,1.1521176161818891,0.20696,0.11111977270435335,1.718842046344273
1.0,0.0,constant_real,constant_real,0.06,True,,False,"constant_real @ 6.0%, 100% equity / 0% domestic",0.06,False,1.004890197647143,1.0909289881272546,0.3442,0.20195852952275634,1.7961494697710467
1.0,0.0,constant_real,constant_real,0.07,True,,False,"constant_real @ 7.0%, 100% equity / 0% domestic",0.07,False,0.926475120595209,1.012381307184092,0.48144,0.30271052061565246,1.8445249995888107
1.0,0.0,constant_real,constant_real,0.08,True,,False,"constant_real @ 8.0%, 100% equity / 0% domestic",0.08,False,0.8604327901636516,0.9394845671358992,0.61652,0.4091601635846299,1.8646964321707096
1.0,0.0,constant_real,constant_real,0.09,True,,False,"constant_real @ 9.0%, 100% equity / 0% domestic",0.09,False,0.8095791036201736,0.8797545816324809,0.72644,0.5099748441120918,1.8605887447933842
1.0,0.0,constant_real,constant_real,0.1,True,,False,"constant_real @ 10.0%, 100% equity / 0% domestic",0.1,False,0.77103436789691,0.8329207589245115,0.8146,0.5997889345884762,1.8409091233209849
1.0,0.0,constant_real,constant_real,0.12,True,,False,"constant_real @ 12.0%, 100% equity / 0% domestic",0.12,False,0.718156536890288,0.766765487580077,0.92524,0.7372294237823251,1.7832846268668425
1.0,0.0,constant_percent,constant_percent,0.03,True,,False,"constant_percent @ 3.0%, 100% equity / 0% domestic",0.03,False,1.143688681753257,1.1352993962137519,0.0,0.0,1.929841947333792
1.0,0.0,constant_percent,constant_percent,0.035,True,,False,"constant_percent @ 3.5%, 100% equity / 0% domestic",0.035,False,1.1871113010511039,1.1823473435787162,0.0,0.0,1.9864024321004858
1.0,0.0,constant_percent,constant_percent,0.04,True,,False,"constant_percent @ 4.0%, 100% equity / 0% domestic",0.04,False,1.2232674414880234,1.2229232001846368,0.0,0.0,2.0280116805426673
1.0,0.0,constant_percent,constant_percent,0.045,True,,False,"constant_percent @ 4.5%, 100% equity / 0% domestic",0.045,False,1.2527501598468995,1.2575381179391842,0.0,0.0,2.057246058123792
1.0,0.0,constant_percent,constant_percent,0.05,True,,False,"constant_percent @ 5.0%, 100% equity / 0% domestic",0.05,False,1.2760462835207522,1.2865889569911484,0.0,0.0,2.076296078588254
1.0,0.0,constant_percent,constant_percent,0.06,True,,False,"constant_percent @ 6.0%, 100% equity / 0% domestic",0.06,False,1.3057893450982352,1.3292943233001586,0.0,0.0,2.090988856164548
1.0,0.0,constant_percent,constant_percent,0.07,True,,False,"constant_percent @ 7.0%, 100% equity / 0% domestic",0.07,False,1.3157894878231151,1.3534069260795598,0.0,0.0,2.083756672161386
1.0,0.0,constant_percent,constant_percent,0.08,True,,False,"constant_percent @ 8.0%, 100% equity / 0% domestic",0.08,False,1.3093556641695019,1.3612316276562275,0.0,0.0,2.0628549157368705
1.0,0.0,constant_percent,constant_percent,0.09,True,,False,"constant_percent @ 9.0%, 100% equity / 0% domestic",0.09,False,1.2898670759812307,1.355203615557725,0.0,0.0,2.034041495797259
1.0,0.0,constant_percent,constant_percent,0.1,True,,False,"constant_percent @ 10.0%, 100% equity / 0% domestic",0.1,False,1.2606391890350495,1.3378853752626416,0.0,0.0,2.001260187516472
1.0,0.0,constant_percent,constant_percent,0.12,True,,False,"constant_percent @ 12.0%, 100% equity / 0% domestic",0.12,False,1.184848562652885,1.2795948334925107,0.0,0.0,1.9334151676869527
1.0,0.0,guyton_klinger,guyton_klinger,0.03,True,,False,"guyton_klinger @ 3.0%, 100% equity / 0% domestic",0.03,False,1.0824658669250682,1.0768738699824039,4e-05,1.2801491589647849e-05,1.735356232153347
1.0,0.0,guyton_klinger,guyton_klinger,0.035,True,,False,"guyton_klinger @ 3.5%, 100% equity / 0% domestic",0.035,False,1.1282932213860222,1.125145047202581,0.00012,3.540592934450019e-05,1.807242108642094
1.0,0.0,guyton_klinger,guyton_klinger,0.04,True,,False,"guyton_klinger @ 4.0%, 100% equity / 0% domestic",0.04,False,1.16847833314799,1.1684660383411365,0.00028,8.363016357702943e-05,1.8687491478692748
1.0,0.0,guyton_klinger,guyton_klinger,0.045,True,,False,"guyton_klinger @ 4.5%, 100% equity / 0% domestic",0.045,False,1.2034234597894184,1.2071230299896487,0.00044,0.00014270969490596676,1.9203161183234014
1.0,0.0,guyton_klinger,guyton_klinger,0.05,True,,False,"guyton_klinger @ 5.0%, 100% equity / 0% domestic",0.05,False,1.233034058885192,1.2411562226880746,0.00156,0.0004934315709967259,1.9631903403151092
1.0,0.0,guyton_klinger,guyton_klinger,0.06,True,,False,"guyton_klinger @ 6.0%, 100% equity / 0% domestic",0.06,False,1.275984017494254,1.2958724264029287,0.011,0.0035163331541563513,2.0255643619044217
1.0,0.0,guyton_klinger,guyton_klinger,0.07,True,,False,"guyton_klinger @ 7.0%, 100% equity / 0% domestic",0.07,False,1.2890963340546038,1.3283054199440196,0.04312,0.014419855501029519,2.0610767914980648
1.0,0.0,guyton_klinger,guyton_klinger,0.08,True,,False,"guyton_klinger @ 8.0%, 100% equity / 0% domestic",0.08,False,1.252359643409022,1.3258188093118008,0.13444,0.04649595745933208,2.071091619380748
1.0,0.0,guyton_klinger,guyton_klinger,0.09,True,,False,"guyton_klinger @ 9.0%, 100% equity / 0% domestic",0.09,False,1.1611570841920615,1.2727189474106668,0.30616,0.11414668919412649,2.0555434784428708
1.0,0.0,guyton_klinger,guyton_klinger,0.1,True,,False,"guyton_klinger @ 10.0%, 100% equity / 0% domestic",0.1,False,1.0579955740028855,1.186942774236494,0.50376,0.20835973141800815,2.017641652819305
1.0,0.0,guyton_klinger,guyton_klinger,0.12,True,,False,"guyton_klinger @ 12.0%, 100% equity / 0% domestic",0.12,False,0.8969757888351975,1.009751519659466,0.80184,0.4150888923599237,1.9128988779526446
1.0,0.0,guyton_klinger,guyton_klinger (tight band),0.03,True,,False,"guyton_klinger (tight band) @ 3.0%, 100% equity / 0% domestic",0.03,False,1.1000285642271246,1.0932264593010932,8e-05,2.1026573807588092e-05,1.782087582341912
1.0,0.0,guyton_klinger,guyton_klinger (tight band),0.035,True,,False,"guyton_klinger (tight band) @ 3.5%, 100% equity / 0% domestic",0.035,False,1.14598784552929,1.1417270556087498,0.00016,4.820742093414804e-05,1.8551941121910756
1.0,0.0,guyton_klinger,guyton_klinger (tight band),0.04,True,,False,"guyton_klinger (tight band) @ 4.0%, 100% equity / 0% domestic",0.04,False,1.185671879875374,1.1845307213576892,0.00024,7.394972740317843e-05,1.9168787752746714
1.0,0.0,guyton_klinger,guyton_klinger (tight band),0.045,True,,False,"guyton_klinger (tight band) @ 4.5%, 100% equity / 0% domestic",0.045,False,1.2199457710412003,1.2226200064576562,0.00084,0.0002558009488485162,1.967135594668161
1.0,0.0,guyton_klinger,guyton_klinger (tight band),0.05,True,,False,"guyton_klinger (tight band) @ 5.0%, 100% equity / 0% domestic",0.05,False,1.2484684291119847,1.255592067101986,0.00248,0.000748813787278405,2.0083762734775767
1.0,0.0,guyton_klinger,guyton_klinger (tight band),0.06,True,,False,"guyton_klinger (tight band) @ 6.0%, 100% equity / 0% domestic",0.06,False,1.287911458451854,1.307103803320757,0.01284,0.004080551905538685,2.064487164582305
1.0,0.0,guyton_klinger,guyton_klinger (tight band),0.07,True,,False,"guyton_klinger (tight band) @ 7.0%, 100% equity / 0% domestic",0.07,False,1.298574497244465,1.3367577776475186,0.04272,0.014206545532056065,2.0917340206531065
1.0,0.0,guyton_klinger,guyton_klinger (tight band),0.08,True,,False,"guyton_klinger (tight band) @ 8.0%, 100% equity / 0% domestic",0.08,False,1.2633384863417336,1.3343631935635516,0.1318,0.04425422708386555,2.093684457169957
1.0,0.0,guyton_klinger,guyton_klinger (tight band),0.09,True,,False,"guyton_klinger (tight band) @ 9.0%, 100% equity / 0% domestic",0.09,False,1.1796689669579992,1.2884483519298193,0.29648,0.10607178632039642,2.070546038357407
1.0,0.0,guyton_klinger,guyton_klinger (tight band),0.1,True,,False,"guyton_klinger (tight band) @ 10.0%, 100% equity / 0% domestic",0.1,False,1.081009709794813,1.2099512283323255,0.49244,0.1928880429147031,2.028327427639009
1.0,0.0,guyton_klinger,guyton_klinger (tight band),0.12,True,,False,"guyton_klinger (tight band) @ 12.0%, 100% equity / 0% domestic",0.12,False,0.9155770663119144,1.0339286208353302,0.80416,0.3933368872764231,1.9203888245589915
1.0,0.0,guyton_klinger,guyton_klinger (no inflation rule),0.03,True,,False,"guyton_klinger (no inflation rule) @ 3.0%, 100% equity / 0% domestic",0.03,False,1.1297691111097814,1.1195655584687212,0.00628,0.002972871910167371,1.804549366859219
1.0,0.0,guyton_klinger,guyton_klinger (no inflation rule),0.035,True,,False,"guyton_klinger (no inflation rule) @ 3.5%, 100% equity / 0% domestic",0.035,False,1.1787093831861835,1.1719794517939455,0.01092,0.004784459813905048,1.8792988657445635
1.0,0.0,guyton_klinger,guyton_klinger (no inflation rule),0.04,True,,False,"guyton_klinger (no inflation rule) @ 4.0%, 100% equity / 0% domestic",0.04,False,1.218655019615752,1.217486531041576,0.01784,0.007608629046904063,1.941837274846674
1.0,0.0,guyton_klinger,guyton_klinger (no inflation rule),0.045,True,,False,"guyton_klinger (no inflation rule) @ 4.5%, 100% equity / 0% domestic",0.045,False,1.248436294078122,1.2554778998358247,0.029,0.012246450087347847,1.9935347290598173
1.0,0.0,guyton_klinger,guyton_klinger (no inflation rule),0.05,True,,False,"guyton_klinger (no inflation rule) @ 5.0%, 100% equity / 0% domestic",0.05,False,1.2659992400512274,1.2844659306398039,0.04896,0.020040179283827602,2.035445268499702
1.0,0.0,guyton_klinger,guyton_klinger (no inflation rule),0.06,True,,False,"guyton_klinger (no inflation rule) @ 6.0%, 100% equity / 0% domestic",0.06,False,1.2564185402634154,1.3095908517409947,0.1212,0.04854826255550028,2.088513064637033
1.0,0.0,guyton_klinger,guyton_klinger (no inflation rule),0.07,True,,False,"guyton_klinger (no inflation rule) @ 7.0%, 100% equity / 0% domestic",0.07,False,1.1897861768788267,1.2826257572917295,0.24176,0.09987858774098429,2.1064071398027484
1.0,0.0,guyton_klinger,guyton_klinger (no inflation rule),0.08,True,,False,"guyton_klinger (no inflation rule) @ 8.0%, 100% equity / 0% domestic",0.08,False,1.0920620628629736,1.2093231172038816,0.41516,0.18072743471587244,2.0923978894274735
1.0,0.0,guyton_klinger,guyton_klinger (no inflation rule),0.09,True,,False,"guyton_klinger (no inflation rule) @ 9.0%, 100% equity / 0% domestic",0.09,False,0.9974664400159637,1.118124723504321,0.5982,0.2811728944739417,2.051078893926262
1.0,0.0,guyton_klinger,guyton_klinger (no inflation rule),0.1,True,,False,"guyton_klinger (no inflation rule) @ 10.0%, 100% equity / 0% domestic",0.1,False,0.9198174932561283,1.031765516941542,0.75308,0.3857701248403393,1.9951584868128922
1.0,0.0,guyton_klinger,guyton_klinger (no inflation rule),0.12,True,,False,"guyton_klinger (no inflation rule) @ 12.0%, 100% equity / 0% domestic",0.12,False,0.8146219549566072,0.9016251683029097,0.93716,0.5684074526230599,1.876844620082975
1.0,0.0,vanguard_dynamic,vanguard_dynamic,0.03,True,,False,"vanguard_dynamic @ 3.0%, 100% equity / 0% domestic",0.03,False,1.1267322725543185,1.122597928857443,0.01376,0.0071794755380174685,1.6881514242111815
1.0,0.0,vanguard_dynamic,vanguard_dynamic,0.035,True,,False,"vanguard_dynamic @ 3.5%, 100% equity / 0% domestic",0.035,False,1.1732236122377717,1.1754399671704647,0.02352,0.012161014325056462,1.7643405845439988
1.0,0.0,vanguard_dynamic,vanguard_dynamic,0.04,True,,False,"vanguard_dynamic @ 4.0%, 100% equity / 0% domestic",0.04,False,1.2049187512916286,1.2176570918781369,0.04044,0.02049111010093022,1.8311506301942648
1.0,0.0,vanguard_dynamic,vanguard_dynamic,0.045,True,,False,"vanguard_dynamic @ 4.5%, 100% equity / 0% domestic",0.045,False,1.21602733841458,1.2451683344026188,0.06732,0.03387967524970062,1.8884714391454542
1.0,0.0,vanguard_dynamic,vanguard_dynamic,0.05,True,,False,"vanguard_dynamic @ 5.0%, 100% equity / 0% domestic",0.05,False,1.2020345810858313,1.2522840707265963,0.10976,0.055871002930305294,1.9355803296801295
1.0,0.0,vanguard_dynamic,vanguard_dynamic,0.06,True,,False,"vanguard_dynamic @ 6.0%, 100% equity / 0% domestic",0.06,False,1.111319592623917,1.1987553152490285,0.2424,0.12882712153650794,1.9966737239367474
1.0,0.0,vanguard_dynamic,vanguard_dynamic,0.07,True,,False,"vanguard_dynamic @ 7.0%, 100% equity / 0% domestic",0.07,False,0.9990587888977567,1.0959803880728245,0.40484,0.2318250331267883,2.0168883981364076
1.0,0.0,vanguard_dynamic,vanguard_dynamic,0.08,True,,False,"vanguard_dynamic @ 8.0%, 100% equity / 0% domestic",0.08,False,0.9113229841470741,1.002589679562235,0.57588,0.3471259696033917,2.003017230050184
1.0,0.0,vanguard_dynamic,vanguard_dynamic,0.09,True,,False,"vanguard_dynamic @ 9.0%, 100% equity / 0% domestic",0.09,False,0.8427577975812114,0.9248415151390056,0.73344,0.46810842028612826,1.9631808537781603
1.0,0.0,vanguard_dynamic,vanguard_dynamic,0.1,True,,False,"vanguard_dynamic @ 10.0%, 100% equity / 0% domestic",0.1,False,0.7921269376979613,0.8643154173822502,0.85504,0.5797687629489258,1.9094838122078106
1.0,0.0,vanguard_dynamic,vanguard_dynamic,0.12,True,,False,"vanguard_dynamic @ 12.0%, 100% equity / 0% domestic",0.12,False,0.7272217926769877,0.7826823079581854,0.97308,0.7419097902914146,1.8045147678692437
1.0,0.0,vanguard_dynamic,vanguard_dynamic (asymmetric),0.03,True,,False,"vanguard_dynamic (asymmetric) @ 3.0%, 100% equity / 0% domestic",0.03,False,1.072245441404287,1.0746673485233524,0.00484,0.002884903249949888,1.5507049415324967
1.0,0.0,vanguard_dynamic,vanguard_dynamic (asymmetric),0.035,True,,False,"vanguard_dynamic (asymmetric) @ 3.5%, 100% equity / 0% domestic",0.035,False,1.1220600401091296,1.127617766988069,0.00888,0.005068431451664035,1.6180713639209154
1.0,0.0,vanguard_dynamic,vanguard_dynamic (asymmetric),0.04,True,,False,"vanguard_dynamic (asymmetric) @ 4.0%, 100% equity / 0% domestic",0.04,False,1.163831501930929,1.1742560835198543,0.01396,0.007840976860066087,1.680644158585321
1.0,0.0,vanguard_dynamic,vanguard_dynamic (asymmetric),0.045,True,,False,"vanguard_dynamic (asymmetric) @ 4.5%, 100% equity / 0% domestic",0.045,False,1.1955247214409896,1.2131414608536133,0.02172,0.01217095982023365,1.7373984047802964
1.0,0.0,vanguard_dynamic,vanguard_dynamic (asymmetric),0.05,True,,False,"vanguard_dynamic (asymmetric) @ 5.0%, 100% equity / 0% domestic",0.05,False,1.2159210457504386,1.2430124550012343,0.03448,0.018641418831408133,1.7880472524822772
1.0,0.0,vanguard_dynamic,vanguard_dynamic (asymmetric),0.06,True,,False,"vanguard_dynamic (asymmetric) @ 6.0%, 100% equity / 0% domestic",0.06,False,1.2056663506639347,1.2624474597041364,0.08936,0.04762694248272532,1.8700096915253066
1.0,0.0,vanguard_dynamic,vanguard_dynamic (asymmetric),0.07,True,,False,"vanguard_dynamic (asymmetric) @ 7.0%, 100% equity / 0% domestic",0.07,False,1.1290701671406216,1.2135386260568652,0.18896,0.10407392719000085,1.9233930762975113
1.0,0.0,vanguard_dynamic,vanguard_dynamic (asymmetric),0.08,True,,False,"vanguard_dynamic (asymmetric) @ 8.0%, 100% equity / 0% domestic",0.08,False,1.0262691729658875,1.119976503621807,0.32444,0.18956522593374728,1.9467547511749845
1.0,0.0,vanguard_dynamic,vanguard_dynamic (asymmetric),0.09,True,,False,"vanguard_dynamic (asymmetric) @ 9.0%, 100% equity / 0% domestic",0.09,False,0.9401943194515042,1.0296291060610758,0.46476,0.28613265564580603,1.9453172450178335
1.0,0.0,vanguard_dynamic,vanguard_dynamic (asymmetric),0.1,True,,False,"vanguard_dynamic (asymmetric) @ 10.0%, 100% equity / 0% domestic",0.1,False,0.8696797923506807,0.951779555162028,0.6244,0.39827667452031595,1.9235367694208916
1.0,0.0,vanguard_dynamic,vanguard_dynamic (asymmetric),0.12,True,,False,"vanguard_dynamic (asymmetric) @ 12.0%, 100% equity / 0% domestic",0.12,False,0.7713987536807738,0.8363007807199689,0.87056,0.6150196068317857,1.8421795144020723
1.0,0.0,endowment,endowment,0.03,True,,False,"endowment @ 3.0%, 100% equity / 0% domestic",0.03,False,1.1408558319011457,1.1330398066067056,0.00016,9.021835649903149e-05,1.8827505683534844
1.0,0.0,endowment,endowment,0.035,True,,False,"endowment @ 3.5%, 100% equity / 0% domestic",0.035,False,1.186855806701623,1.1832712645710395,0.0002,0.00012163192393443948,1.9456992914919464
1.0,0.0,endowment,endowment,0.04,True,,False,"endowment @ 4.0%, 100% equity / 0% domestic",0.04,False,1.224841506660988,1.226689586780211,0.00044,0.0002737739795666683,1.9941220600370195
1.0,0.0,endowment,endowment,0.045,True,,False,"endowment @ 4.5%, 100% equity / 0% domestic",0.045,False,1.254917061584235,1.263405892453898,0.00076,0.0005030086208595882,2.0299102844180434
1.0,0.0,endowment,endowment,0.05,True,,False,"endowment @ 5.0%, 100% equity / 0% domestic",0.05,False,1.2770957747439502,1.2933682007060827,0.00136,0.0009060852398735509,2.054770109002681
1.0,0.0,endowment,endowment,0.06,True,,False,"endowment @ 6.0%, 100% equity / 0% domestic",0.06,False,1.2977104645297353,1.3324420640354249,0.00348,0.002151060733643054,2.077682658734221
1.0,0.0,endowment,endowment,0.07,True,,False,"endowment @ 7.0%, 100% equity / 0% domestic",0.07,False,1.287268329239974,1.3420344348394588,0.0108,0.0065376718866544245,2.0732655407842557
1.0,0.0,endowment,endowment,0.08,True,,False,"endowment @ 8.0%, 100% equity / 0% domestic",0.08,False,1.2553206871645448,1.328923430164014,0.01488,0.009009714828779578,2.049895796583573
1.0,0.0,endowment,endowment,0.09,True,,False,"endowment @ 9.0%, 100% equity / 0% domestic",0.09,False,1.2019716197994468,1.2920748199210832,0.02472,0.014636433928675429,2.014101050040733
1.0,0.0,endowment,endowment,0.1,True,,False,"endowment @ 10.0%, 100% equity / 0% domestic",0.1,False,1.1294474630346418,1.2315548031948689,0.05796,0.031456023687130616,1.9708694828037157
1.0,0.0,endowment,endowment,0.12,True,,False,"endowment @ 12.0%, 100% equity / 0% domestic",0.12,False,0.9593273658415201,1.063179556878068,0.31304,0.16924214112465955,1.8766981168372283
1.0,0.0,endowment,endowment (light smoothing),0.03,True,,False,"endowment (light smoothing) @ 3.0%, 100% equity / 0% domestic",0.03,False,1.1443329049989555,1.1359974347408148,0.0,0.0,1.921316373861757
1.0,0.0,endowment,endowment (light smoothing),0.035,True,,False,"endowment (light smoothing) @ 3.5%, 100% equity / 0% domestic",0.035,False,1.1884681802331678,1.1838816801521808,0.0,0.0,1.9792257017580313
1.0,0.0,endowment,endowment (light smoothing),0.04,True,,False,"endowment (light smoothing) @ 4.0%, 100% equity / 0% domestic",0.04,False,1.2251946124963573,1.2252135686895653,0.0,0.0,2.022178120801881
1.0,0.0,endowment,endowment (light smoothing),0.045,True,,False,"endowment (light smoothing) @ 4.5%, 100% equity / 0% domestic",0.045,False,1.2550438655175788,1.2604453522884191,0.0,0.0,2.0526258714784844
1.0,0.0,endowment,endowment (light smoothing),0.05,True,,False,"endowment (light smoothing) @ 5.0%, 100% equity / 0% domestic",0.05,False,1.2784511079001446,1.2899201045383044,0.0,0.0,2.072680852055636
1.0,0.0,endowment,endowment (light smoothing),0.06,True,,False,"endowment (light smoothing) @ 6.0%, 100% equity / 0% domestic",0.06,False,1.3075015345827379,1.332711711872514,0.0,0.0,2.0886082903540157
1.0,0.0,endowment,endowment (light smoothing),0.07,True,,False,"endowment (light smoothing) @ 7.0%, 100% equity / 0% domestic",0.07,False,1.3154748105322103,1.355676421108771,0.0,0.0,2.081544830393478
1.0,0.0,endowment,endowment (light smoothing),0.08,True,,False,"endowment (light smoothing) @ 8.0%, 100% equity / 0% domestic",0.08,False,1.305733748193969,1.3610048331085942,0.0,0.0,2.0598845961748498
1.0,0.0,endowment,endowment (light smoothing),0.09,True,,False,"endowment (light smoothing) @ 9.0%, 100% equity / 0% domestic",0.09,False,1.281896963443225,1.3511999405645598,0.0,0.0,2.029616826259037
1.0,0.0,endowment,endowment (light smoothing),0.1,True,,False,"endowment (light smoothing) @ 10.0%, 100% equity / 0% domestic",0.1,False,1.2476338123719994,1.329052192432346,0.0,0.0,1.9949337224919594
1.0,0.0,endowment,endowment (light smoothing),0.12,True,,False,"endowment (light smoothing) @ 12.0%, 100% equity / 0% domestic",0.12,False,1.161227183256278,1.2593184013904484,0.0,0.0,1.9228001722950838
1.0,0.0,life_expectancy,life_expectancy,,False,,False,"life_expectancy, 100% equity / 0% domestic",0.03333333333333333,False,1.2780342583038278,1.2686974945958052,0.0,0.0,2.7641394391999556
1.0,0.0,life_expectancy,life_expectancy (+5y buffer),,False,,False,"life_expectancy (+5y buffer), 100% equity / 0% domestic",0.02857142857142857,False,1.2331053795865552,1.205021589746015,0.0,0.0,2.5215661224320916
1.0,0.0,gompertz,gompertz,,False,,False,"gompertz, 100% equity / 0% domestic",0.04598575701368062,True,1.3686626921964737,1.373354796980559,0.0,0.0,2.352203249819287
1.0,0.0,gompertz,gompertz (+5y buffer),,False,,False,"gompertz (+5y buffer), 100% equity / 0% domestic",0.03738895907792182,True,1.3017606945414457,1.2886615123485399,0.0,0.0,2.328537226562566
1.0,0.0,amortisation,amortisation (0% assumed return),,False,0.0,True,"amortisation (0% assumed return), 100% equity / 0% domestic",0.03333333333333333,False,1.2780342583038278,1.2686974945958052,0.0,0.0,2.7641394391999556
1.0,0.0,amortisation,amortisation (1% assumed return),,False,0.01,True,"amortisation (1% assumed return), 100% equity / 0% domestic",0.03874811321584711,False,1.3104633700068709,1.3094396232432746,0.0,0.0,2.667397858159083
1.0,0.0,amortisation,amortisation (2% assumed return),,False,0.02,True,"amortisation (2% assumed return), 100% equity / 0% domestic",0.04464992229340293,False,1.3361875435879265,1.345021513401932,0.0,0.0,2.574573598476932
1.0,0.0,amortisation,amortisation (3% assumed return),,False,0.03,True,"amortisation (3% assumed return), 100% equity / 0% domestic",0.05101925932025255,False,1.3539207458568299,1.3740116828801987,0.0,0.0,2.486339229378411
1.0,0.0,amortisation,amortisation (4% assumed return),,False,0.04,True,"amortisation (4% assumed return), 100% equity / 0% domestic",0.057830099133661314,False,1.3626891472225817,1.395152033651622,0.0,0.0,2.403215963384811
1.0,0.0,amortisation,amortisation (5% assumed return),,False,0.05,True,"amortisation (5% assumed return), 100% equity / 0% domestic",0.06505143508027657,False,1.361959906594914,1.4074875971535683,0.0,0.0,2.3255654682764
1.0,0.0,amortisation,amortisation (6% assumed return),,False,0.06,True,"amortisation (6% assumed return), 100% equity / 0% domestic",0.07264891149004721,False,1.351739836433598,1.410489057339325,0.0,0.0,2.25359234409502
1.0,0.0,amortisation,amortisation (7% assumed return),,False,0.07,True,"amortisation (7% assumed return), 100% equity / 0% domestic",0.08058640351111118,False,1.33261378005396,1.4041415857801993,0.0,0.0,2.1873555563594262
1.0,0.0,amortisation,amortisation (8% assumed return),,False,0.08,True,"amortisation (8% assumed return), 100% equity / 0% domestic",0.08882743338727227,False,1.3057000616488283,1.3889727993998224,0.0,0.0,2.126786451542225
1.0,0.0,amortisation,amortisation (10% assumed return),,False,0.1,True,"amortisation (10% assumed return), 100% equity / 0% domestic",0.1060792482526339,False,1.2348237861520106,1.336626495454338,0.0,0.0,2.0218721754745803
1.0,0.0,amortisation,amortisation (12% assumed return),,False,0.12,True,"amortisation (12% assumed return), 100% equity / 0% domestic",0.12414365755194319,False,1.1527805579492185,1.265065946092356,0.0,0.0,1.936607490542909
1.0,0.1,constant_real,constant_real,0.03,True,,False,"constant_real @ 3.0%, 100% equity / 10% domestic",0.03,False,1.0446517252027248,1.0564372547711078,0.023,0.01155922627589541,1.4720248636364897
1.0,0.1,constant_real,constant_real,0.035,True,,False,"constant_real @ 3.5%, 100% equity / 10% domestic",0.035,False,1.091228161538611,1.1094017828239093,0.04452,0.021838641086448746,1.5368071963955112
1.0,0.1,constant_real,constant_real,0.04,True,,False,"constant_real @ 4.0%, 100% equity / 10% domestic",0.04,False,1.1195808218497036,1.1497661651828546,0.081,0.03966308912853515,1.5984471894774863
1.0,0.1,constant_real,constant_real,0.045,True,,False,"constant_real @ 4.5%, 100% equity / 10% domestic",0.045,False,1.1204125526372777,1.1694575670784582,0.13676,0.0686588205571446,1.654089935915738
1.0,0.1,constant_real,constant_real,0.05,True,,False,"constant_real @ 5.0%, 100% equity / 10% domestic",0.05,False,1.094620392047273,1.1632390504913674,0.20224,0.10662982797284387,1.7027782143906285
1.0,0.1,constant_real,constant_real,0.06,True,,False,"constant_real @ 6.0%, 100% equity / 10% domestic",0.06,False,1.0108414666855623,1.0991866046305203,0.34416,0.19984762918975887,1.7775753143597235
1.0,0.1,constant_real,constant_real,0.07,True,,False,"constant_real @ 7.0%, 100% equity / 10% domestic",0.07,False,0.9289531095596634,1.0167742333826029,0.48436,0.3023844508599623,1.824426106559195
1.0,0.1,constant_real,constant_real,0.08,True,,False,"constant_real @ 8.0%, 100% equity / 10% domestic",0.08,False,0.8613873916596235,0.9416895993741097,0.61992,0.41049512231860485,1.8430549281862605
1.0,0.1,constant_real,constant_real,0.09,True,,False,"constant_real @ 9.0%, 100% equity / 10% domestic",0.09,False,0.8097070286139577,0.8806965354280067,0.73372,0.5131967265774314,1.8377022366877445
1.0,0.1,constant_real,constant_real,0.1,True,,False,"constant_real @ 10.0%, 100% equity / 10% domestic",0.1,False,0.7707315811231626,0.8331569115702283,0.82156,0.6036896476589994,1.8174940750602655
1.0,0.1,constant_real,constant_real,0.12,True,,False,"constant_real @ 12.0%, 100% equity / 10% domestic",0.12,False,0.7174777943966086,0.7663207258835322,0.932,0.7419332738992608,1.759846015194388
1.0,0.1,constant_percent,constant_percent,0.03,True,,False,"constant_percent @ 3.0%, 100% equity / 10% domestic",0.03,False,1.1479872743529318,1.1388822691058427,0.0,0.0,1.8912034831111606
1.0,0.1,constant_percent,constant_percent,0.035,True,,False,"constant_percent @ 3.5%, 100% equity / 10% domestic",0.035,False,1.1927307183971392,1.1872320545582997,0.0,0.0,1.9455702554919916
1.0,0.1,constant_percent,constant_percent,0.04,True,,False,"constant_percent @ 4.0%, 100% equity / 10% domestic",0.04,False,1.230086941624652,1.2290388569937385,0.0,0.0,1.9856928741586137
1.0,0.1,constant_percent,constant_percent,0.045,True,,False,"constant_percent @ 4.5%, 100% equity / 10% domestic",0.045,False,1.2606113567605917,1.2647786103367642,0.0,0.0,2.0140189838209857
1.0,0.1,constant_percent,constant_percent,0.05,True,,False,"constant_percent @ 5.0%, 100% equity / 10% domestic",0.05,False,1.2847626713694198,1.294819629318481,0.0,0.0,2.0326302186004033
1.0,0.1,constant_percent,constant_percent,0.06,True,,False,"constant_percent @ 6.0%, 100% equity / 10% domestic",0.06,False,1.315591376540474,1.3390187444061354,0.0,0.0,2.0475011675062453
1.0,0.1,constant_percent,constant_percent,0.07,True,,False,"constant_percent @ 7.0%, 100% equity / 10% domestic",0.07,False,1.3258278151226597,1.363902438455648,0.0,0.0,2.041400869928679
1.0,0.1,constant_percent,constant_percent,0.08,True,,False,"constant_percent @ 8.0%, 100% equity / 10% domestic",0.08,False,1.318874736040931,1.371775698414926,0.0,0.0,2.022186381734637
1.0,0.1,constant_percent,constant_percent,0.09,True,,False,"constant_percent @ 9.0%, 100% equity / 10% domestic",0.09,False,1.298296036607616,1.3651635121596468,0.0,0.0,1.9953430396165697
1.0,0.1,constant_percent,constant_percent,0.1,True,,False,"constant_percent @ 10.0%, 100% equity / 10% domestic",0.1,False,1.267628750700485,1.3467806073036799,0.0,0.0,1.9646325322784532
1.0,0.1,constant_percent,constant_percent,0.12,True,,False,"constant_percent @ 12.0%, 100% equity / 10% domestic",0.12,False,1.1887086631699997,1.2856281105716585,0.0,0.0,1.9008057991305054
1.0,0.1,guyton_klinger,guyton_klinger,0.03,True,,False,"guyton_klinger @ 3.0%, 100% equity / 10% domestic",0.03,False,1.0843968677464177,1.0786256812966326,4e-05,1.1258300121115244e-05,1.7157454842662179
1.0,0.1,guyton_klinger,guyton_klinger,0.035,True,,False,"guyton_klinger @ 3.5%, 100% equity / 10% domestic",0.035,False,1.1311324431075396,1.1278195530555821,8e-05,2.25697652761207e-05,1.784519768903232
1.0,0.1,guyton_klinger,guyton_klinger,0.04,True,,False,"guyton_klinger @ 4.0%, 100% equity / 10% domestic",0.04,False,1.1721514583507662,1.1719941908441127,0.00024,6.769080327320353e-05,1.8429365390023387
1.0,0.1,guyton_klinger,guyton_klinger,0.045,True,,False,"guyton_klinger @ 4.5%, 100% equity / 10% domestic",0.045,False,1.207761795974607,1.2113922834033461,0.00036,0.00011235420217212198,1.892242656234844
1.0,0.1,guyton_klinger,guyton_klinger,0.05,True,,False,"guyton_klinger @ 5.0%, 100% equity / 10% domestic",0.05,False,1.2382977639433106,1.2462994316509588,0.00084,0.0002884011562254079,1.9327645180846762
1.0,0.1,guyton_klinger,guyton_klinger,0.06,True,,False,"guyton_klinger @ 6.0%, 100% equity / 10% domestic",0.06,False,1.2831039843377723,1.302770959569806,0.0088,0.0027922903128213988,1.9919692340305721
1.0,0.1,guyton_klinger,guyton_klinger,0.07,True,,False,"guyton_klinger @ 7.0%, 100% equity / 10% domestic",0.07,False,1.2990794274403983,1.3374487089196527,0.03748,0.012289307061052987,2.0254473011732546
1.0,0.1,guyton_klinger,guyton_klinger,0.08,True,,False,"guyton_klinger @ 8.0%, 100% equity / 10% domestic",0.08,False,1.263594437295755,1.3366682179490896,0.12736,0.04318927518709061,2.0347376373113772
1.0,0.1,guyton_klinger,guyton_klinger,0.09,True,,False,"guyton_klinger @ 9.0%, 100% equity / 10% domestic",0.09,False,1.1702338125158793,1.2834427156329389,0.30552,0.11165469835649779,2.018681461297908
1.0,0.1,guyton_klinger,guyton_klinger,0.1,True,,False,"guyton_klinger @ 10.0%, 100% equity / 10% domestic",0.1,False,1.0645412856507748,1.1961623417170897,0.5074,0.20654921568910067,1.9810079157376503
1.0,0.1,guyton_klinger,guyton_klinger,0.12,True,,False,"guyton_klinger @ 12.0%, 100% equity / 10% domestic",0.12,False,0.8993237335502953,1.014349638318743,0.80748,0.41434988000110085,1.8804559664823786
1.0,0.1,guyton_klinger,guyton_klinger (tight band),0.03,True,,False,"guyton_klinger (tight band) @ 3.0%, 100% equity / 10% domestic",0.03,False,1.1023521213677572,1.0953471632467773,4e-05,9.76827368647285e-06,1.760450233948279
1.0,0.1,guyton_klinger,guyton_klinger (tight band),0.035,True,,False,"guyton_klinger (tight band) @ 3.5%, 100% equity / 10% domestic",0.035,False,1.1491622658798943,1.1446883441036033,8e-05,2.1026573807588092e-05,1.8307428356255755
1.0,0.1,guyton_klinger,guyton_klinger (tight band),0.04,True,,False,"guyton_klinger (tight band) @ 4.0%, 100% equity / 10% domestic",0.04,False,1.1896934512924497,1.1884232085930004,0.0002,5.639783067335664e-05,1.889242540711748
1.0,0.1,guyton_klinger,guyton_klinger (tight band),0.045,True,,False,"guyton_klinger (tight band) @ 4.5%, 100% equity / 10% domestic",0.045,False,1.2245892136660277,1.2271394129003217,0.00044,0.00013653650387423857,1.9375326619478468
1.0,0.1,guyton_klinger,guyton_klinger (tight band),0.05,True,,False,"guyton_klinger (tight band) @ 5.0%, 100% equity / 10% domestic",0.05,False,1.2541484822502313,1.2611724234511636,0.00148,0.0004598169536565291,1.9761635165549694
1.0,0.1,guyton_klinger,guyton_klinger (tight band),0.06,True,,False,"guyton_klinger (tight band) @ 6.0%, 100% equity / 10% domestic",0.06,False,1.2953034608462697,1.3141382261516992,0.0104,0.0032245177033728488,2.029305129732304
1.0,0.1,guyton_klinger,guyton_klinger (tight band),0.07,True,,False,"guyton_klinger (tight band) @ 7.0%, 100% equity / 10% domestic",0.07,False,1.307171584381608,1.3451273366837733,0.03968,0.012817703843030949,2.054540834384585
1.0,0.1,guyton_klinger,guyton_klinger (tight band),0.08,True,,False,"guyton_klinger (tight band) @ 8.0%, 100% equity / 10% domestic",0.08,False,1.2743506066309571,1.3446617173546864,0.1228,0.040668067738991696,2.0555497339901176
1.0,0.1,guyton_klinger,guyton_klinger (tight band),0.09,True,,False,"guyton_klinger (tight band) @ 9.0%, 100% equity / 10% domestic",0.09,False,1.1906575415929574,1.300362282003873,0.29048,0.10206130912226254,2.032913917058557
1.0,0.1,guyton_klinger,guyton_klinger (tight band),0.1,True,,False,"guyton_klinger (tight band) @ 10.0%, 100% equity / 10% domestic",0.1,False,1.0861270256738225,1.2175431830464682,0.49556,0.19152837986063895,1.9913814954133036
1.0,0.1,guyton_klinger,guyton_klinger (tight band),0.12,True,,False,"guyton_klinger (tight band) @ 12.0%, 100% equity / 10% domestic",0.12,False,0.91863594279555,1.039104820763653,0.80936,0.3921858657657403,1.8881594684816059
1.0,0.1,guyton_klinger,guyton_klinger (no inflation rule),0.03,True,,False,"guyton_klinger (no inflation rule) @ 3.0%, 100% equity / 10% domestic",0.03,False,1.1337191924787908,1.1228112711724547,0.0052,0.0024605824529950536,1.7789988729720496
1.0,0.1,guyton_klinger,guyton_klinger (no inflation rule),0.035,True,,False,"guyton_klinger (no inflation rule) @ 3.5%, 100% equity / 10% domestic",0.035,False,1.1840252246422993,1.176248113371804,0.008,0.0036372596228862915,1.850246578677925
1.0,0.1,guyton_klinger,guyton_klinger (no inflation rule),0.04,True,,False,"guyton_klinger (no inflation rule) @ 4.0%, 100% equity / 10% domestic",0.04,False,1.2262183293783857,1.2234928034296961,0.01424,0.006025152360366055,1.9102637268371103
1.0,0.1,guyton_klinger,guyton_klinger (no inflation rule),0.045,True,,False,"guyton_klinger (no inflation rule) @ 4.5%, 100% equity / 10% domestic",0.045,False,1.2582745155070394,1.2631482538784031,0.024,0.00978555708293678,1.9592922123081595
1.0,0.1,guyton_klinger,guyton_klinger (no inflation rule),0.05,True,,False,"guyton_klinger (no inflation rule) @ 5.0%, 100% equity / 10% domestic",0.05,False,1.2786882056299154,1.2946080283461032,0.04168,0.016628444495973137,1.9990409153112796
1.0,0.1,guyton_klinger,guyton_klinger (no inflation rule),0.06,True,,False,"guyton_klinger (no inflation rule) @ 6.0%, 100% equity / 10% domestic",0.06,False,1.2718495941188168,1.3236310175270023,0.11256,0.044051053409623966,2.051028773199218
1.0,0.1,guyton_klinger,guyton_klinger (no inflation rule),0.07,True,,False,"guyton_klinger (no inflation rule) @ 7.0%, 100% equity / 10% domestic",0.07,False,1.2057291097495708,1.2993597669566805,0.23452,0.09436388882114218,2.068031976914401
1.0,0.1,guyton_klinger,guyton_klinger (no inflation rule),0.08,True,,False,"guyton_klinger (no inflation rule) @ 8.0%, 100% equity / 10% domestic",0.08,False,1.1037186666824166,1.2244528850020786,0.41312,0.1761032597814952,2.0538289198380153
1.0,0.1,guyton_klinger,guyton_klinger (no inflation rule),0.09,True,,False,"guyton_klinger (no inflation rule) @ 9.0%, 100% equity / 10% domestic",0.09,False,1.0031351627133662,1.127535328553507,0.60116,0.27902175746557817,2.0140388032630274
1.0,0.1,guyton_klinger,guyton_klinger (no inflation rule),0.1,True,,False,"guyton_klinger (no inflation rule) @ 10.0%, 100% equity / 10% domestic",0.1,False,0.9223663186017942,1.0365297057292993,0.75788,0.38526706566847513,1.9591655585174783
1.0,0.1,guyton_klinger,guyton_klinger (no inflation rule),0.12,True,,False,"guyton_klinger (no inflation rule) @ 12.0%, 100% equity / 10% domestic",0.12,False,0.8156632412436791,0.9038775327690168,0.94036,0.5689141251032117,1.8468330472745218
1.0,0.1,vanguard_dynamic,vanguard_dynamic,0.03,True,,False,"vanguard_dynamic @ 3.0%, 100% equity / 10% domestic",0.03,False,1.1314423081010923,1.126235783181945,0.01132,0.0058065735318842075,1.6711803169835626
1.0,0.1,vanguard_dynamic,vanguard_dynamic,0.035,True,,False,"vanguard_dynamic @ 3.5%, 100% equity / 10% domestic",0.035,False,1.180487092099867,1.1810686780181665,0.01916,0.009972222922448476,1.744725116432764
1.0,0.1,vanguard_dynamic,vanguard_dynamic,0.04,True,,False,"vanguard_dynamic @ 4.0%, 100% equity / 10% domestic",0.04,False,1.2147805430668774,1.2256549156549341,0.0352,0.017699687778305932,1.8093867743310272
1.0,0.1,vanguard_dynamic,vanguard_dynamic,0.045,True,,False,"vanguard_dynamic @ 4.5%, 100% equity / 10% domestic",0.045,False,1.2288224625059725,1.2557489158181208,0.05956,0.02985993982204468,1.8649133578378696
1.0,0.1,vanguard_dynamic,vanguard_dynamic,0.05,True,,False,"vanguard_dynamic @ 5.0%, 100% equity / 10% domestic",0.05,False,1.2186868597686595,1.26686766816651,0.10072,0.050103077776379325,1.9101437939370076
1.0,0.1,vanguard_dynamic,vanguard_dynamic,0.06,True,,False,"vanguard_dynamic @ 6.0%, 100% equity / 10% domestic",0.06,False,1.1229239829917537,1.2125428313118052,0.23712,0.1241764271939846,1.968270326546616
1.0,0.1,vanguard_dynamic,vanguard_dynamic,0.07,True,,False,"vanguard_dynamic @ 7.0%, 100% equity / 10% domestic",0.07,False,1.0046720599737031,1.104011468335438,0.40432,0.22930938489621847,1.9865570504241135
1.0,0.1,vanguard_dynamic,vanguard_dynamic,0.08,True,,False,"vanguard_dynamic @ 8.0%, 100% equity / 10% domestic",0.08,False,0.9137428785062998,1.006668408499672,0.57564,0.3457996573613015,1.9718904210246726
1.0,0.1,vanguard_dynamic,vanguard_dynamic,0.09,True,,False,"vanguard_dynamic @ 9.0%, 100% equity / 10% domestic",0.09,False,0.8438668602869633,0.9271202135410992,0.73948,0.4690833270307451,1.932334006631846
1.0,0.1,vanguard_dynamic,vanguard_dynamic,0.1,True,,False,"vanguard_dynamic @ 10.0%, 100% equity / 10% domestic",0.1,False,0.7924177077444065,0.8653692323868121,0.86116,0.5819078712119092,1.8794672287156062
1.0,0.1,vanguard_dynamic,vanguard_dynamic,0.12,True,,False,"vanguard_dynamic @ 12.0%, 100% equity / 10% domestic",0.12,False,0.726903718471973,0.782664622513112,0.97692,0.7450776701438526,1.7774903049300816
1.0,0.1,vanguard_dynamic,vanguard_dynamic (asymmetric),0.03,True,,False,"vanguard_dynamic (asymmetric) @ 3.0%, 100% equity / 10% domestic",0.03,False,1.0754380806872736,1.0772851030198158,0.00396,0.0023397702571268967,1.538326246188909
1.0,0.1,vanguard_dynamic,vanguard_dynamic (asymmetric),0.035,True,,False,"vanguard_dynamic (asymmetric) @ 3.5%, 100% equity / 10% domestic",0.035,False,1.1269309591758772,1.1317464935707906,0.00716,0.004007744531784518,1.6039387864754375
1.0,0.1,vanguard_dynamic,vanguard_dynamic (asymmetric),0.04,True,,False,"vanguard_dynamic (asymmetric) @ 4.0%, 100% equity / 10% domestic",0.04,False,1.1702860753049384,1.1798307771975092,0.0116,0.006572424903708205,1.6645919370623152
1.0,0.1,vanguard_dynamic,vanguard_dynamic (asymmetric),0.045,True,,False,"vanguard_dynamic (asymmetric) @ 4.5%, 100% equity / 10% domestic",0.045,False,1.2047255368657783,1.2208905735292404,0.018,0.01004840159874968,1.719763901642425
1.0,0.1,vanguard_dynamic,vanguard_dynamic (asymmetric),0.05,True,,False,"vanguard_dynamic (asymmetric) @ 5.0%, 100% equity / 10% domestic",0.05,False,1.2270402642387184,1.252763360958631,0.02976,0.016050362767013507,1.7689234909870943
1.0,0.1,vanguard_dynamic,vanguard_dynamic (asymmetric),0.06,True,,False,"vanguard_dynamic (asymmetric) @ 6.0%, 100% equity / 10% domestic",0.06,False,1.223958001899602,1.2786117331743458,0.07696,0.040572142624129344,1.8483907914104447
1.0,0.1,vanguard_dynamic,vanguard_dynamic (asymmetric),0.07,True,,False,"vanguard_dynamic (asymmetric) @ 7.0%, 100% equity / 10% domestic",0.07,False,1.143285578544896,1.2297699784501355,0.18148,0.09805115466118143,1.8998298813380028
1.0,0.1,vanguard_dynamic,vanguard_dynamic (asymmetric),0.08,True,,False,"vanguard_dynamic (asymmetric) @ 8.0%, 100% equity / 10% domestic",0.08,False,1.033849973557214,1.1300167518940631,0.32148,0.18556517977856427,1.9206984688097868
1.0,0.1,vanguard_dynamic,vanguard_dynamic (asymmetric),0.09,True,,False,"vanguard_dynamic (asymmetric) @ 9.0%, 100% equity / 10% domestic",0.09,False,0.9437429388864864,1.0353169886977363,0.46704,0.2849456234815739,1.9182256901337316
1.0,0.1,vanguard_dynamic,vanguard_dynamic (asymmetric),0.1,True,,False,"vanguard_dynamic (asymmetric) @ 10.0%, 100% equity / 10% domestic",0.1,False,0.8716126814523384,0.9550377024550795,0.626,0.3972192924492887,1.8962121625581472
1.0,0.1,vanguard_dynamic,vanguard_dynamic (asymmetric),0.12,True,,False,"vanguard_dynamic (asymmetric) @ 12.0%, 100% equity / 10% domestic",0.12,False,0.7715535790863168,0.8370718797928032,0.87556,0.6173962814383064,1.8157340106031852
1.0,0.1,endowment,endowment,0.03,True,,False,"endowment @ 3.0%, 100% equity / 10% domestic",0.03,False,1.14454383734183,1.1359527758816421,8e-05,3.647682668685801e-05,1.8472844696789477
1.0,0.1,endowment,endowment,0.035,True,,False,"endowment @ 3.5%, 100% equity / 10% domestic",0.035,False,1.192035327664626,1.187581021588379,0.00016,8.937930087200598e-05,1.9077349576862364
1.0,0.1,endowment,endowment,0.04,True,,False,"endowment @ 4.0%, 100% equity / 10% domestic",0.04,False,1.231496612256327,1.232409180781828,0.00024,0.00013389203083870492,1.9543288382350712
1.0,0.1,endowment,endowment,0.045,True,,False,"endowment @ 4.5%, 100% equity / 10% domestic",0.045,False,1.2630464999953928,1.2705558742260448,0.00044,0.0002747674831239826,1.988867252329205
1.0,0.1,endowment,endowment,0.05,True,,False,"endowment @ 5.0%, 100% equity / 10% domestic",0.05,False,1.2866220578220402,1.3019376778836775,0.0008,0.000511981805971073,2.012972701522337
1.0,0.1,endowment,endowment,0.06,True,,False,"endowment @ 6.0%, 100% equity / 10% domestic",0.06,False,1.3097193687195803,1.3436791125785694,0.00236,0.001532640534938389,2.03557845800722
1.0,0.1,endowment,endowment,0.07,True,,False,"endowment @ 7.0%, 100% equity / 10% domestic",0.07,False,1.300900322859985,1.3560869104689324,0.00852,0.0047326535827173595,2.0320909994816168
1.0,0.1,endowment,endowment,0.08,True,,False,"endowment @ 8.0%, 100% equity / 10% domestic",0.08,False,1.266458139012152,1.3412193987084746,0.0128,0.0077418399571169095,2.010420532153598
1.0,0.1,endowment,endowment,0.09,True,,False,"endowment @ 9.0%, 100% equity / 10% domestic",0.09,False,1.2112016336623164,1.3029207840766515,0.02196,0.013046114393471508,1.976836997718312
1.0,0.1,endowment,endowment,0.1,True,,False,"endowment @ 10.0%, 100% equity / 10% domestic",0.1,False,1.1380343552918237,1.2422165082805205,0.04836,0.026081851229657095,1.9361293732606817
1.0,0.1,endowment,endowment,0.12,True,,False,"endowment @ 12.0%, 100% equity / 10% domestic",0.12,False,0.962441902705717,1.0684984179016406,0.30496,0.16305722692530827,1.8470154736986182
1.0,0.1,endowment,endowment (light smoothing),0.03,True,,False,"endowment (light smoothing) @ 3.0%, 100% equity / 10% domestic",0.03,False,1.1484675561447115,1.1394079954827825,0.0,0.0,1.8832729953721714
1.0,0.1,endowment,endowment (light smoothing),0.035,True,,False,"endowment (light smoothing) @ 3.5%, 100% equity / 10% domestic",0.035,False,1.1939408542354575,1.1886031285529022,0.0,0.0,1.9389202495540154
1.0,0.1,endowment,endowment (light smoothing),0.04,True,,False,"endowment (light smoothing) @ 4.0%, 100% equity / 10% domestic",0.04,False,1.2318932562438314,1.2311843517958168,0.0,0.0,1.9803150563588376
1.0,0.1,endowment,endowment (light smoothing),0.045,True,,False,"endowment (light smoothing) @ 4.5%, 100% equity / 10% domestic",0.045,False,1.2628147589735756,1.2675658990810226,0.0,0.0,2.009788171830381
1.0,0.1,endowment,endowment (light smoothing),0.05,True,,False,"endowment (light smoothing) @ 5.0%, 100% equity / 10% domestic",0.05,False,1.2871080534662445,1.298058956602305,0.0,0.0,2.029347304658542
1.0,0.1,endowment,endowment (light smoothing),0.06,True,,False,"endowment (light smoothing) @ 6.0%, 100% equity / 10% domestic",0.06,False,1.3172904268726955,1.342395659409173,0.0,0.0,2.045376229390408
1.0,0.1,endowment,endowment (light smoothing),0.07,True,,False,"endowment (light smoothing) @ 7.0%, 100% equity / 10% domestic",0.07,False,1.3255066427605533,1.3661544223425086,0.0,0.0,2.0394214488491094
1.0,0.1,endowment,endowment (light smoothing),0.08,True,,False,"endowment (light smoothing) @ 8.0%, 100% equity / 10% domestic",0.08,False,1.3152072260259329,1.3715097738903381,0.0,0.0,2.019472862160164
1.0,0.1,endowment,endowment (light smoothing),0.09,True,,False,"endowment (light smoothing) @ 9.0%, 100% equity / 10% domestic",0.09,False,1.290207743016263,1.3610545816867377,0.0,0.0,1.9912357652816484
1.0,0.1,endowment,endowment (light smoothing),0.1,True,,False,"endowment (light smoothing) @ 10.0%, 100% equity / 10% domestic",0.1,False,1.2544215028077572,1.3377466005424603,0.0,0.0,1.958707646841326
1.0,0.1,endowment,endowment (light smoothing),0.12,True,,False,"endowment (light smoothing) @ 12.0%, 100% equity / 10% domestic",0.12,False,1.164769105386195,1.26496373414958,0.0,0.0,1.8907872725294235
1.0,0.1,life_expectancy,life_expectancy,,False,,False,"life_expectancy, 100% equity / 10% domestic",0.03333333333333333,False,1.2854669186610315,1.2753993856910406,0.0,0.0,2.6847825512867125
1.0,0.1,life_expectancy,life_expectancy (+5y buffer),,False,,False,"life_expectancy (+5y buffer), 100% equity / 10% domestic",0.02857142857142857,False,1.239198462181553,1.2099355301063557,0.0,0.0,2.453545932792168
1.0,0.1,gompertz,gompertz,,False,,False,"gompertz, 100% equity / 10% domestic",0.04598575701368062,True,1.380609995035923,1.384369511575113,0.0,0.0,2.296474578050049
1.0,0.1,gompertz,gompertz (+5y buffer),,False,,False,"gompertz (+5y buffer), 100% equity / 10% domestic",0.03738895907792182,True,1.3108816206519736,1.2965264604415323,0.0,0.0,2.272167845792823
1.0,0.1,amortisation,amortisation (0% assumed return),,False,0.0,True,"amortisation (0% assumed return), 100% equity / 10% domestic",0.03333333333333333,False,1.2854669186610315,1.2753993856910406,0.0,0.0,2.6847825512867125
1.0,0.1,amortisation,amortisation (1% assumed return),,False,0.01,True,"amortisation (1% assumed return), 100% equity / 10% domestic",0.03874811321584711,False,1.319333945161521,1.3176971109252034,0.0,0.0,2.593699014551231
1.0,0.1,amortisation,amortisation (2% assumed return),,False,0.02,True,"amortisation (2% assumed return), 100% equity / 10% domestic",0.04464992229340293,False,1.3463317262829164,1.3547690433293607,0.0,0.0,2.506270305189798
1.0,0.1,amortisation,amortisation (3% assumed return),,False,0.03,True,"amortisation (3% assumed return), 100% equity / 10% domestic",0.05101925932025255,False,1.3650476702423673,1.3850651215506078,0.0,0.0,2.4231324292136844
1.0,0.1,amortisation,amortisation (4% assumed return),,False,0.04,True,"amortisation (4% assumed return), 100% equity / 10% domestic",0.057830099133661314,False,1.374391183099597,1.4072029794783194,0.0,0.0,2.3447794681795617
1.0,0.1,amortisation,amortisation (5% assumed return),,False,0.05,True,"amortisation (5% assumed return), 100% equity / 10% domestic",0.06505143508027657,False,1.3737456333798699,1.4201167783602477,0.0,0.0,2.271555678040274
1.0,0.1,amortisation,amortisation (6% assumed return),,False,0.06,True,"amortisation (6% assumed return), 100% equity / 10% domestic",0.07264891149004721,False,1.363088737295234,1.4232019602170496,0.0,0.0,2.203657626648696
1.0,0.1,amortisation,amortisation (7% assumed return),,False,0.07,True,"amortisation (7% assumed return), 100% equity / 10% domestic",0.08058640351111118,False,1.3430428491330246,1.4164230797330524,0.0,0.0,2.1411447775583086
1.0,0.1,amortisation,amortisation (8% assumed return),,False,0.08,True,"amortisation (8% assumed return), 100% equity / 10% domestic",0.08882743338727227,False,1.3148259394550414,1.4003500679870902,0.0,0.0,2.0839562972931693
1.0,0.1,amortisation,amortisation (10% assumed return),,False,0.1,True,"amortisation (10% assumed return), 100% equity / 10% domestic",0.1060792482526339,False,1.240767869603118,1.345205405765539,0.0,0.0,1.9848327142286202
1.0,0.1,amortisation,amortisation (12% assumed return),,False,0.12,True,"amortisation (12% assumed return), 100% equity / 10% domestic",0.12414365755194319,False,1.1556885482782073,1.2704356471689862,0.0,0.0,1.9041998602935293
1.0,0.2,constant_real,constant_real,0.03,True,,False,"constant_real @ 3.0%, 100% equity / 20% domestic",0.03,False,1.040543426552684,1.0521377378603671,0.02264,0.011221972148583295,1.4610169019054495
1.0,0.2,constant_real,constant_real,0.035,True,,False,"constant_real @ 3.5%, 100% equity / 20% domestic",0.035,False,1.0877472579425544,1.1054317306723054,0.04272,0.020975311050464452,1.5241609475743865
1.0,0.2,constant_real,constant_real,0.04,True,,False,"constant_real @ 4.0%, 100% equity / 20% domestic",0.04,False,1.1163666464817235,1.1460886157530379,0.08176,0.03932682673910345,1.583999878486703
1.0,0.2,constant_real,constant_real,0.045,True,,False,"constant_real @ 4.5%, 100% equity / 20% domestic",0.045,False,1.1192355590913425,1.1670692961983546,0.13436,0.0673261169106478,1.6383068225307498
1.0,0.2,constant_real,constant_real,0.05,True,,False,"constant_real @ 5.0%, 100% equity / 20% domestic",0.05,False,1.0947383472197079,1.1626369388702424,0.20224,0.10585891101023726,1.6855754851753366
1.0,0.2,constant_real,constant_real,0.06,True,,False,"constant_real @ 6.0%, 100% equity / 20% domestic",0.06,False,1.0102488655307043,1.0991007057806128,0.34724,0.20064438262656675,1.75795222208278
1.0,0.2,constant_real,constant_real,0.07,True,,False,"constant_real @ 7.0%, 100% equity / 20% domestic",0.07,False,0.9274544969007251,1.015640009066418,0.49164,0.3055743268537146,1.8029416930129596
1.0,0.2,constant_real,constant_real,0.08,True,,False,"constant_real @ 8.0%, 100% equity / 20% domestic",0.08,False,0.8602672744365147,0.9407925673676382,0.62768,0.4143270296478143,1.820418817208807
1.0,0.2,constant_real,constant_real,0.09,True,,False,"constant_real @ 9.0%, 100% equity / 20% domestic",0.09,False,0.8083466696461559,0.879493241734805,0.7408,0.5179557347865885,1.813823697676771
1.0,0.2,constant_real,constant_real,0.1,True,,False,"constant_real @ 10.0%, 100% equity / 20% domestic",0.1,False,0.7691608742872568,0.8316311035884025,0.8292,0.6090955507782256,1.7933893067184736
1.0,0.2,constant_real,constant_real,0.12,True,,False,"constant_real @ 12.0%, 100% equity / 20% domestic",0.12,False,0.7162459565597014,0.7650264090670347,0.93776,0.7469816246343375,1.7368381274420828
1.0,0.2,constant_percent,constant_percent,0.03,True,,False,"constant_percent @ 3.0%, 100% equity / 20% domestic",0.03,False,1.1416863726203215,1.1327408820687517,0.0,0.0,1.8556968233042244
1.0,0.2,constant_percent,constant_percent,0.035,True,,False,"constant_percent @ 3.5%, 100% equity / 20% domestic",0.035,False,1.1863696181058578,1.1810281815317356,0.0,0.0,1.9080080737966698
1.0,0.2,constant_percent,constant_percent,0.04,True,,False,"constant_percent @ 4.0%, 100% equity / 20% domestic",0.04,False,1.2236991331601235,1.222818290751597,0.0,0.0,1.9467207564617193
1.0,0.2,constant_percent,constant_percent,0.045,True,,False,"constant_percent @ 4.5%, 100% equity / 20% domestic",0.045,False,1.2542067503865382,1.2585641717106972,0.0,0.0,1.9741658576876313
1.0,0.2,constant_percent,constant_percent,0.05,True,,False,"constant_percent @ 5.0%, 100% equity / 20% domestic",0.05,False,1.2783341765513132,1.2886163814955278,0.0,0.0,1.9923262618344626
1.0,0.2,constant_percent,constant_percent,0.06,True,,False,"constant_percent @ 6.0%, 100% equity / 20% domestic",0.06,False,1.3090540336330145,1.332803560136994,0.0,0.0,2.007265871493948
1.0,0.2,constant_percent,constant_percent,0.07,True,,False,"constant_percent @ 7.0%, 100% equity / 20% domestic",0.07,False,1.3190819137985588,1.3575850181050961,0.0,0.0,2.0021153118846255
1.0,0.2,constant_percent,constant_percent,0.08,True,,False,"constant_percent @ 8.0%, 100% equity / 20% domestic",0.08,False,1.3118496986441068,1.365258460999014,0.0,0.0,1.9843688218585123
1.0,0.2,constant_percent,constant_percent,0.09,True,,False,"constant_percent @ 9.0%, 100% equity / 20% domestic",0.09,False,1.2909831799458324,1.3583817080450102,0.0,0.0,1.959262784637142
1.0,0.2,constant_percent,constant_percent,0.1,True,,False,"constant_percent @ 10.0%, 100% equity / 20% domestic",0.1,False,1.2600857774895997,1.339723773174071,0.0,0.0,1.9303919757532892
1.0,0.2,constant_percent,constant_percent,0.12,True,,False,"constant_percent @ 12.0%, 100% equity / 20% domestic",0.12,False,1.1810560343332055,1.2782030866478458,0.0,0.0,1.8701593028511962
1.0,0.2,guyton_klinger,guyton_klinger,0.03,True,,False,"guyton_klinger @ 3.0%, 100% equity / 20% domestic",0.03,False,1.0776039418300063,1.0721203550551166,0.0,0.0,1.6939876928804503
1.0,0.2,guyton_klinger,guyton_klinger,0.035,True,,False,"guyton_klinger @ 3.5%, 100% equity / 20% domestic",0.035,False,1.123768745578219,1.1207609039505932,4e-05,1.2801491589647849e-05,1.7596885424135034
1.0,0.2,guyton_klinger,guyton_klinger,0.04,True,,False,"guyton_klinger @ 4.0%, 100% equity / 20% domestic",0.04,False,1.1646645204606216,1.164758093196508,0.00016,4.368417659633065e-05,1.8161079146395027
1.0,0.2,guyton_klinger,guyton_klinger,0.045,True,,False,"guyton_klinger @ 4.5%, 100% equity / 20% domestic",0.045,False,1.2006280846171349,1.204451818045394,0.00036,0.00010614676381925989,1.863477242529086
1.0,0.2,guyton_klinger,guyton_klinger,0.05,True,,False,"guyton_klinger @ 5.0%, 100% equity / 20% domestic",0.05,False,1.231687322273491,1.239884766647598,0.00088,0.00027948083596977385,1.9026157924717249
1.0,0.2,guyton_klinger,guyton_klinger,0.06,True,,False,"guyton_klinger @ 6.0%, 100% equity / 20% domestic",0.06,False,1.2775531682566066,1.2970224299226085,0.00772,0.002391035225023976,1.9593452478574354
1.0,0.2,guyton_klinger,guyton_klinger,0.07,True,,False,"guyton_klinger @ 7.0%, 100% equity / 20% domestic",0.07,False,1.2941543268850715,1.331736299418624,0.03364,0.011090301704548538,1.9906391547401525
1.0,0.2,guyton_klinger,guyton_klinger,0.08,True,,False,"guyton_klinger @ 8.0%, 100% equity / 20% domestic",0.08,False,1.2608003402225205,1.332237674654423,0.12192,0.041125444229511046,1.9990000074122378
1.0,0.2,guyton_klinger,guyton_klinger,0.09,True,,False,"guyton_klinger @ 9.0%, 100% equity / 20% domestic",0.09,False,1.1716127003564514,1.2831136216958974,0.3026,0.10905977343358675,1.9842046836651634
1.0,0.2,guyton_klinger,guyton_klinger,0.1,True,,False,"guyton_klinger @ 10.0%, 100% equity / 20% domestic",0.1,False,1.0657975913671622,1.1968943313117264,0.50524,0.20396258569876408,1.9482399210355463
1.0,0.2,guyton_klinger,guyton_klinger,0.12,True,,False,"guyton_klinger @ 12.0%, 100% equity / 20% domestic",0.12,False,0.8999288221637187,1.0155906315308467,0.81016,0.41368225324754343,1.8515050914377507
1.0,0.2,guyton_klinger,guyton_klinger (tight band),0.03,True,,False,"guyton_klinger (tight band) @ 3.0%, 100% equity / 20% domestic",0.03,False,1.0948366299462877,1.0881775225961543,0.0,0.0,1.7368962651430864
1.0,0.2,guyton_klinger,guyton_klinger (tight band),0.035,True,,False,"guyton_klinger (tight band) @ 3.5%, 100% equity / 20% domestic",0.035,False,1.1413633162274486,1.1372036790426097,4e-05,1.1258300121115244e-05,1.8040160208977674
1.0,0.2,guyton_klinger,guyton_klinger (tight band),0.04,True,,False,"guyton_klinger (tight band) @ 4.0%, 100% equity / 20% domestic",0.04,False,1.1819481075398148,1.180933072847982,8e-05,2.405979171076309e-05,1.8603936029195554
1.0,0.2,guyton_klinger,guyton_klinger (tight band),0.045,True,,False,"guyton_klinger (tight band) @ 4.5%, 100% equity / 20% domestic",0.045,False,1.21707473052295,1.219819874856797,0.0004,0.00011889676963179491,1.9070063984839707
1.0,0.2,guyton_klinger,guyton_klinger (tight band),0.05,True,,False,"guyton_klinger (tight band) @ 5.0%, 100% equity / 20% domestic",0.05,False,1.2466818821332841,1.253863595594445,0.00128,0.00039110189435442096,1.9440739857753437
1.0,0.2,guyton_klinger,guyton_klinger (tight band),0.06,True,,False,"guyton_klinger (tight band) @ 6.0%, 100% equity / 20% domestic",0.06,False,1.2888751098981828,1.3075776457487391,0.00884,0.0027532354613484483,1.9946974360234138
1.0,0.2,guyton_klinger,guyton_klinger (tight band),0.07,True,,False,"guyton_klinger (tight band) @ 7.0%, 100% equity / 20% domestic",0.07,False,1.3026007160184447,1.339443079718033,0.03576,0.011526294260318821,2.0184346038088785
1.0,0.2,guyton_klinger,guyton_klinger (tight band),0.08,True,,False,"guyton_klinger (tight band) @ 8.0%, 100% equity / 20% domestic",0.08,False,1.2721522101182856,1.3404961307596013,0.11748,0.038626275201088814,2.0193812667352056
1.0,0.2,guyton_klinger,guyton_klinger (tight band),0.09,True,,False,"guyton_klinger (tight band) @ 9.0%, 100% equity / 20% domestic",0.09,False,1.1900402050792827,1.2978685371253913,0.28568,0.09971168156692489,1.9978081803672112
1.0,0.2,guyton_klinger,guyton_klinger (tight band),0.1,True,,False,"guyton_klinger (tight band) @ 10.0%, 100% equity / 20% domestic",0.1,False,1.0872172946957572,1.2184168030202305,0.49552,0.18950917940313625,1.9580964703762789
1.0,0.2,guyton_klinger,guyton_klinger (tight band),0.12,True,,False,"guyton_klinger (tight band) @ 12.0%, 100% equity / 20% domestic",0.12,False,0.9200973366937576,1.0412988159942,0.8122,0.3902973996334305,1.859186717782494
1.0,0.2,guyton_klinger,guyton_klinger (no inflation rule),0.03,True,,False,"guyton_klinger (no inflation rule) @ 3.0%, 100% equity / 20% domestic",0.03,False,1.1276638122451526,1.116752525168685,0.00436,0.0020325848206869676,1.753428256933012
1.0,0.2,guyton_klinger,guyton_klinger (no inflation rule),0.035,True,,False,"guyton_klinger (no inflation rule) @ 3.5%, 100% equity / 20% domestic",0.035,False,1.1781352485399368,1.170275234186081,0.00704,0.0032314194215361716,1.821960971599235
1.0,0.2,guyton_klinger,guyton_klinger (no inflation rule),0.04,True,,False,"guyton_klinger (no inflation rule) @ 4.0%, 100% equity / 20% domestic",0.04,False,1.2208537723206043,1.2176475047663209,0.01228,0.0051663537982060215,1.879042214770006
1.0,0.2,guyton_klinger,guyton_klinger (no inflation rule),0.045,True,,False,"guyton_klinger (no inflation rule) @ 4.5%, 100% equity / 20% domestic",0.045,False,1.254085541349819,1.2580176388593445,0.02168,0.008717562063017395,1.926384657470129
1.0,0.2,guyton_klinger,guyton_klinger (no inflation rule),0.05,True,,False,"guyton_klinger (no inflation rule) @ 5.0%, 100% equity / 20% domestic",0.05,False,1.2755128126702622,1.2903920122101704,0.03948,0.015249173739583777,1.9647209859062555
1.0,0.2,guyton_klinger,guyton_klinger (no inflation rule),0.06,True,,False,"guyton_klinger (no inflation rule) @ 6.0%, 100% equity / 20% domestic",0.06,False,1.2708867674480504,1.3210697450788678,0.10944,0.04210372653899989,2.0138088997325094
1.0,0.2,guyton_klinger,guyton_klinger (no inflation rule),0.07,True,,False,"guyton_klinger (no inflation rule) @ 7.0%, 100% equity / 20% domestic",0.07,False,1.2049440739604245,1.29796954632804,0.23724,0.09393860498188675,2.0298942959705273
1.0,0.2,guyton_klinger,guyton_klinger (no inflation rule),0.08,True,,False,"guyton_klinger (no inflation rule) @ 8.0%, 100% equity / 20% domestic",0.08,False,1.1041929316553416,1.2252493316393198,0.4144,0.17520341797384645,2.016681244937683
1.0,0.2,guyton_klinger,guyton_klinger (no inflation rule),0.09,True,,False,"guyton_klinger (no inflation rule) @ 9.0%, 100% equity / 20% domestic",0.09,False,1.0030168280981717,1.1282347285735999,0.60848,0.28044669845549763,1.9781703014252339
1.0,0.2,guyton_klinger,guyton_klinger (no inflation rule),0.1,True,,False,"guyton_klinger (no inflation rule) @ 10.0%, 100% equity / 20% domestic",0.1,False,0.921819221882487,1.0366028574797643,0.76248,0.3868756017578558,1.9261341723707166
1.0,0.2,guyton_klinger,guyton_klinger (no inflation rule),0.12,True,,False,"guyton_klinger (no inflation rule) @ 12.0%, 100% equity / 20% domestic",0.12,False,0.8144055257127356,0.9027085447277637,0.94612,0.5719676183129496,1.8184388253207302
1.0,0.2,vanguard_dynamic,vanguard_dynamic,0.03,True,,False,"vanguard_dynamic @ 3.0%, 100% equity / 20% domestic",0.03,False,1.1268026880362505,1.121414301654256,0.0098,0.00506055771439101,1.6535294114821089
1.0,0.2,vanguard_dynamic,vanguard_dynamic,0.035,True,,False,"vanguard_dynamic @ 3.5%, 100% equity / 20% domestic",0.035,False,1.1763645152717117,1.176690500748397,0.01884,0.009548774157455215,1.7248802836233301
1.0,0.2,vanguard_dynamic,vanguard_dynamic,0.04,True,,False,"vanguard_dynamic @ 4.0%, 100% equity / 20% domestic",0.04,False,1.2117148261373278,1.2219191411091563,0.03416,0.01692723027352332,1.786985693214684
1.0,0.2,vanguard_dynamic,vanguard_dynamic,0.045,True,,False,"vanguard_dynamic @ 4.5%, 100% equity / 20% domestic",0.045,False,1.2262617541059455,1.2523963544536287,0.05812,0.028963474906489674,1.8399810517474955
1.0,0.2,vanguard_dynamic,vanguard_dynamic,0.05,True,,False,"vanguard_dynamic @ 5.0%, 100% equity / 20% domestic",0.05,False,1.2166319571814355,1.2638558167034235,0.09968,0.04929065728432484,1.883446420439881
1.0,0.2,vanguard_dynamic,vanguard_dynamic,0.06,True,,False,"vanguard_dynamic @ 6.0%, 100% equity / 20% domestic",0.06,False,1.1224362955896892,1.2120713573138095,0.24004,0.12430774867683274,1.9389605883741636
1.0,0.2,vanguard_dynamic,vanguard_dynamic,0.07,True,,False,"vanguard_dynamic @ 7.0%, 100% equity / 20% domestic",0.07,False,1.0041597669961981,1.1041097175798542,0.40716,0.23025325172480282,1.9554121153912156
1.0,0.2,vanguard_dynamic,vanguard_dynamic,0.08,True,,False,"vanguard_dynamic @ 8.0%, 100% equity / 20% domestic",0.08,False,0.9127942875307704,1.0060499205354376,0.58032,0.3478257156691017,1.9407688262319773
1.0,0.2,vanguard_dynamic,vanguard_dynamic,0.09,True,,False,"vanguard_dynamic @ 9.0%, 100% equity / 20% domestic",0.09,False,0.84304045969934,0.9265108325584792,0.74492,0.47183998449761666,1.9022765002446633
1.0,0.2,vanguard_dynamic,vanguard_dynamic,0.1,True,,False,"vanguard_dynamic @ 10.0%, 100% equity / 20% domestic",0.1,False,0.7912887763662563,0.8644661859467881,0.86732,0.5862205878924109,1.8508553953290556
1.0,0.2,vanguard_dynamic,vanguard_dynamic,0.12,True,,False,"vanguard_dynamic @ 12.0%, 100% equity / 20% domestic",0.12,False,0.7260500837131774,0.781730035159331,0.97972,0.7482963873702742,1.7523953283470652
1.0,0.2,vanguard_dynamic,vanguard_dynamic (asymmetric),0.03,True,,False,"vanguard_dynamic (asymmetric) @ 3.0%, 100% equity / 20% domestic",0.03,False,1.0703989955963567,1.0721728493330913,0.00352,0.002072552920727206,1.5249424251741956
1.0,0.2,vanguard_dynamic,vanguard_dynamic (asymmetric),0.035,True,,False,"vanguard_dynamic (asymmetric) @ 3.5%, 100% equity / 20% domestic",0.035,False,1.122082783323884,1.1267420929395882,0.006,0.003401474325462378,1.5886677689123376
1.0,0.2,vanguard_dynamic,vanguard_dynamic (asymmetric),0.04,True,,False,"vanguard_dynamic (asymmetric) @ 4.0%, 100% equity / 20% domestic",0.04,False,1.1659027533652533,1.175153520453884,0.01036,0.005750962247610015,1.6474944071131803
1.0,0.2,vanguard_dynamic,vanguard_dynamic (asymmetric),0.045,True,,False,"vanguard_dynamic (asymmetric) @ 4.5%, 100% equity / 20% domestic",0.045,False,1.2004985433278172,1.2163939985400813,0.01764,0.009545550962091288,1.7009903478599362
1.0,0.2,vanguard_dynamic,vanguard_dynamic (asymmetric),0.05,True,,False,"vanguard_dynamic (asymmetric) @ 5.0%, 100% equity / 20% domestic",0.05,False,1.2239660077825811,1.2492254249520758,0.02908,0.015388775616478938,1.7486998924359602
1.0,0.2,vanguard_dynamic,vanguard_dynamic (asymmetric),0.06,True,,False,"vanguard_dynamic (asymmetric) @ 6.0%, 100% equity / 20% domestic",0.06,False,1.220823422358251,1.2749886959439636,0.07592,0.04006025280732143,1.825622961820851
1.0,0.2,vanguard_dynamic,vanguard_dynamic (asymmetric),0.07,True,,False,"vanguard_dynamic (asymmetric) @ 7.0%, 100% equity / 20% domestic",0.07,False,1.143642194853537,1.2295565794466616,0.1782,0.09624062883702306,1.874535022055653
1.0,0.2,vanguard_dynamic,vanguard_dynamic (asymmetric),0.08,True,,False,"vanguard_dynamic (asymmetric) @ 8.0%, 100% equity / 20% domestic",0.08,False,1.033687843272647,1.1306258015270456,0.32384,0.1858390929998145,1.8937848796531684
1.0,0.2,vanguard_dynamic,vanguard_dynamic (asymmetric),0.09,True,,False,"vanguard_dynamic (asymmetric) @ 9.0%, 100% equity / 20% domestic",0.09,False,0.9426392220698897,1.034614934306947,0.46956,0.28632915754437965,1.8904921516660713
1.0,0.2,vanguard_dynamic,vanguard_dynamic (asymmetric),0.1,True,,False,"vanguard_dynamic (asymmetric) @ 10.0%, 100% equity / 20% domestic",0.1,False,0.8710616267764704,0.9545869437452869,0.62872,0.39874853141732497,1.8686850237268817
1.0,0.2,vanguard_dynamic,vanguard_dynamic (asymmetric),0.12,True,,False,"vanguard_dynamic (asymmetric) @ 12.0%, 100% equity / 20% domestic",0.12,False,0.7701617271410013,0.8357700339419528,0.88352,0.6225304100945388,1.7901015353810656
1.0,0.2,endowment,endowment,0.03,True,,False,"endowment @ 3.0%, 100% equity / 20% domestic",0.03,False,1.1381124680721775,1.129649423396616,8e-05,3.3501750999218505e-05,1.8145526108849828
1.0,0.2,endowment,endowment,0.035,True,,False,"endowment @ 3.5%, 100% equity / 20% domestic",0.035,False,1.1855869377813824,1.181217986367474,0.00012,5.3840770248400603e-05,1.8726686453418688
1.0,0.2,endowment,endowment,0.04,True,,False,"endowment @ 4.0%, 100% equity / 20% domestic",0.04,False,1.2251497229287556,1.2261004058304037,0.00016,8.131328615856338e-05,1.9175414704743319
1.0,0.2,endowment,endowment,0.045,True,,False,"endowment @ 4.5%, 100% equity / 20% domestic",0.045,False,1.2568673914016673,1.2643569630790328,0.00028,0.00016079399869131427,1.9508894462636288
1.0,0.2,endowment,endowment,0.05,True,,False,"endowment @ 5.0%, 100% equity / 20% domestic",0.05,False,1.2807437350107047,1.295962512358614,0.00052,0.00031684195473632694,1.9742614848185527
1.0,0.2,endowment,endowment,0.06,True,,False,"endowment @ 6.0%, 100% equity / 20% domestic",0.06,False,1.3047661682556984,1.338526501392408,0.00164,0.0010578581515888696,1.9965060090417417
1.0,0.2,endowment,endowment,0.07,True,,False,"endowment @ 7.0%, 100% equity / 20% domestic",0.07,False,1.2977779279091186,1.3525019237980753,0.00432,0.002565351783839285,1.9937796014159836
1.0,0.2,endowment,endowment,0.08,True,,False,"endowment @ 8.0%, 100% equity / 20% domestic",0.08,False,1.2620216116624579,1.3371337322408368,0.01216,0.0072505526179345485,1.9736129338945991
1.0,0.2,endowment,endowment,0.09,True,,False,"endowment @ 9.0%, 100% equity / 20% domestic",0.09,False,1.2069290486854967,1.2989647062473282,0.01988,0.011614160736553218,1.942006764188462
1.0,0.2,endowment,endowment,0.1,True,,False,"endowment @ 10.0%, 100% equity / 20% domestic",0.1,False,1.1339118740263563,1.2382431782101275,0.04564,0.024579819612438606,1.90353521757577
1.0,0.2,endowment,endowment,0.12,True,,False,"endowment @ 12.0%, 100% equity / 20% domestic",0.12,False,0.9595296884962857,1.0657933345571262,0.30856,0.16354320141431347,1.8190489695828544
1.0,0.2,endowment,endowment (light smoothing),0.03,True,,False,"endowment (light smoothing) @ 3.0%, 100% equity / 20% domestic",0.03,False,1.142087606421376,1.1331875467601868,0.0,0.0,1.8482804713920389
1.0,0.2,endowment,endowment (light smoothing),0.035,True,,False,"endowment (light smoothing) @ 3.5%, 100% equity / 20% domestic",0.035,False,1.1874937183934975,1.1823096399450934,0.0,0.0,1.9018097061728445
1.0,0.2,endowment,endowment (light smoothing),0.04,True,,False,"endowment (light smoothing) @ 4.0%, 100% equity / 20% domestic",0.04,False,1.2254172707621174,1.2248678038081073,0.0,0.0,1.941730116790571
1.0,0.2,endowment,endowment (light smoothing),0.045,True,,False,"endowment (light smoothing) @ 4.5%, 100% equity / 20% domestic",0.045,False,1.2563240496023467,1.2612529829722188,0.0,0.0,1.970262239488578
1.0,0.2,endowment,endowment (light smoothing),0.05,True,,False,"endowment (light smoothing) @ 5.0%, 100% equity / 20% domestic",0.05,False,1.2805989383116547,1.291758065990843,0.0,0.0,1.9893191953263614
1.0,0.2,endowment,endowment (light smoothing),0.06,True,,False,"endowment (light smoothing) @ 6.0%, 100% equity / 20% domestic",0.06,False,1.310690554230388,1.3360918534546822,0.0,0.0,2.005348395223024
1.0,0.2,endowment,endowment (light smoothing),0.07,True,,False,"endowment (light smoothing) @ 7.0%, 100% equity / 20% domestic",0.07,False,1.3187228501842059,1.3597635385953808,0.0,0.0,2.0003236987645483
1.0,0.2,endowment,endowment (light smoothing),0.08,True,,False,"endowment (light smoothing) @ 8.0%, 100% equity / 20% domestic",0.08,False,1.3081763106156152,1.3649391553549124,0.0,0.0,1.9818667066744453
1.0,0.2,endowment,endowment (light smoothing),0.09,True,,False,"endowment (light smoothing) @ 9.0%, 100% equity / 20% domestic",0.09,False,1.2829328663922646,1.3542476334785196,0.0,0.0,1.9554234055293165
1.0,0.2,endowment,endowment (light smoothing),0.1,True,,False,"endowment (light smoothing) @ 10.0%, 100% equity / 20% domestic",0.1,False,1.246976832840739,1.3307069135722354,0.0,0.0,1.9248129174472162
1.0,0.2,endowment,endowment (light smoothing),0.12,True,,False,"endowment (light smoothing) @ 12.0%, 100% equity / 20% domestic",0.12,False,1.1573880191430541,1.2577002868853198,0.0,0.0,1.860666702899758
1.0,0.2,life_expectancy,life_expectancy,,False,,False,"life_expectancy, 100% equity / 20% domestic",0.03333333333333333,False,1.2804672948018034,1.2698897789199575,0.0,0.0,2.612267750052788
1.0,0.2,life_expectancy,life_expectancy (+5y buffer),,False,,False,"life_expectancy (+5y buffer), 100% equity / 20% domestic",0.02857142857142857,False,1.2333722238227378,1.204103379169912,0.0,0.0,2.391390388877376
1.0,0.2,gompertz,gompertz,,False,,False,"gompertz, 100% equity / 20% domestic",0.04598575701368062,True,1.3748578772223086,1.3788295412062044,0.0,0.0,2.2450168857591772
1.0,0.2,gompertz,gompertz (+5y buffer),,False,,False,"gompertz (+5y buffer), 100% equity / 20% domestic",0.03738895907792182,True,1.305041520286304,1.2907280091426514,0.0,0.0,2.2203378095450255
1.0,0.2,amortisation,amortisation (0% assumed return),,False,0.0,True,"amortisation (0% assumed return), 100% equity / 20% domestic",0.03333333333333333,False,1.2804672948018034,1.2698897789199575,0.0,0.0,2.612267750052788
1.0,0.2,amortisation,amortisation (1% assumed return),,False,0.01,True,"amortisation (1% assumed return), 100% equity / 20% domestic",0.03874811321584711,False,1.3144894916900345,1.3122971667511552,0.0,0.0,2.52621953735812
1.0,0.2,amortisation,amortisation (2% assumed return),,False,0.02,True,"amortisation (2% assumed return), 100% equity / 20% domestic",0.04464992229340293,False,1.3416070882771893,1.3494880346888438,0.0,0.0,2.4435980070682053
1.0,0.2,amortisation,amortisation (3% assumed return),,False,0.03,True,"amortisation (3% assumed return), 100% equity / 20% domestic",0.05101925932025255,False,1.360358255727769,1.3798719209026502,0.0,0.0,2.365006132402096
1.0,0.2,amortisation,amortisation (4% assumed return),,False,0.04,True,"amortisation (4% assumed return), 100% equity / 20% domestic",0.057830099133661314,False,1.3696128902316247,1.4020254957372364,0.0,0.0,2.2909132676269452
1.0,0.2,amortisation,amortisation (5% assumed return),,False,0.05,True,"amortisation (5% assumed return), 100% equity / 20% domestic",0.06505143508027657,False,1.3687373448149212,1.4148512136150126,0.0,0.0,2.221647534358592
1.0,0.2,amortisation,amortisation (6% assumed return),,False,0.06,True,"amortisation (6% assumed return), 100% equity / 20% domestic",0.07264891149004721,False,1.357723666480439,1.4177321923471191,0.0,0.0,2.157397688999762
1.0,0.2,amortisation,amortisation (7% assumed return),,False,0.07,True,"amortisation (7% assumed return), 100% equity / 20% domestic",0.08058640351111118,False,1.3372400295432774,1.4106465246026698,0.0,0.0,2.098222979960824
1.0,0.2,amortisation,amortisation (8% assumed return),,False,0.08,True,"amortisation (8% assumed return), 100% equity / 20% domestic",0.08882743338727227,False,1.308571474703074,1.3942027993892636,0.0,0.0,2.0440689044087788
1.0,0.2,amortisation,amortisation (10% assumed return),,False,0.1,True,"amortisation (10% assumed return), 100% equity / 20% domestic",0.1060792482526339,False,1.233839148138035,1.3383474274179574,0.0,0.0,1.950153516056699
1.0,0.2,amortisation,amortisation (12% assumed return),,False,0.12,True,"amortisation (12% assumed return), 100% equity / 20% domestic",0.12414365755194319,False,1.148651312859789,1.2632290783631757,0.0,0.0,1.8736985921374194
1.0,0.3,constant_real,constant_real,0.03,True,,False,"constant_real @ 3.0%, 100% equity / 30% domestic",0.03,False,1.0298004622491483,1.0415154585173128,0.02456,0.012003952288357348,1.4500205154263666
1.0,0.3,constant_real,constant_real,0.035,True,,False,"constant_real @ 3.5%, 100% equity / 30% domestic",0.035,False,1.075209802962666,1.0931516439421713,0.04608,0.022580056536444452,1.511227838774641
1.0,0.3,constant_real,constant_real,0.04,True,,False,"constant_real @ 4.0%, 100% equity / 30% domestic",0.04,False,1.1028416100248006,1.1324901144366575,0.08612,0.04188718641986155,1.569016210163164
1.0,0.3,constant_real,constant_real,0.045,True,,False,"constant_real @ 4.5%, 100% equity / 30% domestic",0.045,False,1.1053004145731036,1.1526645090026315,0.14072,0.07072911258807879,1.6215038383285039
1.0,0.3,constant_real,constant_real,0.05,True,,False,"constant_real @ 5.0%, 100% equity / 30% domestic",0.05,False,1.083086313502003,1.1493092137936554,0.20836,0.1095890454069706,1.6671138600861566
1.0,0.3,constant_real,constant_real,0.06,True,,False,"constant_real @ 6.0%, 100% equity / 30% domestic",0.06,False,1.0024412381587424,1.0895862053483163,0.35464,0.20522180885644356,1.737164355260557
1.0,0.3,constant_real,constant_real,0.07,True,,False,"constant_real @ 7.0%, 100% equity / 30% domestic",0.07,False,0.922690555962594,1.0097666867246995,0.50012,0.3107976702146785,1.7803510095920716
1.0,0.3,constant_real,constant_real,0.08,True,,False,"constant_real @ 8.0%, 100% equity / 30% domestic",0.08,False,0.8568321201730521,0.9365742602941659,0.63632,0.4203294970155778,1.796254147856433
1.0,0.3,constant_real,constant_real,0.09,True,,False,"constant_real @ 9.0%, 100% equity / 30% domestic",0.09,False,0.8054373792132223,0.8761539553976371,0.75068,0.5248598834594634,1.7890602066839294
1.0,0.3,constant_real,constant_real,0.1,True,,False,"constant_real @ 10.0%, 100% equity / 30% domestic",0.1,False,0.7669050764624666,0.829028291555549,0.83656,0.6154024406512899,1.7688678208489788
1.0,0.3,constant_real,constant_real,0.12,True,,False,"constant_real @ 12.0%, 100% equity / 30% domestic",0.12,False,0.71473383301608,0.763270573700012,0.94192,0.7516775969262213,1.7143290603611459
1.0,0.3,constant_percent,constant_percent,0.03,True,,False,"constant_percent @ 3.0%, 100% equity / 30% domestic",0.03,False,1.1248382929820395,1.1169948028186492,0.0,0.0,1.822574203581558
1.0,0.3,constant_percent,constant_percent,0.035,True,,False,"constant_percent @ 3.5%, 100% equity / 30% domestic",0.035,False,1.1679844749749875,1.1637691357651956,0.0,0.0,1.8729369448068656
1.0,0.3,constant_percent,constant_percent,0.04,True,,False,"constant_percent @ 4.0%, 100% equity / 30% domestic",0.04,False,1.2039657397309933,1.204204276369591,0.0,0.0,1.9103000370827028
1.0,0.3,constant_percent,constant_percent,0.045,True,,False,"constant_percent @ 4.5%, 100% equity / 30% domestic",0.045,False,1.2333120020253547,1.238749002048852,0.0,0.0,1.936886910719275
1.0,0.3,constant_percent,constant_percent,0.05,True,,False,"constant_percent @ 5.0%, 100% equity / 30% domestic",0.05,False,1.2564654069480976,1.267752629959119,0.0,0.0,1.9545893493673538
1.0,0.3,constant_percent,constant_percent,0.06,True,,False,"constant_percent @ 6.0%, 100% equity / 30% domestic",0.06,False,1.28580241075366,1.310302299833949,0.0,0.0,1.9695181602018519
1.0,0.3,constant_percent,constant_percent,0.07,True,,False,"constant_percent @ 7.0%, 100% equity / 30% domestic",0.07,False,1.2951926521711266,1.3340633470262537,0.0,0.0,1.965182178037228
1.0,0.3,constant_percent,constant_percent,0.08,True,,False,"constant_percent @ 8.0%, 100% equity / 30% domestic",0.08,False,1.2880231075140074,1.34132483719648,0.0,0.0,1.9487397457075541
1.0,0.3,constant_percent,constant_percent,0.09,True,,False,"constant_percent @ 9.0%, 100% equity / 30% domestic",0.09,False,1.2678295283232706,1.3346077862702206,0.0,0.0,1.9251962406997416
1.0,0.3,constant_percent,constant_percent,0.1,True,,False,"constant_percent @ 10.0%, 100% equity / 30% domestic",0.1,False,1.2380897489506852,1.3166119106664247,0.0,0.0,1.8979910949400263
1.0,0.3,constant_percent,constant_percent,0.12,True,,False,"constant_percent @ 12.0%, 100% equity / 30% domestic",0.12,False,1.1622654082551975,1.2575239416203978,0.0,0.0,1.841031923598692
1.0,0.3,guyton_klinger,guyton_klinger,0.03,True,,False,"guyton_klinger @ 3.0%, 100% equity / 30% domestic",0.03,False,1.0628187387191863,1.058157976057708,0.0,0.0,1.6702792889021443
1.0,0.3,guyton_klinger,guyton_klinger,0.035,True,,False,"guyton_klinger @ 3.5%, 100% equity / 30% domestic",0.035,False,1.1078031426066461,1.1056205307677853,4e-05,1.1258300121115244e-05,1.7339775989972182
1.0,0.3,guyton_klinger,guyton_klinger,0.04,True,,False,"guyton_klinger @ 4.0%, 100% equity / 30% domestic",0.04,False,1.147522958811266,1.1484464507443184,8e-05,2.25697652761207e-05,1.7882012214980674
1.0,0.3,guyton_klinger,guyton_klinger,0.045,True,,False,"guyton_klinger @ 4.5%, 100% equity / 30% domestic",0.045,False,1.1821235758330595,1.1867507708461293,0.00024,6.923399474173615e-05,1.8337557260289354
1.0,0.3,guyton_klinger,guyton_klinger,0.05,True,,False,"guyton_klinger @ 5.0%, 100% equity / 30% domestic",0.05,False,1.2117867387701347,1.2206641145372634,0.0008,0.0002365289943745266,1.8712081910279557
1.0,0.3,guyton_klinger,guyton_klinger,0.06,True,,False,"guyton_klinger @ 6.0%, 100% equity / 30% domestic",0.06,False,1.2557875593136385,1.2756018227877253,0.0072,0.002230261393218318,1.9249402963817737
1.0,0.3,guyton_klinger,guyton_klinger,0.07,True,,False,"guyton_klinger @ 7.0%, 100% equity / 30% domestic",0.07,False,1.2724845351246659,1.3098712101306997,0.03436,0.011141286973939625,1.9549344496049355
1.0,0.3,guyton_klinger,guyton_klinger,0.08,True,,False,"guyton_klinger @ 8.0%, 100% equity / 30% domestic",0.08,False,1.2432589484151937,1.3120426535776648,0.12248,0.04083066902376633,1.9635223683237477
1.0,0.3,guyton_klinger,guyton_klinger,0.09,True,,False,"guyton_klinger @ 9.0%, 100% equity / 30% domestic",0.09,False,1.1604647299499469,1.2674849119779992,0.296,0.10686130742861713,1.949572104525979
1.0,0.3,guyton_klinger,guyton_klinger,0.1,True,,False,"guyton_klinger @ 10.0%, 100% equity / 30% domestic",0.1,False,1.0592782155254183,1.1863641229447812,0.50028,0.20170515766580757,1.9161887348312605
1.0,0.3,guyton_klinger,guyton_klinger,0.12,True,,False,"guyton_klinger @ 12.0%, 100% equity / 30% domestic",0.12,False,0.8998451999784955,1.0141237333913675,0.8098,0.40997962323379544,1.8241412260019758
1.0,0.3,guyton_klinger,guyton_klinger (tight band),0.03,True,,False,"guyton_klinger (tight band) @ 3.0%, 100% equity / 30% domestic",0.03,False,1.0800701417122267,1.0742547584998634,0.0,0.0,1.7117358220638015
1.0,0.3,guyton_klinger,guyton_klinger (tight band),0.035,True,,False,"guyton_klinger (tight band) @ 3.5%, 100% equity / 30% domestic",0.035,False,1.1251956867516815,1.121882825889117,0.0,0.0,1.7766000218751188
1.0,0.3,guyton_klinger,guyton_klinger (tight band),0.04,True,,False,"guyton_klinger (tight band) @ 4.0%, 100% equity / 30% domestic",0.04,False,1.1644769328779563,1.1643160150677083,0.00012,3.079484749406094e-05,1.8310156138710683
1.0,0.3,guyton_klinger,guyton_klinger (tight band),0.045,True,,False,"guyton_klinger (tight band) @ 4.5%, 100% equity / 30% domestic",0.045,False,1.198223692090318,1.201852960638069,0.00036,9.845097828853282e-05,1.8755801265999015
1.0,0.3,guyton_klinger,guyton_klinger (tight band),0.05,True,,False,"guyton_klinger (tight band) @ 5.0%, 100% equity / 30% domestic",0.05,False,1.2269040771132222,1.234810168988528,0.00124,0.00035456968506989534,1.9113823539281687
1.0,0.3,guyton_klinger,guyton_klinger (tight band),0.06,True,,False,"guyton_klinger (tight band) @ 6.0%, 100% equity / 30% domestic",0.06,False,1.2678434047096903,1.2870465948178518,0.00864,0.0026665413854285998,1.9591961076196331
1.0,0.3,guyton_klinger,guyton_klinger (tight band),0.07,True,,False,"guyton_klinger (tight band) @ 7.0%, 100% equity / 30% domestic",0.07,False,1.2815157631740153,1.318133291821749,0.0352,0.011305730645801693,1.9820358525206938
1.0,0.3,guyton_klinger,guyton_klinger (tight band),0.08,True,,False,"guyton_klinger (tight band) @ 8.0%, 100% equity / 30% domestic",0.08,False,1.2538768859531286,1.320097851601611,0.11888,0.038763381800287315,1.9829645663318303
1.0,0.3,guyton_klinger,guyton_klinger (tight band),0.09,True,,False,"guyton_klinger (tight band) @ 9.0%, 100% equity / 30% domestic",0.09,False,1.178372001489122,1.2817555585518905,0.2812,0.09812609799703528,1.9629620400746655
1.0,0.3,guyton_klinger,guyton_klinger (tight band),0.1,True,,False,"guyton_klinger (tight band) @ 10.0%, 100% equity / 30% domestic",0.1,False,1.0804348353915103,1.2071513713869233,0.4888,0.1871999793822979,1.9254901635587534
1.0,0.3,guyton_klinger,guyton_klinger (tight band),0.12,True,,False,"guyton_klinger (tight band) @ 12.0%, 100% equity / 30% domestic",0.12,False,0.9177700514420187,1.0365043528999354,0.81024,0.38829919507899613,1.8309866004103597
1.0,0.3,guyton_klinger,guyton_klinger (no inflation rule),0.03,True,,False,"guyton_klinger (no inflation rule) @ 3.0%, 100% equity / 30% domestic",0.03,False,1.1126204896310217,1.1025689963783172,0.00396,0.0018195839051671464,1.7277276311835312
1.0,0.3,guyton_klinger,guyton_klinger (no inflation rule),0.035,True,,False,"guyton_klinger (no inflation rule) @ 3.5%, 100% equity / 30% domestic",0.035,False,1.1614470397166476,1.1543701981473409,0.00664,0.0030300257002259284,1.7934271625147382
1.0,0.3,guyton_klinger,guyton_klinger (no inflation rule),0.04,True,,False,"guyton_klinger (no inflation rule) @ 4.0%, 100% equity / 30% domestic",0.04,False,1.2031279445051994,1.20063287064351,0.01232,0.005150878920194591,1.8486199133890853
1.0,0.3,guyton_klinger,guyton_klinger (no inflation rule),0.045,True,,False,"guyton_klinger (no inflation rule) @ 4.5%, 100% equity / 30% domestic",0.045,False,1.235408939793262,1.2398239991099287,0.02272,0.008892441236902505,1.894114221203531
1.0,0.3,guyton_klinger,guyton_klinger (no inflation rule),0.05,True,,False,"guyton_klinger (no inflation rule) @ 5.0%, 100% equity / 30% domestic",0.05,False,1.2568063387388482,1.2716641044104535,0.04192,0.015862700445001446,1.9304820758003989
1.0,0.3,guyton_klinger,guyton_klinger (no inflation rule),0.06,True,,False,"guyton_klinger (no inflation rule) @ 6.0%, 100% equity / 30% domestic",0.06,False,1.2516437886971468,1.3010412606372634,0.11404,0.04379364050457258,1.9772907358713092
1.0,0.3,guyton_klinger,guyton_klinger (no inflation rule),0.07,True,,False,"guyton_klinger (no inflation rule) @ 7.0%, 100% equity / 30% domestic",0.07,False,1.1891661944636154,1.2792722438499193,0.24456,0.0971892034777159,1.9929932817980314
1.0,0.3,guyton_klinger,guyton_klinger (no inflation rule),0.08,True,,False,"guyton_klinger (no inflation rule) @ 8.0%, 100% equity / 30% domestic",0.08,False,1.093767365396473,1.2113062083548376,0.42212,0.17915366380794417,1.980566954308482
1.0,0.3,guyton_klinger,guyton_klinger (no inflation rule),0.09,True,,False,"guyton_klinger (no inflation rule) @ 9.0%, 100% equity / 30% domestic",0.09,False,0.9953968603232942,1.1178491835096491,0.61728,0.28532369243109285,1.944169262639011
1.0,0.3,guyton_klinger,guyton_klinger (no inflation rule),0.1,True,,False,"guyton_klinger (no inflation rule) @ 10.0%, 100% equity / 30% domestic",0.1,False,0.9174819624741998,1.0304168194385472,0.77236,0.3915087473441679,1.8948125984005326
1.0,0.3,guyton_klinger,guyton_klinger (no inflation rule),0.12,True,,False,"guyton_klinger (no inflation rule) @ 12.0%, 100% equity / 30% domestic",0.12,False,0.812087441913273,0.899624279336539,0.95064,0.5762849417141459,1.7917230349650535
1.0,0.3,vanguard_dynamic,vanguard_dynamic,0.03,True,,False,"vanguard_dynamic @ 3.0%, 100% equity / 30% domestic",0.03,False,1.1126297823786537,1.10807287066052,0.01076,0.005318967173457878,1.6345952549341027
1.0,0.3,vanguard_dynamic,vanguard_dynamic,0.035,True,,False,"vanguard_dynamic @ 3.5%, 100% equity / 30% domestic",0.035,False,1.160594076494682,1.161810277887803,0.02016,0.010169733107893123,1.7032081119804703
1.0,0.3,vanguard_dynamic,vanguard_dynamic,0.04,True,,False,"vanguard_dynamic @ 4.0%, 100% equity / 30% domestic",0.04,False,1.1942775940645645,1.2054182269478864,0.03672,0.018141800782337677,1.7634263195649458
1.0,0.3,vanguard_dynamic,vanguard_dynamic,0.045,True,,False,"vanguard_dynamic @ 4.5%, 100% equity / 30% domestic",0.045,False,1.2073302213006951,1.2344565005014683,0.06444,0.031764138140992625,1.8142276577835443
1.0,0.3,vanguard_dynamic,vanguard_dynamic,0.05,True,,False,"vanguard_dynamic @ 5.0%, 100% equity / 30% domestic",0.05,False,1.1959390552878926,1.2440380876463282,0.10868,0.05406748264451854,1.8553206124048243
1.0,0.3,vanguard_dynamic,vanguard_dynamic,0.06,True,,False,"vanguard_dynamic @ 6.0%, 100% equity / 30% domestic",0.06,False,1.1083920404494743,1.1958924373948925,0.2488,0.1293168300582139,1.9081312787172966
1.0,0.3,vanguard_dynamic,vanguard_dynamic,0.07,True,,False,"vanguard_dynamic @ 7.0%, 100% equity / 30% domestic",0.07,False,0.9966760996017356,1.094598193534221,0.41368,0.23473022638095026,1.9236715727177374
1.0,0.3,vanguard_dynamic,vanguard_dynamic,0.08,True,,False,"vanguard_dynamic @ 8.0%, 100% equity / 30% domestic",0.08,False,0.9084281032047299,1.000451223675825,0.58784,0.3527968659306184,1.9095176473680113
1.0,0.3,vanguard_dynamic,vanguard_dynamic,0.09,True,,False,"vanguard_dynamic @ 9.0%, 100% equity / 30% domestic",0.09,False,0.8405469838285011,0.9232000329201896,0.75196,0.4765785070668503,1.872455906760349
1.0,0.3,vanguard_dynamic,vanguard_dynamic,0.1,True,,False,"vanguard_dynamic @ 10.0%, 100% equity / 30% domestic",0.1,False,0.7889075325701416,0.8616659587576498,0.874,0.5915079023861434,1.8228073439527697
1.0,0.3,vanguard_dynamic,vanguard_dynamic,0.12,True,,False,"vanguard_dynamic @ 12.0%, 100% equity / 30% domestic",0.12,False,0.7245381934452596,0.7797594230746581,0.98112,0.7518337637137684,1.7287432446976558
1.0,0.3,vanguard_dynamic,vanguard_dynamic (asymmetric),0.03,True,,False,"vanguard_dynamic (asymmetric) @ 3.0%, 100% equity / 30% domestic",0.03,False,1.057916211977629,1.0601168697556902,0.00324,0.002019575681397495,1.51109523385757
1.0,0.3,vanguard_dynamic,vanguard_dynamic (asymmetric),0.035,True,,False,"vanguard_dynamic (asymmetric) @ 3.5%, 100% equity / 30% domestic",0.035,False,1.1080631488280523,1.1132224273867612,0.00568,0.0032596517678215855,1.5726548979364496
1.0,0.3,vanguard_dynamic,vanguard_dynamic (asymmetric),0.04,True,,False,"vanguard_dynamic (asymmetric) @ 4.0%, 100% equity / 30% domestic",0.04,False,1.1505221244708923,1.1603041910324532,0.0112,0.00593932307196772,1.6295743918645016
1.0,0.3,vanguard_dynamic,vanguard_dynamic (asymmetric),0.045,True,,False,"vanguard_dynamic (asymmetric) @ 4.5%, 100% equity / 30% domestic",0.045,False,1.1836488893112713,1.2002505026389596,0.01876,0.010201303562435,1.681384731866673
1.0,0.3,vanguard_dynamic,vanguard_dynamic (asymmetric),0.05,True,,False,"vanguard_dynamic (asymmetric) @ 5.0%, 100% equity / 30% domestic",0.05,False,1.205631385968203,1.2314472149482873,0.03076,0.016442530375268112,1.727469800291176
1.0,0.3,vanguard_dynamic,vanguard_dynamic (asymmetric),0.06,True,,False,"vanguard_dynamic (asymmetric) @ 6.0%, 100% equity / 30% domestic",0.06,False,1.2005836793555882,1.2550507870030356,0.08392,0.0440976365250828,1.8009437839928701
1.0,0.3,vanguard_dynamic,vanguard_dynamic (asymmetric),0.07,True,,False,"vanguard_dynamic (asymmetric) @ 7.0%, 100% equity / 30% domestic",0.07,False,1.1281699902415638,1.2123554792190245,0.18776,0.10113562961696296,1.8474856848241665
1.0,0.3,vanguard_dynamic,vanguard_dynamic (asymmetric),0.08,True,,False,"vanguard_dynamic (asymmetric) @ 8.0%, 100% equity / 30% domestic",0.08,False,1.0249908697082415,1.1199069494561416,0.33112,0.19025953059143616,1.8656803774549562
1.0,0.3,vanguard_dynamic,vanguard_dynamic (asymmetric),0.09,True,,False,"vanguard_dynamic (asymmetric) @ 9.0%, 100% equity / 30% domestic",0.09,False,0.9371553596786579,1.027832353611139,0.47868,0.2915460753336201,1.8620531366255353
1.0,0.3,vanguard_dynamic,vanguard_dynamic (asymmetric),0.1,True,,False,"vanguard_dynamic (asymmetric) @ 10.0%, 100% equity / 30% domestic",0.1,False,0.8674873241693306,0.9500862643149743,0.63632,0.4034750304644683,1.8406451772253232
1.0,0.3,vanguard_dynamic,vanguard_dynamic (asymmetric),0.12,True,,False,"vanguard_dynamic (asymmetric) @ 12.0%, 100% equity / 30% domestic",0.12,False,0.7681762610810685,0.8334830739582314,0.88948,0.6277345311975683,1.7649991365976536
1.0,0.3,endowment,endowment,0.03,True,,False,"endowment @ 3.0%, 100% equity / 30% domestic",0.03,False,1.1216812888547742,1.1143023784148312,8e-05,2.1026573807588092e-05,1.7839025307284326
1.0,0.3,endowment,endowment,0.035,True,,False,"endowment @ 3.5%, 100% equity / 30% domestic",0.035,False,1.1675632090338168,1.1642975358010788,8e-05,3.647682668685801e-05,1.8398080482125232
1.0,0.3,endowment,endowment,0.04,True,,False,"endowment @ 4.0%, 100% equity / 30% domestic",0.04,False,1.2057495038428443,1.2077744601688947,0.00012,6.167367511146168e-05,1.883040822438896
1.0,0.3,endowment,endowment,0.045,True,,False,"endowment @ 4.5%, 100% equity / 30% domestic",0.045,False,1.2363169902936895,1.2447975240074256,0.00016,8.890956117244372e-05,1.9152430282230657
1.0,0.3,endowment,endowment,0.05,True,,False,"endowment @ 5.0%, 100% equity / 30% domestic",0.05,False,1.2593326501108315,1.2753890693938983,0.00036,0.00020683755976083724,1.9378949903672336
1.0,0.3,endowment,endowment,0.06,True,,False,"endowment @ 6.0%, 100% equity / 30% domestic",0.06,False,1.2825380081678854,1.3166547077726938,0.0014,0.0008546502978592663,1.9597340821691493
1.0,0.3,endowment,endowment,0.07,True,,False,"endowment @ 7.0%, 100% equity / 30% domestic",0.07,False,1.2760293822861253,1.330389007094417,0.0038,0.0023119499773747955,1.9576410573826624
1.0,0.3,endowment,endowment,0.08,True,,False,"endowment @ 8.0%, 100% equity / 30% domestic",0.08,False,1.2417983949167646,1.3162599746339874,0.01144,0.006592061762345559,1.9388284368476743
1.0,0.3,endowment,endowment,0.09,True,,False,"endowment @ 9.0%, 100% equity / 30% domestic",0.09,False,1.1881320854407702,1.2788367906891744,0.01948,0.01126745625302408,1.9090103147059931
1.0,0.3,endowment,endowment,0.1,True,,False,"endowment @ 10.0%, 100% equity / 30% domestic",0.1,False,1.1175059375981342,1.219931275448655,0.049,0.026224541015881533,1.872572924716397
1.0,0.3,endowment,endowment,0.12,True,,False,"endowment @ 12.0%, 100% equity / 30% domestic",0.12,False,0.9510763360583262,1.055453818140028,0.31904,0.16942026247810207,1.7923875229082291
1.0,0.3,endowment,endowment (light smoothing),0.03,True,,False,"endowment (light smoothing) @ 3.0%, 100% equity / 30% domestic",0.03,False,1.1252530991979024,1.11746211978482,0.0,0.0,1.8156101746685753
1.0,0.3,endowment,endowment (light smoothing),0.035,True,,False,"endowment (light smoothing) @ 3.5%, 100% equity / 30% domestic",0.035,False,1.1690918390520337,1.1650423657173068,0.0,0.0,1.8671321934005038
1.0,0.3,endowment,endowment (light smoothing),0.04,True,,False,"endowment (light smoothing) @ 4.0%, 100% equity / 30% domestic",0.04,False,1.2056371903066725,1.2062151563819523,0.0,0.0,1.9056428207331166
1.0,0.3,endowment,endowment (light smoothing),0.045,True,,False,"endowment (light smoothing) @ 4.5%, 100% equity / 30% domestic",0.045,False,1.235356081364632,1.241369564647063,0.0,0.0,1.9332608980241506
1.0,0.3,endowment,endowment (light smoothing),0.05,True,,False,"endowment (light smoothing) @ 5.0%, 100% equity / 30% domestic",0.05,False,1.2586370127571296,1.2707997784928877,0.0,0.0,1.9518122275684278
1.0,0.3,endowment,endowment (light smoothing),0.06,True,,False,"endowment (light smoothing) @ 6.0%, 100% equity / 30% domestic",0.06,False,1.2873377954446565,1.3134642361203466,0.0,0.0,1.9677673658836337
1.0,0.3,endowment,endowment (light smoothing),0.07,True,,False,"endowment (light smoothing) @ 7.0%, 100% equity / 30% domestic",0.07,False,1.2947826096355195,1.3361284962172046,0.0,0.0,1.9635393304167332
1.0,0.3,endowment,endowment (light smoothing),0.08,True,,False,"endowment (light smoothing) @ 8.0%, 100% equity / 30% domestic",0.08,False,1.2844149654551866,1.340965379869567,0.0,0.0,1.9464086698919896
1.0,0.3,endowment,endowment (light smoothing),0.09,True,,False,"endowment (light smoothing) @ 9.0%, 100% equity / 30% domestic",0.09,False,1.2600202135654177,1.3305720682466122,0.0,0.0,1.9215807657835984
1.0,0.3,endowment,endowment (light smoothing),0.1,True,,False,"endowment (light smoothing) @ 10.0%, 100% equity / 30% domestic",0.1,False,1.2254387996184808,1.307889799710756,0.0,0.0,1.8927088065520203
1.0,0.3,endowment,endowment (light smoothing),0.12,True,,False,"endowment (light smoothing) @ 12.0%, 100% equity / 30% domestic",0.12,False,1.1395185029463568,1.2378058538460668,0.0,0.0,1.8320047666244488
1.0,0.3,life_expectancy,life_expectancy,,False,,False,"life_expectancy, 100% equity / 30% domestic",0.03333333333333333,False,1.2627135108046077,1.2520043682791835,0.0,0.0,2.5449410652816655
1.0,0.3,life_expectancy,life_expectancy (+5y buffer),,False,,False,"life_expectancy (+5y buffer), 100% equity / 30% domestic",0.02857142857142857,False,1.215519361202143,1.1875245881510756,0.0,0.0,2.3336818019306995
1.0,0.3,gompertz,gompertz,,False,,False,"gompertz, 100% equity / 30% domestic",0.04598575701368062,True,1.3507278081475687,1.356193443721403,0.0,0.0,2.196826859993372
1.0,0.3,gompertz,gompertz (+5y buffer),,False,,False,"gompertz (+5y buffer), 100% equity / 30% domestic",0.03738895907792182,True,1.2838446671102628,1.2710220086113575,0.0,0.0,2.171967359319204
1.0,0.3,amortisation,amortisation (0% assumed return),,False,0.0,True,"amortisation (0% assumed return), 100% equity / 30% domestic",0.03333333333333333,False,1.2627135108046077,1.2520043682791835,0.0,0.0,2.5449410652816655
1.0,0.3,amortisation,amortisation (1% assumed return),,False,0.01,True,"amortisation (1% assumed return), 100% equity / 30% domestic",0.03874811321584711,False,1.2954464990170944,1.2929339150741892,0.0,0.0,2.463462858319743
1.0,0.3,amortisation,amortisation (2% assumed return),,False,0.02,True,"amortisation (2% assumed return), 100% equity / 30% domestic",0.04464992229340293,False,1.3213738263460806,1.3287243890728493,0.0,0.0,2.3852082821405527
1.0,0.3,amortisation,amortisation (3% assumed return),,False,0.03,True,"amortisation (3% assumed return), 100% equity / 30% domestic",0.05101925932025255,False,1.339085039849068,1.3578404653202603,0.0,0.0,2.3107499840545715
1.0,0.3,amortisation,amortisation (4% assumed return),,False,0.04,True,"amortisation (4% assumed return), 100% equity / 30% domestic",0.057830099133661314,False,1.347512676911126,1.3789222169828037,0.0,0.0,2.2405344627106594
1.0,0.3,amortisation,amortisation (5% assumed return),,False,0.05,True,"amortisation (5% assumed return), 100% equity / 30% domestic",0.06505143508027657,False,1.3460931511012504,1.3909404198839017,0.0,0.0,2.1748747384124547
1.0,0.3,amortisation,amortisation (6% assumed return),,False,0.06,True,"amortisation (6% assumed return), 100% equity / 30% domestic",0.07264891149004721,False,1.3348849738042938,1.3933438808683745,0.0,0.0,2.113951998795241
1.0,0.3,amortisation,amortisation (7% assumed return),,False,0.07,True,"amortisation (7% assumed return), 100% equity / 30% domestic",0.08058640351111118,False,1.3146027998747805,1.3861622431744387,0.0,0.0,2.057824818210401
1.0,0.3,amortisation,amortisation (8% assumed return),,False,0.08,True,"amortisation (8% assumed return), 100% equity / 30% domestic",0.08882743338727227,False,1.286542601819645,1.3700289476898084,0.0,0.0,2.006443979433082
1.0,0.3,amortisation,amortisation (10% assumed return),,False,0.1,True,"amortisation (10% assumed return), 100% equity / 30% domestic",0.1060792482526339,False,1.2140818034924101,1.3159348322656845,0.0,0.0,1.9172964413380345
1.0,0.3,amortisation,amortisation (12% assumed return),,False,0.12,True,"amortisation (12% assumed return), 100% equity / 30% domestic",0.12414365755194319,False,1.1320052665313338,1.243657679725023,0.0,0.0,1.844675281686058
1.0,0.5,constant_real,constant_real,0.03,True,,False,"constant_real @ 3.0%, 100% equity / 50% domestic",0.03,False,0.9915755867179145,1.0042310215745178,0.03916,0.018982468563383197,1.427662953792947
1.0,0.5,constant_real,constant_real,0.035,True,,False,"constant_real @ 3.5%, 100% equity / 50% domestic",0.035,False,1.0285992017955468,1.0482882857726044,0.06976,0.034500913051032096,1.484222141922587
1.0,0.5,constant_real,constant_real,0.04,True,,False,"constant_real @ 4.0%, 100% equity / 50% domestic",0.04,False,1.0485341619647455,1.0797676895709578,0.11568,0.05862157939887176,1.5371668028605694
1.0,0.5,constant_real,constant_real,0.045,True,,False,"constant_real @ 4.5%, 100% equity / 50% domestic",0.045,False,1.0495408915311648,1.0952617785907408,0.16924,0.08936693458702534,1.5855173019818052
1.0,0.5,constant_real,constant_real,0.05,True,,False,"constant_real @ 5.0%, 100% equity / 50% domestic",0.05,False,1.0334444434470673,1.0936322778140988,0.2362,0.12859819240319617,1.6279380509173091
1.0,0.5,constant_real,constant_real,0.06,True,,False,"constant_real @ 6.0%, 100% equity / 50% domestic",0.06,False,0.9718894846730795,1.0500847967470714,0.37892,0.22275616784701452,1.6926300781131358
1.0,0.5,constant_real,constant_real,0.07,True,,False,"constant_real @ 7.0%, 100% equity / 50% domestic",0.07,False,0.9027291293866817,0.983840968573662,0.52712,0.3300269230334683,1.7314725040705645
1.0,0.5,constant_real,constant_real,0.08,True,,False,"constant_real @ 8.0%, 100% equity / 50% domestic",0.08,False,0.8427785868044321,0.9184357248581654,0.66352,0.4404422684297995,1.7445268439406894
1.0,0.5,constant_real,constant_real,0.09,True,,False,"constant_real @ 9.0%, 100% equity / 50% domestic",0.09,False,0.7955278493922047,0.8633169336884553,0.7726,0.5430272513397593,1.7376947547549628
1.0,0.5,constant_real,constant_real,0.1,True,,False,"constant_real @ 10.0%, 100% equity / 50% domestic",0.1,False,0.7593704925031277,0.8195239853972883,0.85368,0.6317068724457359,1.7182830996319358
1.0,0.5,constant_real,constant_real,0.12,True,,False,"constant_real @ 12.0%, 100% equity / 50% domestic",0.12,False,0.7106213976108336,0.7579664306825805,0.948,0.7612676276213859,1.6695692310059367
1.0,0.5,constant_percent,constant_percent,0.03,True,,False,"constant_percent @ 3.0%, 100% equity / 50% domestic",0.03,False,1.0660733183732192,1.0625972881174728,0.0,0.0,1.761246959714728
1.0,0.5,constant_percent,constant_percent,0.035,True,,False,"constant_percent @ 3.5%, 100% equity / 50% domestic",0.035,False,1.1026709265617087,1.1028653843021203,0.0,0.0,1.8079390046186372
1.0,0.5,constant_percent,constant_percent,0.04,True,,False,"constant_percent @ 4.0%, 100% equity / 50% domestic",0.04,False,1.1328949138633226,1.137403806805523,0.0,0.0,1.842733488563446
1.0,0.5,constant_percent,constant_percent,0.045,True,,False,"constant_percent @ 4.5%, 100% equity / 50% domestic",0.045,False,1.1573222189382004,1.1667020943374042,0.0,0.0,1.8676572686921291
1.0,0.5,constant_percent,constant_percent,0.05,True,,False,"constant_percent @ 5.0%, 100% equity / 50% domestic",0.05,False,1.17643231343204,1.1911477716741552,0.0,0.0,1.8844355186027453
1.0,0.5,constant_percent,constant_percent,0.06,True,,False,"constant_percent @ 6.0%, 100% equity / 50% domestic",0.06,False,1.2003807111514815,1.2267640383341505,0.0,0.0,1.8991914673762762
1.0,0.5,constant_percent,constant_percent,0.07,True,,False,"constant_percent @ 7.0%, 100% equity / 50% domestic",0.07,False,1.2079052259467178,1.2465866347573937,0.0,0.0,1.8962175052625747
1.0,0.5,constant_percent,constant_percent,0.08,True,,False,"constant_percent @ 8.0%, 100% equity / 50% domestic",0.08,False,1.2020315496597187,1.2528177545948171,0.0,0.0,1.8820553079561324
1.0,0.5,constant_percent,constant_percent,0.09,True,,False,"constant_percent @ 9.0%, 100% equity / 50% domestic",0.09,False,1.1856890415618258,1.2476733660233552,0.0,0.0,1.8612851047971368
1.0,0.5,constant_percent,constant_percent,0.1,True,,False,"constant_percent @ 10.0%, 100% equity / 50% domestic",0.1,False,1.1616255010485073,1.23337539684046,0.0,0.0,1.8370595040241466
1.0,0.5,constant_percent,constant_percent,0.12,True,,False,"constant_percent @ 12.0%, 100% equity / 50% domestic",0.12,False,1.0998170967862961,1.1857687461570583,0.0,0.0,1.785996322811447
1.0,0.5,guyton_klinger,guyton_klinger,0.03,True,,False,"guyton_klinger @ 3.0%, 100% equity / 50% domestic",0.03,False,1.0163884280617306,1.0145654998224172,0.0,0.0,1.623843321405337
1.0,0.5,guyton_klinger,guyton_klinger,0.035,True,,False,"guyton_klinger @ 3.5%, 100% equity / 50% domestic",0.035,False,1.0556829967930248,1.0564356054409625,0.0,0.0,1.682611995574939
1.0,0.5,guyton_klinger,guyton_klinger,0.04,True,,False,"guyton_klinger @ 4.0%, 100% equity / 50% domestic",0.04,False,1.0899604803086196,1.0938127840135834,8e-05,1.95365473729457e-05,1.7331075226379684
1.0,0.5,guyton_klinger,guyton_klinger,0.045,True,,False,"guyton_klinger @ 4.5%, 100% equity / 50% domestic",0.045,False,1.119738610696717,1.1272035323524576,0.00024,7.230188512364277e-05,1.7750879044683094
1.0,0.5,guyton_klinger,guyton_klinger,0.05,True,,False,"guyton_klinger @ 5.0%, 100% equity / 50% domestic",0.05,False,1.1449008976567632,1.1563851511009726,0.001,0.0002915415821422295,1.8100665042293835
1.0,0.5,guyton_klinger,guyton_klinger,0.06,True,,False,"guyton_klinger @ 6.0%, 100% equity / 50% domestic",0.06,False,1.1817031153995403,1.2032034910578082,0.0084,0.0026117617640172143,1.8599034005832826
1.0,0.5,guyton_klinger,guyton_klinger,0.07,True,,False,"guyton_klinger @ 7.0%, 100% equity / 50% domestic",0.07,False,1.1951115507642622,1.2318379172587164,0.03956,0.01270648466708642,1.88772252631134
1.0,0.5,guyton_klinger,guyton_klinger,0.08,True,,False,"guyton_klinger @ 8.0%, 100% equity / 50% domestic",0.08,False,1.1711384376749747,1.233528077041134,0.1358,0.0456906766161299,1.8958188181336333
1.0,0.5,guyton_klinger,guyton_klinger,0.09,True,,False,"guyton_klinger @ 9.0%, 100% equity / 50% domestic",0.09,False,1.1062957315408126,1.1996439704569366,0.31244,0.11411604510955425,1.8833533638493054
1.0,0.5,guyton_klinger,guyton_klinger,0.1,True,,False,"guyton_klinger @ 10.0%, 100% equity / 50% domestic",0.1,False,1.0232501536857623,1.135035273863175,0.51108,0.20919208304359632,1.8532732638229064
1.0,0.5,guyton_klinger,guyton_klinger,0.12,True,,False,"guyton_klinger @ 12.0%, 100% equity / 50% domestic",0.12,False,0.8836913767606617,0.9898296904849776,0.82484,0.4207123230283551,1.7700950099602917
1.0,0.5,guyton_klinger,guyton_klinger (tight band),0.03,True,,False,"guyton_klinger (tight band) @ 3.0%, 100% equity / 50% domestic",0.03,False,1.0322247049031996,1.0293559561299244,0.0,0.0,1.6623729575829558
1.0,0.5,guyton_klinger,guyton_klinger (tight band),0.035,True,,False,"guyton_klinger (tight band) @ 3.5%, 100% equity / 50% domestic",0.035,False,1.0712611054051329,1.0710366189956488,0.0,0.0,1.7221953805954755
1.0,0.5,guyton_klinger,guyton_klinger (tight band),0.04,True,,False,"guyton_klinger (tight band) @ 4.0%, 100% equity / 50% domestic",0.04,False,1.1050713267298549,1.1079713241816005,0.0,0.0,1.772340542368804
1.0,0.5,guyton_klinger,guyton_klinger (tight band),0.045,True,,False,"guyton_klinger (tight band) @ 4.5%, 100% equity / 50% domestic",0.045,False,1.1339056518852157,1.1404139149585457,0.00028,8.347234773213617e-05,1.8136957915016696
1.0,0.5,guyton_klinger,guyton_klinger (tight band),0.05,True,,False,"guyton_klinger (tight band) @ 5.0%, 100% equity / 50% domestic",0.05,False,1.1581581962112821,1.1687817009320371,0.00128,0.00036265376474132354,1.8467629547164606
1.0,0.5,guyton_klinger,guyton_klinger (tight band),0.06,True,,False,"guyton_klinger (tight band) @ 6.0%, 100% equity / 50% domestic",0.06,False,1.192085700499727,1.2130722161364487,0.01028,0.0031537705389702887,1.8912620351406453
1.0,0.5,guyton_klinger,guyton_klinger (tight band),0.07,True,,False,"guyton_klinger (tight band) @ 7.0%, 100% equity / 50% domestic",0.07,False,1.2025350998209177,1.2387795213923862,0.041,0.013138768490105361,1.9126202573599493
1.0,0.5,guyton_klinger,guyton_klinger (tight band),0.08,True,,False,"guyton_klinger (tight band) @ 8.0%, 100% equity / 50% domestic",0.08,False,1.1803276965669394,1.2407853934753887,0.13216,0.043599237070979215,1.9138292354777982
1.0,0.5,guyton_klinger,guyton_klinger (tight band),0.09,True,,False,"guyton_klinger (tight band) @ 9.0%, 100% equity / 50% domestic",0.09,False,1.120832863560676,1.2111279088416926,0.29592,0.10475223805010307,1.8953353938988606
1.0,0.5,guyton_klinger,guyton_klinger (tight band),0.1,True,,False,"guyton_klinger (tight band) @ 10.0%, 100% equity / 50% domestic",0.1,False,1.0405683187110613,1.1518984689064151,0.50524,0.1964944274847593,1.8617546710687214
1.0,0.5,guyton_klinger,guyton_klinger (tight band),0.12,True,,False,"guyton_klinger (tight band) @ 12.0%, 100% equity / 50% domestic",0.12,False,0.9001601235846955,1.0092695791373703,0.82376,0.3978362207470328,1.777265869094049
1.0,0.5,guyton_klinger,guyton_klinger (no inflation rule),0.03,True,,False,"guyton_klinger (no inflation rule) @ 3.0%, 100% equity / 50% domestic",0.03,False,1.0604263447007194,1.0540285920006314,0.0062,0.0025513482356928005,1.67702636411285
1.0,0.5,guyton_klinger,guyton_klinger (no inflation rule),0.035,True,,False,"guyton_klinger (no inflation rule) @ 3.5%, 100% equity / 50% domestic",0.035,False,1.102409554556052,1.0994793020749085,0.01216,0.005007658952652298,1.7371391091347168
1.0,0.5,guyton_klinger,guyton_klinger (no inflation rule),0.04,True,,False,"guyton_klinger (no inflation rule) @ 4.0%, 100% equity / 50% domestic",0.04,False,1.1368963139942085,1.1389075894840792,0.02204,0.008883562742348137,1.7882577323537088
1.0,0.5,guyton_klinger,guyton_klinger (no inflation rule),0.045,True,,False,"guyton_klinger (no inflation rule) @ 4.5%, 100% equity / 50% domestic",0.045,False,1.1625565453612448,1.1718055404527683,0.038,0.014984646385597203,1.8297141008706341
1.0,0.5,guyton_klinger,guyton_klinger (no inflation rule),0.05,True,,False,"guyton_klinger (no inflation rule) @ 5.0%, 100% equity / 50% domestic",0.05,False,1.1769972791287695,1.197029894277298,0.06604,0.0257015266928958,1.8633233170964092
1.0,0.5,guyton_klinger,guyton_klinger (no inflation rule),0.06,True,,False,"guyton_klinger (no inflation rule) @ 6.0%, 100% equity / 50% domestic",0.06,False,1.168355626095519,1.21846246796183,0.1494,0.060412723830640426,1.9065761681513869
1.0,0.5,guyton_klinger,guyton_klinger (no inflation rule),0.07,True,,False,"guyton_klinger (no inflation rule) @ 7.0%, 100% equity / 50% domestic",0.07,False,1.1188494164755904,1.1996352135729367,0.27624,0.11658292194963858,1.9221861059548568
1.0,0.5,guyton_klinger,guyton_klinger (no inflation rule),0.08,True,,False,"guyton_klinger (no inflation rule) @ 8.0%, 100% equity / 50% domestic",0.08,False,1.0440419915023755,1.1462217959331744,0.45092,0.1993402650743603,1.9125416568434075
1.0,0.5,guyton_klinger,guyton_klinger (no inflation rule),0.09,True,,False,"guyton_klinger (no inflation rule) @ 9.0%, 100% equity / 50% domestic",0.09,False,0.9655079607044973,1.0743530267317223,0.64416,0.30377906835160656,1.8795329111666128
1.0,0.5,guyton_klinger,guyton_klinger (no inflation rule),0.1,True,,False,"guyton_klinger (no inflation rule) @ 10.0%, 100% equity / 50% domestic",0.1,False,0.8984546498399757,1.0025417843731619,0.79176,0.4079896073194883,1.8340288361232755
1.0,0.5,guyton_klinger,guyton_klinger (no inflation rule),0.12,True,,False,"guyton_klinger (no inflation rule) @ 12.0%, 100% equity / 50% domestic",0.12,False,0.80138660997402,0.8843598540436308,0.95624,0.5907410272112724,1.7400693251960424
1.0,0.5,vanguard_dynamic,vanguard_dynamic,0.03,True,,False,"vanguard_dynamic @ 3.0%, 100% equity / 50% domestic",0.03,False,1.0613445762555802,1.060478017853355,0.01764,0.008935703100080709,1.5938635096726517
1.0,0.5,vanguard_dynamic,vanguard_dynamic,0.035,True,,False,"vanguard_dynamic @ 3.5%, 100% equity / 50% domestic",0.035,False,1.100490159600736,1.106260300847853,0.03376,0.016774181712429215,1.6568808017849215
1.0,0.5,vanguard_dynamic,vanguard_dynamic,0.04,True,,False,"vanguard_dynamic @ 4.0%, 100% equity / 50% domestic",0.04,False,1.124675684859586,1.1412161889119354,0.05836,0.029489392799759068,1.7115339507297613
1.0,0.5,vanguard_dynamic,vanguard_dynamic,0.045,True,,False,"vanguard_dynamic @ 4.5%, 100% equity / 50% domestic",0.045,False,1.1307370385741864,1.1620276331730086,0.09592,0.04871457033486822,1.7575531055358302
1.0,0.5,vanguard_dynamic,vanguard_dynamic,0.05,True,,False,"vanguard_dynamic @ 5.0%, 100% equity / 50% domestic",0.05,False,1.1189148114034393,1.1670019599697317,0.14476,0.07503459253562038,1.7949754450845885
1.0,0.5,vanguard_dynamic,vanguard_dynamic,0.06,True,,False,"vanguard_dynamic @ 6.0%, 100% equity / 50% domestic",0.06,False,1.0538604463091277,1.1308786716367096,0.27512,0.1497451623879025,1.8440007067427318
1.0,0.5,vanguard_dynamic,vanguard_dynamic,0.07,True,,False,"vanguard_dynamic @ 7.0%, 100% equity / 50% domestic",0.07,False,0.9672895868837286,1.055640058678222,0.44044,0.25331218283316537,1.8592302346303524
1.0,0.5,vanguard_dynamic,vanguard_dynamic,0.08,True,,False,"vanguard_dynamic @ 8.0%, 100% equity / 50% domestic",0.08,False,0.8898523513349008,0.9759310034463552,0.61776,0.37296870185787934,1.845826249103135
1.0,0.5,vanguard_dynamic,vanguard_dynamic,0.09,True,,False,"vanguard_dynamic @ 9.0%, 100% equity / 50% domestic",0.09,False,0.8273350125598822,0.9060192240825136,0.77732,0.49717033984494235,1.8116838288903674
1.0,0.5,vanguard_dynamic,vanguard_dynamic,0.1,True,,False,"vanguard_dynamic @ 10.0%, 100% equity / 50% domestic",0.1,False,0.780261557475642,0.8500723992554217,0.8876,0.6073168616010202,1.7675459220287995
1.0,0.5,vanguard_dynamic,vanguard_dynamic,0.12,True,,False,"vanguard_dynamic @ 12.0%, 100% equity / 50% domestic",0.12,False,0.7201281453888739,0.7736549556999089,0.98276,0.7595666558326805,1.6838731293349303
1.0,0.5,vanguard_dynamic,vanguard_dynamic (asymmetric),0.03,True,,False,"vanguard_dynamic (asymmetric) @ 3.0%, 100% equity / 50% domestic",0.03,False,1.0143362981970916,1.0187032311374389,0.0062,0.0035017586371187074,1.4817458883350443
1.0,0.5,vanguard_dynamic,vanguard_dynamic (asymmetric),0.035,True,,False,"vanguard_dynamic (asymmetric) @ 3.5%, 100% equity / 50% domestic",0.035,False,1.0573512437665407,1.0650020975984131,0.0102,0.005747457163906325,1.5386157593641767
1.0,0.5,vanguard_dynamic,vanguard_dynamic (asymmetric),0.04,True,,False,"vanguard_dynamic (asymmetric) @ 4.0%, 100% equity / 50% domestic",0.04,False,1.0929362118523023,1.1054710379998074,0.01804,0.009768115281687244,1.5909661822622643
1.0,0.5,vanguard_dynamic,vanguard_dynamic (asymmetric),0.045,True,,False,"vanguard_dynamic (asymmetric) @ 4.5%, 100% equity / 50% domestic",0.045,False,1.1192167373469106,1.1387852529944287,0.03156,0.01677306092447229,1.6385051643526647
1.0,0.5,vanguard_dynamic,vanguard_dynamic (asymmetric),0.05,True,,False,"vanguard_dynamic (asymmetric) @ 5.0%, 100% equity / 50% domestic",0.05,False,1.1335315984935108,1.1627625820913248,0.05184,0.027653418744123182,1.68056213009805
1.0,0.5,vanguard_dynamic,vanguard_dynamic (asymmetric),0.06,True,,False,"vanguard_dynamic (asymmetric) @ 6.0%, 100% equity / 50% domestic",0.06,False,1.122955496189961,1.1761699472425136,0.11668,0.06328163894485811,1.7470420670477997
1.0,0.5,vanguard_dynamic,vanguard_dynamic (asymmetric),0.07,True,,False,"vanguard_dynamic (asymmetric) @ 7.0%, 100% equity / 50% domestic",0.07,False,1.0675195429044109,1.1425873821397246,0.2178,0.12248561466008615,1.7889345768555063
1.0,0.5,vanguard_dynamic,vanguard_dynamic (asymmetric),0.08,True,,False,"vanguard_dynamic (asymmetric) @ 8.0%, 100% equity / 50% domestic",0.08,False,0.9907168281387464,1.075501660819143,0.35304,0.20717816682443174,1.80682959785514
1.0,0.5,vanguard_dynamic,vanguard_dynamic (asymmetric),0.09,True,,False,"vanguard_dynamic (asymmetric) @ 9.0%, 100% equity / 50% domestic",0.09,False,0.9161552491970115,1.0002542157753596,0.50404,0.3091238981944438,1.803546972787395
1.0,0.5,vanguard_dynamic,vanguard_dynamic (asymmetric),0.1,True,,False,"vanguard_dynamic (asymmetric) @ 10.0%, 100% equity / 50% domestic",0.1,False,0.8517242624947851,0.9300263797326447,0.66688,0.42527791429031275,1.783181766531496
1.0,0.5,vanguard_dynamic,vanguard_dynamic (asymmetric),0.12,True,,False,"vanguard_dynamic (asymmetric) @ 12.0%, 100% equity / 50% domestic",0.12,False,0.7605213670567772,0.8234914546241151,0.90248,0.6429034513084885,1.7152805576972598
1.0,0.5,endowment,endowment,0.03,True,,False,"endowment @ 3.0%, 100% equity / 50% domestic",0.03,False,1.0649740466396964,1.0619818076217358,0.0,0.0,1.7268818070932543
1.0,0.5,endowment,endowment,0.035,True,,False,"endowment @ 3.5%, 100% equity / 50% domestic",0.035,False,1.1039682922146823,1.1051959236913014,8e-05,3.1958559530685905e-05,1.7786171138931814
1.0,0.5,endowment,endowment,0.04,True,,False,"endowment @ 4.0%, 100% equity / 50% domestic",0.04,False,1.135998161578197,1.142410850866178,0.00016,6.22191331558884e-05,1.8187317978479396
1.0,0.5,endowment,endowment,0.045,True,,False,"endowment @ 4.5%, 100% equity / 50% domestic",0.045,False,1.1612941129558094,1.1738084726420064,0.00016,8.035724119632611e-05,1.848728865123534
1.0,0.5,endowment,endowment,0.05,True,,False,"endowment @ 5.0%, 100% equity / 50% domestic",0.05,False,1.1800304680332712,1.199490244101288,0.00028,0.00014492655473003402,1.8699628850542447
1.0,0.5,endowment,endowment,0.06,True,,False,"endowment @ 6.0%, 100% equity / 50% domestic",0.06,False,1.1982018023574523,1.2336036056596205,0.0016,0.0009742395593549282,1.8908864980820725
1.0,0.5,endowment,endowment,0.07,True,,False,"endowment @ 7.0%, 100% equity / 50% domestic",0.07,False,1.191817390836851,1.244519252077351,0.00476,0.002866033943652517,1.8898122356219211
1.0,0.5,endowment,endowment,0.08,True,,False,"endowment @ 8.0%, 100% equity / 50% domestic",0.08,False,1.1637880984977098,1.2331747783094849,0.01204,0.006738809218048874,1.8733632968646567
1.0,0.5,endowment,endowment,0.09,True,,False,"endowment @ 9.0%, 100% equity / 50% domestic",0.09,False,1.1175705294772929,1.2007517844697417,0.03176,0.017790139074720705,1.8467246349460489
1.0,0.5,endowment,endowment,0.1,True,,False,"endowment @ 10.0%, 100% equity / 50% domestic",0.1,False,1.0584860433652465,1.151265014455011,0.07884,0.04210446622635584,1.8139520948782377
1.0,0.5,endowment,endowment,0.12,True,,False,"endowment @ 12.0%, 100% equity / 50% domestic",0.12,False,0.9228494577571593,1.0181082339875722,0.34448,0.18825172827209521,1.7417529073159868
1.0,0.5,endowment,endowment (light smoothing),0.03,True,,False,"endowment (light smoothing) @ 3.0%, 100% equity / 50% domestic",0.03,False,1.0667241957428462,1.0633330704021475,0.0,0.0,1.755055357266361
1.0,0.5,endowment,endowment (light smoothing),0.035,True,,False,"endowment (light smoothing) @ 3.5%, 100% equity / 50% domestic",0.035,False,1.1039006683792782,1.1043058112176223,0.0,0.0,1.8027944474292712
1.0,0.5,endowment,endowment (light smoothing),0.04,True,,False,"endowment (light smoothing) @ 4.0%, 100% equity / 50% domestic",0.04,False,1.1345695148415242,1.1394668849411524,0.0,0.0,1.8386222183454624
1.0,0.5,endowment,endowment (light smoothing),0.045,True,,False,"endowment (light smoothing) @ 4.5%, 100% equity / 50% domestic",0.045,False,1.159260389729308,1.1692580588608221,0.0,0.0,1.8644715649403463
1.0,0.5,endowment,endowment (light smoothing),0.05,True,,False,"endowment (light smoothing) @ 5.0%, 100% equity / 50% domestic",0.05,False,1.1784150059188647,1.1940247849585144,0.0,0.0,1.8820085277015233
1.0,0.5,endowment,endowment (light smoothing),0.06,True,,False,"endowment (light smoothing) @ 6.0%, 100% equity / 50% domestic",0.06,False,1.2016958618618097,1.229631799150238,0.0,0.0,1.8976705112513286
1.0,0.5,endowment,endowment (light smoothing),0.07,True,,False,"endowment (light smoothing) @ 7.0%, 100% equity / 50% domestic",0.07,False,1.2074861402300594,1.2484270711905612,0.0,0.0,1.894768828050153
1.0,0.5,endowment,endowment (light smoothing),0.08,True,,False,"endowment (light smoothing) @ 8.0%, 100% equity / 50% domestic",0.08,False,1.198883492019159,1.252553294336054,0.0,0.0,1.8799577442816449
1.0,0.5,endowment,endowment (light smoothing),0.09,True,,False,"endowment (light smoothing) @ 9.0%, 100% equity / 50% domestic",0.09,False,1.1790152953227508,1.2443021903802953,0.0,0.0,1.8579997839937556
1.0,0.5,endowment,endowment (light smoothing),0.1,True,,False,"endowment (light smoothing) @ 10.0%, 100% equity / 50% domestic",0.1,False,1.1508979105972572,1.2260813489612947,0.0,0.0,1.8322417933432062
1.0,0.5,endowment,endowment (light smoothing),0.12,True,,False,"endowment (light smoothing) @ 12.0%, 100% equity / 50% domestic",0.12,False,1.0805104457229313,1.1692151956302208,0.0,0.0,1.7777475107204035
1.0,0.5,life_expectancy,life_expectancy,,False,,False,"life_expectancy, 100% equity / 50% domestic",0.03333333333333333,False,1.1940376622936082,1.1850274736533157,0.0,0.0,2.420930305205994
1.0,0.5,life_expectancy,life_expectancy (+5y buffer),,False,,False,"life_expectancy (+5y buffer), 100% equity / 50% domestic",0.02857142857142857,False,1.149673474436139,1.1277102229335307,0.0,0.0,2.2273868647229813
1.0,0.5,gompertz,gompertz,,False,,False,"gompertz, 100% equity / 50% domestic",0.04598575701368062,True,1.258012579067463,1.2689800838002927,0.0,0.0,2.107229670070125
1.0,0.5,gompertz,gompertz (+5y buffer),,False,,False,"gompertz (+5y buffer), 100% equity / 50% domestic",0.03738895907792182,True,1.203774187561545,1.1974062208539724,0.0,0.0,2.0823712668154064
1.0,0.5,amortisation,amortisation (0% assumed return),,False,0.0,True,"amortisation (0% assumed return), 100% equity / 50% domestic",0.03333333333333333,False,1.1940376622936082,1.1850274736533157,0.0,0.0,2.420930305205994
1.0,0.5,amortisation,amortisation (1% assumed return),,False,0.01,True,"amortisation (1% assumed return), 100% equity / 50% domestic",0.03874811321584711,False,1.2205628554426564,1.2190984949779942,0.0,0.0,2.3476570373619956
1.0,0.5,amortisation,amortisation (2% assumed return),,False,0.02,True,"amortisation (2% assumed return), 100% equity / 50% domestic",0.04464992229340293,False,1.2409577025763294,1.2484387077626433,0.0,0.0,2.277250558295518
1.0,0.5,amortisation,amortisation (3% assumed return),,False,0.03,True,"amortisation (3% assumed return), 100% equity / 50% domestic",0.05101925932025255,False,1.2542045661148646,1.2718841455849141,0.0,0.0,2.2102284277829107
1.0,0.5,amortisation,amortisation (4% assumed return),,False,0.04,True,"amortisation (4% assumed return), 100% equity / 50% domestic",0.057830099133661314,False,1.2596223656672316,1.288468207303073,0.0,0.0,2.1469953340958967
1.0,0.5,amortisation,amortisation (5% assumed return),,False,0.05,True,"amortisation (5% assumed return), 100% equity / 50% domestic",0.06505143508027657,False,1.2569638710360995,1.2975274636140817,0.0,0.0,2.087836318293855
1.0,0.5,amortisation,amortisation (6% assumed return),,False,0.06,True,"amortisation (6% assumed return), 100% equity / 50% domestic",0.07264891149004721,False,1.2464640052263984,1.2987868532402114,0.0,0.0,2.0329180666537527
1.0,0.5,amortisation,amortisation (7% assumed return),,False,0.07,True,"amortisation (7% assumed return), 100% equity / 50% domestic",0.08058640351111118,False,1.2288217375193253,1.292403218067244,0.0,0.0,1.9822970267944526
1.0,0.5,amortisation,amortisation (8% assumed return),,False,0.08,True,"amortisation (8% assumed return), 100% equity / 50% domestic",0.08882743338727227,False,1.2051148133252072,1.2789526773849118,0.0,0.0,1.9359325866449875
1.0,0.5,amortisation,amortisation (10% assumed return),,False,0.1,True,"amortisation (10% assumed return), 100% equity / 50% domestic",0.1060792482526339,False,1.1448903728702937,1.2347913908242985,0.0,0.0,1.855424852329701
1.0,0.5,amortisation,amortisation (12% assumed return),,False,0.12,True,"amortisation (12% assumed return), 100% equity / 50% domestic",0.12414365755194319,False,1.0766979364396365,1.175790117080215,0.0,0.0,1.7897685438655704
