replicate,system,rule,challenger,incumbent,gap_pct,leader,best_strategy,best_cec,distinct_markets,draw
0,age_pension_matched,fixed_real_rule,0.46447982526242,0.5094900328234916,-8.834364690440378,target_date_fund,target_date_fund,0.5094900328234916,10,"CHE,CHE,DEU,DEU,DNK,DNK,ESP,GBR,GBR,GBR,ITA,JPN,NLD,PRT,SWE,SWE"
0,age_pension_matched,amortisation at 6%,1.105780549265731,0.9187012404361605,20.363454471962307,balanced_all_equity,international_equity,1.1708290539189,10,"CHE,CHE,DEU,DEU,DNK,DNK,ESP,GBR,GBR,GBR,ITA,JPN,NLD,PRT,SWE,SWE"
0,australia_as_legislated,fixed_real_rule,0.7358703349782341,0.7259045658626071,1.3728759377321875,balanced_all_equity,balanced_all_equity,0.7358703349782341,10,"CHE,CHE,DEU,DEU,DNK,DNK,ESP,GBR,GBR,GBR,ITA,JPN,NLD,PRT,SWE,SWE"
0,australia_as_legislated,amortisation at 6%,1.4570427862340074,1.1759393391970705,23.904587393842426,balanced_all_equity,international_equity,1.5443668900847791,10,"CHE,CHE,DEU,DEU,DNK,DNK,ESP,GBR,GBR,GBR,ITA,JPN,NLD,PRT,SWE,SWE"
0,us_social_security,fixed_real_rule,1.1094613802707487,0.9981295571833741,11.15404531266886,balanced_all_equity,international_equity,1.1612737767363897,10,"CHE,CHE,DEU,DEU,DNK,DNK,ESP,GBR,GBR,GBR,ITA,JPN,NLD,PRT,SWE,SWE"
0,us_social_security,amortisation at 6%,1.3400247658892086,1.1048836613936255,21.28197861112291,balanced_all_equity,international_equity,1.4280996466378921,10,"CHE,CHE,DEU,DEU,DNK,DNK,ESP,GBR,GBR,GBR,ITA,JPN,NLD,PRT,SWE,SWE"
1,age_pension_matched,fixed_real_rule,0.4248232060002914,0.4703484049757699,-9.67903760146136,target_date_fund,target_date_fund,0.4703484049757699,11,"AUS,ESP,ESP,FIN,FIN,GBR,GBR,ITA,JPN,NLD,NLD,NOR,PRT,SWE,USA,USA"
1,age_pension_matched,amortisation at 6%,1.03447215161511,0.8632503139258212,19.834552612048274,balanced_all_equity,international_equity,1.0658482969613945,11,"AUS,ESP,ESP,FIN,FIN,GBR,GBR,ITA,JPN,NLD,NLD,NOR,PRT,SWE,USA,USA"
1,australia_as_legislated,fixed_real_rule,0.6591387739508142,0.6324322695524967,4.222824432601269,balanced_all_equity,balanced_all_equity,0.6591387739508142,11,"AUS,ESP,ESP,FIN,FIN,GBR,GBR,ITA,JPN,NLD,NLD,NOR,PRT,SWE,USA,USA"
1,australia_as_legislated,amortisation at 6%,1.3443747551684355,1.081307649972595,24.328608532687966,balanced_all_equity,international_equity,1.3976695053250692,11,"AUS,ESP,ESP,FIN,FIN,GBR,GBR,ITA,JPN,NLD,NLD,NOR,PRT,SWE,USA,USA"
1,us_social_security,fixed_real_rule,1.0447744623630026,0.9374873952102979,11.44410769689741,balanced_all_equity,international_equity,1.066828402860938,11,"AUS,ESP,ESP,FIN,FIN,GBR,GBR,ITA,JPN,NLD,NLD,NOR,PRT,SWE,USA,USA"
1,us_social_security,amortisation at 6%,1.2485334008014233,1.033214041673337,20.83976315104725,balanced_all_equity,international_equity,1.2884880115412058,11,"AUS,ESP,ESP,FIN,FIN,GBR,GBR,ITA,JPN,NLD,NLD,NOR,PRT,SWE,USA,USA"
2,age_pension_matched,fixed_real_rule,0.40676180688340186,0.4539680340806106,-10.39857955920006,target_date_fund,target_date_fund,0.4539680340806106,11,"AUS,BEL,BEL,CHE,DEU,DEU,DNK,ESP,FIN,FIN,FIN,FRA,FRA,GBR,PRT,SWE"
2,age_pension_matched,amortisation at 6%,1.0025743270258634,0.8368635931105151,19.801403153341003,balanced_all_equity,international_equity,1.1245577883205244,11,"AUS,BEL,BEL,CHE,DEU,DEU,DNK,ESP,FIN,FIN,FIN,FRA,FRA,GBR,PRT,SWE"
2,australia_as_legislated,fixed_real_rule,0.6374893572328314,0.6120165944716508,4.162103281394036,balanced_all_equity,international_equity,0.6712819046223434,11,"AUS,BEL,BEL,CHE,DEU,DEU,DNK,ESP,FIN,FIN,FIN,FRA,FRA,GBR,PRT,SWE"
2,australia_as_legislated,amortisation at 6%,1.2833055670438207,1.0220149665527678,25.56622055862645,balanced_all_equity,international_equity,1.4894714082521803,11,"AUS,BEL,BEL,CHE,DEU,DEU,DNK,ESP,FIN,FIN,FIN,FRA,FRA,GBR,PRT,SWE"
2,us_social_security,fixed_real_rule,1.0184038589271829,0.9130292369250551,11.541210044599847,balanced_all_equity,international_equity,1.1125192560761787,11,"AUS,BEL,BEL,CHE,DEU,DEU,DNK,ESP,FIN,FIN,FIN,FRA,FRA,GBR,PRT,SWE"
2,us_social_security,amortisation at 6%,1.20377149440568,1.0026746457869629,20.05604205349021,balanced_all_equity,international_equity,1.3655933093356496,11,"AUS,BEL,BEL,CHE,DEU,DEU,DNK,ESP,FIN,FIN,FIN,FRA,FRA,GBR,PRT,SWE"
3,age_pension_matched,fixed_real_rule,0.4004518595336931,0.4901439475820703,-18.299132018427922,target_date_fund,target_date_fund,0.4901439475820703,10,"AUS,AUS,BEL,BEL,CHE,DEU,ESP,FIN,ITA,ITA,JPN,JPN,NOR,NOR,USA,USA"
3,age_pension_matched,amortisation at 6%,1.116573341322094,0.9156701791393769,21.940559686189907,balanced_all_equity,international_equity,1.154056596649703,10,"AUS,AUS,BEL,BEL,CHE,DEU,ESP,FIN,ITA,ITA,JPN,JPN,NOR,NOR,USA,USA"
3,australia_as_legislated,fixed_real_rule,0.6406307627847025,0.6794934018518329,-5.7193548842737085,target_date_fund,target_date_fund,0.6794934018518329,10,"AUS,AUS,BEL,BEL,CHE,DEU,ESP,FIN,ITA,ITA,JPN,JPN,NOR,NOR,USA,USA"
3,australia_as_legislated,amortisation at 6%,1.470037703361123,1.1640544696307968,26.285989334105196,balanced_all_equity,international_equity,1.4996889279176067,10,"AUS,AUS,BEL,BEL,CHE,DEU,ESP,FIN,ITA,ITA,JPN,JPN,NOR,NOR,USA,USA"
3,us_social_security,fixed_real_rule,1.105343266306721,0.983425148171062,12.397295143651554,balanced_all_equity,international_equity,1.1272682821369329,10,"AUS,AUS,BEL,BEL,CHE,DEU,ESP,FIN,ITA,ITA,JPN,JPN,NOR,NOR,USA,USA"
3,us_social_security,amortisation at 6%,1.3533048507708985,1.0979180338850114,23.261009383568833,balanced_all_equity,international_equity,1.3968499026466266,10,"AUS,AUS,BEL,BEL,CHE,DEU,ESP,FIN,ITA,ITA,JPN,JPN,NOR,NOR,USA,USA"
4,age_pension_matched,fixed_real_rule,0.4183965829273351,0.43974778070282405,-4.85532814773153,target_date_fund,target_date_fund,0.43974778070282405,11,"AUS,BEL,CHE,DNK,ESP,ESP,FIN,FIN,FIN,FIN,NLD,NOR,NOR,PRT,SWE,USA"
4,age_pension_matched,amortisation at 6%,1.0016869924563998,0.8486956747749212,18.026640435283547,balanced_all_equity,international_equity,1.0352215753465186,11,"AUS,BEL,CHE,DNK,ESP,ESP,FIN,FIN,FIN,FIN,NLD,NOR,NOR,PRT,SWE,USA"
4,australia_as_legislated,fixed_real_rule,0.6608790607653733,0.607490862302635,8.788313006120863,balanced_all_equity,international_equity,0.6647004389811425,11,"AUS,BEL,CHE,DNK,ESP,ESP,FIN,FIN,FIN,FIN,NLD,NOR,NOR,PRT,SWE,USA"
4,australia_as_legislated,amortisation at 6%,1.291027201269271,1.0548470953282163,22.38998495488742,balanced_all_equity,international_equity,1.3548771210567625,11,"AUS,BEL,CHE,DNK,ESP,ESP,FIN,FIN,FIN,FIN,NLD,NOR,NOR,PRT,SWE,USA"
4,us_social_security,fixed_real_rule,1.0169641006348717,0.9217755314521103,10.326653934153263,balanced_all_equity,international_equity,1.0451399586215029,11,"AUS,BEL,CHE,DNK,ESP,ESP,FIN,FIN,FIN,FIN,NLD,NOR,NOR,PRT,SWE,USA"
4,us_social_security,amortisation at 6%,1.205070327533136,1.0150190459477568,18.723912851105375,balanced_all_equity,international_equity,1.248672014982024,11,"AUS,BEL,CHE,DNK,ESP,ESP,FIN,FIN,FIN,FIN,NLD,NOR,NOR,PRT,SWE,USA"
5,age_pension_matched,fixed_real_rule,0.38084541376689834,0.4575588374889389,-16.76580527720547,target_date_fund,target_date_fund,0.4575588374889389,11,"BEL,BEL,CHE,DNK,ESP,FIN,FRA,FRA,FRA,GBR,GBR,ITA,ITA,NOR,PRT,SWE"
5,age_pension_matched,amortisation at 6%,0.8928291086594969,0.7766851370533053,14.953803808688114,balanced_all_equity,international_equity,0.9515014336316266,11,"BEL,BEL,CHE,DNK,ESP,FIN,FRA,FRA,FRA,GBR,GBR,ITA,ITA,NOR,PRT,SWE"
5,australia_as_legislated,fixed_real_rule,0.5479678405651759,0.5865574806162317,-6.579003989602839,target_date_fund,target_date_fund,0.5865574806162317,11,"BEL,BEL,CHE,DNK,ESP,FIN,FRA,FRA,FRA,GBR,GBR,ITA,ITA,NOR,PRT,SWE"
5,australia_as_legislated,amortisation at 6%,1.1148360372870412,0.9315405560025684,19.67659702021256,balanced_all_equity,international_equity,1.2040635660988523,11,"BEL,BEL,CHE,DNK,ESP,FIN,FRA,FRA,FRA,GBR,GBR,ITA,ITA,NOR,PRT,SWE"
5,us_social_security,fixed_real_rule,0.9281274297495644,0.8590058855347218,8.046690410254321,balanced_all_equity,international_equity,0.97441429262146,11,"BEL,BEL,CHE,DNK,ESP,FIN,FRA,FRA,FRA,GBR,GBR,ITA,ITA,NOR,PRT,SWE"
5,us_social_security,amortisation at 6%,1.0627107237779874,0.9258473194314928,14.782502630188986,balanced_all_equity,international_equity,1.1364082850203368,11,"BEL,BEL,CHE,DNK,ESP,FIN,FRA,FRA,FRA,GBR,GBR,ITA,ITA,NOR,PRT,SWE"
6,age_pension_matched,fixed_real_rule,0.3850288310340601,0.468899284881734,-17.886667041692704,target_date_fund,target_date_fund,0.468899284881734,9,"CHE,CHE,ESP,ESP,FIN,FRA,GBR,ITA,ITA,NOR,NOR,SWE,SWE,USA,USA,USA"
6,age_pension_matched,amortisation at 6%,0.9674592720894298,0.8330639177557752,16.132658187346284,balanced_all_equity,balanced_all_equity,0.9674592720894298,9,"CHE,CHE,ESP,ESP,FIN,FRA,GBR,ITA,ITA,NOR,NOR,SWE,SWE,USA,USA,USA"
6,australia_as_legislated,fixed_real_rule,0.588586126005426,0.6121370118436209,-3.847322638973394,target_date_fund,target_date_fund,0.6121370118436209,9,"CHE,CHE,ESP,ESP,FIN,FRA,GBR,ITA,ITA,NOR,NOR,SWE,SWE,USA,USA,USA"
6,australia_as_legislated,amortisation at 6%,1.2348685974475915,1.0270247048987373,20.237477400248814,balanced_all_equity,balanced_all_equity,1.2348685974475915,9,"CHE,CHE,ESP,ESP,FIN,FRA,GBR,ITA,ITA,NOR,NOR,SWE,SWE,USA,USA,USA"
6,us_social_security,fixed_real_rule,0.986232206932554,0.9108540961431304,8.275541726013035,balanced_all_equity,balanced_all_equity,0.986232206932554,9,"CHE,CHE,ESP,ESP,FIN,FRA,GBR,ITA,ITA,NOR,NOR,SWE,SWE,USA,USA,USA"
6,us_social_security,amortisation at 6%,1.1571082479532884,0.993505873447071,16.467177384526387,balanced_all_equity,balanced_all_equity,1.1571082479532884,9,"CHE,CHE,ESP,ESP,FIN,FRA,GBR,ITA,ITA,NOR,NOR,SWE,SWE,USA,USA,USA"
7,age_pension_matched,fixed_real_rule,0.426780168251789,0.48753144957218375,-12.460997413337116,target_date_fund,target_date_fund,0.48753144957218375,9,"BEL,DEU,ESP,FIN,FRA,JPN,NLD,NLD,NLD,NLD,NLD,SWE,SWE,SWE,SWE,USA"
7,age_pension_matched,amortisation at 6%,1.0737034918505897,0.9053227566964243,18.598973008101183,balanced_all_equity,international_equity,1.1218374588636622,9,"BEL,DEU,ESP,FIN,FRA,JPN,NLD,NLD,NLD,NLD,NLD,SWE,SWE,SWE,SWE,USA"
7,australia_as_legislated,fixed_real_rule,0.6755691340998057,0.6976418196165836,-3.163899424622907,target_date_fund,target_date_fund,0.6976418196165836,9,"BEL,DEU,ESP,FIN,FRA,JPN,NLD,NLD,NLD,NLD,NLD,SWE,SWE,SWE,SWE,USA"
7,australia_as_legislated,amortisation at 6%,1.3983284701565089,1.145754660608724,22.044318756128444,balanced_all_equity,international_equity,1.4630232992395142,9,"BEL,DEU,ESP,FIN,FRA,JPN,NLD,NLD,NLD,NLD,NLD,SWE,SWE,SWE,SWE,USA"
7,us_social_security,fixed_real_rule,1.0724880144549795,0.9791085405676825,9.537193275135358,balanced_all_equity,international_equity,1.1069385811411332,9,"BEL,DEU,ESP,FIN,FRA,JPN,NLD,NLD,NLD,NLD,NLD,SWE,SWE,SWE,SWE,USA"
7,us_social_security,amortisation at 6%,1.2912562031429438,1.081643881748874,19.37905117672876,balanced_all_equity,international_equity,1.3545804162143855,9,"BEL,DEU,ESP,FIN,FRA,JPN,NLD,NLD,NLD,NLD,NLD,SWE,SWE,SWE,SWE,USA"
8,age_pension_matched,fixed_real_rule,0.431433026690386,0.5008619714500263,-13.861891841905905,target_date_fund,target_date_fund,0.5008619714500263,9,"AUS,BEL,BEL,BEL,BEL,CHE,CHE,ESP,FRA,NLD,NOR,SWE,SWE,USA,USA,USA"
8,age_pension_matched,amortisation at 6%,0.9834637384358899,0.867219002453117,13.404311443124438,balanced_all_equity,international_equity,0.9974900930530852,9,"AUS,BEL,BEL,BEL,BEL,CHE,CHE,ESP,FRA,NLD,NOR,SWE,SWE,USA,USA,USA"
8,australia_as_legislated,fixed_real_rule,0.6671373348595179,0.6706157999380241,-0.5186971554842157,target_date_fund,international_equity,0.680211388996582,9,"AUS,BEL,BEL,BEL,BEL,CHE,CHE,ESP,FRA,NLD,NOR,SWE,SWE,USA,USA,USA"
8,australia_as_legislated,amortisation at 6%,1.2641587446672113,1.092126838681199,15.752007907227128,balanced_all_equity,international_equity,1.2961568433086676,9,"AUS,BEL,BEL,BEL,BEL,CHE,CHE,ESP,FRA,NLD,NOR,SWE,SWE,USA,USA,USA"
8,us_social_security,fixed_real_rule,1.0123705283016418,0.9501944606103927,6.543509804436032,balanced_all_equity,international_equity,1.0125952723350171,9,"AUS,BEL,BEL,BEL,BEL,CHE,CHE,ESP,FRA,NLD,NOR,SWE,SWE,USA,USA,USA"
8,us_social_security,amortisation at 6%,1.180128767748643,1.0353655551187597,13.981845534090453,balanced_all_equity,international_equity,1.1974921026691934,9,"AUS,BEL,BEL,BEL,BEL,CHE,CHE,ESP,FRA,NLD,NOR,SWE,SWE,USA,USA,USA"
9,age_pension_matched,fixed_real_rule,0.4536814479781143,0.48583430298792724,-6.618070155209255,target_date_fund,target_date_fund,0.48583430298792724,10,"AUS,AUS,BEL,BEL,DEU,DEU,DNK,DNK,ESP,ESP,FIN,GBR,ITA,JPN,NOR,NOR"
9,age_pension_matched,amortisation at 6%,1.1298657899764837,0.9182402281527626,23.046862393455726,balanced_all_equity,international_equity,1.2104461561615676,10,"AUS,AUS,BEL,BEL,DEU,DEU,DNK,DNK,ESP,ESP,FIN,GBR,ITA,JPN,NOR,NOR"
9,australia_as_legislated,fixed_real_rule,0.7486339276441392,0.6847775249961321,9.325131202045188,balanced_all_equity,balanced_all_equity,0.7486339276441392,10,"AUS,AUS,BEL,BEL,DEU,DEU,DNK,DNK,ESP,ESP,FIN,GBR,ITA,JPN,NOR,NOR"
9,australia_as_legislated,amortisation at 6%,1.4992149221832956,1.1746376698443708,27.63211675153654,balanced_all_equity,international_equity,1.5986166604360865,10,"AUS,AUS,BEL,BEL,DEU,DEU,DNK,DNK,ESP,ESP,FIN,GBR,ITA,JPN,NOR,NOR"
9,us_social_security,fixed_real_rule,1.1260104321710405,0.9866051696710282,14.12979242207857,balanced_all_equity,international_equity,1.1836733710954808,10,"AUS,AUS,BEL,BEL,DEU,DEU,DNK,DNK,ESP,ESP,FIN,GBR,ITA,JPN,NOR,NOR"
9,us_social_security,amortisation at 6%,1.3742929740614251,1.1041658046431342,24.464366518359615,balanced_all_equity,international_equity,1.4731569536828382,10,"AUS,AUS,BEL,BEL,DEU,DEU,DNK,DNK,ESP,ESP,FIN,GBR,ITA,JPN,NOR,NOR"
10,age_pension_matched,fixed_real_rule,0.38777011458327354,0.47298433360669484,-18.01628784903483,target_date_fund,target_date_fund,0.47298433360669484,13,"AUS,BEL,DNK,ESP,ESP,FIN,FRA,GBR,GBR,ITA,NLD,NLD,NOR,PRT,SWE,USA"
10,age_pension_matched,amortisation at 6%,0.9556592733272358,0.8242559473018461,15.942053734101735,balanced_all_equity,international_equity,0.9891780245417421,13,"AUS,BEL,DNK,ESP,ESP,FIN,FRA,GBR,GBR,ITA,NLD,NLD,NOR,PRT,SWE,USA"
10,australia_as_legislated,fixed_real_rule,0.5637587817279708,0.6365712423109079,-11.438226508412509,target_date_fund,target_date_fund,0.6365712423109079,13,"AUS,BEL,DNK,ESP,ESP,FIN,FRA,GBR,GBR,ITA,NLD,NLD,NOR,PRT,SWE,USA"
10,australia_as_legislated,amortisation at 6%,1.2144233064830299,1.0126775702407043,19.922010931314738,balanced_all_equity,international_equity,1.2731147001793115,13,"AUS,BEL,DNK,ESP,ESP,FIN,FRA,GBR,GBR,ITA,NLD,NLD,NOR,PRT,SWE,USA"
10,us_social_security,fixed_real_rule,0.983983095267617,0.9052936676193561,8.692143827227895,balanced_all_equity,international_equity,1.0086522764021089,13,"AUS,BEL,DNK,ESP,ESP,FIN,FRA,GBR,GBR,ITA,NLD,NLD,NOR,PRT,SWE,USA"
10,us_social_security,amortisation at 6%,1.143886232283267,0.9835911104237798,16.296926655876764,balanced_all_equity,international_equity,1.1856261220140052,13,"AUS,BEL,DNK,ESP,ESP,FIN,FRA,GBR,GBR,ITA,NLD,NLD,NOR,PRT,SWE,USA"
11,age_pension_matched,fixed_real_rule,0.5259086717392887,0.5280394182777632,-0.40352035562498667,target_date_fund,target_date_fund,0.5280394182777632,9,"AUS,AUS,DEU,DEU,DEU,DNK,ESP,GBR,GBR,GBR,JPN,NLD,NLD,NOR,NOR,SWE"
11,age_pension_matched,amortisation at 6%,1.2046870879334248,0.9639454995558618,24.97460577267956,balanced_all_equity,international_equity,1.3305411179291668,9,"AUS,AUS,DEU,DEU,DEU,DNK,ESP,GBR,GBR,GBR,JPN,NLD,NLD,NOR,NOR,SWE"
11,australia_as_legislated,fixed_real_rule,0.8992669664305372,0.7776254889798607,15.642681364554246,balanced_all_equity,balanced_all_equity,0.8992669664305372,9,"AUS,AUS,DEU,DEU,DEU,DNK,ESP,GBR,GBR,GBR,JPN,NLD,NLD,NOR,NOR,SWE"
11,australia_as_legislated,amortisation at 6%,1.636125732486775,1.26964205571033,28.8651179384104,balanced_all_equity,international_equity,1.7999662441226056,9,"AUS,AUS,DEU,DEU,DEU,DNK,ESP,GBR,GBR,GBR,JPN,NLD,NLD,NOR,NOR,SWE"
11,us_social_security,fixed_real_rule,1.2058705792513873,1.0437801271786098,15.529175910918735,balanced_all_equity,international_equity,1.307734493335449,9,"AUS,AUS,DEU,DEU,DEU,DNK,ESP,GBR,GBR,GBR,JPN,NLD,NLD,NOR,NOR,SWE"
11,us_social_security,amortisation at 6%,1.4825498113878,1.1654386433594754,27.20959784843111,balanced_all_equity,international_equity,1.635080953549485,9,"AUS,AUS,DEU,DEU,DEU,DNK,ESP,GBR,GBR,GBR,JPN,NLD,NLD,NOR,NOR,SWE"
12,age_pension_matched,fixed_real_rule,0.3886926563740663,0.47680678983062375,-18.480050061337895,target_date_fund,target_date_fund,0.47680678983062375,11,"AUS,CHE,DEU,DEU,DNK,ESP,ESP,FIN,FRA,ITA,ITA,ITA,NLD,NOR,USA,USA"
12,age_pension_matched,amortisation at 6%,1.026295582888731,0.8510385769283089,20.59330924727114,balanced_all_equity,international_equity,1.0879364844637198,11,"AUS,CHE,DEU,DEU,DNK,ESP,ESP,FIN,FRA,ITA,ITA,ITA,NLD,NOR,USA,USA"
12,australia_as_legislated,fixed_real_rule,0.5800965980434623,0.6291256199854115,-7.793200655711042,target_date_fund,target_date_fund,0.6291256199854115,11,"AUS,CHE,DEU,DEU,DNK,ESP,ESP,FIN,FRA,ITA,ITA,ITA,NLD,NOR,USA,USA"
12,australia_as_legislated,amortisation at 6%,1.3152607975892174,1.0430074522547543,26.102722923590903,balanced_all_equity,international_equity,1.3984058823413739,11,"AUS,CHE,DEU,DEU,DNK,ESP,ESP,FIN,FRA,ITA,ITA,ITA,NLD,NOR,USA,USA"
12,us_social_security,fixed_real_rule,1.03661001188919,0.9286279589832261,11.628128559062102,balanced_all_equity,international_equity,1.0787306402132404,11,"AUS,CHE,DEU,DEU,DNK,ESP,ESP,FIN,FRA,ITA,ITA,ITA,NLD,NOR,USA,USA"
12,us_social_security,amortisation at 6%,1.2320468890862306,1.0191389660901213,20.890960907217647,balanced_all_equity,international_equity,1.3083726060463667,11,"AUS,CHE,DEU,DEU,DNK,ESP,ESP,FIN,FRA,ITA,ITA,ITA,NLD,NOR,USA,USA"
13,age_pension_matched,fixed_real_rule,0.4040413959059612,0.469763982207986,-13.990554574472757,target_date_fund,target_date_fund,0.469763982207986,12,"AUS,AUS,BEL,CHE,DEU,DNK,ESP,ESP,FIN,FRA,FRA,GBR,ITA,NOR,SWE,SWE"
13,age_pension_matched,amortisation at 6%,1.0216369843218207,0.8525974883190265,19.826412617760703,balanced_all_equity,international_equity,1.115460465319615,12,"AUS,AUS,BEL,CHE,DEU,DNK,ESP,ESP,FIN,FRA,FRA,GBR,ITA,NOR,SWE,SWE"
13,australia_as_legislated,fixed_real_rule,0.6374872208461465,0.63365681816594,0.6044916696853697,balanced_all_equity,international_equity,0.6701348079825515,12,"AUS,AUS,BEL,CHE,DEU,DNK,ESP,ESP,FIN,FRA,FRA,GBR,ITA,NOR,SWE,SWE"
13,australia_as_legislated,amortisation at 6%,1.311159149695121,1.0488661907185224,25.00728513299828,balanced_all_equity,international_equity,1.459730066921223,12,"AUS,AUS,BEL,CHE,DEU,DNK,ESP,ESP,FIN,FRA,FRA,GBR,ITA,NOR,SWE,SWE"
13,us_social_security,fixed_real_rule,1.0349568946027323,0.9326400064036188,10.970673303374667,balanced_all_equity,international_equity,1.1085895767647356,12,"AUS,AUS,BEL,CHE,DEU,DNK,ESP,ESP,FIN,FRA,FRA,GBR,ITA,NOR,SWE,SWE"
13,us_social_security,amortisation at 6%,1.2288607596504246,1.0233251230630516,20.085076771315524,balanced_all_equity,international_equity,1.354500184228699,12,"AUS,AUS,BEL,CHE,DEU,DNK,ESP,ESP,FIN,FRA,FRA,GBR,ITA,NOR,SWE,SWE"
14,age_pension_matched,fixed_real_rule,0.5033483426201785,0.5289185996801847,-4.834440890425773,target_date_fund,target_date_fund,0.5289185996801847,10,"BEL,CHE,CHE,CHE,DEU,DEU,DEU,DNK,ESP,GBR,GBR,JPN,NLD,NLD,NOR,USA"
14,age_pension_matched,amortisation at 6%,1.1506023496530746,0.9511387714171943,20.971028017150452,balanced_all_equity,international_equity,1.2194648500076444,10,"BEL,CHE,CHE,CHE,DEU,DEU,DEU,DNK,ESP,GBR,GBR,JPN,NLD,NLD,NOR,USA"
14,australia_as_legislated,fixed_real_rule,0.8422048506819587,0.7664915303835534,9.877906969241824,balanced_all_equity,international_equity,0.8429392446345548,10,"BEL,CHE,CHE,CHE,DEU,DEU,DEU,DNK,ESP,GBR,GBR,JPN,NLD,NLD,NOR,USA"
14,australia_as_legislated,amortisation at 6%,1.5504736333652012,1.2533208619270046,23.70923364199957,balanced_all_equity,international_equity,1.6348759485512754,10,"BEL,CHE,CHE,CHE,DEU,DEU,DEU,DNK,ESP,GBR,GBR,JPN,NLD,NLD,NOR,USA"
14,us_social_security,fixed_real_rule,1.1534983812480126,1.0314543624934458,11.83222672688462,balanced_all_equity,international_equity,1.2061500501947775,10,"BEL,CHE,CHE,CHE,DEU,DEU,DEU,DNK,ESP,GBR,GBR,JPN,NLD,NLD,NOR,USA"
14,us_social_security,amortisation at 6%,1.408273747437117,1.1469048324049376,22.789067379210227,balanced_all_equity,international_equity,1.4939979680135493,10,"BEL,CHE,CHE,CHE,DEU,DEU,DEU,DNK,ESP,GBR,GBR,JPN,NLD,NLD,NOR,USA"
15,age_pension_matched,fixed_real_rule,0.443676419725915,0.49258962480176244,-9.929808224347415,target_date_fund,target_date_fund,0.49258962480176244,12,"AUS,BEL,BEL,CHE,DEU,ESP,ESP,ESP,GBR,JPN,NLD,NOR,PRT,SWE,SWE,USA"
15,age_pension_matched,amortisation at 6%,1.0800543992474283,0.897835312618803,20.295379794890135,balanced_all_equity,international_equity,1.1668663680515003,12,"AUS,BEL,BEL,CHE,DEU,ESP,ESP,ESP,GBR,JPN,NLD,NOR,PRT,SWE,SWE,USA"
15,australia_as_legislated,fixed_real_rule,0.716291549907413,0.6857707270620534,4.450587002468787,balanced_all_equity,international_equity,0.7482709108708593,12,"AUS,BEL,BEL,CHE,DEU,ESP,ESP,ESP,GBR,JPN,NLD,NOR,PRT,SWE,SWE,USA"
15,australia_as_legislated,amortisation at 6%,1.420221556846838,1.1465850170340939,23.86535108583294,balanced_all_equity,international_equity,1.551320480214408,12,"AUS,BEL,BEL,CHE,DEU,ESP,ESP,ESP,GBR,JPN,NLD,NOR,PRT,SWE,SWE,USA"
15,us_social_security,fixed_real_rule,1.0818291900183998,0.9719758152838095,11.302068735374249,balanced_all_equity,international_equity,1.1487306766131034,12,"AUS,BEL,BEL,CHE,DEU,ESP,ESP,ESP,GBR,JPN,NLD,NOR,PRT,SWE,SWE,USA"
15,us_social_security,amortisation at 6%,1.30789823113852,1.0769315281545133,21.446739829393202,balanced_all_equity,international_equity,1.4179282612796833,12,"AUS,BEL,BEL,CHE,DEU,ESP,ESP,ESP,GBR,JPN,NLD,NOR,PRT,SWE,SWE,USA"
16,age_pension_matched,fixed_real_rule,0.43828018310807076,0.4884116861242209,-10.264189911991561,target_date_fund,target_date_fund,0.4884116861242209,10,"AUS,CHE,CHE,FIN,FIN,FRA,GBR,JPN,JPN,JPN,NLD,NLD,PRT,SWE,USA,USA"
16,age_pension_matched,amortisation at 6%,1.032138865319415,0.8742408477100846,18.061157634411117,balanced_all_equity,balanced_all_equity,1.032138865319415,10,"AUS,CHE,CHE,FIN,FIN,FRA,GBR,JPN,JPN,JPN,NLD,NLD,PRT,SWE,USA,USA"
16,australia_as_legislated,fixed_real_rule,0.6862536972812294,0.65959309632109,4.041976956526705,balanced_all_equity,balanced_all_equity,0.6862536972812294,10,"AUS,CHE,CHE,FIN,FIN,FRA,GBR,JPN,JPN,JPN,NLD,NLD,PRT,SWE,USA,USA"
16,australia_as_legislated,amortisation at 6%,1.3477357832501082,1.0975369020349177,22.796398075664026,balanced_all_equity,balanced_all_equity,1.3477357832501082,10,"AUS,CHE,CHE,FIN,FIN,FRA,GBR,JPN,JPN,JPN,NLD,NLD,PRT,SWE,USA,USA"
16,us_social_security,fixed_real_rule,1.0493819155831043,0.9569832750129875,9.65519910145376,balanced_all_equity,balanced_all_equity,1.0493819155831043,10,"AUS,CHE,CHE,FIN,FIN,FRA,GBR,JPN,JPN,JPN,NLD,NLD,PRT,SWE,USA,USA"
16,us_social_security,amortisation at 6%,1.243061433558969,1.0487385241228677,18.52920484623437,balanced_all_equity,balanced_all_equity,1.243061433558969,10,"AUS,CHE,CHE,FIN,FIN,FRA,GBR,JPN,JPN,JPN,NLD,NLD,PRT,SWE,USA,USA"
17,age_pension_matched,fixed_real_rule,0.4073951183064691,0.47703597572780504,-14.598659422926374,target_date_fund,target_date_fund,0.47703597572780504,12,"AUS,CHE,DEU,DNK,FIN,FIN,FRA,ITA,ITA,JPN,NLD,NLD,NOR,NOR,PRT,USA"
17,age_pension_matched,amortisation at 6%,1.035775792732182,0.8545728287015356,21.20392293609099,balanced_all_equity,international_equity,1.1201692042154054,12,"AUS,CHE,DEU,DNK,FIN,FIN,FRA,ITA,ITA,JPN,NLD,NLD,NOR,NOR,PRT,USA"
17,australia_as_legislated,fixed_real_rule,0.644884744469251,0.6215470129342259,3.7547813840905553,balanced_all_equity,balanced_all_equity,0.644884744469251,12,"AUS,CHE,DEU,DNK,FIN,FIN,FRA,ITA,ITA,JPN,NLD,NLD,NOR,NOR,PRT,USA"
17,australia_as_legislated,amortisation at 6%,1.3425363424760572,1.056075807046395,27.124997421428265,balanced_all_equity,international_equity,1.4683727788967884,12,"AUS,CHE,DEU,DNK,FIN,FIN,FRA,ITA,ITA,JPN,NLD,NLD,NOR,NOR,PRT,USA"
17,us_social_security,fixed_real_rule,1.0433599529116224,0.9299339694957721,12.197208311182784,balanced_all_equity,international_equity,1.106931114365792,12,"AUS,CHE,DEU,DNK,FIN,FIN,FRA,ITA,ITA,JPN,NLD,NLD,NOR,NOR,PRT,USA"
17,us_social_security,amortisation at 6%,1.2489017328019767,1.022608382941145,22.129033326519853,balanced_all_equity,international_equity,1.357666171082856,12,"AUS,CHE,DEU,DNK,FIN,FIN,FRA,ITA,ITA,JPN,NLD,NLD,NOR,NOR,PRT,USA"
18,age_pension_matched,fixed_real_rule,0.4061017188858441,0.46023100634385455,-11.761330008601934,target_date_fund,target_date_fund,0.46023100634385455,10,"AUS,AUS,CHE,CHE,CHE,ESP,FIN,FRA,GBR,GBR,ITA,PRT,PRT,SWE,SWE,USA"
18,age_pension_matched,amortisation at 6%,0.9594066100026762,0.8285786250593196,15.789447251791033,balanced_all_equity,international_equity,0.9875583691643695,10,"AUS,AUS,CHE,CHE,CHE,ESP,FIN,FRA,GBR,GBR,ITA,PRT,PRT,SWE,SWE,USA"
18,australia_as_legislated,fixed_real_rule,0.6227359013705343,0.6234343287838565,-0.11202902712860174,target_date_fund,target_date_fund,0.6234343287838565,10,"AUS,AUS,CHE,CHE,CHE,ESP,FIN,FRA,GBR,GBR,ITA,PRT,PRT,SWE,SWE,USA"
18,australia_as_legislated,amortisation at 6%,1.2213953768832386,1.0177393839832631,20.010623161982764,balanced_all_equity,international_equity,1.2702760196604046,10,"AUS,AUS,CHE,CHE,CHE,ESP,FIN,FRA,GBR,GBR,ITA,PRT,PRT,SWE,SWE,USA"
18,us_social_security,fixed_real_rule,0.986202254592837,0.9126907088557912,8.054376474282797,balanced_all_equity,international_equity,0.9979065939003776,10,"AUS,AUS,CHE,CHE,CHE,ESP,FIN,FRA,GBR,GBR,ITA,PRT,PRT,SWE,SWE,USA"
18,us_social_security,amortisation at 6%,1.1494020794325333,0.9929755359768101,15.753312925463291,balanced_all_equity,international_equity,1.1832768050270113,10,"AUS,AUS,CHE,CHE,CHE,ESP,FIN,FRA,GBR,GBR,ITA,PRT,PRT,SWE,SWE,USA"
19,age_pension_matched,fixed_real_rule,0.4331556407788911,0.4889436193317432,-11.409900108544113,target_date_fund,target_date_fund,0.4889436193317432,12,"AUS,CHE,CHE,DEU,DNK,ESP,ESP,FIN,FRA,FRA,FRA,JPN,NLD,PRT,SWE,USA"
19,age_pension_matched,amortisation at 6%,1.0414056136267824,0.8514191392379762,22.314094860358068,balanced_all_equity,international_equity,1.1919587920803811,12,"AUS,CHE,CHE,DEU,DNK,ESP,ESP,FIN,FRA,FRA,FRA,JPN,NLD,PRT,SWE,USA"
19,australia_as_legislated,fixed_real_rule,0.6831934358578308,0.6487697191512323,5.305999292265695,balanced_all_equity,international_equity,0.7671024492618737,12,"AUS,CHE,CHE,DEU,DNK,ESP,ESP,FIN,FRA,FRA,FRA,JPN,NLD,PRT,SWE,USA"
19,australia_as_legislated,amortisation at 6%,1.3477367640090274,1.045276939136989,28.93585551803699,balanced_all_equity,international_equity,1.5831278759897534,12,"AUS,CHE,CHE,DEU,DNK,ESP,ESP,FIN,FRA,FRA,FRA,JPN,NLD,PRT,SWE,USA"
19,us_social_security,fixed_real_rule,1.0535560810263949,0.9355013539160618,12.619407402902127,balanced_all_equity,international_equity,1.175031328807639,12,"AUS,CHE,CHE,DEU,DNK,ESP,ESP,FIN,FRA,FRA,FRA,JPN,NLD,PRT,SWE,USA"
19,us_social_security,amortisation at 6%,1.2536256351510089,1.0204040336994133,22.855809439136053,balanced_all_equity,international_equity,1.4509169504005435,12,"AUS,CHE,CHE,DEU,DNK,ESP,ESP,FIN,FRA,FRA,FRA,JPN,NLD,PRT,SWE,USA"
20,age_pension_matched,fixed_real_rule,0.41221226977270414,0.47125765323573665,-12.529320862508374,target_date_fund,target_date_fund,0.47125765323573665,11,"AUS,AUS,BEL,BEL,DEU,DNK,FIN,FRA,FRA,FRA,GBR,NLD,NOR,PRT,SWE,SWE"
20,age_pension_matched,amortisation at 6%,0.9914453991461006,0.8360843398461895,18.5819841247705,balanced_all_equity,international_equity,1.134005803908194,11,"AUS,AUS,BEL,BEL,DEU,DNK,FIN,FRA,FRA,FRA,GBR,NLD,NOR,PRT,SWE,SWE"
20,australia_as_legislated,fixed_real_rule,0.6360483487682549,0.6277749074479878,1.3178993333613942,balanced_all_equity,international_equity,0.7053975407125594,11,"AUS,AUS,BEL,BEL,DEU,DNK,FIN,FRA,FRA,FRA,GBR,NLD,NOR,PRT,SWE,SWE"
20,australia_as_legislated,amortisation at 6%,1.2647417680150101,1.0205152436597875,23.931688024509423,balanced_all_equity,international_equity,1.5065213233719763,11,"AUS,AUS,BEL,BEL,DEU,DNK,FIN,FRA,FRA,FRA,GBR,NLD,NOR,PRT,SWE,SWE"
20,us_social_security,fixed_real_rule,1.011936359002812,0.9177518280725545,10.262527194095838,balanced_all_equity,international_equity,1.1235016317257844,11,"AUS,AUS,BEL,BEL,DEU,DNK,FIN,FRA,FRA,FRA,GBR,NLD,NOR,PRT,SWE,SWE"
20,us_social_security,amortisation at 6%,1.1839418649019162,0.9984525705229239,18.57767708303313,balanced_all_equity,international_equity,1.37608511314114,11,"AUS,AUS,BEL,BEL,DEU,DNK,FIN,FRA,FRA,FRA,GBR,NLD,NOR,PRT,SWE,SWE"
21,age_pension_matched,fixed_real_rule,0.4840038910746301,0.510975596461809,-5.278472313343596,target_date_fund,target_date_fund,0.510975596461809,12,"AUS,AUS,BEL,CHE,DNK,ESP,ESP,FIN,GBR,JPN,NLD,NLD,NOR,SWE,USA,USA"
21,age_pension_matched,amortisation at 6%,1.1159004169107072,0.9225164943728833,20.962652019494143,balanced_all_equity,international_equity,1.1522425904901221,12,"AUS,AUS,BEL,CHE,DNK,ESP,ESP,FIN,GBR,JPN,NLD,NLD,NOR,SWE,USA,USA"
21,australia_as_legislated,fixed_real_rule,0.7930446456408209,0.7235705114411423,9.601570697139984,balanced_all_equity,international_equity,0.7982193433630694,12,"AUS,AUS,BEL,CHE,DNK,ESP,ESP,FIN,GBR,JPN,NLD,NLD,NOR,SWE,USA,USA"
21,australia_as_legislated,amortisation at 6%,1.4928369915956177,1.1965183676421365,24.76507105673671,balanced_all_equity,international_equity,1.5561991239641157,12,"AUS,AUS,BEL,CHE,DNK,ESP,ESP,FIN,GBR,JPN,NLD,NLD,NOR,SWE,USA,USA"
21,us_social_security,fixed_real_rule,1.1227087435958412,1.002758717473532,11.96200282601636,balanced_all_equity,international_equity,1.14995417183467,12,"AUS,AUS,BEL,CHE,DNK,ESP,ESP,FIN,GBR,JPN,NLD,NLD,NOR,SWE,USA,USA"
21,us_social_security,amortisation at 6%,1.3584868682150046,1.108289412417444,22.575101141841646,balanced_all_equity,international_equity,1.408442959249574,12,"AUS,AUS,BEL,CHE,DNK,ESP,ESP,FIN,GBR,JPN,NLD,NLD,NOR,SWE,USA,USA"
22,age_pension_matched,fixed_real_rule,0.45285769418153715,0.47722010690742606,-5.105068368507548,target_date_fund,target_date_fund,0.47722010690742606,10,"AUS,CHE,DNK,DNK,DNK,ESP,ESP,ESP,FIN,FIN,FIN,FRA,JPN,NLD,SWE,USA"
22,age_pension_matched,amortisation at 6%,1.0926799303940653,0.8888643013854023,22.929892525888572,balanced_all_equity,international_equity,1.1458805486451158,10,"AUS,CHE,DNK,DNK,DNK,ESP,ESP,ESP,FIN,FIN,FIN,FRA,JPN,NLD,SWE,USA"
22,australia_as_legislated,fixed_real_rule,0.7359158937578664,0.6686803433222233,10.054961403769536,balanced_all_equity,international_equity,0.7984833017427195,10,"AUS,CHE,DNK,DNK,DNK,ESP,ESP,ESP,FIN,FIN,FIN,FRA,JPN,NLD,SWE,USA"
22,australia_as_legislated,amortisation at 6%,1.4472371718508468,1.11857230184916,29.382532488812462,balanced_all_equity,international_equity,1.5471139063249706,10,"AUS,CHE,DNK,DNK,DNK,ESP,ESP,ESP,FIN,FIN,FIN,FRA,JPN,NLD,SWE,USA"
22,us_social_security,fixed_real_rule,1.1021138259446155,0.9649137786205498,14.218891922157862,balanced_all_equity,international_equity,1.1482189473381927,10,"AUS,CHE,DNK,DNK,DNK,ESP,ESP,ESP,FIN,FIN,FIN,FRA,JPN,NLD,SWE,USA"
22,us_social_security,amortisation at 6%,1.3347471045273198,1.0709861651516206,24.627856825616256,balanced_all_equity,international_equity,1.4048456770900375,10,"AUS,CHE,DNK,DNK,DNK,ESP,ESP,ESP,FIN,FIN,FIN,FRA,JPN,NLD,SWE,USA"
23,age_pension_matched,fixed_real_rule,0.37153216425785246,0.47826195545746386,-22.31617840008264,target_date_fund,target_date_fund,0.47826195545746386,11,"BEL,DEU,DEU,ESP,ESP,FIN,FRA,GBR,ITA,JPN,JPN,PRT,SWE,SWE,USA,USA"
23,age_pension_matched,amortisation at 6%,1.0174577499039739,0.8600155573917408,18.306900515814426,balanced_all_equity,international_equity,1.040998031156309,11,"BEL,DEU,DEU,ESP,ESP,FIN,FRA,GBR,ITA,JPN,JPN,PRT,SWE,SWE,USA,USA"
23,australia_as_legislated,fixed_real_rule,0.5892862386895863,0.6496897523534094,-9.297285888382866,target_date_fund,target_date_fund,0.6496897523534094,11,"BEL,DEU,DEU,ESP,ESP,FIN,FRA,GBR,ITA,JPN,JPN,PRT,SWE,SWE,USA,USA"
23,australia_as_legislated,amortisation at 6%,1.308554213603857,1.0666320228347062,22.68094202968076,balanced_all_equity,international_equity,1.3321847448738398,11,"BEL,DEU,DEU,ESP,ESP,FIN,FRA,GBR,ITA,JPN,JPN,PRT,SWE,SWE,USA,USA"
23,us_social_security,fixed_real_rule,1.0234825518997268,0.9340038343670584,9.58012314727863,balanced_all_equity,international_equity,1.0368177966085992,11,"BEL,DEU,DEU,ESP,ESP,FIN,FRA,GBR,ITA,JPN,JPN,PRT,SWE,SWE,USA,USA"
23,us_social_security,amortisation at 6%,1.2228810645708883,1.0287421157273007,18.87148838135544,balanced_all_equity,international_equity,1.2485265952236242,11,"BEL,DEU,DEU,ESP,ESP,FIN,FRA,GBR,ITA,JPN,JPN,PRT,SWE,SWE,USA,USA"
24,age_pension_matched,fixed_real_rule,0.39875544748831293,0.5093256647454463,-21.709139144283007,target_date_fund,target_date_fund,0.5093256647454463,7,"AUS,CHE,CHE,CHE,CHE,DEU,ESP,ESP,ITA,ITA,ITA,JPN,JPN,NLD,NLD,NLD"
24,age_pension_matched,amortisation at 6%,1.133369621109553,0.9341106278955876,21.331412711026122,balanced_all_equity,international_equity,1.1644186945403312,7,"AUS,CHE,CHE,CHE,CHE,DEU,ESP,ESP,ITA,ITA,ITA,JPN,JPN,NLD,NLD,NLD"
24,australia_as_legislated,fixed_real_rule,0.6352459446461622,0.7274070407988537,-12.669810846411133,target_date_fund,target_date_fund,0.7274070407988537,7,"AUS,CHE,CHE,CHE,CHE,DEU,ESP,ESP,ITA,ITA,ITA,JPN,JPN,NLD,NLD,NLD"
24,australia_as_legislated,amortisation at 6%,1.4919224634099006,1.196065070859619,24.735894372172183,balanced_all_equity,international_equity,1.5046503047180884,7,"AUS,CHE,CHE,CHE,CHE,DEU,ESP,ESP,ITA,ITA,ITA,JPN,JPN,NLD,NLD,NLD"
24,us_social_security,fixed_real_rule,1.1136078714042208,1.0038720702626358,10.93125353242228,balanced_all_equity,international_equity,1.1286987629188716,7,"AUS,CHE,CHE,CHE,CHE,DEU,ESP,ESP,ITA,ITA,ITA,JPN,JPN,NLD,NLD,NLD"
24,us_social_security,amortisation at 6%,1.37790202077019,1.1254152402465425,22.434988570826153,balanced_all_equity,international_equity,1.411763367770458,7,"AUS,CHE,CHE,CHE,CHE,DEU,ESP,ESP,ITA,ITA,ITA,JPN,JPN,NLD,NLD,NLD"
25,age_pension_matched,fixed_real_rule,0.4270009278624162,0.4770123363061297,-10.484300852885687,target_date_fund,target_date_fund,0.4770123363061297,12,"AUS,AUS,BEL,CHE,DNK,ESP,ESP,ESP,FIN,FRA,GBR,ITA,JPN,JPN,NOR,SWE"
25,age_pension_matched,amortisation at 6%,1.0230885355290404,0.8593387312575979,19.055326882776846,balanced_all_equity,international_equity,1.038441889614433,12,"AUS,AUS,BEL,CHE,DNK,ESP,ESP,ESP,FIN,FRA,GBR,ITA,JPN,JPN,NOR,SWE"
25,australia_as_legislated,fixed_real_rule,0.6707179092184195,0.6503488703376674,3.1320172617776976,balanced_all_equity,balanced_all_equity,0.6707179092184195,12,"AUS,AUS,BEL,CHE,DNK,ESP,ESP,ESP,FIN,FRA,GBR,ITA,JPN,JPN,NOR,SWE"
25,australia_as_legislated,amortisation at 6%,1.3310886819317516,1.0714511628151595,24.232324171865514,balanced_all_equity,international_equity,1.3521341813505308,12,"AUS,AUS,BEL,CHE,DNK,ESP,ESP,ESP,FIN,FRA,GBR,ITA,JPN,JPN,NOR,SWE"
25,us_social_security,fixed_real_rule,1.0372674230560257,0.935387490157311,10.891735667918834,balanced_all_equity,international_equity,1.0460622219823275,12,"AUS,AUS,BEL,CHE,DNK,ESP,ESP,ESP,FIN,FRA,GBR,ITA,JPN,JPN,NOR,SWE"
25,us_social_security,amortisation at 6%,1.2328145257377843,1.0278730528819666,19.93840312100794,balanced_all_equity,international_equity,1.2506044190975085,12,"AUS,AUS,BEL,CHE,DNK,ESP,ESP,ESP,FIN,FRA,GBR,ITA,JPN,JPN,NOR,SWE"
26,age_pension_matched,fixed_real_rule,0.4879527723870992,0.5279172967532443,-7.57022446734209,target_date_fund,target_date_fund,0.5279172967532443,11,"AUS,AUS,BEL,CHE,DEU,DEU,DNK,DNK,DNK,ESP,JPN,NLD,NLD,PRT,SWE,USA"
26,age_pension_matched,amortisation at 6%,1.1477968946575878,0.9517148555176652,20.603023899765425,balanced_all_equity,international_equity,1.2162227223159678,11,"AUS,AUS,BEL,CHE,DEU,DEU,DNK,DNK,DNK,ESP,JPN,NLD,NLD,PRT,SWE,USA"
26,australia_as_legislated,fixed_real_rule,0.8095860068223522,0.7596920654176843,6.56765335270888,balanced_all_equity,balanced_all_equity,0.8095860068223522,11,"AUS,AUS,BEL,CHE,DEU,DEU,DNK,DNK,DNK,ESP,JPN,NLD,NLD,PRT,SWE,USA"
26,australia_as_legislated,amortisation at 6%,1.529251319984586,1.2362808829824548,23.697724443927125,balanced_all_equity,international_equity,1.625805035515531,11,"AUS,AUS,BEL,CHE,DEU,DEU,DNK,DNK,DNK,ESP,JPN,NLD,NLD,PRT,SWE,USA"
26,us_social_security,fixed_real_rule,1.1513181164874757,1.0348035492366523,11.259583264550388,balanced_all_equity,international_equity,1.1992506590023206,11,"AUS,AUS,BEL,CHE,DEU,DEU,DNK,DNK,DNK,ESP,JPN,NLD,NLD,PRT,SWE,USA"
26,us_social_security,amortisation at 6%,1.395815357228776,1.1486362818899893,21.51935118504815,balanced_all_equity,international_equity,1.4790776762505145,11,"AUS,AUS,BEL,CHE,DEU,DEU,DNK,DNK,DNK,ESP,JPN,NLD,NLD,PRT,SWE,USA"
27,age_pension_matched,fixed_real_rule,0.4101602954705336,0.4966005580817239,-17.40639659067098,target_date_fund,target_date_fund,0.4966005580817239,11,"AUS,BEL,BEL,DEU,DEU,DNK,FRA,GBR,GBR,ITA,NOR,PRT,SWE,SWE,USA,USA"
27,age_pension_matched,amortisation at 6%,1.0130810145650169,0.8632082156825543,17.362299866893103,balanced_all_equity,international_equity,1.0715618174772614,11,"AUS,BEL,BEL,DEU,DEU,DNK,FRA,GBR,GBR,ITA,NOR,PRT,SWE,SWE,USA,USA"
27,australia_as_legislated,fixed_real_rule,0.6043033180349051,0.6703844153547381,-9.857194738762798,target_date_fund,target_date_fund,0.6703844153547381,11,"AUS,BEL,BEL,DEU,DEU,DNK,FRA,GBR,GBR,ITA,NOR,PRT,SWE,SWE,USA,USA"
27,australia_as_legislated,amortisation at 6%,1.304272233069702,1.0735960994873799,21.48630510975824,balanced_all_equity,international_equity,1.3965770501937618,11,"AUS,BEL,BEL,DEU,DEU,DNK,FRA,GBR,GBR,ITA,NOR,PRT,SWE,SWE,USA,USA"
27,us_social_security,fixed_real_rule,1.035864644984204,0.9481991654364393,9.245471072252398,balanced_all_equity,international_equity,1.0715628278323694,11,"AUS,BEL,BEL,DEU,DEU,DNK,FRA,GBR,GBR,ITA,NOR,PRT,SWE,SWE,USA,USA"
27,us_social_security,amortisation at 6%,1.2210545557606176,1.0373440200087456,17.709702105413715,balanced_all_equity,international_equity,1.2924337399496304,11,"AUS,BEL,BEL,DEU,DEU,DNK,FRA,GBR,GBR,ITA,NOR,PRT,SWE,SWE,USA,USA"
28,age_pension_matched,fixed_real_rule,0.4010446673597709,0.48747179695002496,-17.729667671238523,target_date_fund,target_date_fund,0.48747179695002496,12,"AUS,BEL,DEU,ESP,ESP,FIN,FRA,GBR,JPN,NLD,NLD,NOR,PRT,USA,USA,USA"
28,age_pension_matched,amortisation at 6%,1.0366392027852964,0.8664060328737829,19.64819766395982,balanced_all_equity,international_equity,1.0967515739598177,12,"AUS,BEL,DEU,ESP,ESP,FIN,FRA,GBR,JPN,NLD,NLD,NOR,PRT,USA,USA,USA"
28,australia_as_legislated,fixed_real_rule,0.6393877539405485,0.6724820576624492,-4.921217353655005,target_date_fund,target_date_fund,0.6724820576624492,12,"AUS,BEL,DEU,ESP,ESP,FIN,FRA,GBR,JPN,NLD,NLD,NOR,PRT,USA,USA,USA"
28,australia_as_legislated,amortisation at 6%,1.3449902711750488,1.0823359901366383,24.26735167563374,balanced_all_equity,international_equity,1.4371146438545028,12,"AUS,BEL,DEU,ESP,ESP,FIN,FRA,GBR,JPN,NLD,NLD,NOR,PRT,USA,USA,USA"
28,us_social_security,fixed_real_rule,1.05127711520077,0.9460894440041898,11.118152925519208,balanced_all_equity,international_equity,1.0904317539123913,12,"AUS,BEL,DEU,ESP,ESP,FIN,FRA,GBR,JPN,NLD,NLD,NOR,PRT,USA,USA,USA"
28,us_social_security,amortisation at 6%,1.253013459894817,1.0382125754930482,20.689489751148482,balanced_all_equity,international_equity,1.3250780149432118,12,"AUS,BEL,DEU,ESP,ESP,FIN,FRA,GBR,JPN,NLD,NLD,NOR,PRT,USA,USA,USA"
29,age_pension_matched,fixed_real_rule,0.41795405742856,0.46802425860840424,-10.698206398258082,target_date_fund,target_date_fund,0.46802425860840424,11,"AUS,AUS,BEL,CHE,CHE,ESP,ESP,FIN,FIN,FRA,ITA,ITA,JPN,NLD,NOR,USA"
29,age_pension_matched,amortisation at 6%,1.0064897534397945,0.8467104428079728,18.870596434589903,balanced_all_equity,international_equity,1.0240963155353027,11,"AUS,AUS,BEL,CHE,CHE,ESP,ESP,FIN,FIN,FRA,ITA,ITA,JPN,NLD,NOR,USA"
29,australia_as_legislated,fixed_real_rule,0.6563863399687334,0.6319017134771895,3.874752349825328,balanced_all_equity,balanced_all_equity,0.6563863399687334,11,"AUS,AUS,BEL,CHE,CHE,ESP,ESP,FIN,FIN,FRA,ITA,ITA,JPN,NLD,NOR,USA"
29,australia_as_legislated,amortisation at 6%,1.2983771791237992,1.0472015566279382,23.985413400708076,balanced_all_equity,international_equity,1.3231391409583353,11,"AUS,AUS,BEL,CHE,CHE,ESP,ESP,FIN,FIN,FRA,ITA,ITA,JPN,NLD,NOR,USA"
29,us_social_security,fixed_real_rule,1.0224364819636116,0.9234750570516633,10.716199008980043,balanced_all_equity,international_equity,1.031082940637324,11,"AUS,AUS,BEL,CHE,CHE,ESP,ESP,FIN,FIN,FRA,ITA,ITA,JPN,NLD,NOR,USA"
29,us_social_security,amortisation at 6%,1.2105852654884597,1.0138257858298831,19.40762233597324,balanced_all_equity,international_equity,1.2314352376815236,11,"AUS,AUS,BEL,CHE,CHE,ESP,ESP,FIN,FIN,FRA,ITA,ITA,JPN,NLD,NOR,USA"
30,age_pension_matched,fixed_real_rule,0.4153674245712832,0.5008509221262568,-17.067653023792296,target_date_fund,target_date_fund,0.5008509221262568,11,"BEL,CHE,CHE,CHE,DEU,FIN,GBR,ITA,ITA,JPN,JPN,NLD,NOR,SWE,SWE,USA"
30,age_pension_matched,amortisation at 6%,1.107628007585887,0.919743119724289,20.427974271546635,balanced_all_equity,international_equity,1.143839076605082,11,"BEL,CHE,CHE,CHE,DEU,FIN,GBR,ITA,ITA,JPN,JPN,NLD,NOR,SWE,SWE,USA"
30,australia_as_legislated,fixed_real_rule,0.6839505643633548,0.7025750176678691,-2.650884650914065,target_date_fund,target_date_fund,0.7025750176678691,11,"BEL,CHE,CHE,CHE,DEU,FIN,GBR,ITA,ITA,JPN,JPN,NLD,NOR,SWE,SWE,USA"
30,australia_as_legislated,amortisation at 6%,1.4567968566799638,1.1753227259947099,23.948667413627533,balanced_all_equity,international_equity,1.4831583001963629,11,"BEL,CHE,CHE,CHE,DEU,FIN,GBR,ITA,ITA,JPN,JPN,NLD,NOR,SWE,SWE,USA"
30,us_social_security,fixed_real_rule,1.0922025636887767,0.9875539987712938,10.596743575306844,balanced_all_equity,international_equity,1.1129584485658262,11,"BEL,CHE,CHE,CHE,DEU,FIN,GBR,ITA,ITA,JPN,JPN,NLD,NOR,SWE,SWE,USA"
30,us_social_security,amortisation at 6%,1.3383152467247137,1.102158061469739,21.42679834324821,balanced_all_equity,international_equity,1.3765270420994364,11,"BEL,CHE,CHE,CHE,DEU,FIN,GBR,ITA,ITA,JPN,JPN,NLD,NOR,SWE,SWE,USA"
31,age_pension_matched,fixed_real_rule,0.38458494794942777,0.4837486711816676,-20.499017183863177,target_date_fund,target_date_fund,0.4837486711816676,11,"AUS,AUS,BEL,DEU,ESP,FRA,FRA,FRA,ITA,ITA,JPN,NLD,NOR,SWE,SWE,USA"
31,age_pension_matched,amortisation at 6%,1.0194573451811548,0.8464100624062912,20.444851787666707,balanced_all_equity,international_equity,1.121024485683694,11,"AUS,AUS,BEL,DEU,ESP,FRA,FRA,FRA,ITA,ITA,JPN,NLD,NOR,SWE,SWE,USA"
31,australia_as_legislated,fixed_real_rule,0.593726881849098,0.6486504665336253,-8.467362241799936,target_date_fund,target_date_fund,0.6486504665336253,11,"AUS,AUS,BEL,DEU,ESP,FRA,FRA,FRA,ITA,ITA,JPN,NLD,NOR,SWE,SWE,USA"
31,australia_as_legislated,amortisation at 6%,1.3136397980181724,1.0401562358656176,26.29254651585702,balanced_all_equity,international_equity,1.4601976342927334,11,"AUS,AUS,BEL,DEU,ESP,FRA,FRA,FRA,ITA,ITA,JPN,NLD,NOR,SWE,SWE,USA"
31,us_social_security,fixed_real_rule,1.0314774485056681,0.927398448504462,11.222684291638153,balanced_all_equity,international_equity,1.1105958564847696,11,"AUS,AUS,BEL,DEU,ESP,FRA,FRA,FRA,ITA,ITA,JPN,NLD,NOR,SWE,SWE,USA"
31,us_social_security,amortisation at 6%,1.2269932559596772,1.01358605908069,21.054669701410944,balanced_all_equity,international_equity,1.3541143783469043,11,"AUS,AUS,BEL,DEU,ESP,FRA,FRA,FRA,ITA,ITA,JPN,NLD,NOR,SWE,SWE,USA"
32,age_pension_matched,fixed_real_rule,0.4518921016920154,0.4868409793435834,-7.178704984672867,target_date_fund,target_date_fund,0.4868409793435834,10,"BEL,DEU,DEU,DEU,DNK,DNK,ESP,ESP,ESP,FIN,JPN,NOR,PRT,SWE,USA,USA"
32,age_pension_matched,amortisation at 6%,1.0982416806023185,0.9092122014619973,20.790468807651852,balanced_all_equity,international_equity,1.169937226554297,10,"BEL,DEU,DEU,DEU,DNK,DNK,ESP,ESP,ESP,FIN,JPN,NOR,PRT,SWE,USA,USA"
32,australia_as_legislated,fixed_real_rule,0.7350848349309634,0.6812421807904232,7.903599580118237,balanced_all_equity,balanced_all_equity,0.7350848349309634,10,"BEL,DEU,DEU,DEU,DNK,DNK,ESP,ESP,ESP,FIN,JPN,NOR,PRT,SWE,USA,USA"
32,australia_as_legislated,amortisation at 6%,1.442209109485156,1.1561504084891057,24.742343115190437,balanced_all_equity,international_equity,1.546645794161202,10,"BEL,DEU,DEU,DEU,DNK,DNK,ESP,ESP,ESP,FIN,JPN,NOR,PRT,SWE,USA,USA"
32,us_social_security,fixed_real_rule,1.099000473963104,0.9809482599112634,12.034499562955503,balanced_all_equity,international_equity,1.15356806972327,10,"BEL,DEU,DEU,DEU,DNK,DNK,ESP,ESP,ESP,FIN,JPN,NOR,PRT,SWE,USA,USA"
32,us_social_security,amortisation at 6%,1.3354783157353458,1.0945095916091492,22.01613635673345,balanced_all_equity,international_equity,1.4256090990987103,10,"BEL,DEU,DEU,DEU,DNK,DNK,ESP,ESP,ESP,FIN,JPN,NOR,PRT,SWE,USA,USA"
33,age_pension_matched,fixed_real_rule,0.4242388173539731,0.48488687804638103,-12.50767208565432,target_date_fund,target_date_fund,0.48488687804638103,10,"BEL,DNK,ESP,FIN,FIN,ITA,JPN,JPN,NLD,NLD,PRT,SWE,SWE,USA,USA,USA"
33,age_pension_matched,amortisation at 6%,1.0386810781729943,0.8814736877325048,17.834609544033974,balanced_all_equity,balanced_all_equity,1.0386810781729943,10,"BEL,DNK,ESP,FIN,FIN,ITA,JPN,JPN,NLD,NLD,PRT,SWE,SWE,USA,USA,USA"
33,australia_as_legislated,fixed_real_rule,0.6578778122891293,0.6411475947991738,2.6094174922696167,balanced_all_equity,balanced_all_equity,0.6578778122891293,10,"BEL,DNK,ESP,FIN,FIN,ITA,JPN,JPN,NLD,NLD,PRT,SWE,SWE,USA,USA,USA"
33,australia_as_legislated,amortisation at 6%,1.3469557990972063,1.108883967912985,21.469498890158278,balanced_all_equity,balanced_all_equity,1.3469557990972063,10,"BEL,DNK,ESP,FIN,FIN,ITA,JPN,JPN,NLD,NLD,PRT,SWE,SWE,USA,USA,USA"
33,us_social_security,fixed_real_rule,1.0467206493754908,0.9574209599713669,9.327108256204731,balanced_all_equity,balanced_all_equity,1.0467206493754908,10,"BEL,DNK,ESP,FIN,FIN,ITA,JPN,JPN,NLD,NLD,PRT,SWE,SWE,USA,USA,USA"
33,us_social_security,amortisation at 6%,1.2521389847789466,1.0565407506287687,18.513079976685564,balanced_all_equity,balanced_all_equity,1.2521389847789466,10,"BEL,DNK,ESP,FIN,FIN,ITA,JPN,JPN,NLD,NLD,PRT,SWE,SWE,USA,USA,USA"
34,age_pension_matched,fixed_real_rule,0.42945426509427886,0.47794539344188136,-10.145746567070757,target_date_fund,target_date_fund,0.47794539344188136,9,"CHE,CHE,DEU,DNK,ESP,ESP,ESP,FIN,GBR,NLD,NLD,NLD,NOR,NOR,PRT,PRT"
34,age_pension_matched,amortisation at 6%,1.0425474541908164,0.864098004060221,20.65152902704297,balanced_all_equity,international_equity,1.153231643322879,9,"CHE,CHE,DEU,DNK,ESP,ESP,ESP,FIN,GBR,NLD,NLD,NLD,NOR,NOR,PRT,PRT"
34,australia_as_legislated,fixed_real_rule,0.6853314228227168,0.6434438161468405,6.5099089655897835,balanced_all_equity,international_equity,0.7288447312790954,9,"CHE,CHE,DEU,DNK,ESP,ESP,ESP,FIN,GBR,NLD,NLD,NLD,NOR,NOR,PRT,PRT"
34,australia_as_legislated,amortisation at 6%,1.3530578143105207,1.081403886698024,25.12048744729125,balanced_all_equity,international_equity,1.5238829869098431,9,"CHE,CHE,DEU,DNK,ESP,ESP,ESP,FIN,GBR,NLD,NLD,NLD,NOR,NOR,PRT,PRT"
34,us_social_security,fixed_real_rule,1.052708874570037,0.9399307537532093,11.998556315611197,balanced_all_equity,international_equity,1.1395726519160774,9,"CHE,CHE,DEU,DNK,ESP,ESP,ESP,FIN,GBR,NLD,NLD,NLD,NOR,NOR,PRT,PRT"
34,us_social_security,amortisation at 6%,1.255604674717003,1.031867772339117,21.68271055415387,balanced_all_equity,international_equity,1.399177670585028,9,"CHE,CHE,DEU,DNK,ESP,ESP,ESP,FIN,GBR,NLD,NLD,NLD,NOR,NOR,PRT,PRT"
35,age_pension_matched,fixed_real_rule,0.39794812742717295,0.45917489474695017,-13.33408424986281,target_date_fund,target_date_fund,0.45917489474695017,12,"BEL,CHE,DEU,DNK,DNK,FIN,FIN,FRA,FRA,GBR,ITA,NLD,NOR,PRT,PRT,SWE"
35,age_pension_matched,amortisation at 6%,0.9654254096722368,0.8176060871652545,18.0795281282079,balanced_all_equity,international_equity,1.072363985749002,12,"BEL,CHE,DEU,DNK,DNK,FIN,FIN,FRA,FRA,GBR,ITA,NLD,NOR,PRT,PRT,SWE"
35,australia_as_legislated,fixed_real_rule,0.5999013230797121,0.606553294723328,-1.0966837871435597,target_date_fund,international_equity,0.6073650102287481,12,"BEL,CHE,DEU,DNK,DNK,FIN,FIN,FRA,FRA,GBR,ITA,NLD,NOR,PRT,PRT,SWE"
35,australia_as_legislated,amortisation at 6%,1.2253114563934508,0.9927269541560734,23.42884931890459,balanced_all_equity,international_equity,1.3919781297662535,12,"BEL,CHE,DEU,DNK,DNK,FIN,FIN,FRA,FRA,GBR,ITA,NLD,NOR,PRT,PRT,SWE"
35,us_social_security,fixed_real_rule,0.9877255698093336,0.8977540965148227,10.021839348190076,balanced_all_equity,international_equity,1.070632730003296,12,"BEL,CHE,DEU,DNK,DNK,FIN,FIN,FRA,FRA,GBR,ITA,NLD,NOR,PRT,PRT,SWE"
35,us_social_security,amortisation at 6%,1.151616705078002,0.976038423844092,17.98886979699028,balanced_all_equity,international_equity,1.2933149812936438,12,"BEL,CHE,DEU,DNK,DNK,FIN,FIN,FRA,FRA,GBR,ITA,NLD,NOR,PRT,PRT,SWE"
36,age_pension_matched,fixed_real_rule,0.4449592392261803,0.5051050792161722,-11.907589621416381,target_date_fund,target_date_fund,0.5051050792161722,11,"AUS,CHE,DEU,DNK,DNK,DNK,GBR,GBR,ITA,NLD,NLD,NOR,NOR,PRT,SWE,USA"
36,age_pension_matched,amortisation at 6%,1.0892312205781365,0.9089448608640748,19.834686071350372,balanced_all_equity,international_equity,1.1608513750291107,11,"AUS,CHE,DEU,DNK,DNK,DNK,GBR,GBR,ITA,NLD,NLD,NOR,NOR,PRT,SWE,USA"
36,australia_as_legislated,fixed_real_rule,0.688194051312627,0.7060418579901679,-2.5278680683815002,target_date_fund,target_date_fund,0.7060418579901679,11,"AUS,CHE,DEU,DNK,DNK,DNK,GBR,GBR,ITA,NLD,NLD,NOR,NOR,PRT,SWE,USA"
36,australia_as_legislated,amortisation at 6%,1.4303021644784846,1.1572947763213948,23.590133969573213,balanced_all_equity,international_equity,1.5337525273350205,11,"AUS,CHE,DEU,DNK,DNK,DNK,GBR,GBR,ITA,NLD,NLD,NOR,NOR,PRT,SWE,USA"
36,us_social_security,fixed_real_rule,1.096837485450201,0.99193014580137,10.576081399772107,balanced_all_equity,international_equity,1.1434640622244108,11,"AUS,CHE,DEU,DNK,DNK,DNK,GBR,GBR,ITA,NLD,NLD,NOR,NOR,PRT,SWE,USA"
36,us_social_security,amortisation at 6%,1.3173395245928765,1.0912203780513836,20.721675574394858,balanced_all_equity,international_equity,1.4086214562643617,11,"AUS,CHE,DEU,DNK,DNK,DNK,GBR,GBR,ITA,NLD,NLD,NOR,NOR,PRT,SWE,USA"
37,age_pension_matched,fixed_real_rule,0.4289157485487894,0.49075003942013545,-12.599956373800547,target_date_fund,target_date_fund,0.49075003942013545,10,"BEL,CHE,CHE,DNK,FRA,GBR,GBR,ITA,JPN,NLD,NLD,PRT,PRT,SWE,SWE,SWE"
37,age_pension_matched,amortisation at 6%,0.9522074378235054,0.8315462135626613,14.51046523847248,balanced_all_equity,international_equity,0.9835962302208998,10,"BEL,CHE,CHE,DNK,FRA,GBR,GBR,ITA,JPN,NLD,NLD,PRT,PRT,SWE,SWE,SWE"
37,australia_as_legislated,fixed_real_rule,0.6482886124296208,0.6529708796091962,-0.7170713619538138,target_date_fund,target_date_fund,0.6529708796091962,10,"BEL,CHE,CHE,DNK,FRA,GBR,GBR,ITA,JPN,NLD,NLD,PRT,PRT,SWE,SWE,SWE"
37,australia_as_legislated,amortisation at 6%,1.2181997662878017,1.0290887383939367,18.376552073536836,balanced_all_equity,international_equity,1.2726409955563238,10,"BEL,CHE,CHE,DNK,FRA,GBR,GBR,ITA,JPN,NLD,NLD,PRT,PRT,SWE,SWE,SWE"
37,us_social_security,fixed_real_rule,0.9836403116072551,0.9169088547038968,7.277872447301026,balanced_all_equity,international_equity,1.0082807322170864,10,"BEL,CHE,CHE,DNK,FRA,GBR,GBR,ITA,JPN,NLD,NLD,PRT,PRT,SWE,SWE,SWE"
37,us_social_security,amortisation at 6%,1.1392450175304538,0.9939691208771856,14.615735398808072,balanced_all_equity,international_equity,1.181387386195828,10,"BEL,CHE,CHE,DNK,FRA,GBR,GBR,ITA,JPN,NLD,NLD,PRT,PRT,SWE,SWE,SWE"
38,age_pension_matched,fixed_real_rule,0.4387902284655195,0.5094909436662375,-13.876736393381961,target_date_fund,target_date_fund,0.5094909436662375,11,"AUS,CHE,DEU,DNK,DNK,ESP,GBR,ITA,NLD,NOR,PRT,PRT,USA,USA,USA,USA"
38,age_pension_matched,amortisation at 6%,1.0678747869567846,0.8878645965257216,20.274509326698677,balanced_all_equity,international_equity,1.1436790887258559,11,"AUS,CHE,DEU,DNK,DNK,ESP,GBR,ITA,NLD,NOR,PRT,PRT,USA,USA,USA,USA"
38,australia_as_legislated,fixed_real_rule,0.6993933555641025,0.6844886553614826,2.177494117086365,balanced_all_equity,balanced_all_equity,0.6993933555641025,11,"AUS,CHE,DEU,DNK,DNK,ESP,GBR,ITA,NLD,NOR,PRT,PRT,USA,USA,USA,USA"
38,australia_as_legislated,amortisation at 6%,1.389381490632122,1.1138142582018644,24.740860552021648,balanced_all_equity,international_equity,1.5064097802281249,11,"AUS,CHE,DEU,DNK,DNK,ESP,GBR,ITA,NLD,NOR,PRT,PRT,USA,USA,USA,USA"
38,us_social_security,fixed_real_rule,1.0823155492072507,0.9746110081948838,11.051028575169774,balanced_all_equity,international_equity,1.13039794344288,11,"AUS,CHE,DEU,DNK,DNK,ESP,GBR,ITA,NLD,NOR,PRT,PRT,USA,USA,USA,USA"
38,us_social_security,amortisation at 6%,1.2940957598595861,1.0702487051240077,20.91542401909672,balanced_all_equity,international_equity,1.3919225922479772,11,"AUS,CHE,DEU,DNK,DNK,ESP,GBR,ITA,NLD,NOR,PRT,PRT,USA,USA,USA,USA"
39,age_pension_matched,fixed_real_rule,0.45481654375842545,0.5072882173493566,-10.343562455501543,target_date_fund,target_date_fund,0.5072882173493566,10,"AUS,BEL,BEL,DEU,GBR,ITA,ITA,JPN,JPN,NLD,NLD,NOR,SWE,SWE,USA,USA"
39,age_pension_matched,amortisation at 6%,1.1186412385023203,0.928473919237821,20.481708244492935,balanced_all_equity,international_equity,1.1566077327752233,10,"AUS,BEL,BEL,DEU,GBR,ITA,ITA,JPN,JPN,NLD,NLD,NOR,SWE,SWE,USA,USA"
39,australia_as_legislated,fixed_real_rule,0.7425305506155171,0.7135649172525214,4.0592849595974645,balanced_all_equity,balanced_all_equity,0.7425305506155171,10,"AUS,BEL,BEL,DEU,GBR,ITA,ITA,JPN,JPN,NLD,NLD,NOR,SWE,SWE,USA,USA"
39,australia_as_legislated,amortisation at 6%,1.4778323892541125,1.1949704366380132,23.671041888861843,balanced_all_equity,international_equity,1.507123614816359,10,"AUS,BEL,BEL,DEU,GBR,ITA,ITA,JPN,JPN,NLD,NLD,NOR,SWE,SWE,USA,USA"
39,us_social_security,fixed_real_rule,1.1145486007491532,1.0050720924691403,10.892403549984575,balanced_all_equity,international_equity,1.1344331579964206,10,"AUS,BEL,BEL,DEU,GBR,ITA,ITA,JPN,JPN,NLD,NLD,NOR,SWE,SWE,USA,USA"
39,us_social_security,amortisation at 6%,1.3614346297486088,1.1198517102521115,21.572759793536413,balanced_all_equity,international_equity,1.400390162363957,10,"AUS,BEL,BEL,DEU,GBR,ITA,ITA,JPN,JPN,NLD,NLD,NOR,SWE,SWE,USA,USA"
40,age_pension_matched,fixed_real_rule,0.42133227638629606,0.48475623189492595,-13.083680277962362,target_date_fund,target_date_fund,0.48475623189492595,11,"AUS,DEU,FIN,GBR,GBR,ITA,JPN,NLD,NOR,NOR,NOR,PRT,PRT,SWE,SWE,USA"
40,age_pension_matched,amortisation at 6%,1.0680294194514683,0.8772868543118689,21.742325694509024,balanced_all_equity,international_equity,1.182703916893347,11,"AUS,DEU,FIN,GBR,GBR,ITA,JPN,NLD,NOR,NOR,NOR,PRT,PRT,SWE,SWE,USA"
40,australia_as_legislated,fixed_real_rule,0.677731558074341,0.6363919948434259,6.495927599008544,balanced_all_equity,international_equity,0.7055251047373912,11,"AUS,DEU,FIN,GBR,GBR,ITA,JPN,NLD,NOR,NOR,NOR,PRT,PRT,SWE,SWE,USA"
40,australia_as_legislated,amortisation at 6%,1.389534556069387,1.1017583954016998,26.119715707976464,balanced_all_equity,international_equity,1.5552928278727516,11,"AUS,DEU,FIN,GBR,GBR,ITA,JPN,NLD,NOR,NOR,NOR,PRT,PRT,SWE,SWE,USA"
40,us_social_security,fixed_real_rule,1.0748281929971737,0.9546428265597661,12.589563666499037,balanced_all_equity,international_equity,1.1615788363779302,11,"AUS,DEU,FIN,GBR,GBR,ITA,JPN,NLD,NOR,NOR,NOR,PRT,PRT,SWE,SWE,USA"
40,us_social_security,amortisation at 6%,1.2932689340776655,1.054459340576252,22.647586712153966,balanced_all_equity,international_equity,1.4424203517973262,11,"AUS,DEU,FIN,GBR,GBR,ITA,JPN,NLD,NOR,NOR,NOR,PRT,PRT,SWE,SWE,USA"
41,age_pension_matched,fixed_real_rule,0.4269728300726935,0.4931574128902431,-13.420579532539566,target_date_fund,target_date_fund,0.4931574128902431,10,"BEL,BEL,CHE,CHE,DNK,DNK,GBR,ITA,ITA,NLD,NOR,NOR,PRT,SWE,USA,USA"
41,age_pension_matched,amortisation at 6%,0.9716389015764492,0.8471979237107866,14.688536690529453,balanced_all_equity,international_equity,0.9914449437394868,10,"BEL,BEL,CHE,CHE,DNK,DNK,GBR,ITA,ITA,NLD,NOR,NOR,PRT,SWE,USA,USA"
41,australia_as_legislated,fixed_real_rule,0.6421220141725127,0.6538174056078532,-1.78878557453932,target_date_fund,target_date_fund,0.6538174056078532,10,"BEL,BEL,CHE,CHE,DNK,DNK,GBR,ITA,ITA,NLD,NOR,NOR,PRT,SWE,USA,USA"
41,australia_as_legislated,amortisation at 6%,1.2455416644664685,1.0531256473878428,18.27094587961955,balanced_all_equity,international_equity,1.2673446808975941,10,"BEL,BEL,CHE,CHE,DNK,DNK,GBR,ITA,ITA,NLD,NOR,NOR,PRT,SWE,USA,USA"
41,us_social_security,fixed_real_rule,1.0009197911110066,0.9329787387272515,7.282165130197793,balanced_all_equity,international_equity,1.0070447617298053,10,"BEL,BEL,CHE,CHE,DNK,DNK,GBR,ITA,ITA,NLD,NOR,NOR,PRT,SWE,USA,USA"
41,us_social_security,amortisation at 6%,1.165018597144634,1.0134328197398839,14.95765426697524,balanced_all_equity,international_equity,1.184994350060686,10,"BEL,BEL,CHE,CHE,DNK,DNK,GBR,ITA,ITA,NLD,NOR,NOR,PRT,SWE,USA,USA"
42,age_pension_matched,fixed_real_rule,0.43223411907457016,0.47403724769658767,-8.818532472953267,target_date_fund,target_date_fund,0.47403724769658767,12,"AUS,CHE,DEU,DNK,ESP,FIN,FIN,FRA,FRA,JPN,NLD,NLD,NOR,PRT,USA,USA"
42,age_pension_matched,amortisation at 6%,1.0477213793710836,0.8601701585797165,21.80396738025012,balanced_all_equity,international_equity,1.1576910817223842,12,"AUS,CHE,DEU,DNK,ESP,FIN,FIN,FRA,FRA,JPN,NLD,NLD,NOR,PRT,USA,USA"
42,australia_as_legislated,fixed_real_rule,0.6893151922600063,0.6514310729741546,5.815522295073983,balanced_all_equity,international_equity,0.7190381450518476,12,"AUS,CHE,DEU,DNK,ESP,FIN,FIN,FRA,FRA,JPN,NLD,NLD,NOR,PRT,USA,USA"
42,australia_as_legislated,amortisation at 6%,1.3603569090727046,1.063579204892511,27.903676831495304,balanced_all_equity,international_equity,1.538616834286324,12,"AUS,CHE,DEU,DNK,ESP,FIN,FIN,FRA,FRA,JPN,NLD,NLD,NOR,PRT,USA,USA"
42,us_social_security,fixed_real_rule,1.0594345479612277,0.9396739437536373,12.74491061539842,balanced_all_equity,international_equity,1.1477457593650389,12,"AUS,CHE,DEU,DNK,ESP,FIN,FIN,FRA,FRA,JPN,NLD,NLD,NOR,PRT,USA,USA"
42,us_social_security,amortisation at 6%,1.2621065651720118,1.028547749324726,22.707629859734226,balanced_all_equity,international_equity,1.4099323223632858,12,"AUS,CHE,DEU,DNK,ESP,FIN,FIN,FRA,FRA,JPN,NLD,NLD,NOR,PRT,USA,USA"
43,age_pension_matched,fixed_real_rule,0.38191560266812224,0.4624227275609216,-17.409854683708858,target_date_fund,target_date_fund,0.4624227275609216,10,"BEL,CHE,CHE,DEU,DEU,ESP,ESP,FRA,FRA,GBR,ITA,ITA,NLD,PRT,SWE,SWE"
43,age_pension_matched,amortisation at 6%,0.9484201106611119,0.8161227042559306,16.210479835357418,balanced_all_equity,international_equity,1.0042339770731141,10,"BEL,CHE,CHE,DEU,DEU,ESP,ESP,FRA,FRA,GBR,ITA,ITA,NLD,PRT,SWE,SWE"
43,australia_as_legislated,fixed_real_rule,0.5853148002926172,0.6115295833929371,-4.286756325813856,target_date_fund,target_date_fund,0.6115295833929371,10,"BEL,CHE,CHE,DEU,DEU,ESP,ESP,FRA,FRA,GBR,ITA,ITA,NLD,PRT,SWE,SWE"
43,australia_as_legislated,amortisation at 6%,1.1991346975257264,0.9938783188297392,20.652063216115856,balanced_all_equity,international_equity,1.277756143027597,10,"BEL,CHE,CHE,DEU,DEU,ESP,ESP,FRA,FRA,GBR,ITA,ITA,NLD,PRT,SWE,SWE"
43,us_social_security,fixed_real_rule,0.9677139962634768,0.8945788350423979,8.175373522850293,balanced_all_equity,international_equity,1.006777728716033,10,"BEL,CHE,CHE,DEU,DEU,ESP,ESP,FRA,FRA,GBR,ITA,ITA,NLD,PRT,SWE,SWE"
43,us_social_security,amortisation at 6%,1.1310432502291796,0.9738639541064801,16.139759096732508,balanced_all_equity,international_equity,1.1999222268885918,10,"BEL,CHE,CHE,DEU,DEU,ESP,ESP,FRA,FRA,GBR,ITA,ITA,NLD,PRT,SWE,SWE"
44,age_pension_matched,fixed_real_rule,0.4137454616871046,0.45851850758345825,-9.764719450981863,target_date_fund,target_date_fund,0.45851850758345825,9,"AUS,ESP,ESP,FIN,FRA,GBR,GBR,GBR,NLD,NLD,NOR,NOR,PRT,PRT,USA,USA"
44,age_pension_matched,amortisation at 6%,0.9411334943551058,0.8114491423613355,15.981821314936129,balanced_all_equity,international_equity,0.9779546503073351,9,"AUS,ESP,ESP,FIN,FRA,GBR,GBR,GBR,NLD,NLD,NOR,NOR,PRT,PRT,USA,USA"
44,australia_as_legislated,fixed_real_rule,0.6282481002536665,0.6168764389015112,1.843426111784252,balanced_all_equity,international_equity,0.6320318079389068,9,"AUS,ESP,ESP,FIN,FRA,GBR,GBR,GBR,NLD,NLD,NOR,NOR,PRT,PRT,USA,USA"
44,australia_as_legislated,amortisation at 6%,1.1960921805125668,0.9947863432811531,20.236087737939457,balanced_all_equity,international_equity,1.2641119268030907,9,"AUS,ESP,ESP,FIN,FRA,GBR,GBR,GBR,NLD,NLD,NOR,NOR,PRT,PRT,USA,USA"
44,us_social_security,fixed_real_rule,0.9748479914789757,0.8919918890991921,9.288885178480566,balanced_all_equity,international_equity,0.9964340908647996,9,"AUS,ESP,ESP,FIN,FRA,GBR,GBR,GBR,NLD,NLD,NOR,NOR,PRT,PRT,USA,USA"
44,us_social_security,amortisation at 6%,1.1227566310588613,0.966091980934103,16.2163285915365,balanced_all_equity,international_equity,1.1693495338929205,9,"AUS,ESP,ESP,FIN,FRA,GBR,GBR,GBR,NLD,NLD,NOR,NOR,PRT,PRT,USA,USA"
45,age_pension_matched,fixed_real_rule,0.4017464918117358,0.46145870755359103,-12.939882759698628,target_date_fund,target_date_fund,0.46145870755359103,10,"AUS,DEU,DEU,DNK,ESP,FIN,FIN,FIN,GBR,ITA,ITA,NLD,NLD,NOR,SWE,SWE"
45,age_pension_matched,amortisation at 6%,1.0890218060097725,0.8869800404145345,22.77861466880504,balanced_all_equity,international_equity,1.1688465737385005,10,"AUS,DEU,DEU,DNK,ESP,FIN,FIN,FIN,GBR,ITA,ITA,NLD,NLD,NOR,SWE,SWE"
45,australia_as_legislated,fixed_real_rule,0.6032361051454898,0.636748579877794,-5.263062343811741,target_date_fund,target_date_fund,0.636748579877794,10,"AUS,DEU,DEU,DNK,ESP,FIN,FIN,FIN,GBR,ITA,ITA,NLD,NLD,NOR,SWE,SWE"
45,australia_as_legislated,amortisation at 6%,1.409165845953172,1.1033781962899867,27.71376584124734,balanced_all_equity,international_equity,1.5164070112027277,10,"AUS,DEU,DEU,DNK,ESP,FIN,FIN,FIN,GBR,ITA,ITA,NLD,NLD,NOR,SWE,SWE"
45,us_social_security,fixed_real_rule,1.0820392209752996,0.955476696563812,13.246008496768713,balanced_all_equity,international_equity,1.1461446741819457,10,"AUS,DEU,DEU,DNK,ESP,FIN,FIN,FIN,GBR,ITA,ITA,NLD,NLD,NOR,SWE,SWE"
45,us_social_security,amortisation at 6%,1.3137655829181807,1.0643556254377073,23.43295337758051,balanced_all_equity,international_equity,1.4129234712781296,10,"AUS,DEU,DEU,DNK,ESP,FIN,FIN,FIN,GBR,ITA,ITA,NLD,NLD,NOR,SWE,SWE"
46,age_pension_matched,fixed_real_rule,0.3641661355232035,0.45713742797898627,-20.337711761386668,target_date_fund,target_date_fund,0.45713742797898627,10,"AUS,AUS,BEL,DEU,DEU,DEU,FIN,FIN,FRA,ITA,JPN,NOR,NOR,NOR,PRT,SWE"
46,age_pension_matched,amortisation at 6%,1.0087862600537103,0.8531356403961287,18.244533727990753,balanced_all_equity,international_equity,1.0560490795777009,10,"AUS,AUS,BEL,DEU,DEU,DEU,FIN,FIN,FRA,ITA,JPN,NOR,NOR,NOR,PRT,SWE"
46,australia_as_legislated,fixed_real_rule,0.5698628644108124,0.6133984021626583,-7.097432532975745,target_date_fund,target_date_fund,0.6133984021626583,10,"AUS,AUS,BEL,DEU,DEU,DEU,FIN,FIN,FRA,ITA,JPN,NOR,NOR,NOR,PRT,SWE"
46,australia_as_legislated,amortisation at 6%,1.296537032271856,1.055045664608108,22.8891862944576,balanced_all_equity,international_equity,1.3612430526314114,10,"AUS,AUS,BEL,DEU,DEU,DEU,FIN,FIN,FRA,ITA,JPN,NOR,NOR,NOR,PRT,SWE"
46,us_social_security,fixed_real_rule,1.0194623886821452,0.9251921689864444,10.189258281225477,balanced_all_equity,international_equity,1.051940881738672,10,"AUS,AUS,BEL,DEU,DEU,DEU,FIN,FIN,FRA,ITA,JPN,NOR,NOR,NOR,PRT,SWE"
46,us_social_security,amortisation at 6%,1.2094145151326003,1.018681383134657,18.7235317299139,balanced_all_equity,international_equity,1.269629523382595,10,"AUS,AUS,BEL,DEU,DEU,DEU,FIN,FIN,FRA,ITA,JPN,NOR,NOR,NOR,PRT,SWE"
47,age_pension_matched,fixed_real_rule,0.38529852986281693,0.4612225009994801,-16.461462953809523,target_date_fund,target_date_fund,0.4612225009994801,10,"DEU,DEU,DNK,FIN,FIN,FRA,ITA,ITA,NLD,NOR,NOR,NOR,PRT,SWE,USA,USA"
47,age_pension_matched,amortisation at 6%,0.9900710921425453,0.8366544502170035,18.33691817281915,balanced_all_equity,international_equity,1.0496499525307208,10,"DEU,DEU,DNK,FIN,FIN,FRA,ITA,ITA,NLD,NOR,NOR,NOR,PRT,SWE,USA,USA"
47,australia_as_legislated,fixed_real_rule,0.5838963942809486,0.5966231666465829,-2.1331341250402924,target_date_fund,target_date_fund,0.5966231666465829,10,"DEU,DEU,DNK,FIN,FIN,FRA,ITA,ITA,NLD,NOR,NOR,NOR,PRT,SWE,USA,USA"
47,australia_as_legislated,amortisation at 6%,1.2631617136064248,1.0249339849650645,23.243226601514277,balanced_all_equity,international_equity,1.3452353887105477,10,"DEU,DEU,DNK,FIN,FIN,FRA,ITA,ITA,NLD,NOR,NOR,NOR,PRT,SWE,USA,USA"
47,us_social_security,fixed_real_rule,1.0055943081057521,0.9137242772545502,10.054458783479191,balanced_all_equity,international_equity,1.0424913740553914,10,"DEU,DEU,DNK,FIN,FIN,FRA,ITA,ITA,NLD,NOR,NOR,NOR,PRT,SWE,USA,USA"
47,us_social_security,amortisation at 6%,1.190622409302343,1.0031243734532367,18.69140465639847,balanced_all_equity,international_equity,1.2651797991120053,10,"DEU,DEU,DNK,FIN,FIN,FRA,ITA,ITA,NLD,NOR,NOR,NOR,PRT,SWE,USA,USA"
48,age_pension_matched,fixed_real_rule,0.3741069637454618,0.4571945290096346,-18.17335072756784,target_date_fund,target_date_fund,0.4571945290096346,11,"BEL,BEL,DEU,DEU,DEU,ESP,FIN,FRA,ITA,ITA,JPN,JPN,NLD,PRT,SWE,USA"
48,age_pension_matched,amortisation at 6%,1.0045591511302623,0.8529672130532853,17.772305401322264,balanced_all_equity,international_equity,1.0389783009704188,11,"BEL,BEL,DEU,DEU,DEU,ESP,FIN,FRA,ITA,ITA,JPN,JPN,NLD,PRT,SWE,USA"
48,australia_as_legislated,fixed_real_rule,0.5732665949537612,0.6323158883836072,-9.338574993077287,target_date_fund,target_date_fund,0.6323158883836072,11,"BEL,BEL,DEU,DEU,DEU,ESP,FIN,FRA,ITA,ITA,JPN,JPN,NLD,PRT,SWE,USA"
48,australia_as_legislated,amortisation at 6%,1.2877257363689703,1.053089031547246,22.28080416685998,balanced_all_equity,international_equity,1.3244265057328506,11,"BEL,BEL,DEU,DEU,DEU,ESP,FIN,FRA,ITA,ITA,JPN,JPN,NLD,PRT,SWE,USA"
48,us_social_security,fixed_real_rule,1.0132364631172277,0.9261702893596998,9.400665812517083,balanced_all_equity,international_equity,1.0327484974730141,11,"BEL,BEL,DEU,DEU,DEU,ESP,FIN,FRA,ITA,ITA,JPN,JPN,NLD,PRT,SWE,USA"
48,us_social_security,amortisation at 6%,1.2055016282986006,1.02025973943498,18.15634604637126,balanced_all_equity,international_equity,1.2457262432470233,11,"BEL,BEL,DEU,DEU,DEU,ESP,FIN,FRA,ITA,ITA,JPN,JPN,NLD,PRT,SWE,USA"
49,age_pension_matched,fixed_real_rule,0.44320706745839056,0.5149220007247296,-13.927339124256388,target_date_fund,target_date_fund,0.5149220007247296,12,"AUS,CHE,DNK,ESP,FRA,GBR,JPN,JPN,NLD,NLD,NOR,PRT,SWE,USA,USA,USA"
49,age_pension_matched,amortisation at 6%,1.01504838393149,0.8675215494184455,17.005552727991734,balanced_all_equity,international_equity,1.0358632862767705,12,"AUS,CHE,DNK,ESP,FRA,GBR,JPN,JPN,NLD,NLD,NOR,PRT,SWE,USA,USA,USA"
49,australia_as_legislated,fixed_real_rule,0.6890153200011723,0.711916515929282,-3.2168372857899197,target_date_fund,international_equity,0.7259460054356607,12,"AUS,CHE,DNK,ESP,FRA,GBR,JPN,JPN,NLD,NLD,NOR,PRT,SWE,USA,USA,USA"
49,australia_as_legislated,amortisation at 6%,1.3200518361097378,1.0872158445531033,21.4158019056778,balanced_all_equity,international_equity,1.367537369392563,12,"AUS,CHE,DNK,ESP,FRA,GBR,JPN,JPN,NLD,NLD,NOR,PRT,SWE,USA,USA,USA"
49,us_social_security,fixed_real_rule,1.0475231172379815,0.9585555930222984,9.281415169168339,balanced_all_equity,international_equity,1.0571084946325595,12,"AUS,CHE,DNK,ESP,FRA,GBR,JPN,JPN,NLD,NLD,NOR,PRT,SWE,USA,USA,USA"
49,us_social_security,amortisation at 6%,1.2247340104832576,1.0395956719683461,17.80868692579056,balanced_all_equity,international_equity,1.255614696012597,12,"AUS,CHE,DNK,ESP,FRA,GBR,JPN,JPN,NLD,NLD,NOR,PRT,SWE,USA,USA,USA"
50,age_pension_matched,fixed_real_rule,0.41469973886368633,0.46850185629182767,-11.483864301837098,target_date_fund,target_date_fund,0.46850185629182767,10,"AUS,BEL,DEU,ESP,ESP,ESP,FIN,FIN,FRA,GBR,GBR,JPN,SWE,SWE,SWE,USA"
50,age_pension_matched,amortisation at 6%,1.1003874148917898,0.8947399866817535,22.98404355132306,balanced_all_equity,international_equity,1.174622593888115,10,"AUS,BEL,DEU,ESP,ESP,ESP,FIN,FIN,FRA,GBR,GBR,JPN,SWE,SWE,SWE,USA"
50,australia_as_legislated,fixed_real_rule,0.6887013715241914,0.6512515561736034,5.75043775259787,balanced_all_equity,international_equity,0.6917783890717912,10,"AUS,BEL,DEU,ESP,ESP,ESP,FIN,FIN,FRA,GBR,GBR,JPN,SWE,SWE,SWE,USA"
50,australia_as_legislated,amortisation at 6%,1.4414969574968854,1.1258786774965053,28.033063091858736,balanced_all_equity,international_equity,1.5474547627470212,10,"AUS,BEL,DEU,ESP,ESP,ESP,FIN,FIN,FRA,GBR,GBR,JPN,SWE,SWE,SWE,USA"
50,us_social_security,fixed_real_rule,1.0948842341422074,0.9623869950986195,13.767563331423705,balanced_all_equity,international_equity,1.1546116799072759,10,"AUS,BEL,DEU,ESP,ESP,ESP,FIN,FIN,FRA,GBR,GBR,JPN,SWE,SWE,SWE,USA"
50,us_social_security,amortisation at 6%,1.3308572688394078,1.068835484777865,24.51469733117988,balanced_all_equity,international_equity,1.4268922617632442,10,"AUS,BEL,DEU,ESP,ESP,ESP,FIN,FIN,FRA,GBR,GBR,JPN,SWE,SWE,SWE,USA"
51,age_pension_matched,fixed_real_rule,0.3981703623415581,0.4698553180696634,-15.25681480473886,target_date_fund,target_date_fund,0.4698553180696634,10,"BEL,BEL,BEL,CHE,ESP,FIN,GBR,ITA,ITA,NLD,PRT,PRT,SWE,USA,USA,USA"
51,age_pension_matched,amortisation at 6%,0.9609941437670254,0.8264102444359873,16.28536192976282,balanced_all_equity,international_equity,1.0005012705262832,10,"BEL,BEL,BEL,CHE,ESP,FIN,GBR,ITA,ITA,NLD,PRT,PRT,SWE,USA,USA,USA"
51,australia_as_legislated,fixed_real_rule,0.5837505148300592,0.6182347103742897,-5.5778485040662185,target_date_fund,target_date_fund,0.6182347103742897,10,"BEL,BEL,BEL,CHE,ESP,FIN,GBR,ITA,ITA,NLD,PRT,PRT,SWE,USA,USA,USA"
51,australia_as_legislated,amortisation at 6%,1.2201874078707737,1.0134945157106765,20.39408096995585,balanced_all_equity,international_equity,1.2755145447997809,10,"BEL,BEL,BEL,CHE,ESP,FIN,GBR,ITA,ITA,NLD,PRT,PRT,SWE,USA,USA,USA"
51,us_social_security,fixed_real_rule,0.979590980455959,0.9044956722715235,8.302450800659278,balanced_all_equity,international_equity,1.0018972284175849,10,"BEL,BEL,BEL,CHE,ESP,FIN,GBR,ITA,ITA,NLD,PRT,PRT,SWE,USA,USA,USA"
51,us_social_security,amortisation at 6%,1.149068183765404,0.9866733456164813,16.45882488570287,balanced_all_equity,international_equity,1.1938566033198388,10,"BEL,BEL,BEL,CHE,ESP,FIN,GBR,ITA,ITA,NLD,PRT,PRT,SWE,USA,USA,USA"
52,age_pension_matched,fixed_real_rule,0.38004963521118557,0.4467522961973538,-14.930569255922121,target_date_fund,target_date_fund,0.4467522961973538,10,"AUS,BEL,CHE,FIN,FIN,FIN,FRA,FRA,FRA,GBR,ITA,NLD,PRT,PRT,SWE,SWE"
52,age_pension_matched,amortisation at 6%,0.912567603537684,0.7862042967021078,16.07257901866379,balanced_all_equity,international_equity,0.9771032936272972,10,"AUS,BEL,CHE,FIN,FIN,FIN,FRA,FRA,FRA,GBR,ITA,NLD,PRT,PRT,SWE,SWE"
52,australia_as_legislated,fixed_real_rule,0.5519386543307283,0.5685553458550637,-2.922616354850238,target_date_fund,target_date_fund,0.5685553458550637,10,"AUS,BEL,CHE,FIN,FIN,FIN,FRA,FRA,FRA,GBR,ITA,NLD,PRT,PRT,SWE,SWE"
52,australia_as_legislated,amortisation at 6%,1.1445505469938242,0.945157817391218,21.09623662141007,balanced_all_equity,international_equity,1.2502792952331219,10,"AUS,BEL,CHE,FIN,FIN,FIN,FRA,FRA,FRA,GBR,ITA,NLD,PRT,PRT,SWE,SWE"
52,us_social_security,fixed_real_rule,0.9422064463649794,0.8653173254617283,8.885656006277642,balanced_all_equity,international_equity,0.9930076924846047,10,"AUS,BEL,CHE,FIN,FIN,FIN,FRA,FRA,FRA,GBR,ITA,NLD,PRT,PRT,SWE,SWE"
52,us_social_security,amortisation at 6%,1.0852535366542029,0.9377027160102955,15.735351740443004,balanced_all_equity,international_equity,1.168255789225714,10,"AUS,BEL,CHE,FIN,FIN,FIN,FRA,FRA,FRA,GBR,ITA,NLD,PRT,PRT,SWE,SWE"
53,age_pension_matched,fixed_real_rule,0.4528578593942036,0.49870771363231103,-9.19373271854218,target_date_fund,target_date_fund,0.49870771363231103,10,"AUS,BEL,BEL,CHE,ESP,ESP,JPN,JPN,JPN,NLD,NOR,NOR,PRT,SWE,USA,USA"
53,age_pension_matched,amortisation at 6%,1.0251564755289881,0.8769710190931279,16.89741772642592,balanced_all_equity,international_equity,1.0293289616086831,10,"AUS,BEL,BEL,CHE,ESP,ESP,JPN,JPN,JPN,NLD,NOR,NOR,PRT,SWE,USA,USA"
53,australia_as_legislated,fixed_real_rule,0.7218774325472616,0.6915790651353779,4.381041726003176,balanced_all_equity,balanced_all_equity,0.7218774325472616,10,"AUS,BEL,BEL,CHE,ESP,ESP,JPN,JPN,JPN,NLD,NOR,NOR,PRT,SWE,USA,USA"
53,australia_as_legislated,amortisation at 6%,1.342052228606191,1.1150438088463832,20.358699627655795,balanced_all_equity,balanced_all_equity,1.342052228606191,10,"AUS,BEL,BEL,CHE,ESP,ESP,JPN,JPN,JPN,NLD,NOR,NOR,PRT,SWE,USA,USA"
53,us_social_security,fixed_real_rule,1.047029095739809,0.9601008934869752,9.054069508999252,balanced_all_equity,balanced_all_equity,1.047029095739809,10,"AUS,BEL,BEL,CHE,ESP,ESP,JPN,JPN,JPN,NLD,NOR,NOR,PRT,SWE,USA,USA"
53,us_social_security,amortisation at 6%,1.240448813245611,1.0513736398919804,17.983632666789752,balanced_all_equity,international_equity,1.2427978464055653,10,"AUS,BEL,BEL,CHE,ESP,ESP,JPN,JPN,JPN,NLD,NOR,NOR,PRT,SWE,USA,USA"
54,age_pension_matched,fixed_real_rule,0.41472346656046677,0.4757967698250661,-12.836006282063206,target_date_fund,target_date_fund,0.4757967698250661,11,"AUS,CHE,CHE,DNK,ESP,ESP,ESP,FIN,ITA,NLD,NLD,NOR,PRT,SWE,SWE,USA"
54,age_pension_matched,amortisation at 6%,1.0031475268308077,0.8573339268112015,17.00779538282715,balanced_all_equity,international_equity,1.037682633805256,11,"AUS,CHE,CHE,DNK,ESP,ESP,ESP,FIN,ITA,NLD,NLD,NOR,PRT,SWE,SWE,USA"
54,australia_as_legislated,fixed_real_rule,0.6464345056737513,0.639473344407811,1.0885772373181002,balanced_all_equity,balanced_all_equity,0.6464345056737513,11,"AUS,CHE,CHE,DNK,ESP,ESP,ESP,FIN,ITA,NLD,NLD,NOR,PRT,SWE,SWE,USA"
54,australia_as_legislated,amortisation at 6%,1.2893059499319646,1.0696857363195789,20.531283736476034,balanced_all_equity,international_equity,1.347120876229592,11,"AUS,CHE,CHE,DNK,ESP,ESP,ESP,FIN,ITA,NLD,NLD,NOR,PRT,SWE,SWE,USA"
54,us_social_security,fixed_real_rule,1.0173592031569523,0.9354424456104528,8.757006690351975,balanced_all_equity,international_equity,1.0450351913571676,11,"AUS,CHE,CHE,DNK,ESP,ESP,ESP,FIN,ITA,NLD,NLD,NOR,PRT,SWE,SWE,USA"
54,us_social_security,amortisation at 6%,1.205979468751576,1.02563166403807,17.58407145928478,balanced_all_equity,international_equity,1.247135407041128,11,"AUS,CHE,CHE,DNK,ESP,ESP,ESP,FIN,ITA,NLD,NLD,NOR,PRT,SWE,SWE,USA"
55,age_pension_matched,fixed_real_rule,0.4143125973253244,0.4714733439899674,-12.123855440247189,target_date_fund,target_date_fund,0.4714733439899674,13,"AUS,BEL,DEU,DEU,DNK,ESP,FIN,FRA,GBR,ITA,JPN,NLD,PRT,PRT,USA,USA"
55,age_pension_matched,amortisation at 6%,1.0268178205891885,0.8556880437123516,19.999084728869242,balanced_all_equity,international_equity,1.1136675658771007,13,"AUS,BEL,DEU,DEU,DNK,ESP,FIN,FRA,GBR,ITA,JPN,NLD,PRT,PRT,USA,USA"
55,australia_as_legislated,fixed_real_rule,0.6054869228711682,0.6493784270416593,-6.7590025080514815,target_date_fund,target_date_fund,0.6493784270416593,13,"AUS,BEL,DEU,DEU,DNK,ESP,FIN,FRA,GBR,ITA,JPN,NLD,PRT,PRT,USA,USA"
55,australia_as_legislated,amortisation at 6%,1.3260176952439409,1.0577320809039787,25.364231565206463,balanced_all_equity,international_equity,1.4598361465219796,13,"AUS,BEL,DEU,DEU,DNK,ESP,FIN,FRA,GBR,ITA,JPN,NLD,PRT,PRT,USA,USA"
55,us_social_security,fixed_real_rule,1.0471303554487297,0.937240634716432,11.724813955121082,balanced_all_equity,international_equity,1.1094142877655175,13,"AUS,BEL,DEU,DEU,DNK,ESP,FIN,FRA,GBR,ITA,JPN,NLD,PRT,PRT,USA,USA"
55,us_social_security,amortisation at 6%,1.23843642268343,1.026865241348613,20.60359751362837,balanced_all_equity,international_equity,1.3502666035863395,13,"AUS,BEL,DEU,DEU,DNK,ESP,FIN,FRA,GBR,ITA,JPN,NLD,PRT,PRT,USA,USA"
56,age_pension_matched,fixed_real_rule,0.4384596994005347,0.48714578455979113,-9.99415097130556,target_date_fund,target_date_fund,0.48714578455979113,10,"AUS,CHE,DEU,DEU,DEU,DNK,DNK,DNK,ESP,FIN,FRA,ITA,JPN,JPN,PRT,PRT"
56,age_pension_matched,amortisation at 6%,1.0369318180961158,0.8661253247668081,19.720759622782637,balanced_all_equity,international_equity,1.0906478492764178,10,"AUS,CHE,DEU,DEU,DEU,DNK,DNK,DNK,ESP,FIN,FRA,ITA,JPN,JPN,PRT,PRT"
56,australia_as_legislated,fixed_real_rule,0.6954934089245445,0.652331032099523,6.616637060190689,balanced_all_equity,balanced_all_equity,0.6954934089245445,10,"AUS,CHE,DEU,DEU,DEU,DNK,DNK,DNK,ESP,FIN,FRA,ITA,JPN,JPN,PRT,PRT"
56,australia_as_legislated,amortisation at 6%,1.3405730781405292,1.0708358576927874,25.189408676406757,balanced_all_equity,international_equity,1.4134359887401233,10,"AUS,CHE,DEU,DEU,DEU,DNK,DNK,DNK,ESP,FIN,FRA,ITA,JPN,JPN,PRT,PRT"
56,us_social_security,fixed_real_rule,1.049290813528013,0.9431499162303498,11.253873373799884,balanced_all_equity,international_equity,1.0835427992992432,10,"AUS,CHE,DEU,DEU,DEU,DNK,DNK,DNK,ESP,FIN,FRA,ITA,JPN,JPN,PRT,PRT"
56,us_social_security,amortisation at 6%,1.2490704016786118,1.0388096695927356,20.240544369240297,balanced_all_equity,international_equity,1.3176876929485941,10,"AUS,CHE,DEU,DEU,DEU,DNK,DNK,DNK,ESP,FIN,FRA,ITA,JPN,JPN,PRT,PRT"
57,age_pension_matched,fixed_real_rule,0.42941095237179683,0.4905501353852818,-12.463391324001128,target_date_fund,target_date_fund,0.4905501353852818,13,"AUS,BEL,BEL,CHE,CHE,DNK,DNK,ESP,FIN,FRA,GBR,ITA,JPN,NLD,PRT,USA"
57,age_pension_matched,amortisation at 6%,1.0008690498397317,0.8514255569737086,17.552150231102104,balanced_all_equity,international_equity,1.0380038534608782,13,"AUS,BEL,BEL,CHE,CHE,DNK,DNK,ESP,FIN,FRA,GBR,ITA,JPN,NLD,PRT,USA"
57,australia_as_legislated,fixed_real_rule,0.6650926638762225,0.6588878890244632,0.9417041890003475,balanced_all_equity,balanced_all_equity,0.6650926638762225,13,"AUS,BEL,BEL,CHE,CHE,DNK,DNK,ESP,FIN,FRA,GBR,ITA,JPN,NLD,PRT,USA"
57,australia_as_legislated,amortisation at 6%,1.2936209456198904,1.0557919249060213,22.526126133711323,balanced_all_equity,international_equity,1.3553549232230078,13,"AUS,BEL,BEL,CHE,CHE,DNK,DNK,ESP,FIN,FRA,GBR,ITA,JPN,NLD,PRT,USA"
57,us_social_security,fixed_real_rule,1.024152831493393,0.934671781636915,9.573526409427657,balanced_all_equity,international_equity,1.0442622473699439,13,"AUS,BEL,BEL,CHE,CHE,DNK,DNK,ESP,FIN,FRA,GBR,ITA,JPN,NLD,PRT,USA"
57,us_social_security,amortisation at 6%,1.204263997112069,1.0198421826278647,18.08336795885397,balanced_all_equity,international_equity,1.2516977015830981,13,"AUS,BEL,BEL,CHE,CHE,DNK,DNK,ESP,FIN,FRA,GBR,ITA,JPN,NLD,PRT,USA"
58,age_pension_matched,fixed_real_rule,0.40325880550069104,0.4565717767536017,-11.676799567416563,target_date_fund,target_date_fund,0.4565717767536017,10,"BEL,BEL,DEU,FIN,FIN,FIN,FIN,FRA,GBR,JPN,NLD,NLD,NOR,SWE,USA,USA"
58,age_pension_matched,amortisation at 6%,1.0707282071714959,0.8811059053931831,21.520943239359624,balanced_all_equity,international_equity,1.1308172284243592,10,"BEL,BEL,DEU,FIN,FIN,FIN,FIN,FRA,GBR,JPN,NLD,NLD,NOR,SWE,USA,USA"
58,australia_as_legislated,fixed_real_rule,0.6437809205262826,0.6286519846895676,2.4065677362310023,balanced_all_equity,balanced_all_equity,0.6437809205262826,10,"BEL,BEL,DEU,FIN,FIN,FIN,FIN,FRA,GBR,JPN,NLD,NLD,NOR,SWE,USA,USA"
58,australia_as_legislated,amortisation at 6%,1.3961580256983204,1.1012082038380457,26.78420128294401,balanced_all_equity,international_equity,1.4816013133624002,10,"BEL,BEL,DEU,FIN,FIN,FIN,FIN,FRA,GBR,JPN,NLD,NLD,NOR,SWE,USA,USA"
58,us_social_security,fixed_real_rule,1.06984738036583,0.9496445933498525,12.657660335006437,balanced_all_equity,international_equity,1.113496093246102,10,"BEL,BEL,DEU,FIN,FIN,FIN,FIN,FRA,GBR,JPN,NLD,NLD,NOR,SWE,USA,USA"
58,us_social_security,amortisation at 6%,1.2918792064036062,1.0539250782818128,22.577897900458343,balanced_all_equity,international_equity,1.3701462680477328,10,"BEL,BEL,DEU,FIN,FIN,FIN,FIN,FRA,GBR,JPN,NLD,NLD,NOR,SWE,USA,USA"
59,age_pension_matched,fixed_real_rule,0.39706494384030144,0.4949511195959461,-19.776937939963478,target_date_fund,target_date_fund,0.4949511195959461,11,"DEU,DEU,DNK,ESP,FIN,FRA,FRA,JPN,NLD,NLD,NOR,PRT,SWE,USA,USA,USA"
59,age_pension_matched,amortisation at 6%,1.0391844561426793,0.8624691815410401,20.489459610126403,balanced_all_equity,international_equity,1.1309654424865059,11,"DEU,DEU,DNK,ESP,FIN,FRA,FRA,JPN,NLD,NLD,NOR,PRT,SWE,USA,USA,USA"
59,australia_as_legislated,fixed_real_rule,0.6355692636517786,0.6445112089992826,-1.3873995087514412,target_date_fund,international_equity,0.673039862464354,11,"DEU,DEU,DNK,ESP,FIN,FRA,FRA,JPN,NLD,NLD,NOR,PRT,SWE,USA,USA,USA"
59,australia_as_legislated,amortisation at 6%,1.3453797225823974,1.0667577696634687,26.118577323024873,balanced_all_equity,international_equity,1.4871061063908866,11,"DEU,DEU,DNK,ESP,FIN,FRA,FRA,JPN,NLD,NLD,NOR,PRT,SWE,USA,USA,USA"
59,us_social_security,fixed_real_rule,1.053925170065713,0.9482224378854914,11.147461603622855,balanced_all_equity,international_equity,1.1179417109632814,11,"DEU,DEU,DNK,ESP,FIN,FRA,FRA,JPN,NLD,NLD,NOR,PRT,SWE,USA,USA,USA"
59,us_social_security,amortisation at 6%,1.2547941176283013,1.0366143786524793,21.047338669895677,balanced_all_equity,international_equity,1.3710139354072688,11,"DEU,DEU,DNK,ESP,FIN,FRA,FRA,JPN,NLD,NLD,NOR,PRT,SWE,USA,USA,USA"
60,age_pension_matched,fixed_real_rule,0.4230813732745911,0.4777516774449341,-11.443246931695871,target_date_fund,target_date_fund,0.4777516774449341,9,"CHE,DEU,FRA,FRA,GBR,GBR,JPN,NOR,PRT,PRT,PRT,SWE,SWE,SWE,SWE,USA"
60,age_pension_matched,amortisation at 6%,1.0056203529890968,0.8379845030541943,20.00464797665371,balanced_all_equity,international_equity,1.129712717794781,9,"CHE,DEU,FRA,FRA,GBR,GBR,JPN,NOR,PRT,PRT,PRT,SWE,SWE,SWE,SWE,USA"
60,australia_as_legislated,fixed_real_rule,0.6641802887202882,0.6364923972995604,4.350074178136132,balanced_all_equity,international_equity,0.7188155870795636,9,"CHE,DEU,FRA,FRA,GBR,GBR,JPN,NOR,PRT,PRT,PRT,SWE,SWE,SWE,SWE,USA"
60,australia_as_legislated,amortisation at 6%,1.2987913914824032,1.031884718426759,25.86593911988324,balanced_all_equity,international_equity,1.4866815361057624,9,"CHE,DEU,FRA,FRA,GBR,GBR,JPN,NOR,PRT,PRT,PRT,SWE,SWE,SWE,SWE,USA"
60,us_social_security,fixed_real_rule,1.0270181635260391,0.9203796085208887,11.586366540271964,balanced_all_equity,international_equity,1.1289045104016318,9,"CHE,DEU,FRA,FRA,GBR,GBR,JPN,NOR,PRT,PRT,PRT,SWE,SWE,SWE,SWE,USA"
60,us_social_security,amortisation at 6%,1.2082598262268003,1.0016582712180784,20.625952078195464,balanced_all_equity,international_equity,1.3749581861237588,9,"CHE,DEU,FRA,FRA,GBR,GBR,JPN,NOR,PRT,PRT,PRT,SWE,SWE,SWE,SWE,USA"
61,age_pension_matched,fixed_real_rule,0.41643805818600754,0.4729157552386038,-11.94244353819448,target_date_fund,target_date_fund,0.4729157552386038,12,"AUS,BEL,DNK,DNK,ESP,ESP,ESP,FIN,FRA,GBR,ITA,ITA,JPN,NLD,PRT,USA"
61,age_pension_matched,amortisation at 6%,0.982235990405608,0.8283151112565942,18.58240626752643,balanced_all_equity,international_equity,1.025041132532141,12,"AUS,BEL,DNK,DNK,ESP,ESP,ESP,FIN,FRA,GBR,ITA,ITA,JPN,NLD,PRT,USA"
61,australia_as_legislated,fixed_real_rule,0.6521201516202529,0.6241183098538341,4.486623982074289,balanced_all_equity,balanced_all_equity,0.6521201516202529,12,"AUS,BEL,DNK,DNK,ESP,ESP,ESP,FIN,FRA,GBR,ITA,ITA,JPN,NLD,PRT,USA"
61,australia_as_legislated,amortisation at 6%,1.2601316723977167,1.0163441069546342,23.986715107107347,balanced_all_equity,international_equity,1.3279408290308068,12,"AUS,BEL,DNK,DNK,ESP,ESP,ESP,FIN,FRA,GBR,ITA,ITA,JPN,NLD,PRT,USA"
61,us_social_security,fixed_real_rule,1.0047373662342172,0.9072599330592771,10.74415717293351,balanced_all_equity,international_equity,1.0374786973026913,12,"AUS,BEL,DNK,DNK,ESP,ESP,ESP,FIN,FRA,GBR,ITA,ITA,JPN,NLD,PRT,USA"
61,us_social_security,amortisation at 6%,1.1792674052956198,0.9899107639926135,19.128657672058537,balanced_all_equity,international_equity,1.2350296795116413,12,"AUS,BEL,DNK,DNK,ESP,ESP,ESP,FIN,FRA,GBR,ITA,ITA,JPN,NLD,PRT,USA"
62,age_pension_matched,fixed_real_rule,0.4030718941785685,0.47679127087880696,-15.461561736304697,target_date_fund,target_date_fund,0.47679127087880696,10,"BEL,BEL,CHE,ESP,ESP,ESP,FRA,GBR,ITA,JPN,NLD,NOR,NOR,SWE,SWE,SWE"
62,age_pension_matched,amortisation at 6%,0.9663839355725616,0.8378981658838143,15.334294180393716,balanced_all_equity,international_equity,0.9871379934592363,10,"BEL,BEL,CHE,ESP,ESP,ESP,FRA,GBR,ITA,JPN,NLD,NOR,NOR,SWE,SWE,SWE"
62,australia_as_legislated,fixed_real_rule,0.6178906033460217,0.6451689769975948,-4.22809754097565,target_date_fund,target_date_fund,0.6451689769975948,10,"BEL,BEL,CHE,ESP,ESP,ESP,FRA,GBR,ITA,JPN,NLD,NOR,NOR,SWE,SWE,SWE"
62,australia_as_legislated,amortisation at 6%,1.2412562031774343,1.0445846313874052,18.827729786605452,balanced_all_equity,international_equity,1.2721459032772302,10,"BEL,BEL,CHE,ESP,ESP,ESP,FRA,GBR,ITA,JPN,NLD,NOR,NOR,SWE,SWE,SWE"
62,us_social_security,fixed_real_rule,0.9885946107869806,0.9147379533347958,8.074078175386813,balanced_all_equity,international_equity,1.005954205975316,10,"BEL,BEL,CHE,ESP,ESP,ESP,FRA,GBR,ITA,JPN,NLD,NOR,NOR,SWE,SWE,SWE"
62,us_social_security,amortisation at 6%,1.1561033244526837,0.9970476926648757,15.95266033490228,balanced_all_equity,international_equity,1.1804287376027176,10,"BEL,BEL,CHE,ESP,ESP,ESP,FRA,GBR,ITA,JPN,NLD,NOR,NOR,SWE,SWE,SWE"
63,age_pension_matched,fixed_real_rule,0.40308589856959726,0.4506657686554667,-10.55768451813437,target_date_fund,target_date_fund,0.4506657686554667,11,"AUS,AUS,BEL,BEL,CHE,DEU,DNK,ESP,FIN,FIN,FRA,GBR,ITA,PRT,PRT,PRT"
63,age_pension_matched,amortisation at 6%,0.9739160244886736,0.8186989422905925,18.95899385967299,balanced_all_equity,international_equity,1.0768753312937793,11,"AUS,AUS,BEL,BEL,CHE,DEU,DNK,ESP,FIN,FIN,FRA,GBR,ITA,PRT,PRT,PRT"
63,australia_as_legislated,fixed_real_rule,0.619662476126444,0.5991378373804033,3.4256956355452672,balanced_all_equity,international_equity,0.6288838339210217,11,"AUS,AUS,BEL,BEL,CHE,DEU,DNK,ESP,FIN,FIN,FRA,GBR,ITA,PRT,PRT,PRT"
63,australia_as_legislated,amortisation at 6%,1.2393888291847424,0.9959294386167746,24.445445744239013,balanced_all_equity,international_equity,1.4018235935134522,11,"AUS,AUS,BEL,BEL,CHE,DEU,DNK,ESP,FIN,FIN,FRA,GBR,ITA,PRT,PRT,PRT"
63,us_social_security,fixed_real_rule,0.9961615094552693,0.8969675098228106,11.058817465088989,balanced_all_equity,international_equity,1.0744493200716956,11,"AUS,AUS,BEL,BEL,CHE,DEU,DNK,ESP,FIN,FIN,FRA,GBR,ITA,PRT,PRT,PRT"
63,us_social_security,amortisation at 6%,1.1660471038744882,0.9801124154612401,18.97075126078751,balanced_all_equity,international_equity,1.3040624825532736,11,"AUS,AUS,BEL,BEL,CHE,DEU,DNK,ESP,FIN,FIN,FRA,GBR,ITA,PRT,PRT,PRT"
64,age_pension_matched,fixed_real_rule,0.44713472412081545,0.4898790749886797,-8.725490238351586,target_date_fund,target_date_fund,0.4898790749886797,12,"AUS,AUS,BEL,BEL,CHE,DEU,DNK,ESP,FIN,GBR,NLD,NLD,NLD,NOR,PRT,SWE"
64,age_pension_matched,amortisation at 6%,1.0753610224915846,0.8992786366402227,19.58040352311936,balanced_all_equity,international_equity,1.1693103078980345,12,"AUS,AUS,BEL,BEL,CHE,DEU,DNK,ESP,FIN,GBR,NLD,NLD,NLD,NOR,PRT,SWE"
64,australia_as_legislated,fixed_real_rule,0.7115722842819754,0.6788306264570324,4.823244053649867,balanced_all_equity,international_equity,0.7799069591546757,12,"AUS,AUS,BEL,BEL,CHE,DEU,DNK,ESP,FIN,GBR,NLD,NLD,NLD,NOR,PRT,SWE"
64,australia_as_legislated,amortisation at 6%,1.40853982512293,1.14280357852696,23.25301141763103,balanced_all_equity,international_equity,1.5596142410158018,12,"AUS,AUS,BEL,BEL,CHE,DEU,DNK,ESP,FIN,GBR,NLD,NLD,NLD,NOR,PRT,SWE"
64,us_social_security,fixed_real_rule,1.0825686684609916,0.9758658928163877,10.934163846699828,balanced_all_equity,international_equity,1.155571712124052,12,"AUS,AUS,BEL,BEL,CHE,DEU,DNK,ESP,FIN,GBR,NLD,NLD,NLD,NOR,PRT,SWE"
64,us_social_security,amortisation at 6%,1.2981868088980544,1.0779775488084644,20.428000595466656,balanced_all_equity,international_equity,1.4243024278906296,12,"AUS,AUS,BEL,BEL,CHE,DEU,DNK,ESP,FIN,GBR,NLD,NLD,NLD,NOR,PRT,SWE"
65,age_pension_matched,fixed_real_rule,0.4488537318079096,0.49134196630933424,-8.64738561221846,target_date_fund,target_date_fund,0.49134196630933424,11,"AUS,AUS,BEL,CHE,FIN,GBR,ITA,ITA,JPN,JPN,NLD,NOR,NOR,SWE,SWE,USA"
65,age_pension_matched,amortisation at 6%,1.068615526960077,0.892882242278197,19.681574608707074,balanced_all_equity,international_equity,1.0875990876780388,11,"AUS,AUS,BEL,CHE,FIN,GBR,ITA,ITA,JPN,JPN,NLD,NOR,NOR,SWE,SWE,USA"
65,australia_as_legislated,fixed_real_rule,0.7156285582929488,0.6680787113232957,7.117401911440768,balanced_all_equity,balanced_all_equity,0.7156285582929488,11,"AUS,AUS,BEL,CHE,FIN,GBR,ITA,ITA,JPN,JPN,NLD,NOR,NOR,SWE,SWE,USA"
65,australia_as_legislated,amortisation at 6%,1.4074912984619474,1.1345031055721626,24.062357480467988,balanced_all_equity,international_equity,1.425685201786204,11,"AUS,AUS,BEL,CHE,FIN,GBR,ITA,ITA,JPN,JPN,NLD,NOR,NOR,SWE,SWE,USA"
65,us_social_security,fixed_real_rule,1.0751386937845757,0.9698048482488406,10.86134449894065,balanced_all_equity,international_equity,1.0853658746747088,11,"AUS,AUS,BEL,CHE,FIN,GBR,ITA,ITA,JPN,JPN,NLD,NOR,NOR,SWE,SWE,USA"
65,us_social_security,amortisation at 6%,1.2969703359711409,1.0726863288137904,20.908629217393916,balanced_all_equity,international_equity,1.319105372813509,11,"AUS,AUS,BEL,CHE,FIN,GBR,ITA,ITA,JPN,JPN,NLD,NOR,NOR,SWE,SWE,USA"
66,age_pension_matched,fixed_real_rule,0.397595492769393,0.4695499897272175,-15.324139821539784,target_date_fund,target_date_fund,0.4695499897272175,12,"BEL,BEL,CHE,DEU,FIN,FRA,FRA,GBR,GBR,GBR,ITA,NLD,NOR,PRT,SWE,USA"
66,age_pension_matched,amortisation at 6%,0.9759617268340727,0.8293205158926756,17.682091318282822,balanced_all_equity,international_equity,1.0598476181977015,12,"BEL,BEL,CHE,DEU,FIN,FRA,FRA,GBR,GBR,GBR,ITA,NLD,NOR,PRT,SWE,USA"
66,australia_as_legislated,fixed_real_rule,0.614211752908852,0.606914701876034,1.2023190425709096,balanced_all_equity,international_equity,0.6241725691808834,12,"BEL,BEL,CHE,DEU,FIN,FRA,FRA,GBR,GBR,GBR,ITA,NLD,NOR,PRT,SWE,USA"
66,australia_as_legislated,amortisation at 6%,1.2430612677978634,1.0166800347225793,22.266713749036747,balanced_all_equity,international_equity,1.366662432853741,12,"BEL,BEL,CHE,DEU,FIN,FRA,FRA,GBR,GBR,GBR,ITA,NLD,NOR,PRT,SWE,USA"
66,us_social_security,fixed_real_rule,0.9963258376135278,0.9113030660598442,9.329801985775399,balanced_all_equity,international_equity,1.0521379506797706,12,"BEL,BEL,CHE,DEU,FIN,FRA,FRA,GBR,GBR,GBR,ITA,NLD,NOR,PRT,SWE,USA"
66,us_social_security,amortisation at 6%,1.167253828847821,0.9921518198253068,17.648711167343855,balanced_all_equity,international_equity,1.2716059369344017,12,"BEL,BEL,CHE,DEU,FIN,FRA,FRA,GBR,GBR,GBR,ITA,NLD,NOR,PRT,SWE,USA"
67,age_pension_matched,fixed_real_rule,0.43334643479813834,0.48760027340075934,-11.126703892971301,target_date_fund,target_date_fund,0.48760027340075934,9,"CHE,CHE,FIN,FIN,FIN,GBR,ITA,JPN,JPN,NLD,NLD,NLD,NLD,NOR,SWE,USA"
67,age_pension_matched,amortisation at 6%,1.0792517476165302,0.901285776139606,19.74578720627207,balanced_all_equity,international_equity,1.081632350094535,9,"CHE,CHE,FIN,FIN,FIN,GBR,ITA,JPN,JPN,NLD,NLD,NLD,NLD,NOR,SWE,USA"
67,australia_as_legislated,fixed_real_rule,0.6856165524839543,0.6464091367562449,6.06541793707569,balanced_all_equity,balanced_all_equity,0.6856165524839543,9,"CHE,CHE,FIN,FIN,FIN,GBR,ITA,JPN,JPN,NLD,NLD,NLD,NLD,NOR,SWE,USA"
67,australia_as_legislated,amortisation at 6%,1.417501379751879,1.1486833864079578,23.402270505934688,balanced_all_equity,balanced_all_equity,1.417501379751879,9,"CHE,CHE,FIN,FIN,FIN,GBR,ITA,JPN,JPN,NLD,NLD,NLD,NLD,NOR,SWE,USA"
67,us_social_security,fixed_real_rule,1.078401632131741,0.9737942564308862,10.742246117188813,balanced_all_equity,international_equity,1.078443820711934,9,"CHE,CHE,FIN,FIN,FIN,GBR,ITA,JPN,JPN,NLD,NLD,NLD,NLD,NOR,SWE,USA"
67,us_social_security,amortisation at 6%,1.3050295220956087,1.0797845761585023,20.860174419091027,balanced_all_equity,international_equity,1.3067745413592438,9,"CHE,CHE,FIN,FIN,FIN,GBR,ITA,JPN,JPN,NLD,NLD,NLD,NLD,NOR,SWE,USA"
68,age_pension_matched,fixed_real_rule,0.4311345231197003,0.4928824194005115,-12.527916162218688,target_date_fund,target_date_fund,0.4928824194005115,10,"AUS,BEL,BEL,DEU,DEU,DEU,DEU,GBR,ITA,JPN,NLD,PRT,PRT,PRT,SWE,USA"
68,age_pension_matched,amortisation at 6%,1.0436660821215826,0.8735235621972184,19.477725305588333,balanced_all_equity,international_equity,1.1467949711795784,10,"AUS,BEL,BEL,DEU,DEU,DEU,DEU,GBR,ITA,JPN,NLD,PRT,PRT,PRT,SWE,USA"
68,australia_as_legislated,fixed_real_rule,0.6917975270387481,0.6668690307080485,3.738139752003744,balanced_all_equity,international_equity,0.7170702941896654,10,"AUS,BEL,BEL,DEU,DEU,DEU,DEU,GBR,ITA,JPN,NLD,PRT,PRT,PRT,SWE,USA"
68,australia_as_legislated,amortisation at 6%,1.357511286958419,1.0913909326962177,24.383595858247276,balanced_all_equity,international_equity,1.5114784786096616,10,"AUS,BEL,BEL,DEU,DEU,DEU,DEU,GBR,ITA,JPN,NLD,PRT,PRT,PRT,SWE,USA"
68,us_social_security,fixed_real_rule,1.052748503214229,0.9488536080612545,10.949517846621015,balanced_all_equity,international_equity,1.1297174003575818,10,"AUS,BEL,BEL,DEU,DEU,DEU,DEU,GBR,ITA,JPN,NLD,PRT,PRT,PRT,SWE,USA"
68,us_social_security,amortisation at 6%,1.2559657430445503,1.0466899246289838,19.994060656478354,balanced_all_equity,international_equity,1.3901614468580894,10,"AUS,BEL,BEL,DEU,DEU,DEU,DEU,GBR,ITA,JPN,NLD,PRT,PRT,PRT,SWE,USA"
69,age_pension_matched,fixed_real_rule,0.44615856311429897,0.5083465324560449,-12.233381241195563,target_date_fund,target_date_fund,0.5083465324560449,10,"AUS,AUS,CHE,DEU,DNK,DNK,ESP,ESP,FRA,FRA,FRA,FRA,JPN,NOR,SWE,USA"
69,age_pension_matched,amortisation at 6%,1.0621612607505189,0.8582334417675741,23.761346162757935,balanced_all_equity,international_equity,1.249475990121891,10,"AUS,AUS,CHE,DEU,DNK,DNK,ESP,ESP,FRA,FRA,FRA,FRA,JPN,NOR,SWE,USA"
69,australia_as_legislated,fixed_real_rule,0.7043825070554014,0.673358681909551,4.60732533482322,balanced_all_equity,international_equity,0.8438969218411011,10,"AUS,AUS,CHE,DEU,DNK,DNK,ESP,ESP,FRA,FRA,FRA,FRA,JPN,NOR,SWE,USA"
69,australia_as_legislated,amortisation at 6%,1.3797786161540109,1.0520730176157,31.148560323406628,balanced_all_equity,international_equity,1.676478237732986,10,"AUS,AUS,CHE,DEU,DNK,DNK,ESP,ESP,FRA,FRA,FRA,FRA,JPN,NOR,SWE,USA"
69,us_social_security,fixed_real_rule,1.078893822830681,0.9474038359482543,13.878979785934554,balanced_all_equity,international_equity,1.231968434043388,10,"AUS,AUS,CHE,DEU,DNK,DNK,ESP,ESP,FRA,FRA,FRA,FRA,JPN,NOR,SWE,USA"
69,us_social_security,amortisation at 6%,1.2818485389860668,1.0300762807381472,24.442098411148837,balanced_all_equity,international_equity,1.532387983270446,10,"AUS,AUS,CHE,DEU,DNK,DNK,ESP,ESP,FRA,FRA,FRA,FRA,JPN,NOR,SWE,USA"
70,age_pension_matched,fixed_real_rule,0.4134062139419974,0.47501842303447545,-12.970488323145823,target_date_fund,target_date_fund,0.47501842303447545,10,"DEU,DNK,DNK,DNK,FIN,FRA,FRA,FRA,ITA,JPN,NLD,NOR,PRT,PRT,USA,USA"
70,age_pension_matched,amortisation at 6%,1.0063485603465498,0.8332060543724518,20.78027458699929,balanced_all_equity,international_equity,1.122027083644298,10,"DEU,DNK,DNK,DNK,FIN,FRA,FRA,FRA,ITA,JPN,NLD,NOR,PRT,PRT,USA,USA"
70,australia_as_legislated,fixed_real_rule,0.6412641329649872,0.6141676602001537,4.411901589869283,balanced_all_equity,international_equity,0.6683492042842977,10,"DEU,DNK,DNK,DNK,FIN,FRA,FRA,FRA,ITA,JPN,NLD,NOR,PRT,PRT,USA,USA"
70,australia_as_legislated,amortisation at 6%,1.2937912528222224,1.016627861667702,27.26301349835667,balanced_all_equity,international_equity,1.4633911970953473,10,"DEU,DNK,DNK,DNK,FIN,FRA,FRA,FRA,ITA,JPN,NLD,NOR,PRT,PRT,USA,USA"
70,us_social_security,fixed_real_rule,1.0242205210378954,0.9170260417419296,11.689360434338969,balanced_all_equity,international_equity,1.1067924986842312,10,"DEU,DNK,DNK,DNK,FIN,FRA,FRA,FRA,ITA,JPN,NLD,NOR,PRT,PRT,USA,USA"
70,us_social_security,amortisation at 6%,1.2104717440107071,0.9988649056688947,21.18473050167968,balanced_all_equity,international_equity,1.3570202512996696,10,"DEU,DNK,DNK,DNK,FIN,FRA,FRA,FRA,ITA,JPN,NLD,NOR,PRT,PRT,USA,USA"
71,age_pension_matched,fixed_real_rule,0.3837584349310421,0.4649785091974427,-17.46748992906946,target_date_fund,target_date_fund,0.4649785091974427,11,"AUS,BEL,BEL,DEU,DNK,DNK,ESP,FIN,ITA,ITA,ITA,NOR,PRT,SWE,SWE,USA"
71,age_pension_matched,amortisation at 6%,1.0184357900955874,0.8552307611726742,19.08315700655223,balanced_all_equity,international_equity,1.092641777297453,11,"AUS,BEL,BEL,DEU,DNK,DNK,ESP,FIN,ITA,ITA,ITA,NOR,PRT,SWE,SWE,USA"
71,australia_as_legislated,fixed_real_rule,0.5751625544444007,0.622178093455133,-7.556604693302771,target_date_fund,target_date_fund,0.622178093455133,11,"AUS,BEL,BEL,DEU,DNK,DNK,ESP,FIN,ITA,ITA,ITA,NOR,PRT,SWE,SWE,USA"
71,australia_as_legislated,amortisation at 6%,1.3011791617415782,1.0505753466073906,23.853959256083755,balanced_all_equity,international_equity,1.4036045415419889,11,"AUS,BEL,BEL,DEU,DNK,DNK,ESP,FIN,ITA,ITA,ITA,NOR,PRT,SWE,SWE,USA"
71,us_social_security,fixed_real_rule,1.0276954486763532,0.9319353144473393,10.275405679395465,balanced_all_equity,international_equity,1.0797324080981223,11,"AUS,BEL,BEL,DEU,DNK,DNK,ESP,FIN,ITA,ITA,ITA,NOR,PRT,SWE,SWE,USA"
71,us_social_security,amortisation at 6%,1.2232276691707966,1.026082619692093,19.213369927059375,balanced_all_equity,international_equity,1.3151183171178504,11,"AUS,BEL,BEL,DEU,DNK,DNK,ESP,FIN,ITA,ITA,ITA,NOR,PRT,SWE,SWE,USA"
72,age_pension_matched,fixed_real_rule,0.4553582995025631,0.49325284080717613,-7.682579433825676,target_date_fund,target_date_fund,0.49325284080717613,10,"AUS,CHE,CHE,DEU,DEU,ESP,ESP,FIN,FRA,JPN,JPN,NOR,NOR,SWE,USA,USA"
72,age_pension_matched,amortisation at 6%,1.1061509597548336,0.9082993067716121,21.782649343469163,balanced_all_equity,international_equity,1.1590573121845424,10,"AUS,CHE,CHE,DEU,DEU,ESP,ESP,FIN,FRA,JPN,JPN,NOR,NOR,SWE,USA,USA"
72,australia_as_legislated,fixed_real_rule,0.7439845268061182,0.6848847027289494,8.629163980693866,balanced_all_equity,balanced_all_equity,0.7439845268061182,10,"AUS,CHE,CHE,DEU,DEU,ESP,ESP,FIN,FRA,JPN,JPN,NOR,NOR,SWE,USA,USA"
72,australia_as_legislated,amortisation at 6%,1.4584710613439125,1.1518468173775556,26.620227563284637,balanced_all_equity,international_equity,1.5208694112584595,10,"AUS,CHE,CHE,DEU,DEU,ESP,ESP,FIN,FRA,JPN,JPN,NOR,NOR,SWE,USA,USA"
72,us_social_security,fixed_real_rule,1.1052496106598584,0.9835353730096698,12.375176428859568,balanced_all_equity,international_equity,1.1430005419761118,10,"AUS,CHE,CHE,DEU,DEU,ESP,ESP,FIN,FRA,JPN,JPN,NOR,NOR,SWE,USA,USA"
72,us_social_security,amortisation at 6%,1.3409397966449654,1.0895039881284132,23.07800717172932,balanced_all_equity,international_equity,1.404653597714722,10,"AUS,CHE,CHE,DEU,DEU,ESP,ESP,FIN,FRA,JPN,JPN,NOR,NOR,SWE,USA,USA"
73,age_pension_matched,fixed_real_rule,0.4101935571920597,0.46102129356972577,-11.025030098740718,target_date_fund,target_date_fund,0.46102129356972577,11,"CHE,DEU,ESP,FIN,FIN,FRA,FRA,GBR,ITA,JPN,JPN,JPN,NLD,NOR,NOR,USA"
73,age_pension_matched,amortisation at 6%,1.0410521767640721,0.8560612438873454,21.60954419997909,balanced_all_equity,international_equity,1.0841934420546817,11,"CHE,DEU,ESP,FIN,FIN,FRA,FRA,GBR,ITA,JPN,JPN,JPN,NLD,NOR,NOR,USA"
73,australia_as_legislated,fixed_real_rule,0.640510830402661,0.6213428455706406,3.0849288711800593,balanced_all_equity,balanced_all_equity,0.640510830402661,11,"CHE,DEU,ESP,FIN,FIN,FRA,FRA,GBR,ITA,JPN,JPN,JPN,NLD,NOR,NOR,USA"
73,australia_as_legislated,amortisation at 6%,1.351470013265106,1.0586939830031783,27.65445303008289,balanced_all_equity,international_equity,1.3938631502169783,11,"CHE,DEU,ESP,FIN,FIN,FRA,FRA,GBR,ITA,JPN,JPN,JPN,NLD,NOR,NOR,USA"
73,us_social_security,fixed_real_rule,1.044834306196729,0.931693197326042,12.143601476902655,balanced_all_equity,international_equity,1.0769482116395477,11,"CHE,DEU,ESP,FIN,FIN,FRA,FRA,GBR,ITA,JPN,JPN,JPN,NLD,NOR,NOR,USA"
73,us_social_security,amortisation at 6%,1.252119838517927,1.0239933486774369,22.27812222951764,balanced_all_equity,international_equity,1.3049234692975322,11,"CHE,DEU,ESP,FIN,FIN,FRA,FRA,GBR,ITA,JPN,JPN,JPN,NLD,NOR,NOR,USA"
74,age_pension_matched,fixed_real_rule,0.387911851438967,0.4770847189791513,-18.691201791370126,target_date_fund,target_date_fund,0.4770847189791513,8,"AUS,BEL,CHE,CHE,CHE,FIN,FIN,FIN,FRA,FRA,GBR,GBR,NLD,NLD,USA,USA"
74,age_pension_matched,amortisation at 6%,1.0064913296077163,0.8529276190171424,18.004307419137213,balanced_all_equity,international_equity,1.0218166004998852,8,"AUS,BEL,CHE,CHE,CHE,FIN,FIN,FIN,FRA,FRA,GBR,GBR,NLD,NLD,USA,USA"
74,australia_as_legislated,fixed_real_rule,0.6105255102106719,0.6371935507015067,-4.1852338997271925,target_date_fund,target_date_fund,0.6371935507015067,8,"AUS,BEL,CHE,CHE,CHE,FIN,FIN,FIN,FRA,FRA,GBR,GBR,NLD,NLD,USA,USA"
74,australia_as_legislated,amortisation at 6%,1.303583471308783,1.0585152221619205,23.152076041602232,balanced_all_equity,international_equity,1.3317848335438702,8,"AUS,BEL,CHE,CHE,CHE,FIN,FIN,FIN,FRA,FRA,GBR,GBR,NLD,NLD,USA,USA"
74,us_social_security,fixed_real_rule,1.0244476546815013,0.9325569433500968,9.853630063736208,balanced_all_equity,international_equity,1.0303005438214703,8,"AUS,BEL,CHE,CHE,CHE,FIN,FIN,FIN,FRA,FRA,GBR,GBR,NLD,NLD,USA,USA"
74,us_social_security,amortisation at 6%,1.2108290264119654,1.0202092710007553,18.684377884963265,balanced_all_equity,international_equity,1.230848316379955,8,"AUS,BEL,CHE,CHE,CHE,FIN,FIN,FIN,FRA,FRA,GBR,GBR,NLD,NLD,USA,USA"
75,age_pension_matched,fixed_real_rule,0.4558945772318818,0.4871587038818282,-6.41764714472396,target_date_fund,target_date_fund,0.4871587038818282,10,"AUS,AUS,AUS,BEL,CHE,DNK,DNK,FIN,GBR,GBR,NLD,NOR,PRT,PRT,PRT,USA"
75,age_pension_matched,amortisation at 6%,1.0118206192021586,0.8562607944240715,18.167341748108168,balanced_all_equity,international_equity,1.0877533392969834,10,"AUS,AUS,AUS,BEL,CHE,DNK,DNK,FIN,GBR,GBR,NLD,NOR,PRT,PRT,PRT,USA"
75,australia_as_legislated,fixed_real_rule,0.7090856680505192,0.6540380849126128,8.41657151284414,balanced_all_equity,international_equity,0.771494046244627,10,"AUS,AUS,AUS,BEL,CHE,DNK,DNK,FIN,GBR,GBR,NLD,NOR,PRT,PRT,PRT,USA"
75,australia_as_legislated,amortisation at 6%,1.3157148885820484,1.0669836773431054,23.311622897391302,balanced_all_equity,international_equity,1.4560955383833283,10,"AUS,AUS,AUS,BEL,CHE,DNK,DNK,FIN,GBR,GBR,NLD,NOR,PRT,PRT,PRT,USA"
75,us_social_security,fixed_real_rule,1.0441314784402698,0.9413848966987992,10.914407284605598,balanced_all_equity,international_equity,1.0991241278810193,10,"AUS,AUS,AUS,BEL,CHE,DNK,DNK,FIN,GBR,GBR,NLD,NOR,PRT,PRT,PRT,USA"
75,us_social_security,amortisation at 6%,1.2198828766110832,1.0256949900450576,18.932322810458025,balanced_all_equity,international_equity,1.3266601847105675,10,"AUS,AUS,AUS,BEL,CHE,DNK,DNK,FIN,GBR,GBR,NLD,NOR,PRT,PRT,PRT,USA"
76,age_pension_matched,fixed_real_rule,0.4163419249037246,0.48415783217223785,-14.006983417834684,target_date_fund,target_date_fund,0.48415783217223785,13,"BEL,BEL,CHE,DEU,DNK,DNK,ESP,FIN,FRA,FRA,GBR,ITA,JPN,NLD,PRT,USA"
76,age_pension_matched,amortisation at 6%,1.0136344188070756,0.8455947766351912,19.87236047513814,balanced_all_equity,international_equity,1.1076346580084933,13,"BEL,BEL,CHE,DEU,DNK,DNK,ESP,FIN,FRA,FRA,GBR,ITA,JPN,NLD,PRT,USA"
76,australia_as_legislated,fixed_real_rule,0.6549226390081133,0.6385507714943123,2.5639100670864723,balanced_all_equity,balanced_all_equity,0.6549226390081133,13,"BEL,BEL,CHE,DEU,DNK,DNK,ESP,FIN,FRA,FRA,GBR,ITA,JPN,NLD,PRT,USA"
76,australia_as_legislated,amortisation at 6%,1.305517828404118,1.0395649294465346,25.583096488179624,balanced_all_equity,international_equity,1.4449515179519532,13,"BEL,BEL,CHE,DEU,DNK,DNK,ESP,FIN,FRA,FRA,GBR,ITA,JPN,NLD,PRT,USA"
76,us_social_security,fixed_real_rule,1.0304313094226918,0.9268175990601023,11.17951476834984,balanced_all_equity,international_equity,1.0956590456757513,13,"BEL,BEL,CHE,DEU,DNK,DNK,ESP,FIN,FRA,FRA,GBR,ITA,JPN,NLD,PRT,USA"
76,us_social_security,amortisation at 6%,1.2173686845394358,1.0117446971026025,20.323703007852846,balanced_all_equity,international_equity,1.334247743415803,13,"BEL,BEL,CHE,DEU,DNK,DNK,ESP,FIN,FRA,FRA,GBR,ITA,JPN,NLD,PRT,USA"
77,age_pension_matched,fixed_real_rule,0.4039946350560581,0.49452348602026763,-18.306279382754997,target_date_fund,target_date_fund,0.49452348602026763,10,"AUS,BEL,DEU,DEU,DEU,DNK,GBR,ITA,ITA,ITA,ITA,JPN,NLD,PRT,SWE,SWE"
77,age_pension_matched,amortisation at 6%,1.0715902105841364,0.8848060947568162,21.110175091939976,balanced_all_equity,international_equity,1.1669214379407984,10,"AUS,BEL,DEU,DEU,DEU,DNK,GBR,ITA,ITA,ITA,ITA,JPN,NLD,PRT,SWE,SWE"
77,australia_as_legislated,fixed_real_rule,0.6208288328886222,0.6807740424577297,-8.805448773089719,target_date_fund,target_date_fund,0.6807740424577297,10,"AUS,BEL,DEU,DEU,DEU,DNK,GBR,ITA,ITA,ITA,ITA,JPN,NLD,PRT,SWE,SWE"
77,australia_as_legislated,amortisation at 6%,1.3988661326378549,1.1072686882998808,26.334840623525423,balanced_all_equity,international_equity,1.5361580436478044,10,"AUS,BEL,DEU,DEU,DEU,DNK,GBR,ITA,ITA,ITA,ITA,JPN,NLD,PRT,SWE,SWE"
77,us_social_security,fixed_real_rule,1.0707816334499463,0.9563366655701808,11.967016637549065,balanced_all_equity,international_equity,1.1441280379746193,10,"AUS,BEL,DEU,DEU,DEU,DNK,GBR,ITA,ITA,ITA,ITA,JPN,NLD,PRT,SWE,SWE"
77,us_social_security,amortisation at 6%,1.2939937016791352,1.062010787714468,21.843743646325198,balanced_all_equity,international_equity,1.4188137519003157,10,"AUS,BEL,DEU,DEU,DEU,DNK,GBR,ITA,ITA,ITA,ITA,JPN,NLD,PRT,SWE,SWE"
78,age_pension_matched,fixed_real_rule,0.4042004302462566,0.47266796031213765,-14.485333429553137,target_date_fund,target_date_fund,0.47266796031213765,12,"AUS,BEL,BEL,DNK,DNK,DNK,ESP,ESP,FIN,FRA,GBR,ITA,NLD,NOR,PRT,SWE"
78,age_pension_matched,amortisation at 6%,0.9508646987420734,0.825577190297046,15.175747333807553,balanced_all_equity,international_equity,0.9825410946891112,12,"AUS,BEL,BEL,DNK,DNK,DNK,ESP,ESP,FIN,FRA,GBR,ITA,NLD,NOR,PRT,SWE"
78,australia_as_legislated,fixed_real_rule,0.6122343189235189,0.6286371758317036,-2.6092724927512245,target_date_fund,target_date_fund,0.6286371758317036,12,"AUS,BEL,BEL,DNK,DNK,DNK,ESP,ESP,FIN,FRA,GBR,ITA,NLD,NOR,PRT,SWE"
78,australia_as_legislated,amortisation at 6%,1.2078755342245195,1.0117302281169194,19.387115325463313,balanced_all_equity,international_equity,1.2630357950095206,12,"AUS,BEL,BEL,DNK,DNK,DNK,ESP,ESP,FIN,FRA,GBR,ITA,NLD,NOR,PRT,SWE"
78,us_social_security,fixed_real_rule,0.9812665032798811,0.9072277870149481,8.160984189929032,balanced_all_equity,international_equity,1.004196158991352,12,"AUS,BEL,BEL,DNK,DNK,DNK,ESP,ESP,FIN,FRA,GBR,ITA,NLD,NOR,PRT,SWE"
78,us_social_security,amortisation at 6%,1.1380620448400385,0.9864818523791556,15.365735527248493,balanced_all_equity,international_equity,1.178706161112557,12,"AUS,BEL,BEL,DNK,DNK,DNK,ESP,ESP,FIN,FRA,GBR,ITA,NLD,NOR,PRT,SWE"
79,age_pension_matched,fixed_real_rule,0.39456036871362565,0.46196243535143106,-14.590378238553159,target_date_fund,target_date_fund,0.46196243535143106,11,"AUS,CHE,ESP,FIN,FIN,FIN,FRA,GBR,ITA,JPN,JPN,NOR,NOR,PRT,USA,USA"
79,age_pension_matched,amortisation at 6%,0.9854944188664326,0.8334218447055577,18.246770843233804,balanced_all_equity,international_equity,0.9900377247727676,11,"AUS,CHE,ESP,FIN,FIN,FIN,FRA,GBR,ITA,JPN,JPN,NOR,NOR,PRT,USA,USA"
79,australia_as_legislated,fixed_real_rule,0.6032432673325466,0.6059246368475852,-0.44252525016788,target_date_fund,target_date_fund,0.6059246368475852,11,"AUS,CHE,ESP,FIN,FIN,FIN,FRA,GBR,ITA,JPN,JPN,NOR,NOR,PRT,USA,USA"
79,australia_as_legislated,amortisation at 6%,1.2681404791086799,1.0264939768210035,23.540956668449486,balanced_all_equity,international_equity,1.2736503203851581,11,"AUS,CHE,ESP,FIN,FIN,FIN,FRA,GBR,ITA,JPN,JPN,NOR,NOR,PRT,USA,USA"
79,us_social_security,fixed_real_rule,1.00443295602893,0.9084361859280008,10.567255200525171,balanced_all_equity,balanced_all_equity,1.00443295602893,11,"AUS,CHE,ESP,FIN,FIN,FIN,FRA,GBR,ITA,JPN,JPN,NOR,NOR,PRT,USA,USA"
79,us_social_security,amortisation at 6%,1.1823670415441323,0.994691475662443,18.867716319444817,balanced_all_equity,international_equity,1.1866234956393769,11,"AUS,CHE,ESP,FIN,FIN,FIN,FRA,GBR,ITA,JPN,JPN,NOR,NOR,PRT,USA,USA"
80,age_pension_matched,fixed_real_rule,0.3987986024746987,0.4620567470199867,-13.690557480930298,target_date_fund,target_date_fund,0.4620567470199867,10,"AUS,AUS,AUS,BEL,DEU,FIN,FIN,FIN,FRA,GBR,NLD,NLD,NOR,NOR,PRT,USA"
80,age_pension_matched,amortisation at 6%,1.0233873720378668,0.8583258090881601,19.23064193130337,balanced_all_equity,international_equity,1.0755938225936543,10,"AUS,AUS,AUS,BEL,DEU,FIN,FIN,FIN,FRA,GBR,NLD,NLD,NOR,NOR,PRT,USA"
80,australia_as_legislated,fixed_real_rule,0.629721783680168,0.6178585493305898,1.9200566800331886,balanced_all_equity,balanced_all_equity,0.629721783680168,10,"AUS,AUS,AUS,BEL,DEU,FIN,FIN,FIN,FRA,GBR,NLD,NLD,NOR,NOR,PRT,USA"
80,australia_as_legislated,amortisation at 6%,1.3200237177676164,1.0636235456061387,24.106289600364207,balanced_all_equity,international_equity,1.4034069975029297,10,"AUS,AUS,AUS,BEL,DEU,FIN,FIN,FIN,FRA,GBR,NLD,NLD,NOR,NOR,PRT,USA"
80,us_social_security,fixed_real_rule,1.0354184607647219,0.9304603356426893,11.280236362739293,balanced_all_equity,international_equity,1.0694833912508297,10,"AUS,AUS,AUS,BEL,DEU,FIN,FIN,FIN,FRA,GBR,NLD,NLD,NOR,NOR,PRT,USA"
80,us_social_security,amortisation at 6%,1.2275098021440414,1.0242109502271672,19.849314428027064,balanced_all_equity,international_equity,1.2970452584036576,10,"AUS,AUS,AUS,BEL,DEU,FIN,FIN,FIN,FRA,GBR,NLD,NLD,NOR,NOR,PRT,USA"
81,age_pension_matched,fixed_real_rule,0.41060513500114826,0.4732345262042232,-13.234324153273501,target_date_fund,target_date_fund,0.4732345262042232,9,"BEL,BEL,ESP,FIN,ITA,JPN,JPN,NLD,PRT,PRT,SWE,SWE,SWE,USA,USA,USA"
81,age_pension_matched,amortisation at 6%,0.9964356013927502,0.8583486667249368,16.087510824090813,balanced_all_equity,international_equity,1.0068337110415064,9,"BEL,BEL,ESP,FIN,ITA,JPN,JPN,NLD,PRT,PRT,SWE,SWE,SWE,USA,USA,USA"
81,australia_as_legislated,fixed_real_rule,0.607939977241623,0.6462804057317924,-5.932475772146606,target_date_fund,target_date_fund,0.6462804057317924,9,"BEL,BEL,ESP,FIN,ITA,JPN,JPN,NLD,PRT,PRT,SWE,SWE,SWE,USA,USA,USA"
81,australia_as_legislated,amortisation at 6%,1.2736030645244893,1.067297861288921,19.329674565863385,balanced_all_equity,international_equity,1.2846881102564245,9,"BEL,BEL,ESP,FIN,ITA,JPN,JPN,NLD,PRT,PRT,SWE,SWE,SWE,USA,USA,USA"
81,us_social_security,fixed_real_rule,1.0082252945970072,0.9339770659996243,7.949684344541796,balanced_all_equity,international_equity,1.0094227860516327,9,"BEL,BEL,ESP,FIN,ITA,JPN,JPN,NLD,PRT,PRT,SWE,SWE,SWE,USA,USA,USA"
81,us_social_security,amortisation at 6%,1.192994801508455,1.0257114097558442,16.309011497925162,balanced_all_equity,international_equity,1.203678706077905,9,"BEL,BEL,ESP,FIN,ITA,JPN,JPN,NLD,PRT,PRT,SWE,SWE,SWE,USA,USA,USA"
82,age_pension_matched,fixed_real_rule,0.3534310151742824,0.46619030951429935,-24.187395584754924,target_date_fund,target_date_fund,0.46619030951429935,8,"BEL,BEL,CHE,DEU,ESP,ESP,FRA,ITA,ITA,ITA,ITA,ITA,ITA,JPN,SWE,SWE"
82,age_pension_matched,amortisation at 6%,1.007480764923972,0.8434323552644185,19.450096814002826,balanced_all_equity,international_equity,1.0667617431196863,8,"BEL,BEL,CHE,DEU,ESP,ESP,FRA,ITA,ITA,ITA,ITA,ITA,ITA,JPN,SWE,SWE"
82,australia_as_legislated,fixed_real_rule,0.5385455351742657,0.6201592042096897,-13.160115738253008,target_date_fund,target_date_fund,0.6201592042096897,8,"BEL,BEL,CHE,DEU,ESP,ESP,FRA,ITA,ITA,ITA,ITA,ITA,ITA,JPN,SWE,SWE"
82,australia_as_legislated,amortisation at 6%,1.2879242652157923,1.0397221581887859,23.871964742905828,balanced_all_equity,international_equity,1.3563123427707047,8,"BEL,BEL,CHE,DEU,ESP,ESP,FRA,ITA,ITA,ITA,ITA,ITA,ITA,JPN,SWE,SWE"
82,us_social_security,fixed_real_rule,1.0019009667325767,0.9088967401147824,10.232650477550287,balanced_all_equity,international_equity,1.04377019188257,8,"BEL,BEL,CHE,DEU,ESP,ESP,FRA,ITA,ITA,ITA,ITA,ITA,ITA,JPN,SWE,SWE"
82,us_social_security,amortisation at 6%,1.2076920721935354,1.007857069032393,19.827712609387827,balanced_all_equity,international_equity,1.276784839269754,8,"BEL,BEL,CHE,DEU,ESP,ESP,FRA,ITA,ITA,ITA,ITA,ITA,ITA,JPN,SWE,SWE"
83,age_pension_matched,fixed_real_rule,0.447587151389424,0.47446566616624586,-5.665007332143612,target_date_fund,target_date_fund,0.47446566616624586,9,"AUS,AUS,AUS,BEL,BEL,BEL,CHE,ESP,FIN,FIN,FRA,JPN,JPN,NLD,NOR,NOR"
83,age_pension_matched,amortisation at 6%,1.0131455362461925,0.8628007866844676,17.425198479415283,balanced_all_equity,international_equity,1.0269881927562314,9,"AUS,AUS,AUS,BEL,BEL,BEL,CHE,ESP,FIN,FIN,FRA,JPN,JPN,NLD,NOR,NOR"
83,australia_as_legislated,fixed_real_rule,0.6942790799365763,0.6553233992309492,5.944497137038507,balanced_all_equity,balanced_all_equity,0.6942790799365763,9,"AUS,AUS,AUS,BEL,BEL,BEL,CHE,ESP,FIN,FIN,FRA,JPN,JPN,NLD,NOR,NOR"
83,australia_as_legislated,amortisation at 6%,1.318386157387286,1.0800530726433615,22.066793825290397,balanced_all_equity,international_equity,1.3392445551662977,9,"AUS,AUS,AUS,BEL,BEL,BEL,CHE,ESP,FIN,FIN,FRA,JPN,JPN,NLD,NOR,NOR"
83,us_social_security,fixed_real_rule,1.0386361662710275,0.9415144395431714,10.315479258605965,balanced_all_equity,international_equity,1.0427712141371948,9,"AUS,AUS,AUS,BEL,BEL,BEL,CHE,ESP,FIN,FIN,FRA,JPN,JPN,NLD,NOR,NOR"
83,us_social_security,amortisation at 6%,1.224165491899174,1.035031811813827,18.27322386873329,balanced_all_equity,international_equity,1.2434510250089725,9,"AUS,AUS,AUS,BEL,BEL,BEL,CHE,ESP,FIN,FIN,FRA,JPN,JPN,NLD,NOR,NOR"
84,age_pension_matched,fixed_real_rule,0.4663443603531603,0.5098141229200831,-8.52659049889385,target_date_fund,target_date_fund,0.5098141229200831,9,"BEL,BEL,BEL,CHE,DEU,DNK,DNK,ESP,ESP,GBR,GBR,NLD,NOR,NOR,USA,USA"
84,age_pension_matched,amortisation at 6%,1.1200358248928624,0.9275009769550527,20.758452305882578,balanced_all_equity,international_equity,1.2031710853725481,9,"BEL,BEL,BEL,CHE,DEU,DNK,DNK,ESP,ESP,GBR,GBR,NLD,NOR,NOR,USA,USA"
84,australia_as_legislated,fixed_real_rule,0.7616472875948889,0.7160418508413119,6.369102127200099,balanced_all_equity,international_equity,0.789748540859707,9,"BEL,BEL,BEL,CHE,DEU,DNK,DNK,ESP,ESP,GBR,GBR,NLD,NOR,NOR,USA,USA"
84,australia_as_legislated,amortisation at 6%,1.4866384689394372,1.2049068780671344,23.382021963742616,balanced_all_equity,international_equity,1.603231266661137,9,"BEL,BEL,BEL,CHE,DEU,DNK,DNK,ESP,ESP,GBR,GBR,NLD,NOR,NOR,USA,USA"
84,us_social_security,fixed_real_rule,1.1228990608247784,1.002996651180713,11.954417744358192,balanced_all_equity,international_equity,1.1806417435200238,9,"BEL,BEL,BEL,CHE,DEU,DNK,DNK,ESP,ESP,GBR,GBR,NLD,NOR,NOR,USA,USA"
84,us_social_security,amortisation at 6%,1.3602491369162062,1.1120034446368279,22.324183749309647,balanced_all_equity,international_equity,1.4659528332014833,9,"BEL,BEL,BEL,CHE,DEU,DNK,DNK,ESP,ESP,GBR,GBR,NLD,NOR,NOR,USA,USA"
85,age_pension_matched,fixed_real_rule,0.46651432028004686,0.5150865314044002,-9.429912871516876,target_date_fund,target_date_fund,0.5150865314044002,10,"AUS,AUS,DEU,DNK,DNK,DNK,ESP,GBR,ITA,JPN,NLD,NLD,PRT,SWE,SWE,SWE"
85,age_pension_matched,amortisation at 6%,1.1381030040343199,0.9393222284369728,21.162149641461923,balanced_all_equity,international_equity,1.202646891161029,10,"AUS,AUS,DEU,DNK,DNK,DNK,ESP,GBR,ITA,JPN,NLD,NLD,PRT,SWE,SWE,SWE"
85,australia_as_legislated,fixed_real_rule,0.7700903600668909,0.7349730622380797,4.778038765376635,balanced_all_equity,international_equity,0.7794090709444264,10,"AUS,AUS,DEU,DNK,DNK,DNK,ESP,GBR,ITA,JPN,NLD,NLD,PRT,SWE,SWE,SWE"
85,australia_as_legislated,amortisation at 6%,1.5072949281940298,1.2086962929809866,24.704190535458224,balanced_all_equity,international_equity,1.6018998083119125,10,"AUS,AUS,DEU,DNK,DNK,DNK,ESP,GBR,ITA,JPN,NLD,NLD,PRT,SWE,SWE,SWE"
85,us_social_security,fixed_real_rule,1.133616296561899,1.016156519175585,11.559220963480099,balanced_all_equity,international_equity,1.186555360471745,10,"AUS,AUS,DEU,DNK,DNK,DNK,ESP,GBR,ITA,JPN,NLD,NLD,PRT,SWE,SWE,SWE"
85,us_social_security,amortisation at 6%,1.38225789429293,1.1309221324430607,22.223967030066373,balanced_all_equity,international_equity,1.4671272590581612,10,"AUS,AUS,DEU,DNK,DNK,DNK,ESP,GBR,ITA,JPN,NLD,NLD,PRT,SWE,SWE,SWE"
86,age_pension_matched,fixed_real_rule,0.4123398828854123,0.4848673105194495,-14.958201153288076,target_date_fund,target_date_fund,0.4848673105194495,11,"BEL,CHE,FIN,FRA,GBR,GBR,ITA,JPN,JPN,NOR,PRT,PRT,SWE,USA,USA,USA"
86,age_pension_matched,amortisation at 6%,0.9628654908257782,0.8300193699761945,16.0051832107718,balanced_all_equity,international_equity,0.9728283675464046,11,"BEL,CHE,FIN,FRA,GBR,GBR,ITA,JPN,JPN,NOR,PRT,PRT,SWE,USA,USA,USA"
86,australia_as_legislated,fixed_real_rule,0.6348370299416294,0.6205155478077939,2.3079973071475024,balanced_all_equity,balanced_all_equity,0.6348370299416294,11,"BEL,CHE,FIN,FRA,GBR,GBR,ITA,JPN,JPN,NOR,PRT,PRT,SWE,USA,USA,USA"
86,australia_as_legislated,amortisation at 6%,1.2321060343433814,1.0239108206784853,20.333334647927394,balanced_all_equity,international_equity,1.2404759222378698,11,"BEL,CHE,FIN,FRA,GBR,GBR,ITA,JPN,JPN,NOR,PRT,PRT,SWE,USA,USA,USA"
86,us_social_security,fixed_real_rule,0.992246916033231,0.9138279329254545,8.58137295680297,balanced_all_equity,balanced_all_equity,0.992246916033231,11,"BEL,CHE,FIN,FRA,GBR,GBR,ITA,JPN,JPN,NOR,PRT,PRT,SWE,USA,USA,USA"
86,us_social_security,amortisation at 6%,1.1546700766491154,0.9934807165037767,16.224709495378107,balanced_all_equity,international_equity,1.1669882793614896,11,"BEL,CHE,FIN,FRA,GBR,GBR,ITA,JPN,JPN,NOR,PRT,PRT,SWE,USA,USA,USA"
87,age_pension_matched,fixed_real_rule,0.4075063378119714,0.4591066485190583,-11.239286312566854,target_date_fund,target_date_fund,0.4591066485190583,11,"BEL,BEL,CHE,DEU,DNK,DNK,ESP,FIN,FIN,FRA,FRA,ITA,JPN,NOR,NOR,PRT"
87,age_pension_matched,amortisation at 6%,0.9808666343439315,0.8274159943413105,18.54576670647756,balanced_all_equity,international_equity,1.0619524159376093,11,"BEL,BEL,CHE,DEU,DNK,DNK,ESP,FIN,FIN,FRA,FRA,ITA,JPN,NOR,NOR,PRT"
87,australia_as_legislated,fixed_real_rule,0.634258269469528,0.6129047550831204,3.483985759502173,balanced_all_equity,balanced_all_equity,0.634258269469528,11,"BEL,BEL,CHE,DEU,DNK,DNK,ESP,FIN,FIN,FRA,FRA,ITA,JPN,NOR,NOR,PRT"
87,australia_as_legislated,amortisation at 6%,1.2528691029285635,1.011799856961032,23.825783756442643,balanced_all_equity,international_equity,1.3715730141268299,11,"BEL,BEL,CHE,DEU,DNK,DNK,ESP,FIN,FIN,FRA,FRA,ITA,JPN,NOR,NOR,PRT"
87,us_social_security,fixed_real_rule,1.0008817034708781,0.9049445515637842,10.601439805489775,balanced_all_equity,international_equity,1.0581218109767867,11,"BEL,BEL,CHE,DEU,DNK,DNK,ESP,FIN,FIN,FRA,FRA,ITA,JPN,NOR,NOR,PRT"
87,us_social_security,amortisation at 6%,1.1740370933426445,0.9888814770040817,18.72374198973883,balanced_all_equity,international_equity,1.275821005686346,11,"BEL,BEL,CHE,DEU,DNK,DNK,ESP,FIN,FIN,FRA,FRA,ITA,JPN,NOR,NOR,PRT"
88,age_pension_matched,fixed_real_rule,0.41069650997618157,0.5013337945436084,-18.07922895960742,target_date_fund,target_date_fund,0.5013337945436084,11,"AUS,BEL,CHE,CHE,ESP,FIN,FRA,JPN,JPN,NLD,NLD,PRT,SWE,USA,USA,USA"
88,age_pension_matched,amortisation at 6%,1.012728506642253,0.8681261808925017,16.656832719995695,balanced_all_equity,balanced_all_equity,1.012728506642253,11,"AUS,BEL,CHE,CHE,ESP,FIN,FRA,JPN,JPN,NLD,NLD,PRT,SWE,USA,USA,USA"
88,australia_as_legislated,fixed_real_rule,0.6394561022332067,0.6843367428173036,-6.5582684336560115,target_date_fund,target_date_fund,0.6843367428173036,11,"AUS,BEL,CHE,CHE,ESP,FIN,FRA,JPN,JPN,NLD,NLD,PRT,SWE,USA,USA,USA"
88,australia_as_legislated,amortisation at 6%,1.312589870485031,1.0871591237240799,20.73576368367629,balanced_all_equity,balanced_all_equity,1.312589870485031,11,"AUS,BEL,CHE,CHE,ESP,FIN,FRA,JPN,JPN,NLD,NLD,PRT,SWE,USA,USA,USA"
88,us_social_security,fixed_real_rule,1.0341899062100304,0.9536088951658208,8.450111094045276,balanced_all_equity,balanced_all_equity,1.0341899062100304,11,"AUS,BEL,CHE,CHE,ESP,FIN,FRA,JPN,JPN,NLD,NLD,PRT,SWE,USA,USA,USA"
88,us_social_security,amortisation at 6%,1.2228269805729528,1.0421560563578618,17.336263903364113,balanced_all_equity,balanced_all_equity,1.2228269805729528,11,"AUS,BEL,CHE,CHE,ESP,FIN,FRA,JPN,JPN,NLD,NLD,PRT,SWE,USA,USA,USA"
89,age_pension_matched,fixed_real_rule,0.44462473531861646,0.5180065684568017,-14.166197420391358,target_date_fund,target_date_fund,0.5180065684568017,9,"AUS,AUS,CHE,CHE,CHE,DEU,DNK,DNK,DNK,FRA,FRA,FRA,GBR,NLD,NOR,SWE"
89,age_pension_matched,amortisation at 6%,1.0592595020327193,0.880416825288066,20.313409695020002,balanced_all_equity,international_equity,1.2074288945247758,9,"AUS,AUS,CHE,CHE,CHE,DEU,DNK,DNK,DNK,FRA,FRA,FRA,GBR,NLD,NOR,SWE"
89,australia_as_legislated,fixed_real_rule,0.7110675056038286,0.712436633582028,-0.19217540391145427,target_date_fund,international_equity,0.8274486640633509,9,"AUS,AUS,CHE,CHE,CHE,DEU,DNK,DNK,DNK,FRA,FRA,FRA,GBR,NLD,NOR,SWE"
89,australia_as_legislated,amortisation at 6%,1.374205386837515,1.0896481732753398,26.114595567744914,balanced_all_equity,international_equity,1.6293008923364038,9,"AUS,AUS,CHE,CHE,CHE,DEU,DNK,DNK,DNK,FRA,FRA,FRA,GBR,NLD,NOR,SWE"
89,us_social_security,fixed_real_rule,1.0800033828972857,0.9754900055767517,10.713936249786716,balanced_all_equity,international_equity,1.1957809906696313,9,"AUS,AUS,CHE,CHE,CHE,DEU,DNK,DNK,DNK,FRA,FRA,FRA,GBR,NLD,NOR,SWE"
89,us_social_security,amortisation at 6%,1.2795448902364264,1.0605949833111434,20.644063980175396,balanced_all_equity,international_equity,1.481020263946908,9,"AUS,AUS,CHE,CHE,CHE,DEU,DNK,DNK,DNK,FRA,FRA,FRA,GBR,NLD,NOR,SWE"
90,age_pension_matched,fixed_real_rule,0.43917372228407614,0.5045522931055924,-12.957739309656425,target_date_fund,target_date_fund,0.5045522931055924,10,"AUS,CHE,DEU,DNK,DNK,ESP,ESP,GBR,ITA,JPN,NLD,NLD,NLD,NLD,PRT,PRT"
90,age_pension_matched,amortisation at 6%,1.0844965801344766,0.8911146672059513,21.701125572858682,balanced_all_equity,international_equity,1.1830749488822656,10,"AUS,CHE,DEU,DNK,DNK,ESP,ESP,GBR,ITA,JPN,NLD,NLD,NLD,NLD,PRT,PRT"
90,australia_as_legislated,fixed_real_rule,0.6880356400421859,0.69532901895386,-1.0489104744466515,target_date_fund,target_date_fund,0.69532901895386,10,"AUS,CHE,DEU,DNK,DNK,ESP,ESP,GBR,ITA,JPN,NLD,NLD,NLD,NLD,PRT,PRT"
90,australia_as_legislated,amortisation at 6%,1.4223972288468159,1.1239137540920114,26.55750707454805,balanced_all_equity,international_equity,1.5724299875621532,10,"AUS,CHE,DEU,DNK,DNK,ESP,ESP,GBR,ITA,JPN,NLD,NLD,NLD,NLD,PRT,PRT"
90,us_social_security,fixed_real_rule,1.088763990605433,0.9698561401999389,12.26035960147458,balanced_all_equity,international_equity,1.167832183494641,10,"AUS,CHE,DEU,DNK,DNK,ESP,ESP,GBR,ITA,JPN,NLD,NLD,NLD,NLD,PRT,PRT"
90,us_social_security,amortisation at 6%,1.3097902095063731,1.067353113452554,22.713860389614716,balanced_all_equity,international_equity,1.4414212841278684,10,"AUS,CHE,DEU,DNK,DNK,ESP,ESP,GBR,ITA,JPN,NLD,NLD,NLD,NLD,PRT,PRT"
91,age_pension_matched,fixed_real_rule,0.45524520134709184,0.48233825269812003,-5.6170231573950735,target_date_fund,target_date_fund,0.48233825269812003,12,"AUS,AUS,BEL,CHE,DNK,ESP,FIN,GBR,JPN,JPN,NLD,NOR,PRT,PRT,SWE,SWE"
91,age_pension_matched,amortisation at 6%,1.026895407678338,0.8699901734176756,18.035288104953516,balanced_all_equity,international_equity,1.0796882817940159,12,"AUS,AUS,BEL,CHE,DNK,ESP,FIN,GBR,JPN,JPN,NLD,NOR,PRT,PRT,SWE,SWE"
91,australia_as_legislated,fixed_real_rule,0.7140716865974288,0.6646922102907711,7.42892357427456,balanced_all_equity,balanced_all_equity,0.7140716865974288,12,"AUS,AUS,BEL,CHE,DNK,ESP,FIN,GBR,JPN,JPN,NLD,NOR,PRT,PRT,SWE,SWE"
91,australia_as_legislated,amortisation at 6%,1.3388791772546595,1.0937716395593395,22.409388653930474,balanced_all_equity,international_equity,1.4356324493787207,12,"AUS,AUS,BEL,CHE,DNK,ESP,FIN,GBR,JPN,JPN,NLD,NOR,PRT,PRT,SWE,SWE"
91,us_social_security,fixed_real_rule,1.046844904615784,0.9508797841248287,10.092245317769555,balanced_all_equity,international_equity,1.0862699093600507,12,"AUS,AUS,BEL,CHE,DNK,ESP,FIN,GBR,JPN,JPN,NLD,NOR,PRT,PRT,SWE,SWE"
91,us_social_security,amortisation at 6%,1.236158835156886,1.0424136159118327,18.58621340777271,balanced_all_equity,international_equity,1.3099575422222753,12,"AUS,AUS,BEL,CHE,DNK,ESP,FIN,GBR,JPN,JPN,NLD,NOR,PRT,PRT,SWE,SWE"
92,age_pension_matched,fixed_real_rule,0.398461457270717,0.46680759548210154,-14.641179550816686,target_date_fund,target_date_fund,0.46680759548210154,12,"AUS,BEL,CHE,DEU,DNK,ESP,FIN,FIN,GBR,ITA,ITA,ITA,JPN,PRT,SWE,SWE"
92,age_pension_matched,amortisation at 6%,1.0673959004295486,0.871387276135819,22.493858891643793,balanced_all_equity,international_equity,1.157095807081944,12,"AUS,BEL,CHE,DEU,DNK,ESP,FIN,FIN,GBR,ITA,ITA,ITA,JPN,PRT,SWE,SWE"
92,australia_as_legislated,fixed_real_rule,0.6083437939802184,0.6366217887564213,-4.44188296342184,target_date_fund,target_date_fund,0.6366217887564213,12,"AUS,BEL,CHE,DEU,DNK,ESP,FIN,FIN,GBR,ITA,ITA,ITA,JPN,PRT,SWE,SWE"
92,australia_as_legislated,amortisation at 6%,1.3865053360978385,1.0823695056874902,28.099076037546887,balanced_all_equity,international_equity,1.5141763498414342,12,"AUS,BEL,CHE,DEU,DNK,ESP,FIN,FIN,GBR,ITA,ITA,ITA,JPN,PRT,SWE,SWE"
92,us_social_security,fixed_real_rule,1.0647306836868997,0.9420649745690642,13.020939365031303,balanced_all_equity,international_equity,1.129072655837723,12,"AUS,BEL,CHE,DEU,DNK,ESP,FIN,FIN,GBR,ITA,ITA,ITA,JPN,PRT,SWE,SWE"
92,us_social_security,amortisation at 6%,1.2856690216380733,1.0449166165176098,23.040346120900846,balanced_all_equity,international_equity,1.3969294806157857,12,"AUS,BEL,CHE,DEU,DNK,ESP,FIN,FIN,GBR,ITA,ITA,ITA,JPN,PRT,SWE,SWE"
93,age_pension_matched,fixed_real_rule,0.41929860394925933,0.49725655541702624,-15.677611610848885,target_date_fund,target_date_fund,0.49725655541702624,9,"AUS,DEU,DEU,DNK,DNK,DNK,DNK,DNK,ESP,FRA,ITA,PRT,PRT,SWE,SWE,USA"
93,age_pension_matched,amortisation at 6%,1.0330047778615647,0.8748070335345253,18.083730269961997,balanced_all_equity,international_equity,1.0856748451998026,9,"AUS,DEU,DEU,DNK,DNK,DNK,DNK,DNK,ESP,FRA,ITA,PRT,PRT,SWE,SWE,USA"
93,australia_as_legislated,fixed_real_rule,0.6585355400664819,0.6708087972215846,-1.8296207810537424,target_date_fund,target_date_fund,0.6708087972215846,9,"AUS,DEU,DEU,DNK,DNK,DNK,DNK,DNK,ESP,FRA,ITA,PRT,PRT,SWE,SWE,USA"
93,australia_as_legislated,amortisation at 6%,1.329014616125128,1.083035817186973,22.711972682219226,balanced_all_equity,international_equity,1.4102989967894017,9,"AUS,DEU,DEU,DNK,DNK,DNK,DNK,DNK,ESP,FRA,ITA,PRT,PRT,SWE,SWE,USA"
93,us_social_security,fixed_real_rule,1.0539165652865,0.9608368286486512,9.687361460609157,balanced_all_equity,international_equity,1.081342381781595,9,"AUS,DEU,DEU,DNK,DNK,DNK,DNK,DNK,ESP,FRA,ITA,PRT,PRT,SWE,SWE,USA"
93,us_social_security,amortisation at 6%,1.2462949685546578,1.0538494656557857,18.261194712388807,balanced_all_equity,international_equity,1.314232057181328,9,"AUS,DEU,DEU,DNK,DNK,DNK,DNK,DNK,ESP,FRA,ITA,PRT,PRT,SWE,SWE,USA"
94,age_pension_matched,fixed_real_rule,0.43397168480612286,0.4778216520670462,-9.177057396045008,target_date_fund,target_date_fund,0.4778216520670462,10,"AUS,AUS,BEL,DEU,DEU,DNK,DNK,DNK,ESP,FIN,FIN,FRA,NLD,NLD,PRT,USA"
94,age_pension_matched,amortisation at 6%,1.0527341432436061,0.8809678342335804,19.497455223147632,balanced_all_equity,international_equity,1.1108853814456483,10,"AUS,AUS,BEL,DEU,DEU,DNK,DNK,DNK,ESP,FIN,FIN,FRA,NLD,NLD,PRT,USA"
94,australia_as_legislated,fixed_real_rule,0.6976609770898575,0.6563595511349972,6.292500182779492,balanced_all_equity,balanced_all_equity,0.6976609770898575,10,"AUS,AUS,BEL,DEU,DEU,DNK,DNK,DNK,ESP,FIN,FIN,FRA,NLD,NLD,PRT,USA"
94,australia_as_legislated,amortisation at 6%,1.366726777201198,1.0970402923491684,24.583097515455066,balanced_all_equity,international_equity,1.464875974523791,10,"AUS,AUS,BEL,DEU,DEU,DNK,DNK,DNK,ESP,FIN,FIN,FRA,NLD,NLD,PRT,USA"
94,us_social_security,fixed_real_rule,1.0679374801966701,0.9594762521047396,11.304211839949785,balanced_all_equity,international_equity,1.1064066746190186,10,"AUS,AUS,BEL,DEU,DEU,DNK,DNK,DNK,ESP,FIN,FIN,FRA,NLD,NLD,PRT,USA"
94,us_social_security,amortisation at 6%,1.2736045179551028,1.059066041836437,20.257327460585238,balanced_all_equity,international_equity,1.3466734980204327,10,"AUS,AUS,BEL,DEU,DEU,DNK,DNK,DNK,ESP,FIN,FIN,FRA,NLD,NLD,PRT,USA"
95,age_pension_matched,fixed_real_rule,0.40391367781801385,0.4801156358887022,-15.871584338143297,target_date_fund,target_date_fund,0.4801156358887022,10,"BEL,BEL,DNK,ESP,FRA,GBR,JPN,JPN,NLD,NOR,NOR,PRT,PRT,PRT,SWE,SWE"
95,age_pension_matched,amortisation at 6%,0.9171889610523,0.8041646153765409,14.05487676460828,balanced_all_equity,international_equity,0.9702043697310841,10,"BEL,BEL,DNK,ESP,FRA,GBR,JPN,JPN,NLD,NOR,NOR,PRT,PRT,PRT,SWE,SWE"
95,australia_as_legislated,fixed_real_rule,0.61102300825345,0.6274161623994843,-2.6128039295864602,target_date_fund,international_equity,0.6663642474539284,10,"BEL,BEL,DNK,ESP,FRA,GBR,JPN,JPN,NLD,NOR,NOR,PRT,PRT,PRT,SWE,SWE"
95,australia_as_legislated,amortisation at 6%,1.1621860197863794,0.9831221937557287,18.21379144606532,balanced_all_equity,international_equity,1.2547356817012218,10,"BEL,BEL,DNK,ESP,FRA,GBR,JPN,JPN,NLD,NOR,NOR,PRT,PRT,PRT,SWE,SWE"
95,us_social_security,fixed_real_rule,0.9584842308108797,0.8893263570074632,7.776433618377077,balanced_all_equity,international_equity,0.9985555657848544,10,"BEL,BEL,DNK,ESP,FRA,GBR,JPN,JPN,NLD,NOR,NOR,PRT,PRT,PRT,SWE,SWE"
95,us_social_security,amortisation at 6%,1.0932966269855766,0.9586386129149803,14.046796389844452,balanced_all_equity,international_equity,1.1656447912247256,10,"BEL,BEL,DNK,ESP,FRA,GBR,JPN,JPN,NLD,NOR,NOR,PRT,PRT,PRT,SWE,SWE"
96,age_pension_matched,fixed_real_rule,0.40024843660020437,0.47518272079821033,-15.769572612432459,target_date_fund,target_date_fund,0.47518272079821033,11,"BEL,CHE,CHE,CHE,DNK,ESP,FRA,FRA,ITA,NLD,NOR,NOR,NOR,PRT,SWE,USA"
96,age_pension_matched,amortisation at 6%,0.912729833518749,0.806172435433755,13.21769306434566,balanced_all_equity,international_equity,0.9512999680247808,11,"BEL,CHE,CHE,CHE,DNK,ESP,FRA,FRA,ITA,NLD,NOR,NOR,NOR,PRT,SWE,USA"
96,australia_as_legislated,fixed_real_rule,0.5941162975577513,0.6198609277627879,-4.153291335518516,target_date_fund,target_date_fund,0.6198609277627879,11,"BEL,CHE,CHE,CHE,DNK,ESP,FRA,FRA,ITA,NLD,NOR,NOR,NOR,PRT,SWE,USA"
96,australia_as_legislated,amortisation at 6%,1.1505269394504698,0.9841028376518131,16.911251083856694,balanced_all_equity,international_equity,1.2126086554681121,11,"BEL,CHE,CHE,CHE,DNK,ESP,FRA,FRA,ITA,NLD,NOR,NOR,NOR,PRT,SWE,USA"
96,us_social_security,fixed_real_rule,0.9501879277753994,0.8933584653863111,6.361328021279089,balanced_all_equity,international_equity,0.9737503805260556,11,"BEL,CHE,CHE,CHE,DNK,ESP,FRA,FRA,ITA,NLD,NOR,NOR,NOR,PRT,SWE,USA"
96,us_social_security,amortisation at 6%,1.0886971474015974,0.9620560820006655,13.163584511369919,balanced_all_equity,international_equity,1.1340084437167461,11,"BEL,CHE,CHE,CHE,DNK,ESP,FRA,FRA,ITA,NLD,NOR,NOR,NOR,PRT,SWE,USA"
97,age_pension_matched,fixed_real_rule,0.40837684952025566,0.4962702692661179,-17.710796956633857,target_date_fund,target_date_fund,0.4962702692661179,10,"CHE,CHE,DEU,ESP,ESP,FIN,JPN,NLD,NOR,PRT,SWE,SWE,SWE,USA,USA,USA"
97,age_pension_matched,amortisation at 6%,1.1059792705512526,0.9185701841208725,20.40226099976692,balanced_all_equity,international_equity,1.1609598518774624,10,"CHE,CHE,DEU,ESP,ESP,FIN,JPN,NLD,NOR,PRT,SWE,SWE,SWE,USA,USA,USA"
97,australia_as_legislated,fixed_real_rule,0.6656578690610255,0.7018120038094948,-5.15154123215642,target_date_fund,international_equity,0.7059964091436651,10,"CHE,CHE,DEU,ESP,ESP,FIN,JPN,NLD,NOR,PRT,SWE,SWE,SWE,USA,USA,USA"
97,australia_as_legislated,amortisation at 6%,1.44739517813409,1.1734260258425804,23.34779920146952,balanced_all_equity,international_equity,1.5174912504799098,10,"CHE,CHE,DEU,ESP,ESP,FIN,JPN,NLD,NOR,PRT,SWE,SWE,SWE,USA,USA,USA"
97,us_social_security,fixed_real_rule,1.0982186559099798,0.9915748761590495,10.754990098581786,balanced_all_equity,international_equity,1.1369796753712098,10,"CHE,CHE,DEU,ESP,ESP,FIN,JPN,NLD,NOR,PRT,SWE,SWE,SWE,USA,USA,USA"
97,us_social_security,amortisation at 6%,1.3433006574622437,1.1033476357023146,21.747726101501243,balanced_all_equity,international_equity,1.4061849785576772,10,"CHE,CHE,DEU,ESP,ESP,FIN,JPN,NLD,NOR,PRT,SWE,SWE,SWE,USA,USA,USA"
98,age_pension_matched,fixed_real_rule,0.4243516350773309,0.47602631960767045,-10.85542592958485,target_date_fund,target_date_fund,0.47602631960767045,12,"AUS,CHE,ESP,FIN,FRA,GBR,ITA,JPN,NOR,NOR,PRT,SWE,SWE,SWE,USA,USA"
98,age_pension_matched,amortisation at 6%,0.9846490631740158,0.8413861825638683,17.027006573081273,balanced_all_equity,international_equity,1.019893866048942,12,"AUS,CHE,ESP,FIN,FRA,GBR,ITA,JPN,NOR,NOR,PRT,SWE,SWE,SWE,USA,USA"
98,australia_as_legislated,fixed_real_rule,0.6389029538414541,0.6374209303710396,0.23250310741314006,balanced_all_equity,balanced_all_equity,0.6389029538414541,12,"AUS,CHE,ESP,FIN,FRA,GBR,ITA,JPN,NOR,NOR,PRT,SWE,SWE,SWE,USA,USA"
98,australia_as_legislated,amortisation at 6%,1.264385265397554,1.0409079923018296,21.469455009326445,balanced_all_equity,international_equity,1.325789312252686,12,"AUS,CHE,ESP,FIN,FRA,GBR,ITA,JPN,NOR,NOR,PRT,SWE,SWE,SWE,USA,USA"
98,us_social_security,fixed_real_rule,1.0084537426753017,0.9211582714336896,9.4767070924463,balanced_all_equity,international_equity,1.035686418135056,12,"AUS,CHE,ESP,FIN,FRA,GBR,ITA,JPN,NOR,NOR,PRT,SWE,SWE,SWE,USA,USA"
98,us_social_security,amortisation at 6%,1.180956581079295,1.0044982937465088,17.566808070389463,balanced_all_equity,international_equity,1.2310149550438858,12,"AUS,CHE,ESP,FIN,FRA,GBR,ITA,JPN,NOR,NOR,PRT,SWE,SWE,SWE,USA,USA"
99,age_pension_matched,fixed_real_rule,0.4143618961388479,0.4647876012856174,-10.849193267481837,target_date_fund,target_date_fund,0.4647876012856174,12,"CHE,CHE,DEU,DNK,ESP,ESP,FIN,GBR,GBR,ITA,ITA,NLD,NOR,PRT,SWE,USA"
99,age_pension_matched,amortisation at 6%,1.0359008895229753,0.8627238488570663,20.07328774964705,balanced_all_equity,international_equity,1.10837147998181,12,"CHE,CHE,DEU,DNK,ESP,ESP,FIN,GBR,GBR,ITA,ITA,NLD,NOR,PRT,SWE,USA"
99,australia_as_legislated,fixed_real_rule,0.5992615220139275,0.6410014031512185,-6.511667670631316,target_date_fund,target_date_fund,0.6410014031512185,12,"CHE,CHE,DEU,DNK,ESP,ESP,FIN,GBR,GBR,ITA,ITA,NLD,NOR,PRT,SWE,USA"
99,australia_as_legislated,amortisation at 6%,1.3313077163882139,1.0699012097938196,24.432770446606924,balanced_all_equity,international_equity,1.432009710473229,12,"CHE,CHE,DEU,DNK,ESP,ESP,FIN,GBR,GBR,ITA,ITA,NLD,NOR,PRT,SWE,USA"
99,us_social_security,fixed_real_rule,1.0423865356293491,0.9403067241203943,10.856012074617993,balanced_all_equity,international_equity,1.0941141950057585,12,"CHE,CHE,DEU,DNK,ESP,ESP,FIN,GBR,GBR,ITA,ITA,NLD,NOR,PRT,SWE,USA"
99,us_social_security,amortisation at 6%,1.2450709237781947,1.0332794913649574,20.497013071793546,balanced_all_equity,international_equity,1.3363679622036537,12,"CHE,CHE,DEU,DNK,ESP,ESP,FIN,GBR,GBR,ITA,ITA,NLD,NOR,PRT,SWE,USA"
100,age_pension_matched,fixed_real_rule,0.42616804098177224,0.4810018681480172,-11.399919791864743,target_date_fund,target_date_fund,0.4810018681480172,11,"AUS,AUS,BEL,BEL,CHE,CHE,DNK,DNK,ESP,FIN,FRA,GBR,ITA,NOR,NOR,USA"
100,age_pension_matched,amortisation at 6%,0.9987075742428742,0.855783766526097,16.700925316327407,balanced_all_equity,international_equity,1.024034855859754,11,"AUS,AUS,BEL,BEL,CHE,CHE,DNK,DNK,ESP,FIN,FRA,GBR,ITA,NOR,NOR,USA"
100,australia_as_legislated,fixed_real_rule,0.6676643460037293,0.6493887525384872,2.8142762549862477,balanced_all_equity,balanced_all_equity,0.6676643460037293,11,"AUS,AUS,BEL,BEL,CHE,CHE,DNK,DNK,ESP,FIN,FRA,GBR,ITA,NOR,NOR,USA"
100,australia_as_legislated,amortisation at 6%,1.2934494553570441,1.067125589851948,21.20873753355461,balanced_all_equity,international_equity,1.3300694609678112,11,"AUS,AUS,BEL,BEL,CHE,CHE,DNK,DNK,ESP,FIN,FRA,GBR,ITA,NOR,NOR,USA"
100,us_social_security,fixed_real_rule,1.027595892751917,0.9388024107683222,9.458165101102134,balanced_all_equity,international_equity,1.041006571589974,11,"AUS,AUS,BEL,BEL,CHE,CHE,DNK,DNK,ESP,FIN,FRA,GBR,ITA,NOR,NOR,USA"
100,us_social_security,amortisation at 6%,1.204357222702861,1.0262386725273038,17.356444942472017,balanced_all_equity,international_equity,1.237992684598164,11,"AUS,AUS,BEL,BEL,CHE,CHE,DNK,DNK,ESP,FIN,FRA,GBR,ITA,NOR,NOR,USA"
101,age_pension_matched,fixed_real_rule,0.4316447501879988,0.48502238672834763,-11.005190275937649,target_date_fund,target_date_fund,0.48502238672834763,10,"AUS,AUS,DEU,DEU,ESP,ESP,FRA,FRA,GBR,GBR,JPN,NLD,NOR,PRT,SWE,SWE"
101,age_pension_matched,amortisation at 6%,1.0298022440157815,0.8567096615192968,20.204345797795796,balanced_all_equity,international_equity,1.1272070318750675,10,"AUS,AUS,DEU,DEU,ESP,ESP,FRA,FRA,GBR,GBR,JPN,NLD,NOR,PRT,SWE,SWE"
101,australia_as_legislated,fixed_real_rule,0.6865401134825607,0.6620628870282667,3.6971150224357707,balanced_all_equity,international_equity,0.706843911980667,10,"AUS,AUS,DEU,DEU,ESP,ESP,FRA,FRA,GBR,GBR,JPN,NLD,NOR,PRT,SWE,SWE"
101,australia_as_legislated,amortisation at 6%,1.3354003365072884,1.0623049954478063,25.707809172483543,balanced_all_equity,international_equity,1.494048048401713,10,"AUS,AUS,DEU,DEU,ESP,ESP,FRA,FRA,GBR,GBR,JPN,NLD,NOR,PRT,SWE,SWE"
101,us_social_security,fixed_real_rule,1.049715511589083,0.9411690653120086,11.533150660990966,balanced_all_equity,international_equity,1.1315990050582145,10,"AUS,AUS,DEU,DEU,ESP,ESP,FRA,FRA,GBR,GBR,JPN,NLD,NOR,PRT,SWE,SWE"
101,us_social_security,amortisation at 6%,1.245275972405146,1.028280276023632,21.10277727203309,balanced_all_equity,international_equity,1.3732428573055389,10,"AUS,AUS,DEU,DEU,ESP,ESP,FRA,FRA,GBR,GBR,JPN,NLD,NOR,PRT,SWE,SWE"
102,age_pension_matched,fixed_real_rule,0.4446623825783843,0.4909072973523332,-9.420294834354037,target_date_fund,target_date_fund,0.4909072973523332,11,"BEL,BEL,BEL,DEU,DNK,DNK,ESP,ESP,ESP,FIN,GBR,ITA,JPN,NLD,SWE,USA"
102,age_pension_matched,amortisation at 6%,1.131235417023681,0.9216983096663801,22.73380618796461,balanced_all_equity,international_equity,1.2134142597312096,11,"BEL,BEL,BEL,DEU,DNK,DNK,ESP,ESP,ESP,FIN,GBR,ITA,JPN,NLD,SWE,USA"
102,australia_as_legislated,fixed_real_rule,0.7312484123979257,0.6830748433605638,7.052458380747795,balanced_all_equity,balanced_all_equity,0.7312484123979257,11,"BEL,BEL,BEL,DEU,DNK,DNK,ESP,ESP,ESP,FIN,GBR,ITA,JPN,NLD,SWE,USA"
102,australia_as_legislated,amortisation at 6%,1.491965814095158,1.1793879674985044,26.503394575038342,balanced_all_equity,international_equity,1.593447775486259,11,"BEL,BEL,BEL,DEU,DNK,DNK,ESP,ESP,ESP,FIN,GBR,ITA,JPN,NLD,SWE,USA"
102,us_social_security,fixed_real_rule,1.117367507375178,0.9871446622572665,13.191870462039068,balanced_all_equity,international_equity,1.1723810267815962,11,"BEL,BEL,BEL,DEU,DNK,DNK,ESP,ESP,ESP,FIN,GBR,ITA,JPN,NLD,SWE,USA"
102,us_social_security,amortisation at 6%,1.3732635721457467,1.1073980614234802,24.008124989898903,balanced_all_equity,international_equity,1.4683688367659309,11,"BEL,BEL,BEL,DEU,DNK,DNK,ESP,ESP,ESP,FIN,GBR,ITA,JPN,NLD,SWE,USA"
103,age_pension_matched,fixed_real_rule,0.40794809328520804,0.4683236320022731,-12.891841152438799,target_date_fund,target_date_fund,0.4683236320022731,9,"AUS,AUS,BEL,BEL,DNK,FIN,FRA,GBR,GBR,GBR,ITA,ITA,NOR,NOR,NOR,PRT"
103,age_pension_matched,amortisation at 6%,0.9189752295298617,0.8028252775869127,14.46765008347346,balanced_all_equity,international_equity,0.933155458883858,9,"AUS,AUS,BEL,BEL,DNK,FIN,FRA,GBR,GBR,GBR,ITA,ITA,NOR,NOR,NOR,PRT"
103,australia_as_legislated,fixed_real_rule,0.5780059518235807,0.612705626423928,-5.663351714733356,target_date_fund,target_date_fund,0.612705626423928,9,"AUS,AUS,BEL,BEL,DNK,FIN,FRA,GBR,GBR,GBR,ITA,ITA,NOR,NOR,NOR,PRT"
103,australia_as_legislated,amortisation at 6%,1.1599622518483108,0.9773841542521846,18.68028009271545,balanced_all_equity,international_equity,1.1782910976659797,9,"AUS,AUS,BEL,BEL,DNK,FIN,FRA,GBR,GBR,GBR,ITA,ITA,NOR,NOR,NOR,PRT"
103,us_social_security,fixed_real_rule,0.9552493148496459,0.8826664861658216,8.223131819484152,balanced_all_equity,international_equity,0.96024755415453,9,"AUS,AUS,BEL,BEL,DNK,FIN,FRA,GBR,GBR,GBR,ITA,ITA,NOR,NOR,NOR,PRT"
103,us_social_security,amortisation at 6%,1.0947205699787539,0.9560217663708613,14.507912736590178,balanced_all_equity,international_equity,1.1123202367625449,9,"AUS,AUS,BEL,BEL,DNK,FIN,FRA,GBR,GBR,GBR,ITA,ITA,NOR,NOR,NOR,PRT"
104,age_pension_matched,fixed_real_rule,0.4234234067853166,0.5179427032774887,-18.248986981390726,target_date_fund,target_date_fund,0.5179427032774887,10,"BEL,CHE,DEU,DNK,DNK,DNK,FRA,FRA,ITA,JPN,JPN,NLD,NLD,NLD,SWE,USA"
104,age_pension_matched,amortisation at 6%,1.0791765297914573,0.9032861633918585,19.472275069411758,balanced_all_equity,international_equity,1.119877163177606,10,"BEL,CHE,DEU,DNK,DNK,DNK,FRA,FRA,ITA,JPN,JPN,NLD,NLD,NLD,SWE,USA"
104,australia_as_legislated,fixed_real_rule,0.6623068078883667,0.7175164978330885,-7.694553381205294,target_date_fund,target_date_fund,0.7175164978330885,10,"BEL,CHE,DEU,DNK,DNK,DNK,FRA,FRA,ITA,JPN,JPN,NLD,NLD,NLD,SWE,USA"
104,australia_as_legislated,amortisation at 6%,1.4166103497691347,1.1393131208762781,24.338983183093642,balanced_all_equity,international_equity,1.4556846974856859,10,"BEL,CHE,DEU,DNK,DNK,DNK,FRA,FRA,ITA,JPN,JPN,NLD,NLD,NLD,SWE,USA"
104,us_social_security,fixed_real_rule,1.0892302518495476,0.9898261908253863,10.042577368181306,balanced_all_equity,international_equity,1.114137883224742,10,"BEL,CHE,DEU,DNK,DNK,DNK,FRA,FRA,ITA,JPN,JPN,NLD,NLD,NLD,SWE,USA"
104,us_social_security,amortisation at 6%,1.307611332608811,1.086636575231735,20.335663497241583,balanced_all_equity,international_equity,1.352538505608515,10,"BEL,CHE,DEU,DNK,DNK,DNK,FRA,FRA,ITA,JPN,JPN,NLD,NLD,NLD,SWE,USA"
105,age_pension_matched,fixed_real_rule,0.397441314450103,0.47183100093879027,-15.766171858287393,target_date_fund,target_date_fund,0.47183100093879027,11,"BEL,BEL,DNK,DNK,FIN,FRA,GBR,ITA,ITA,NLD,NLD,NOR,NOR,PRT,SWE,USA"
105,age_pension_matched,amortisation at 6%,0.9373222386907732,0.8177457360230718,14.622699624119818,balanced_all_equity,international_equity,0.9665753783950048,11,"BEL,BEL,DNK,DNK,FIN,FRA,GBR,ITA,ITA,NLD,NLD,NOR,NOR,PRT,SWE,USA"
105,australia_as_legislated,fixed_real_rule,0.5990796324376638,0.6020692211517557,-0.4965523247265069,target_date_fund,target_date_fund,0.6020692211517557,11,"BEL,BEL,DNK,DNK,FIN,FRA,GBR,ITA,ITA,NLD,NLD,NOR,NOR,PRT,SWE,USA"
105,australia_as_legislated,amortisation at 6%,1.1883054227837624,1.0010947215258406,18.70059817842018,balanced_all_equity,international_equity,1.2305013813435444,11,"BEL,BEL,DNK,DNK,FIN,FRA,GBR,ITA,ITA,NLD,NLD,NOR,NOR,PRT,SWE,USA"
105,us_social_security,fixed_real_rule,0.9679347484487333,0.9002256850416027,7.521343206731701,balanced_all_equity,international_equity,0.9857730400704274,11,"BEL,BEL,DNK,DNK,FIN,FRA,GBR,ITA,ITA,NLD,NLD,NOR,NOR,PRT,SWE,USA"
105,us_social_security,amortisation at 6%,1.1193127583484366,0.9761581784014981,14.66510070953464,balanced_all_equity,international_equity,1.153685488289983,11,"BEL,BEL,DNK,DNK,FIN,FRA,GBR,ITA,ITA,NLD,NLD,NOR,NOR,PRT,SWE,USA"
106,age_pension_matched,fixed_real_rule,0.4129630821445389,0.48292591377099636,-14.487280477484143,target_date_fund,target_date_fund,0.48292591377099636,8,"BEL,BEL,CHE,ESP,ESP,ESP,FRA,GBR,JPN,JPN,NLD,NLD,NOR,NOR,NOR,NOR"
106,age_pension_matched,amortisation at 6%,0.9536338257358284,0.8287539014738916,15.068396545686834,balanced_all_equity,international_equity,0.9623523261410846,8,"BEL,BEL,CHE,ESP,ESP,ESP,FRA,GBR,JPN,JPN,NLD,NLD,NOR,NOR,NOR,NOR"
106,australia_as_legislated,fixed_real_rule,0.6365526353804664,0.6553285951471749,-2.8651213918861274,target_date_fund,target_date_fund,0.6553285951471749,8,"BEL,BEL,CHE,ESP,ESP,ESP,FRA,GBR,JPN,JPN,NLD,NLD,NOR,NOR,NOR,NOR"
106,australia_as_legislated,amortisation at 6%,1.22970387737429,1.03396150896609,18.931301282572164,balanced_all_equity,international_equity,1.24180707076305,8,"BEL,BEL,CHE,ESP,ESP,ESP,FRA,GBR,JPN,JPN,NLD,NLD,NOR,NOR,NOR,NOR"
106,us_social_security,fixed_real_rule,0.9887698416865311,0.9111256219024995,8.521790839544675,balanced_all_equity,international_equity,0.9914059302677964,8,"BEL,BEL,CHE,ESP,ESP,ESP,FRA,GBR,JPN,JPN,NLD,NLD,NOR,NOR,NOR,NOR"
106,us_social_security,amortisation at 6%,1.1428303851627937,0.9868922784083762,15.800924798591875,balanced_all_equity,international_equity,1.150701564496282,8,"BEL,BEL,CHE,ESP,ESP,ESP,FRA,GBR,JPN,JPN,NLD,NLD,NOR,NOR,NOR,NOR"
107,age_pension_matched,fixed_real_rule,0.39607576853055704,0.4797593638613162,-17.44282689080552,target_date_fund,target_date_fund,0.4797593638613162,11,"CHE,DEU,ESP,FIN,GBR,GBR,GBR,GBR,ITA,ITA,JPN,JPN,NLD,PRT,SWE,USA"
107,age_pension_matched,amortisation at 6%,1.0835046397712822,0.8893149242401528,21.8358772846468,balanced_all_equity,international_equity,1.132749382330862,11,"CHE,DEU,ESP,FIN,GBR,GBR,GBR,GBR,ITA,ITA,JPN,JPN,NLD,PRT,SWE,USA"
107,australia_as_legislated,fixed_real_rule,0.6179339920566033,0.6731471382095636,-8.202240345226198,target_date_fund,target_date_fund,0.6731471382095636,11,"CHE,DEU,ESP,FIN,GBR,GBR,GBR,GBR,ITA,ITA,JPN,JPN,NLD,PRT,SWE,USA"
107,australia_as_legislated,amortisation at 6%,1.4134933923933282,1.1186653921375012,26.35533398351417,balanced_all_equity,international_equity,1.466086539439716,11,"CHE,DEU,ESP,FIN,GBR,GBR,GBR,GBR,ITA,ITA,JPN,JPN,NLD,PRT,SWE,USA"
107,us_social_security,fixed_real_rule,1.0752049773965107,0.9594125204898363,12.06910004129982,balanced_all_equity,international_equity,1.1076620107068207,11,"CHE,DEU,ESP,FIN,GBR,GBR,GBR,GBR,ITA,ITA,JPN,JPN,NLD,PRT,SWE,USA"
107,us_social_security,amortisation at 6%,1.3034933972735705,1.062555369057723,22.67533864418869,balanced_all_equity,international_equity,1.3625275334875735,11,"CHE,DEU,ESP,FIN,GBR,GBR,GBR,GBR,ITA,ITA,JPN,JPN,NLD,PRT,SWE,USA"
108,age_pension_matched,fixed_real_rule,0.4075263420728766,0.4551615686694133,-10.46556429089348,target_date_fund,target_date_fund,0.4551615686694133,11,"BEL,BEL,DEU,DEU,DEU,ESP,FIN,FIN,FIN,FRA,GBR,ITA,JPN,NLD,NOR,USA"
108,age_pension_matched,amortisation at 6%,1.0391448695633958,0.8633610841926465,20.36040175879943,balanced_all_equity,international_equity,1.0889065722662066,11,"BEL,BEL,DEU,DEU,DEU,ESP,FIN,FIN,FIN,FRA,GBR,ITA,JPN,NLD,NOR,USA"
108,australia_as_legislated,fixed_real_rule,0.6596607957043555,0.62377826882686,5.752449014451844,balanced_all_equity,balanced_all_equity,0.6596607957043555,11,"BEL,BEL,DEU,DEU,DEU,ESP,FIN,FIN,FIN,FRA,GBR,ITA,JPN,NLD,NOR,USA"
108,australia_as_legislated,amortisation at 6%,1.3466431614987426,1.0725582440791126,25.554315481949086,balanced_all_equity,international_equity,1.4119209658527567,11,"BEL,BEL,DEU,DEU,DEU,ESP,FIN,FIN,FIN,FRA,GBR,ITA,JPN,NLD,NOR,USA"
108,us_social_security,fixed_real_rule,1.0467516842827795,0.9332424444190195,12.16288870513429,balanced_all_equity,international_equity,1.0787009298926904,11,"BEL,BEL,DEU,DEU,DEU,ESP,FIN,FIN,FIN,FRA,GBR,ITA,JPN,NLD,NOR,USA"
108,us_social_security,amortisation at 6%,1.2527736066287563,1.0344976826775503,21.099701585241924,balanced_all_equity,international_equity,1.3100712302761346,11,"BEL,BEL,DEU,DEU,DEU,ESP,FIN,FIN,FIN,FRA,GBR,ITA,JPN,NLD,NOR,USA"
109,age_pension_matched,fixed_real_rule,0.3966812266408011,0.4751776442782085,-16.519383557415235,target_date_fund,target_date_fund,0.4751776442782085,9,"AUS,AUS,AUS,BEL,BEL,DEU,FIN,GBR,GBR,ITA,PRT,PRT,SWE,USA,USA,USA"
109,age_pension_matched,amortisation at 6%,1.0690769294997078,0.8901171226453343,20.105197653374397,balanced_all_equity,international_equity,1.1234418989113062,9,"AUS,AUS,AUS,BEL,BEL,DEU,FIN,GBR,GBR,ITA,PRT,PRT,SWE,USA,USA,USA"
109,australia_as_legislated,fixed_real_rule,0.6210588152703622,0.6562045019623591,-5.355904536908063,target_date_fund,target_date_fund,0.6562045019623591,9,"AUS,AUS,AUS,BEL,BEL,DEU,FIN,GBR,GBR,ITA,PRT,PRT,SWE,USA,USA,USA"
109,australia_as_legislated,amortisation at 6%,1.382462373607684,1.1117804199427666,24.34670990867531,balanced_all_equity,international_equity,1.457436394653845,9,"AUS,AUS,AUS,BEL,BEL,DEU,FIN,GBR,GBR,ITA,PRT,PRT,SWE,USA,USA,USA"
109,us_social_security,fixed_real_rule,1.0723677690874838,0.9655102011465964,11.06747166565285,balanced_all_equity,international_equity,1.0984482620504707,9,"AUS,AUS,AUS,BEL,BEL,DEU,FIN,GBR,GBR,ITA,PRT,PRT,SWE,USA,USA,USA"
109,us_social_security,amortisation at 6%,1.2903675270953172,1.0690645564847077,20.70061805605985,balanced_all_equity,international_equity,1.3582341093998813,9,"AUS,AUS,AUS,BEL,BEL,DEU,FIN,GBR,GBR,ITA,PRT,PRT,SWE,USA,USA,USA"
110,age_pension_matched,fixed_real_rule,0.458221825290868,0.4901631365186019,-6.516465406721106,target_date_fund,target_date_fund,0.4901631365186019,11,"AUS,BEL,CHE,DEU,DNK,DNK,ESP,ESP,ESP,ESP,FIN,GBR,JPN,NLD,NLD,PRT"
110,age_pension_matched,amortisation at 6%,1.1097901509884867,0.902332299312341,22.991291770697696,balanced_all_equity,international_equity,1.2074881885640072,11,"AUS,BEL,CHE,DEU,DNK,DNK,ESP,ESP,ESP,ESP,FIN,GBR,JPN,NLD,NLD,PRT"
110,australia_as_legislated,fixed_real_rule,0.7379480626116739,0.6784137987808593,8.775508979593338,balanced_all_equity,international_equity,0.7844264104866525,11,"AUS,BEL,CHE,DEU,DNK,DNK,ESP,ESP,ESP,ESP,FIN,GBR,JPN,NLD,NLD,PRT"
110,australia_as_legislated,amortisation at 6%,1.4682241257841189,1.1481598939839326,27.876276943415455,balanced_all_equity,international_equity,1.6142936663182288,11,"AUS,BEL,CHE,DEU,DNK,DNK,ESP,ESP,ESP,ESP,FIN,GBR,JPN,NLD,NLD,PRT"
110,us_social_security,fixed_real_rule,1.1109405009401134,0.977060033834667,13.70237881699099,balanced_all_equity,international_equity,1.1885686299503422,11,"AUS,BEL,CHE,DEU,DNK,DNK,ESP,ESP,ESP,ESP,FIN,GBR,JPN,NLD,NLD,PRT"
110,us_social_security,amortisation at 6%,1.350769931133304,1.0854850243289944,24.43929679898611,balanced_all_equity,international_equity,1.474591973888467,11,"AUS,BEL,CHE,DEU,DNK,DNK,ESP,ESP,ESP,ESP,FIN,GBR,JPN,NLD,NLD,PRT"
111,age_pension_matched,fixed_real_rule,0.43519271267046433,0.49251880870868897,-11.639371943687827,target_date_fund,target_date_fund,0.49251880870868897,11,"AUS,AUS,CHE,CHE,DEU,DEU,DNK,FIN,FRA,GBR,ITA,NLD,NOR,SWE,SWE,SWE"
111,age_pension_matched,amortisation at 6%,1.0695355613500954,0.8986020103283152,19.02216432381756,balanced_all_equity,international_equity,1.1364905328947308,11,"AUS,AUS,CHE,CHE,DEU,DEU,DNK,FIN,FRA,GBR,ITA,NLD,NOR,SWE,SWE,SWE"
111,australia_as_legislated,fixed_real_rule,0.678433279264526,0.6691422416551297,1.3884996389429638,balanced_all_equity,balanced_all_equity,0.678433279264526,11,"AUS,AUS,CHE,CHE,DEU,DEU,DNK,FIN,FRA,GBR,ITA,NLD,NOR,SWE,SWE,SWE"
111,australia_as_legislated,amortisation at 6%,1.3906673942679195,1.128431926794265,23.238926624367394,balanced_all_equity,international_equity,1.4906688817779148,11,"AUS,AUS,CHE,CHE,DEU,DEU,DNK,FIN,FRA,GBR,ITA,NLD,NOR,SWE,SWE,SWE"
111,us_social_security,fixed_real_rule,1.074261840545712,0.9762679481768515,10.037602130835177,balanced_all_equity,international_equity,1.126969347638675,11,"AUS,AUS,CHE,CHE,DEU,DEU,DNK,FIN,FRA,GBR,ITA,NLD,NOR,SWE,SWE,SWE"
111,us_social_security,amortisation at 6%,1.2870249830997462,1.0774567321977884,19.450270682747693,balanced_all_equity,international_equity,1.375582731204572,11,"AUS,AUS,CHE,CHE,DEU,DEU,DNK,FIN,FRA,GBR,ITA,NLD,NOR,SWE,SWE,SWE"
112,age_pension_matched,fixed_real_rule,0.3726102445761027,0.4654461094786734,-19.945566846944374,target_date_fund,target_date_fund,0.4654461094786734,10,"CHE,ESP,ESP,ESP,FIN,FIN,FRA,GBR,JPN,JPN,JPN,NLD,NOR,PRT,SWE,SWE"
112,age_pension_matched,amortisation at 6%,0.9665736355081822,0.8300018512976398,16.454395131411292,balanced_all_equity,balanced_all_equity,0.9665736355081822,10,"CHE,ESP,ESP,ESP,FIN,FIN,FRA,GBR,JPN,JPN,JPN,NLD,NOR,PRT,SWE,SWE"
112,australia_as_legislated,fixed_real_rule,0.5742679828194364,0.605533660016049,-5.163326047933325,target_date_fund,target_date_fund,0.605533660016049,10,"CHE,ESP,ESP,ESP,FIN,FIN,FRA,GBR,JPN,JPN,JPN,NLD,NOR,PRT,SWE,SWE"
112,australia_as_legislated,amortisation at 6%,1.2358648875178933,1.0231015174854736,20.795919700650867,balanced_all_equity,balanced_all_equity,1.2358648875178933,10,"CHE,ESP,ESP,ESP,FIN,FIN,FRA,GBR,JPN,JPN,JPN,NLD,NOR,PRT,SWE,SWE"
112,us_social_security,fixed_real_rule,0.9860489918753319,0.9053969323748144,8.907922770289357,balanced_all_equity,balanced_all_equity,0.9860489918753319,10,"CHE,ESP,ESP,ESP,FIN,FIN,FRA,GBR,JPN,JPN,JPN,NLD,NOR,PRT,SWE,SWE"
112,us_social_security,amortisation at 6%,1.15572188531939,0.9898970464269966,16.751725797236496,balanced_all_equity,balanced_all_equity,1.15572188531939,10,"CHE,ESP,ESP,ESP,FIN,FIN,FRA,GBR,JPN,JPN,JPN,NLD,NOR,PRT,SWE,SWE"
113,age_pension_matched,fixed_real_rule,0.34466476382601186,0.4545641847139328,-24.176876354014354,target_date_fund,target_date_fund,0.4545641847139328,9,"DEU,ESP,ESP,ESP,FIN,FRA,GBR,GBR,GBR,ITA,ITA,JPN,PRT,PRT,USA,USA"
113,age_pension_matched,amortisation at 6%,1.0018408398766385,0.83360153630614,20.18222091048458,balanced_all_equity,international_equity,1.057819507645872,9,"DEU,ESP,ESP,ESP,FIN,FRA,GBR,GBR,GBR,ITA,ITA,JPN,PRT,PRT,USA,USA"
113,australia_as_legislated,fixed_real_rule,0.5477427573906793,0.6011311918727166,-8.881328269743438,target_date_fund,target_date_fund,0.6011311918727166,9,"DEU,ESP,ESP,ESP,FIN,FRA,GBR,GBR,GBR,ITA,ITA,JPN,PRT,PRT,USA,USA"
113,australia_as_legislated,amortisation at 6%,1.2775500924120597,1.0236532371147453,24.803013959389663,balanced_all_equity,international_equity,1.3520508395568414,9,"DEU,ESP,ESP,ESP,FIN,FRA,GBR,GBR,GBR,ITA,ITA,JPN,PRT,PRT,USA,USA"
113,us_social_security,fixed_real_rule,1.008521014858807,0.9061291782588988,11.299916066785443,balanced_all_equity,international_equity,1.0474557666972621,9,"DEU,ESP,ESP,ESP,FIN,FRA,GBR,GBR,GBR,ITA,ITA,JPN,PRT,PRT,USA,USA"
113,us_social_security,amortisation at 6%,1.1994591617231107,0.9956915611535271,20.46493196482604,balanced_all_equity,international_equity,1.2706270983999075,9,"DEU,ESP,ESP,ESP,FIN,FRA,GBR,GBR,GBR,ITA,ITA,JPN,PRT,PRT,USA,USA"
114,age_pension_matched,fixed_real_rule,0.3834408189000179,0.46885907094613727,-18.21832131214802,target_date_fund,target_date_fund,0.46885907094613727,11,"AUS,BEL,CHE,ESP,FRA,FRA,FRA,GBR,ITA,NLD,NLD,NOR,PRT,SWE,SWE,SWE"
114,age_pension_matched,amortisation at 6%,0.896773995306926,0.7912445029931856,13.337153296425397,balanced_all_equity,international_equity,0.9464645458347761,11,"AUS,BEL,CHE,ESP,FRA,FRA,FRA,GBR,ITA,NLD,NLD,NOR,PRT,SWE,SWE,SWE"
114,australia_as_legislated,fixed_real_rule,0.5587802329920445,0.610765214306171,-8.511450897409322,target_date_fund,target_date_fund,0.610765214306171,11,"AUS,BEL,CHE,ESP,FRA,FRA,FRA,GBR,ITA,NLD,NLD,NOR,PRT,SWE,SWE,SWE"
114,australia_as_legislated,amortisation at 6%,1.1211170964603443,0.9562670023037322,17.238919021515287,balanced_all_equity,international_equity,1.2080393073748195,11,"AUS,BEL,CHE,ESP,FRA,FRA,FRA,GBR,ITA,NLD,NLD,NOR,PRT,SWE,SWE,SWE"
114,us_social_security,fixed_real_rule,0.9337793030409726,0.8768126737819942,6.4970125275746415,balanced_all_equity,international_equity,0.9721574353604867,11,"AUS,BEL,CHE,ESP,FRA,FRA,FRA,GBR,ITA,NLD,NLD,NOR,PRT,SWE,SWE,SWE"
114,us_social_security,amortisation at 6%,1.0656653841027972,0.9431407872599992,12.991124813799537,balanced_all_equity,international_equity,1.1280402664648268,11,"AUS,BEL,CHE,ESP,FRA,FRA,FRA,GBR,ITA,NLD,NLD,NOR,PRT,SWE,SWE,SWE"
115,age_pension_matched,fixed_real_rule,0.4277254926585111,0.48844666075028914,-12.431483920579156,target_date_fund,target_date_fund,0.48844666075028914,11,"AUS,AUS,BEL,BEL,CHE,DEU,DEU,ITA,ITA,JPN,NLD,NOR,PRT,PRT,SWE,USA"
115,age_pension_matched,amortisation at 6%,1.0473956593574685,0.8772277647544952,19.39837080402913,balanced_all_equity,international_equity,1.137889218364869,11,"AUS,AUS,BEL,BEL,CHE,DEU,DEU,ITA,ITA,JPN,NLD,NOR,PRT,PRT,SWE,USA"
115,australia_as_legislated,fixed_real_rule,0.685093189500807,0.6662951420087335,2.821279386099307,balanced_all_equity,international_equity,0.7080904242884482,11,"AUS,AUS,BEL,BEL,CHE,DEU,DEU,ITA,ITA,JPN,NLD,NOR,PRT,PRT,SWE,USA"
115,australia_as_legislated,amortisation at 6%,1.3641553384279004,1.0987676261091235,24.15321547637408,balanced_all_equity,international_equity,1.4992709845674326,11,"AUS,AUS,BEL,BEL,CHE,DEU,DEU,ITA,ITA,JPN,NLD,NOR,PRT,PRT,SWE,USA"
115,us_social_security,fixed_real_rule,1.0535679295235743,0.9511168685794512,10.771658492098846,balanced_all_equity,international_equity,1.1183347198707818,11,"AUS,AUS,BEL,BEL,CHE,DEU,DEU,ITA,ITA,JPN,NLD,NOR,PRT,PRT,SWE,USA"
115,us_social_security,amortisation at 6%,1.2627089410215513,1.0504621144202262,20.205091043999147,balanced_all_equity,international_equity,1.381581776397526,11,"AUS,AUS,BEL,BEL,CHE,DEU,DEU,ITA,ITA,JPN,NLD,NOR,PRT,PRT,SWE,USA"
116,age_pension_matched,fixed_real_rule,0.3869652264255359,0.46267357080281213,-16.363230829439914,target_date_fund,target_date_fund,0.46267357080281213,10,"AUS,BEL,ESP,ESP,FIN,FIN,GBR,GBR,NLD,NOR,PRT,PRT,PRT,SWE,SWE,USA"
116,age_pension_matched,amortisation at 6%,0.9613256131080573,0.8194092630258217,17.319349009819952,balanced_all_equity,international_equity,1.027184158041945,10,"AUS,BEL,ESP,ESP,FIN,FIN,GBR,GBR,NLD,NOR,PRT,PRT,PRT,SWE,SWE,USA"
116,australia_as_legislated,fixed_real_rule,0.5861587565335566,0.5978037223691992,-1.9479580671548091,target_date_fund,international_equity,0.6666858616761656,10,"AUS,BEL,ESP,ESP,FIN,FIN,GBR,GBR,NLD,NOR,PRT,PRT,PRT,SWE,SWE,USA"
116,australia_as_legislated,amortisation at 6%,1.2247871384947093,1.0070923418866948,21.61617039011372,balanced_all_equity,international_equity,1.3384360801955493,10,"AUS,BEL,ESP,ESP,FIN,FIN,GBR,GBR,NLD,NOR,PRT,PRT,PRT,SWE,SWE,USA"
116,us_social_security,fixed_real_rule,0.9833142926530436,0.8951802840975657,9.845392053548863,balanced_all_equity,international_equity,1.036628227743023,10,"AUS,BEL,ESP,ESP,FIN,FIN,GBR,GBR,NLD,NOR,PRT,PRT,PRT,SWE,SWE,USA"
116,us_social_security,amortisation at 6%,1.1496970914141167,0.9777096266342471,17.590853162808084,balanced_all_equity,international_equity,1.2361810751929316,10,"AUS,BEL,ESP,ESP,FIN,FIN,GBR,GBR,NLD,NOR,PRT,PRT,PRT,SWE,SWE,USA"
117,age_pension_matched,fixed_real_rule,0.49697100028397084,0.5130816700161914,-3.1399815416738974,target_date_fund,target_date_fund,0.5130816700161914,9,"AUS,BEL,DEU,DNK,DNK,ESP,GBR,GBR,GBR,GBR,NOR,NOR,NOR,SWE,USA,USA"
117,age_pension_matched,amortisation at 6%,1.159392759895492,0.940099063766548,23.326658283259462,balanced_all_equity,international_equity,1.2536232630941764,9,"AUS,BEL,DEU,DNK,DNK,ESP,GBR,GBR,GBR,GBR,NOR,NOR,NOR,SWE,USA,USA"
117,australia_as_legislated,fixed_real_rule,0.8203468131543188,0.7483011474586342,9.62789726306912,balanced_all_equity,international_equity,0.8491848562767387,9,"AUS,BEL,DEU,DNK,DNK,ESP,GBR,GBR,GBR,GBR,NOR,NOR,NOR,SWE,USA,USA"
117,australia_as_legislated,amortisation at 6%,1.55693015713016,1.2305295144817145,26.525218518299564,balanced_all_equity,international_equity,1.6876795373792493,9,"AUS,BEL,DEU,DNK,DNK,ESP,GBR,GBR,GBR,GBR,NOR,NOR,NOR,SWE,USA,USA"
117,us_social_security,fixed_real_rule,1.1635009717034488,1.0210136908436331,13.95547210949568,balanced_all_equity,international_equity,1.23012205269558,9,"AUS,BEL,DEU,DNK,DNK,ESP,GBR,GBR,GBR,GBR,NOR,NOR,NOR,SWE,USA,USA"
117,us_social_security,amortisation at 6%,1.4189153924785525,1.131780891777816,25.370149185828872,balanced_all_equity,international_equity,1.5376779974770425,9,"AUS,BEL,DEU,DNK,DNK,ESP,GBR,GBR,GBR,GBR,NOR,NOR,NOR,SWE,USA,USA"
118,age_pension_matched,fixed_real_rule,0.4027989074118978,0.46739552713301574,-13.820547260550587,target_date_fund,target_date_fund,0.46739552713301574,10,"AUS,BEL,BEL,CHE,DNK,ESP,GBR,GBR,ITA,ITA,ITA,ITA,NOR,PRT,PRT,SWE"
118,age_pension_matched,amortisation at 6%,0.9141295996041735,0.7920619659463198,15.41137422398673,balanced_all_equity,international_equity,0.952033634150421,10,"AUS,BEL,BEL,CHE,DNK,ESP,GBR,GBR,ITA,ITA,ITA,ITA,NOR,PRT,PRT,SWE"
118,australia_as_legislated,fixed_real_rule,0.5827827211991584,0.6023049814385307,-3.241258306173367,target_date_fund,target_date_fund,0.6023049814385307,10,"AUS,BEL,BEL,CHE,DNK,ESP,GBR,GBR,ITA,ITA,ITA,ITA,NOR,PRT,PRT,SWE"
118,australia_as_legislated,amortisation at 6%,1.1474496351432877,0.9546364013608591,20.19755725924217,balanced_all_equity,international_equity,1.1948057099820695,10,"AUS,BEL,BEL,CHE,DNK,ESP,GBR,GBR,ITA,ITA,ITA,ITA,NOR,PRT,PRT,SWE"
118,us_social_security,fixed_real_rule,0.9485212607387326,0.8757375165282392,8.311136937359521,balanced_all_equity,international_equity,0.9798092273425687,10,"AUS,BEL,BEL,CHE,DNK,ESP,GBR,GBR,ITA,ITA,ITA,ITA,NOR,PRT,PRT,SWE"
118,us_social_security,amortisation at 6%,1.0882436962000277,0.9454862499893361,15.098838953216065,balanced_all_equity,international_equity,1.1367751461312272,10,"AUS,BEL,BEL,CHE,DNK,ESP,GBR,GBR,ITA,ITA,ITA,ITA,NOR,PRT,PRT,SWE"
119,age_pension_matched,fixed_real_rule,0.4012944302148035,0.4741065831023947,-15.357760360789097,target_date_fund,target_date_fund,0.4741065831023947,12,"AUS,CHE,DNK,ESP,FRA,GBR,ITA,ITA,JPN,NLD,NOR,PRT,PRT,PRT,SWE,SWE"
119,age_pension_matched,amortisation at 6%,0.9399870902372645,0.8055192539654243,16.693311253564637,balanced_all_equity,international_equity,1.0221434706962649,12,"AUS,CHE,DNK,ESP,FRA,GBR,ITA,ITA,JPN,NLD,NOR,PRT,PRT,PRT,SWE,SWE"
119,australia_as_legislated,fixed_real_rule,0.6099683884981753,0.622484364485173,-2.0106490541893507,target_date_fund,international_equity,0.6793628198329318,12,"AUS,CHE,DNK,ESP,FRA,GBR,ITA,ITA,JPN,NLD,NOR,PRT,PRT,PRT,SWE,SWE"
119,australia_as_legislated,amortisation at 6%,1.1958242117323796,0.9815276201490747,21.83296599954645,balanced_all_equity,international_equity,1.3353761887566662,12,"AUS,CHE,DNK,ESP,FRA,GBR,ITA,ITA,JPN,NLD,NOR,PRT,PRT,PRT,SWE,SWE"
119,us_social_security,fixed_real_rule,0.974245818120793,0.8898529184645539,9.48391558931554,balanced_all_equity,international_equity,1.0420873099263501,12,"AUS,CHE,DNK,ESP,FRA,GBR,ITA,ITA,JPN,NLD,NOR,PRT,PRT,PRT,SWE,SWE"
119,us_social_security,amortisation at 6%,1.1251755983896643,0.9628776027413656,16.855516753762622,balanced_all_equity,international_equity,1.2388727772978514,12,"AUS,CHE,DNK,ESP,FRA,GBR,ITA,ITA,JPN,NLD,NOR,PRT,PRT,PRT,SWE,SWE"
120,age_pension_matched,fixed_real_rule,0.40573117805250175,0.4966870551226794,-18.312512100342936,target_date_fund,target_date_fund,0.4966870551226794,10,"AUS,BEL,BEL,CHE,DEU,DEU,ESP,FIN,ITA,ITA,JPN,JPN,SWE,USA,USA,USA"
120,age_pension_matched,amortisation at 6%,1.1408245479988182,0.9353872526715533,21.962806820438985,balanced_all_equity,international_equity,1.175998395332985,10,"AUS,BEL,BEL,CHE,DEU,DEU,ESP,FIN,ITA,ITA,JPN,JPN,SWE,USA,USA,USA"
120,australia_as_legislated,fixed_real_rule,0.6619155258981365,0.6969728487053954,-5.029940961455925,target_date_fund,target_date_fund,0.6969728487053954,10,"AUS,BEL,BEL,CHE,DEU,DEU,ESP,FIN,ITA,ITA,JPN,JPN,SWE,USA,USA,USA"
120,australia_as_legislated,amortisation at 6%,1.5050681330378992,1.1945717394377473,25.992276842769968,balanced_all_equity,international_equity,1.5289431375715048,10,"AUS,BEL,BEL,CHE,DEU,DEU,ESP,FIN,ITA,ITA,JPN,JPN,SWE,USA,USA,USA"
120,us_social_security,fixed_real_rule,1.1223224423862064,1.0018964938772086,12.019799374979856,balanced_all_equity,international_equity,1.1409940123869866,10,"AUS,BEL,BEL,CHE,DEU,DEU,ESP,FIN,ITA,ITA,JPN,JPN,SWE,USA,USA,USA"
120,us_social_security,amortisation at 6%,1.3859662160749333,1.1255363971681003,23.138284960138655,balanced_all_equity,international_equity,1.420753616422684,10,"AUS,BEL,BEL,CHE,DEU,DEU,ESP,FIN,ITA,ITA,JPN,JPN,SWE,USA,USA,USA"
121,age_pension_matched,fixed_real_rule,0.4660721337586026,0.5176802830328252,-9.969116260692157,target_date_fund,target_date_fund,0.5176802830328252,10,"AUS,AUS,DEU,DEU,DEU,DNK,DNK,ESP,ESP,FRA,GBR,GBR,JPN,NLD,NOR,SWE"
121,age_pension_matched,amortisation at 6%,1.1291102344434418,0.9198692259914495,22.7468212371676,balanced_all_equity,international_equity,1.2261084008438932,10,"AUS,AUS,DEU,DEU,DEU,DNK,DNK,ESP,ESP,FRA,GBR,GBR,JPN,NLD,NOR,SWE"
121,australia_as_legislated,fixed_real_rule,0.759436938491874,0.7170740058319595,5.9077490350196715,balanced_all_equity,international_equity,0.8519555190939518,10,"AUS,AUS,DEU,DEU,DEU,DNK,DNK,ESP,ESP,FRA,GBR,GBR,JPN,NLD,NOR,SWE"
121,australia_as_legislated,amortisation at 6%,1.5057479941193068,1.173967811036678,28.261437831898363,balanced_all_equity,international_equity,1.6619845291909225,10,"AUS,AUS,DEU,DEU,DEU,DNK,DNK,ESP,ESP,FRA,GBR,GBR,JPN,NLD,NOR,SWE"
121,us_social_security,fixed_real_rule,1.1391860134825338,1.0012273829710157,13.778951001334306,balanced_all_equity,international_equity,1.2216065504324365,10,"AUS,AUS,DEU,DEU,DEU,DNK,DNK,ESP,ESP,FRA,GBR,GBR,JPN,NLD,NOR,SWE"
121,us_social_security,amortisation at 6%,1.381700105045087,1.1096080944516464,24.52145148850098,balanced_all_equity,international_equity,1.5127877108871672,10,"AUS,AUS,DEU,DEU,DEU,DNK,DNK,ESP,ESP,FRA,GBR,GBR,JPN,NLD,NOR,SWE"
122,age_pension_matched,fixed_real_rule,0.387604848503939,0.48218619073492414,-19.615108032610596,target_date_fund,target_date_fund,0.48218619073492414,11,"CHE,CHE,DEU,ESP,ESP,FRA,GBR,GBR,ITA,JPN,NLD,PRT,PRT,SWE,SWE,USA"
122,age_pension_matched,amortisation at 6%,1.0106336321585325,0.8506238868962457,18.810869025337396,balanced_all_equity,international_equity,1.08248230702999,11,"CHE,CHE,DEU,ESP,ESP,FRA,GBR,GBR,ITA,JPN,NLD,PRT,PRT,SWE,SWE,USA"
122,australia_as_legislated,fixed_real_rule,0.6201058301334283,0.6531108710878762,-5.05351272127379,target_date_fund,international_equity,0.6607226612753958,11,"CHE,CHE,DEU,ESP,ESP,FRA,GBR,GBR,ITA,JPN,NLD,PRT,PRT,SWE,SWE,USA"
122,australia_as_legislated,amortisation at 6%,1.3013821143476139,1.0555062240071937,23.294594077044906,balanced_all_equity,international_equity,1.402850598325362,11,"CHE,CHE,DEU,ESP,ESP,FRA,GBR,GBR,ITA,JPN,NLD,PRT,PRT,SWE,SWE,USA"
122,us_social_security,fixed_real_rule,1.0194771275902703,0.9286177984315774,9.784362233004051,balanced_all_equity,international_equity,1.0746140349253537,11,"CHE,CHE,DEU,ESP,ESP,FRA,GBR,GBR,ITA,JPN,NLD,PRT,PRT,SWE,SWE,USA"
122,us_social_security,amortisation at 6%,1.212029966838477,1.0158872337102882,19.30753007022481,balanced_all_equity,international_equity,1.3025655306600474,11,"CHE,CHE,DEU,ESP,ESP,FRA,GBR,GBR,ITA,JPN,NLD,PRT,PRT,SWE,SWE,USA"
123,age_pension_matched,fixed_real_rule,0.3872819411155129,0.46776210046341743,-17.205361286896025,target_date_fund,target_date_fund,0.46776210046341743,10,"AUS,AUS,DEU,DEU,FIN,GBR,ITA,ITA,ITA,ITA,JPN,NOR,NOR,PRT,SWE,USA"
123,age_pension_matched,amortisation at 6%,1.0774597882216508,0.8769377474514731,22.866165968214737,balanced_all_equity,international_equity,1.1729526351904183,10,"AUS,AUS,DEU,DEU,FIN,GBR,ITA,ITA,ITA,ITA,JPN,NOR,NOR,PRT,SWE,USA"
123,australia_as_legislated,fixed_real_rule,0.6173804068949418,0.629129308629228,-1.8674859958257573,target_date_fund,target_date_fund,0.629129308629228,10,"AUS,AUS,DEU,DEU,FIN,GBR,ITA,ITA,ITA,ITA,JPN,NOR,NOR,PRT,SWE,USA"
123,australia_as_legislated,amortisation at 6%,1.405896371477293,1.0935767330205526,28.559462635428122,balanced_all_equity,international_equity,1.5372852331740223,10,"AUS,AUS,DEU,DEU,FIN,GBR,ITA,ITA,ITA,ITA,JPN,NOR,NOR,PRT,SWE,USA"
123,us_social_security,fixed_real_rule,1.0734124517951362,0.9464159332893379,13.41867925494582,balanced_all_equity,international_equity,1.1384257662507973,10,"AUS,AUS,DEU,DEU,FIN,GBR,ITA,ITA,ITA,ITA,JPN,NOR,NOR,PRT,SWE,USA"
123,us_social_security,amortisation at 6%,1.306133884146359,1.0526078249834578,24.085519140700427,balanced_all_equity,international_equity,1.423545745096067,10,"AUS,AUS,DEU,DEU,FIN,GBR,ITA,ITA,ITA,ITA,JPN,NOR,NOR,PRT,SWE,USA"
124,age_pension_matched,fixed_real_rule,0.46992382379319636,0.4954358016726033,-5.149401353975202,target_date_fund,target_date_fund,0.4954358016726033,8,"AUS,AUS,AUS,CHE,CHE,CHE,DNK,DNK,DNK,FIN,FRA,JPN,PRT,PRT,PRT,USA"
124,age_pension_matched,amortisation at 6%,1.021685848741249,0.8604269340627202,18.741732539345858,balanced_all_equity,international_equity,1.077223100164238,8,"AUS,AUS,AUS,CHE,CHE,CHE,DNK,DNK,DNK,FIN,FRA,JPN,PRT,PRT,PRT,USA"
124,australia_as_legislated,fixed_real_rule,0.7337665843188648,0.6742267880829865,8.83082625731415,balanced_all_equity,balanced_all_equity,0.7337665843188648,8,"AUS,AUS,AUS,CHE,CHE,CHE,DNK,DNK,DNK,FIN,FRA,JPN,PRT,PRT,PRT,USA"
124,australia_as_legislated,amortisation at 6%,1.33311240843864,1.0676509504967493,24.86406796325884,balanced_all_equity,international_equity,1.4315547558190063,8,"AUS,AUS,AUS,CHE,CHE,CHE,DNK,DNK,DNK,FIN,FRA,JPN,PRT,PRT,PRT,USA"
124,us_social_security,fixed_real_rule,1.0550834173591461,0.9517539087673955,10.85674643832788,balanced_all_equity,international_equity,1.0897373207245138,8,"AUS,AUS,AUS,CHE,CHE,CHE,DNK,DNK,DNK,FIN,FRA,JPN,PRT,PRT,PRT,USA"
124,us_social_security,amortisation at 6%,1.2363794794695422,1.0359110976377846,19.35189055208415,balanced_all_equity,international_equity,1.3150448033085296,8,"AUS,AUS,AUS,CHE,CHE,CHE,DNK,DNK,DNK,FIN,FRA,JPN,PRT,PRT,PRT,USA"
125,age_pension_matched,fixed_real_rule,0.40266160473979945,0.4761783646857515,-15.438912264413474,target_date_fund,target_date_fund,0.4761783646857515,12,"AUS,BEL,CHE,DEU,DEU,ESP,ESP,FIN,GBR,GBR,GBR,ITA,NLD,NOR,PRT,SWE"
125,age_pension_matched,amortisation at 6%,1.0268466219235743,0.8624909371823241,19.055931796591928,balanced_all_equity,international_equity,1.0868614256210278,12,"AUS,BEL,CHE,DEU,DEU,ESP,ESP,FIN,GBR,GBR,GBR,ITA,NLD,NOR,PRT,SWE"
125,australia_as_legislated,fixed_real_rule,0.6310458967935686,0.6352634781642279,-0.6639105687056279,target_date_fund,target_date_fund,0.6352634781642279,12,"AUS,BEL,CHE,DEU,DEU,ESP,ESP,FIN,GBR,GBR,GBR,ITA,NLD,NOR,PRT,SWE"
125,australia_as_legislated,amortisation at 6%,1.3227842354249026,1.0747745197784124,23.07551128934677,balanced_all_equity,international_equity,1.4098951106423936,12,"AUS,BEL,CHE,DEU,DEU,ESP,ESP,FIN,GBR,GBR,GBR,ITA,NLD,NOR,PRT,SWE"
125,us_social_security,fixed_real_rule,1.033893651878013,0.9364078819618324,10.410609713359298,balanced_all_equity,international_equity,1.0751757556947872,12,"AUS,BEL,CHE,DEU,DEU,ESP,ESP,FIN,GBR,GBR,GBR,ITA,NLD,NOR,PRT,SWE"
125,us_social_security,amortisation at 6%,1.2348883925611294,1.0321016833807224,19.647939001142277,balanced_all_equity,international_equity,1.3073011688352179,12,"AUS,BEL,CHE,DEU,DEU,ESP,ESP,FIN,GBR,GBR,GBR,ITA,NLD,NOR,PRT,SWE"
126,age_pension_matched,fixed_real_rule,0.40861345712022007,0.4656448565359823,-12.247831929258124,target_date_fund,target_date_fund,0.4656448565359823,11,"AUS,BEL,DNK,DNK,ESP,FIN,FIN,FRA,FRA,JPN,JPN,NLD,NOR,PRT,SWE,SWE"
126,age_pension_matched,amortisation at 6%,0.9696019657457344,0.8323996676414281,16.4827430185146,balanced_all_equity,international_equity,1.0119430884044298,11,"AUS,BEL,DNK,DNK,ESP,FIN,FIN,FRA,FRA,JPN,JPN,NLD,NOR,PRT,SWE,SWE"
126,australia_as_legislated,fixed_real_rule,0.6250832945986068,0.626212252601264,-0.18028360160114998,target_date_fund,target_date_fund,0.626212252601264,11,"AUS,BEL,DNK,DNK,ESP,FIN,FIN,FRA,FRA,JPN,JPN,NLD,NOR,PRT,SWE,SWE"
126,australia_as_legislated,amortisation at 6%,1.2395135418505343,1.0207022424919407,21.43732914942833,balanced_all_equity,international_equity,1.3205815405884738,11,"AUS,BEL,DNK,DNK,ESP,FIN,FIN,FRA,FRA,JPN,JPN,NLD,NOR,PRT,SWE,SWE"
126,us_social_security,fixed_real_rule,0.9956003529794912,0.913110271504219,9.033967095713603,balanced_all_equity,international_equity,1.03205288806311,11,"AUS,BEL,DNK,DNK,ESP,FIN,FIN,FRA,FRA,JPN,JPN,NLD,NOR,PRT,SWE,SWE"
126,us_social_security,amortisation at 6%,1.1605652018496417,0.9941508411602455,16.73934716940728,balanced_all_equity,international_equity,1.2208302126534185,11,"AUS,BEL,DNK,DNK,ESP,FIN,FIN,FRA,FRA,JPN,JPN,NLD,NOR,PRT,SWE,SWE"
127,age_pension_matched,fixed_real_rule,0.4691200216464244,0.4787510870201007,-2.011706215357778,target_date_fund,target_date_fund,0.4787510870201007,7,"AUS,AUS,DNK,DNK,DNK,FIN,FIN,GBR,GBR,GBR,NOR,NOR,NOR,PRT,PRT,USA"
127,age_pension_matched,amortisation at 6%,1.0307849224486432,0.86035345508521,19.809470904786863,balanced_all_equity,international_equity,1.0904083054780918,7,"AUS,AUS,DNK,DNK,DNK,FIN,FIN,GBR,GBR,GBR,NOR,NOR,NOR,PRT,PRT,USA"
127,australia_as_legislated,fixed_real_rule,0.7009862643240573,0.6618114237689857,5.919335802935022,balanced_all_equity,international_equity,0.7202324578467644,7,"AUS,AUS,DNK,DNK,DNK,FIN,FIN,GBR,GBR,GBR,NOR,NOR,NOR,PRT,PRT,USA"
127,australia_as_legislated,amortisation at 6%,1.3532166489333417,1.0761870884403726,25.741765857314334,balanced_all_equity,international_equity,1.460661485479924,7,"AUS,AUS,DNK,DNK,DNK,FIN,FIN,GBR,GBR,GBR,NOR,NOR,NOR,PRT,PRT,USA"
127,us_social_security,fixed_real_rule,1.0574645256037136,0.9412617318335897,12.345428464807483,balanced_all_equity,international_equity,1.094699412661272,7,"AUS,AUS,DNK,DNK,DNK,FIN,FIN,GBR,GBR,GBR,NOR,NOR,NOR,PRT,PRT,USA"
127,us_social_security,amortisation at 6%,1.2447314074520683,1.0289310311220121,20.97325960659713,balanced_all_equity,international_equity,1.327644875472144,7,"AUS,AUS,DNK,DNK,DNK,FIN,FIN,GBR,GBR,GBR,NOR,NOR,NOR,PRT,PRT,USA"
128,age_pension_matched,fixed_real_rule,0.43352553190419874,0.4838012353613127,-10.391809648763516,target_date_fund,target_date_fund,0.4838012353613127,12,"BEL,BEL,CHE,DEU,DEU,DNK,ESP,FIN,FRA,GBR,GBR,JPN,NOR,PRT,SWE,SWE"
128,age_pension_matched,amortisation at 6%,1.02862072930428,0.8676143762803044,18.557363435383945,balanced_all_equity,international_equity,1.1098733473694404,12,"BEL,BEL,CHE,DEU,DEU,DNK,ESP,FIN,FRA,GBR,GBR,JPN,NOR,PRT,SWE,SWE"
128,australia_as_legislated,fixed_real_rule,0.6865470050057072,0.647775715006329,5.985295388697831,balanced_all_equity,international_equity,0.6996390405912548,12,"BEL,BEL,CHE,DEU,DEU,DNK,ESP,FIN,FRA,GBR,GBR,JPN,NOR,PRT,SWE,SWE"
128,australia_as_legislated,amortisation at 6%,1.3358238245698704,1.0847419052484217,23.14669674939378,balanced_all_equity,international_equity,1.463653693688505,12,"BEL,BEL,CHE,DEU,DEU,DNK,ESP,FIN,FRA,GBR,GBR,JPN,NOR,PRT,SWE,SWE"
128,us_social_security,fixed_real_rule,1.0445989218780052,0.9446759138704721,10.57749081355681,balanced_all_equity,international_equity,1.1090714216848288,12,"BEL,BEL,CHE,DEU,DEU,DNK,ESP,FIN,FRA,GBR,GBR,JPN,NOR,PRT,SWE,SWE"
128,us_social_security,amortisation at 6%,1.238965565044889,1.0381207533038979,19.346960466957942,balanced_all_equity,international_equity,1.349352845006691,12,"BEL,BEL,CHE,DEU,DEU,DNK,ESP,FIN,FRA,GBR,GBR,JPN,NOR,PRT,SWE,SWE"
129,age_pension_matched,fixed_real_rule,0.4047706950720589,0.4767880654111663,-15.10469232844619,target_date_fund,target_date_fund,0.4767880654111663,9,"AUS,AUS,BEL,BEL,DNK,FRA,FRA,FRA,GBR,GBR,ITA,ITA,ITA,NLD,NOR,SWE"
129,age_pension_matched,amortisation at 6%,0.9272491678477609,0.7980895241675272,16.18360343909511,balanced_all_equity,international_equity,0.9824428132875004,9,"AUS,AUS,BEL,BEL,DNK,FRA,FRA,FRA,GBR,GBR,ITA,ITA,ITA,NLD,NOR,SWE"
129,australia_as_legislated,fixed_real_rule,0.6082763932202849,0.620255591706666,-1.9313326065178549,target_date_fund,target_date_fund,0.620255591706666,9,"AUS,AUS,BEL,BEL,DNK,FRA,FRA,FRA,GBR,GBR,ITA,ITA,ITA,NLD,NOR,SWE"
129,australia_as_legislated,amortisation at 6%,1.1708430001560546,0.963652336291741,21.500561567837863,balanced_all_equity,international_equity,1.25102524084974,9,"AUS,AUS,BEL,BEL,DNK,FRA,FRA,FRA,GBR,GBR,ITA,ITA,ITA,NLD,NOR,SWE"
129,us_social_security,fixed_real_rule,0.9625886695887853,0.8847085819870658,8.802908572085943,balanced_all_equity,international_equity,1.0054304242250371,9,"AUS,AUS,BEL,BEL,DNK,FRA,FRA,FRA,GBR,GBR,ITA,ITA,ITA,NLD,NOR,SWE"
129,us_social_security,amortisation at 6%,1.1082451225540781,0.9549161767935763,16.056796343669745,balanced_all_equity,international_equity,1.1805130926648304,9,"AUS,AUS,BEL,BEL,DNK,FRA,FRA,FRA,GBR,GBR,ITA,ITA,ITA,NLD,NOR,SWE"
130,age_pension_matched,fixed_real_rule,0.41981880455334397,0.48189102125724304,-12.880965605450378,target_date_fund,target_date_fund,0.48189102125724304,13,"AUS,AUS,BEL,DEU,DNK,DNK,ESP,FIN,GBR,ITA,NLD,NOR,PRT,PRT,SWE,USA"
130,age_pension_matched,amortisation at 6%,1.0429726674057789,0.8709938810716688,19.745119922370513,balanced_all_equity,international_equity,1.1338335457997875,13,"AUS,AUS,BEL,DEU,DNK,DNK,ESP,FIN,GBR,ITA,NLD,NOR,PRT,PRT,SWE,USA"
130,australia_as_legislated,fixed_real_rule,0.6025865179971329,0.6484278847209971,-7.069616807671464,target_date_fund,target_date_fund,0.6484278847209971,13,"AUS,AUS,BEL,DEU,DNK,DNK,ESP,FIN,GBR,ITA,NLD,NOR,PRT,PRT,SWE,USA"
130,australia_as_legislated,amortisation at 6%,1.3459229604128193,1.0840180533697288,24.16056690466961,balanced_all_equity,international_equity,1.4858220627068743,13,"AUS,AUS,BEL,DEU,DNK,DNK,ESP,FIN,GBR,ITA,NLD,NOR,PRT,PRT,SWE,USA"
130,us_social_security,fixed_real_rule,1.0573308777122763,0.9511625167854836,11.161958030641884,balanced_all_equity,international_equity,1.1241873597609802,13,"AUS,AUS,BEL,DEU,DNK,DNK,ESP,FIN,GBR,ITA,NLD,NOR,PRT,PRT,SWE,USA"
130,us_social_security,amortisation at 6%,1.2572054010850195,1.0456780373480568,20.228727790192202,balanced_all_equity,international_equity,1.3735593021954078,13,"AUS,AUS,BEL,DEU,DNK,DNK,ESP,FIN,GBR,ITA,NLD,NOR,PRT,PRT,SWE,USA"
131,age_pension_matched,fixed_real_rule,0.4264615349175069,0.48067597463922546,-11.278791240275654,target_date_fund,target_date_fund,0.48067597463922546,8,"DNK,ESP,ESP,FIN,GBR,GBR,GBR,ITA,ITA,NLD,NLD,NLD,NLD,NLD,SWE,USA"
131,age_pension_matched,amortisation at 6%,1.0459070588629016,0.8721996811481457,19.91601022899836,balanced_all_equity,international_equity,1.076818433688088,8,"DNK,ESP,ESP,FIN,GBR,GBR,GBR,ITA,ITA,NLD,NLD,NLD,NLD,NLD,SWE,USA"
131,australia_as_legislated,fixed_real_rule,0.6531769791708892,0.6629066124321765,-1.4677230666910512,target_date_fund,target_date_fund,0.6629066124321765,8,"DNK,ESP,ESP,FIN,GBR,GBR,GBR,ITA,ITA,NLD,NLD,NLD,NLD,NLD,SWE,USA"
131,australia_as_legislated,amortisation at 6%,1.3583420226820215,1.0935659480365947,24.212172582806723,balanced_all_equity,international_equity,1.3946517021907696,8,"DNK,ESP,ESP,FIN,GBR,GBR,GBR,ITA,ITA,NLD,NLD,NLD,NLD,NLD,SWE,USA"
131,us_social_security,fixed_real_rule,1.0510950759156785,0.9480170370761521,10.873015442574419,balanced_all_equity,international_equity,1.0716431826685902,8,"DNK,ESP,ESP,FIN,GBR,GBR,GBR,ITA,ITA,NLD,NLD,NLD,NLD,NLD,SWE,USA"
131,us_social_security,amortisation at 6%,1.2581815561418226,1.0420138623659445,20.745184069342272,balanced_all_equity,international_equity,1.294571046223732,8,"DNK,ESP,ESP,FIN,GBR,GBR,GBR,ITA,ITA,NLD,NLD,NLD,NLD,NLD,SWE,USA"
132,age_pension_matched,fixed_real_rule,0.43118542311157604,0.484557097515661,-11.014527426741482,target_date_fund,target_date_fund,0.484557097515661,10,"BEL,BEL,DNK,DNK,ESP,ESP,ESP,ITA,JPN,JPN,NLD,NOR,PRT,SWE,USA,USA"
132,age_pension_matched,amortisation at 6%,1.0037841989434353,0.8634242800764687,16.25619317243845,balanced_all_equity,international_equity,1.0096731090397615,10,"BEL,BEL,DNK,DNK,ESP,ESP,ESP,ITA,JPN,JPN,NLD,NOR,PRT,SWE,USA,USA"
132,australia_as_legislated,fixed_real_rule,0.6767208546749073,0.6672127896726129,1.4250423777038002,balanced_all_equity,balanced_all_equity,0.6767208546749073,10,"BEL,BEL,DNK,DNK,ESP,ESP,ESP,ITA,JPN,JPN,NLD,NOR,PRT,SWE,USA,USA"
132,australia_as_legislated,amortisation at 6%,1.3007530422914448,1.0868820813837616,19.67747601794978,balanced_all_equity,international_equity,1.3022523350693993,10,"BEL,BEL,DNK,DNK,ESP,ESP,ESP,ITA,JPN,JPN,NLD,NOR,PRT,SWE,USA,USA"
132,us_social_security,fixed_real_rule,1.024132833993431,0.9441355562420788,8.473071183735904,balanced_all_equity,balanced_all_equity,1.024132833993431,10,"BEL,BEL,DNK,DNK,ESP,ESP,ESP,ITA,JPN,JPN,NLD,NOR,PRT,SWE,USA,USA"
132,us_social_security,amortisation at 6%,1.2126590136055648,1.0362466961433552,17.02416211494533,balanced_all_equity,international_equity,1.2157402421383234,10,"BEL,BEL,DNK,DNK,ESP,ESP,ESP,ITA,JPN,JPN,NLD,NOR,PRT,SWE,USA,USA"
133,age_pension_matched,fixed_real_rule,0.4823359458143969,0.4939351540457189,-2.3483261185836435,target_date_fund,target_date_fund,0.4939351540457189,10,"AUS,CHE,DNK,DNK,DNK,ESP,ESP,ESP,FIN,FIN,ITA,JPN,NLD,NLD,SWE,USA"
133,age_pension_matched,amortisation at 6%,1.1375228373482695,0.9222645216957313,23.34019260078999,balanced_all_equity,international_equity,1.18308200261713,10,"AUS,CHE,DNK,DNK,DNK,ESP,ESP,ESP,FIN,FIN,ITA,JPN,NLD,NLD,SWE,USA"
133,australia_as_legislated,fixed_real_rule,0.7825947629016935,0.7072929201424524,10.646486146655466,balanced_all_equity,international_equity,0.7961371031153611,10,"AUS,CHE,DNK,DNK,DNK,ESP,ESP,ESP,FIN,FIN,ITA,JPN,NLD,NLD,SWE,USA"
133,australia_as_legislated,amortisation at 6%,1.5152317299331413,1.1834015106845812,28.04037482228672,balanced_all_equity,international_equity,1.5822936104137844,10,"AUS,CHE,DNK,DNK,DNK,ESP,ESP,ESP,FIN,FIN,ITA,JPN,NLD,NLD,SWE,USA"
133,us_social_security,fixed_real_rule,1.1340376073336549,0.9965529741058795,13.796018555975742,balanced_all_equity,international_equity,1.1754248750234009,10,"AUS,CHE,DNK,DNK,DNK,ESP,ESP,ESP,FIN,FIN,ITA,JPN,NLD,NLD,SWE,USA"
133,us_social_security,amortisation at 6%,1.3912240598650059,1.112970445443007,25.00098862115272,balanced_all_equity,international_equity,1.451209596830499,10,"AUS,CHE,DNK,DNK,DNK,ESP,ESP,ESP,FIN,FIN,ITA,JPN,NLD,NLD,SWE,USA"
134,age_pension_matched,fixed_real_rule,0.3917078886110937,0.4625523112786724,-15.3159806880518,target_date_fund,target_date_fund,0.4625523112786724,12,"CHE,DEU,ESP,FIN,FIN,FRA,GBR,ITA,JPN,NOR,PRT,PRT,SWE,SWE,SWE,USA"
134,age_pension_matched,amortisation at 6%,1.0045069434497174,0.839696585632169,19.627370247488884,balanced_all_equity,international_equity,1.0851141572170746,12,"CHE,DEU,ESP,FIN,FIN,FRA,GBR,ITA,JPN,NOR,PRT,PRT,SWE,SWE,SWE,USA"
134,australia_as_legislated,fixed_real_rule,0.602555620816332,0.601895281970501,0.10970992224246245,balanced_all_equity,balanced_all_equity,0.602555620816332,12,"CHE,DEU,ESP,FIN,FIN,FRA,GBR,ITA,JPN,NOR,PRT,PRT,SWE,SWE,SWE,USA"
134,australia_as_legislated,amortisation at 6%,1.2872382217139773,1.0323539924278653,24.68961530208078,balanced_all_equity,international_equity,1.4083705611430186,12,"CHE,DEU,ESP,FIN,FIN,FRA,GBR,ITA,JPN,NOR,PRT,PRT,SWE,SWE,SWE,USA"
134,us_social_security,fixed_real_rule,1.0145434622812655,0.9156229788084693,10.803626138951273,balanced_all_equity,international_equity,1.0761116369198827,12,"CHE,DEU,ESP,FIN,FIN,FRA,GBR,ITA,JPN,NOR,PRT,PRT,SWE,SWE,SWE,USA"
134,us_social_security,amortisation at 6%,1.2048509756519865,1.0055300764367714,19.822470146446047,balanced_all_equity,international_equity,1.3113587584042492,12,"CHE,DEU,ESP,FIN,FIN,FRA,GBR,ITA,JPN,NOR,PRT,PRT,SWE,SWE,SWE,USA"
135,age_pension_matched,fixed_real_rule,0.3782349991525936,0.46283192584521704,-18.27810960493569,target_date_fund,target_date_fund,0.46283192584521704,9,"AUS,DNK,DNK,ESP,FRA,FRA,ITA,ITA,NLD,NLD,NLD,NOR,PRT,PRT,PRT,SWE"
135,age_pension_matched,amortisation at 6%,0.8857293451518572,0.778023082989337,13.843581831619822,balanced_all_equity,international_equity,0.9415563874685353,9,"AUS,DNK,DNK,ESP,FRA,FRA,ITA,ITA,NLD,NLD,NLD,NOR,PRT,PRT,PRT,SWE"
135,australia_as_legislated,fixed_real_rule,0.5472500516661732,0.5933809705098653,-7.774249788302756,target_date_fund,target_date_fund,0.5933809705098653,9,"AUS,DNK,DNK,ESP,FRA,FRA,ITA,ITA,NLD,NLD,NLD,NOR,PRT,PRT,PRT,SWE"
135,australia_as_legislated,amortisation at 6%,1.104217423209484,0.9338851948544972,18.239097192404373,balanced_all_equity,international_equity,1.1940224591251831,9,"AUS,DNK,DNK,ESP,FRA,FRA,ITA,ITA,NLD,NLD,NLD,NOR,PRT,PRT,PRT,SWE"
135,us_social_security,fixed_real_rule,0.9277097806977922,0.8655281760481072,7.184238060694725,balanced_all_equity,international_equity,0.9714482777172387,9,"AUS,DNK,DNK,ESP,FRA,FRA,ITA,ITA,NLD,NLD,NLD,NOR,PRT,PRT,PRT,SWE"
135,us_social_security,amortisation at 6%,1.0555504070094763,0.9293773197115074,13.576088486550852,balanced_all_equity,international_equity,1.1288388582693842,9,"AUS,DNK,DNK,ESP,FRA,FRA,ITA,ITA,NLD,NLD,NLD,NOR,PRT,PRT,PRT,SWE"
136,age_pension_matched,fixed_real_rule,0.41557255668961984,0.48485409765100085,-14.28915240626677,target_date_fund,target_date_fund,0.48485409765100085,11,"AUS,CHE,CHE,DEU,DEU,DNK,DNK,FIN,FRA,GBR,GBR,ITA,PRT,PRT,SWE,USA"
136,age_pension_matched,amortisation at 6%,1.0347697250198833,0.863919548633031,19.77616742869013,balanced_all_equity,international_equity,1.1248147955790047,11,"AUS,CHE,CHE,DEU,DEU,DNK,DNK,FIN,FRA,GBR,GBR,ITA,PRT,PRT,SWE,USA"
136,australia_as_legislated,fixed_real_rule,0.6593164712506667,0.6439613084636884,2.384485307605133,balanced_all_equity,balanced_all_equity,0.6593164712506667,11,"AUS,CHE,CHE,DEU,DEU,DNK,DNK,FIN,FRA,GBR,GBR,ITA,PRT,PRT,SWE,USA"
136,australia_as_legislated,amortisation at 6%,1.3367697922461648,1.0688942793593574,25.06099228516394,balanced_all_equity,international_equity,1.4773946823080772,11,"AUS,CHE,CHE,DEU,DEU,DNK,DNK,FIN,FRA,GBR,GBR,ITA,PRT,PRT,SWE,USA"
136,us_social_security,fixed_real_rule,1.0491563112811162,0.9438070021607127,11.16216651065538,balanced_all_equity,international_equity,1.1113965155548173,11,"AUS,CHE,CHE,DEU,DEU,DNK,DNK,FIN,FRA,GBR,GBR,ITA,PRT,PRT,SWE,USA"
136,us_social_security,amortisation at 6%,1.24421671700191,1.0351692704452389,20.194518184137888,balanced_all_equity,international_equity,1.3592256583616191,11,"AUS,CHE,CHE,DEU,DEU,DNK,DNK,FIN,FRA,GBR,GBR,ITA,PRT,PRT,SWE,USA"
137,age_pension_matched,fixed_real_rule,0.4777594279980719,0.5159938736210692,-7.409864259565902,target_date_fund,target_date_fund,0.5159938736210692,10,"AUS,AUS,BEL,CHE,DEU,DNK,DNK,DNK,DNK,FIN,FRA,FRA,JPN,SWE,SWE,USA"
137,age_pension_matched,amortisation at 6%,1.1395060120241978,0.926958318578255,22.929584770536728,balanced_all_equity,international_equity,1.2453756049627396,10,"AUS,AUS,BEL,CHE,DEU,DNK,DNK,DNK,DNK,FIN,FRA,FRA,JPN,SWE,SWE,USA"
137,australia_as_legislated,fixed_real_rule,0.7883989383572868,0.7225995236853342,9.105931088408227,balanced_all_equity,international_equity,0.8124038372920759,10,"AUS,AUS,BEL,CHE,DEU,DNK,DNK,DNK,DNK,FIN,FRA,FRA,JPN,SWE,SWE,USA"
137,australia_as_legislated,amortisation at 6%,1.5065201193568794,1.1701423686582033,28.74673712433802,balanced_all_equity,international_equity,1.6622188665184685,10,"AUS,AUS,BEL,CHE,DEU,DNK,DNK,DNK,DNK,FIN,FRA,FRA,JPN,SWE,SWE,USA"
137,us_social_security,fixed_real_rule,1.1437114638068864,1.011699532506873,13.048531412572984,balanced_all_equity,international_equity,1.2192708313948923,10,"AUS,AUS,BEL,CHE,DEU,DNK,DNK,DNK,DNK,FIN,FRA,FRA,JPN,SWE,SWE,USA"
137,us_social_security,amortisation at 6%,1.3835336398632703,1.1191114195884209,23.627872582347244,balanced_all_equity,international_equity,1.5186819057686989,10,"AUS,AUS,BEL,CHE,DEU,DNK,DNK,DNK,DNK,FIN,FRA,FRA,JPN,SWE,SWE,USA"
138,age_pension_matched,fixed_real_rule,0.4332718207975106,0.49514165410808336,-12.495380422400771,target_date_fund,target_date_fund,0.49514165410808336,11,"AUS,CHE,DNK,DNK,FRA,FRA,GBR,GBR,ITA,JPN,NLD,NLD,NOR,PRT,SWE,SWE"
138,age_pension_matched,amortisation at 6%,0.9805092813467476,0.8407049410286672,16.62941818172485,balanced_all_equity,international_equity,1.0331215116007317,11,"AUS,CHE,DNK,DNK,FRA,FRA,GBR,GBR,ITA,JPN,NLD,NLD,NOR,PRT,SWE,SWE"
138,australia_as_legislated,fixed_real_rule,0.665915108212632,0.6677026374752612,-0.2677133745327409,target_date_fund,target_date_fund,0.6677026374752612,11,"AUS,CHE,DNK,DNK,FRA,FRA,GBR,GBR,ITA,JPN,NLD,NLD,NOR,PRT,SWE,SWE"
138,australia_as_legislated,amortisation at 6%,1.2650608419048073,1.0402822967878207,21.607456534736457,balanced_all_equity,international_equity,1.360692335815254,11,"AUS,CHE,DNK,DNK,FRA,FRA,GBR,GBR,ITA,JPN,NLD,NLD,NOR,PRT,SWE,SWE"
138,us_social_security,fixed_real_rule,1.0088961922457824,0.9268081676247788,8.857067458887258,balanced_all_equity,international_equity,1.0539790481196325,11,"AUS,CHE,DNK,DNK,FRA,FRA,GBR,GBR,ITA,JPN,NLD,NLD,NOR,PRT,SWE,SWE"
138,us_social_security,amortisation at 6%,1.1740448661796221,1.003896000705833,16.948853801007125,balanced_all_equity,international_equity,1.2488424995524392,11,"AUS,CHE,DNK,DNK,FRA,FRA,GBR,GBR,ITA,JPN,NLD,NLD,NOR,PRT,SWE,SWE"
139,age_pension_matched,fixed_real_rule,0.46119896200374333,0.48576681886632056,-5.0575411716908825,target_date_fund,target_date_fund,0.48576681886632056,11,"AUS,AUS,AUS,CHE,DEU,DNK,DNK,ESP,FIN,FIN,FRA,GBR,NLD,SWE,SWE,USA"
139,age_pension_matched,amortisation at 6%,1.1406317714212453,0.9279561283161435,22.918717449608316,balanced_all_equity,international_equity,1.2213051871690208,11,"AUS,AUS,AUS,CHE,DEU,DNK,DNK,ESP,FIN,FIN,FRA,GBR,NLD,SWE,SWE,USA"
139,australia_as_legislated,fixed_real_rule,0.745386701465092,0.6860303097689403,8.652152951688574,balanced_all_equity,international_equity,0.7840991207249947,11,"AUS,AUS,AUS,CHE,DEU,DNK,DNK,ESP,FIN,FIN,FRA,GBR,NLD,SWE,SWE,USA"
139,australia_as_legislated,amortisation at 6%,1.5045696401292465,1.1783841816672824,27.680739739772143,balanced_all_equity,international_equity,1.6366887724259516,11,"AUS,AUS,AUS,CHE,DEU,DNK,DNK,ESP,FIN,FIN,FRA,GBR,NLD,SWE,SWE,USA"
139,us_social_security,fixed_real_rule,1.1396909702559253,1.006108685905018,13.277122663019947,balanced_all_equity,international_equity,1.2009479067307596,11,"AUS,AUS,AUS,CHE,DEU,DNK,DNK,ESP,FIN,FIN,FRA,GBR,NLD,SWE,SWE,USA"
139,us_social_security,amortisation at 6%,1.3904491524791116,1.1216433076806862,23.96535894769054,balanced_all_equity,international_equity,1.4943424074018892,11,"AUS,AUS,AUS,CHE,DEU,DNK,DNK,ESP,FIN,FIN,FRA,GBR,NLD,SWE,SWE,USA"
140,age_pension_matched,fixed_real_rule,0.4536308131787779,0.492443824044972,-7.881713399790657,target_date_fund,target_date_fund,0.492443824044972,12,"AUS,CHE,CHE,DEU,DNK,DNK,ESP,ESP,FIN,FRA,JPN,NLD,NOR,PRT,USA,USA"
140,age_pension_matched,amortisation at 6%,1.0757547427326593,0.8899968034283328,20.87175353762769,balanced_all_equity,international_equity,1.1473679766342249,12,"AUS,CHE,CHE,DEU,DNK,DNK,ESP,ESP,FIN,FRA,JPN,NLD,NOR,PRT,USA,USA"
140,australia_as_legislated,fixed_real_rule,0.7205956338865792,0.6886206449497028,4.643338704899258,balanced_all_equity,balanced_all_equity,0.7205956338865792,12,"AUS,CHE,CHE,DEU,DNK,DNK,ESP,ESP,FIN,FRA,JPN,NLD,NOR,PRT,USA,USA"
140,australia_as_legislated,amortisation at 6%,1.408399800395614,1.1175977328173563,26.020280736000934,balanced_all_equity,international_equity,1.5214667170596357,12,"AUS,CHE,CHE,DEU,DNK,DNK,ESP,ESP,FIN,FRA,JPN,NLD,NOR,PRT,USA,USA"
140,us_social_security,fixed_real_rule,1.089595336841835,0.9744403528168275,11.817550832344681,balanced_all_equity,international_equity,1.13991752419342,12,"AUS,CHE,CHE,DEU,DNK,DNK,ESP,ESP,FIN,FRA,JPN,NLD,NOR,PRT,USA,USA"
140,us_social_security,amortisation at 6%,1.304180569984505,1.0705261232753835,21.82613218201832,balanced_all_equity,international_equity,1.3969837534930476,12,"AUS,CHE,CHE,DEU,DNK,DNK,ESP,ESP,FIN,FRA,JPN,NLD,NOR,PRT,USA,USA"
141,age_pension_matched,fixed_real_rule,0.44068676272749824,0.4860088129884142,-9.325355641646848,target_date_fund,target_date_fund,0.4860088129884142,10,"BEL,BEL,CHE,DEU,DEU,DEU,DNK,DNK,FIN,FRA,FRA,JPN,NLD,PRT,PRT,SWE"
141,age_pension_matched,amortisation at 6%,1.0149679997161543,0.8504959432367181,19.338370486931144,balanced_all_equity,international_equity,1.1410710807206108,10,"BEL,BEL,CHE,DEU,DEU,DEU,DNK,DNK,FIN,FRA,FRA,JPN,NLD,PRT,PRT,SWE"
141,australia_as_legislated,fixed_real_rule,0.6913568302134998,0.6547116568388139,5.597146925964647,balanced_all_equity,international_equity,0.7230542680772586,10,"BEL,BEL,CHE,DEU,DEU,DEU,DNK,DNK,FIN,FRA,FRA,JPN,NLD,PRT,PRT,SWE"
141,australia_as_legislated,amortisation at 6%,1.3084914734725188,1.0447284729015172,25.24703857629671,balanced_all_equity,international_equity,1.5049162223695602,10,"BEL,BEL,CHE,DEU,DEU,DEU,DNK,DNK,FIN,FRA,FRA,JPN,NLD,PRT,PRT,SWE"
141,us_social_security,fixed_real_rule,1.034315319561707,0.9333958833648581,10.812072133105843,balanced_all_equity,international_equity,1.1314250830529833,10,"BEL,BEL,CHE,DEU,DEU,DEU,DNK,DNK,FIN,FRA,FRA,JPN,NLD,PRT,PRT,SWE"
141,us_social_security,amortisation at 6%,1.2182055851212525,1.019420105131658,19.499858693087212,balanced_all_equity,international_equity,1.3856477943315926,10,"BEL,BEL,CHE,DEU,DEU,DEU,DNK,DNK,FIN,FRA,FRA,JPN,NLD,PRT,PRT,SWE"
142,age_pension_matched,fixed_real_rule,0.43470961775554867,0.48345561447244934,-10.082827721442989,target_date_fund,target_date_fund,0.48345561447244934,9,"BEL,BEL,DEU,DNK,FIN,JPN,JPN,JPN,NLD,PRT,PRT,PRT,PRT,SWE,SWE,USA"
142,age_pension_matched,amortisation at 6%,1.058143263291573,0.8724098749197233,21.289693492859698,balanced_all_equity,international_equity,1.1657702213430714,9,"BEL,BEL,DEU,DNK,FIN,JPN,JPN,JPN,NLD,PRT,PRT,PRT,PRT,SWE,SWE,USA"
142,australia_as_legislated,fixed_real_rule,0.6932447365542794,0.6352279412986229,9.133224703096388,balanced_all_equity,balanced_all_equity,0.6932447365542794,9,"BEL,BEL,DEU,DNK,FIN,JPN,JPN,JPN,NLD,PRT,PRT,PRT,PRT,SWE,SWE,USA"
142,australia_as_legislated,amortisation at 6%,1.3760102522192323,1.0857872990589739,26.729263955453142,balanced_all_equity,international_equity,1.5193455120913972,9,"BEL,BEL,DEU,DNK,FIN,JPN,JPN,JPN,NLD,PRT,PRT,PRT,PRT,SWE,SWE,USA"
142,us_social_security,fixed_real_rule,1.0672578274749973,0.9503787340172156,12.298159594095504,balanced_all_equity,international_equity,1.1466842411055458,9,"BEL,BEL,DEU,DNK,FIN,JPN,JPN,JPN,NLD,PRT,PRT,PRT,PRT,SWE,SWE,USA"
142,us_social_security,amortisation at 6%,1.2789887512615787,1.0486419598466243,21.96620011740187,balanced_all_equity,international_equity,1.4149018106457223,9,"BEL,BEL,DEU,DNK,FIN,JPN,JPN,JPN,NLD,PRT,PRT,PRT,PRT,SWE,SWE,USA"
143,age_pension_matched,fixed_real_rule,0.4857480526147406,0.4866901475870274,-0.1935718191456437,target_date_fund,target_date_fund,0.4866901475870274,8,"AUS,AUS,DEU,DEU,DEU,ESP,FIN,FIN,JPN,NOR,NOR,NOR,NOR,SWE,USA,USA"
143,age_pension_matched,amortisation at 6%,1.20056646483372,0.9514776796273499,26.179151706840532,balanced_all_equity,international_equity,1.3082666201025581,8,"AUS,AUS,DEU,DEU,DEU,ESP,FIN,FIN,JPN,NOR,NOR,NOR,NOR,SWE,USA,USA"
143,australia_as_legislated,fixed_real_rule,0.8283431297521053,0.6993220858182114,18.449445048333992,balanced_all_equity,balanced_all_equity,0.8283431297521053,8,"AUS,AUS,DEU,DEU,DEU,ESP,FIN,FIN,JPN,NOR,NOR,NOR,NOR,SWE,USA,USA"
143,australia_as_legislated,amortisation at 6%,1.605755594061539,1.2304687442708582,30.499502855155036,balanced_all_equity,international_equity,1.7378074994667614,8,"AUS,AUS,DEU,DEU,DEU,ESP,FIN,FIN,JPN,NOR,NOR,NOR,NOR,SWE,USA,USA"
143,us_social_security,fixed_real_rule,1.1866593774685181,1.0193275272908373,16.41590614377053,balanced_all_equity,international_equity,1.2651526686243717,8,"AUS,AUS,DEU,DEU,DEU,ESP,FIN,FIN,JPN,NOR,NOR,NOR,NOR,SWE,USA,USA"
143,us_social_security,amortisation at 6%,1.466454238767375,1.1463820218050316,27.920205557513444,balanced_all_equity,international_equity,1.5927818889037837,8,"AUS,AUS,DEU,DEU,DEU,ESP,FIN,FIN,JPN,NOR,NOR,NOR,NOR,SWE,USA,USA"
144,age_pension_matched,fixed_real_rule,0.4184189149216861,0.47939600683939665,-12.719566088947133,target_date_fund,target_date_fund,0.47939600683939665,10,"AUS,AUS,CHE,DEU,DNK,FIN,FIN,FRA,FRA,FRA,ITA,NLD,NLD,SWE,USA,USA"
144,age_pension_matched,amortisation at 6%,1.0643916553978654,0.8679527451775676,22.632442988599564,balanced_all_equity,international_equity,1.180241034146898,10,"AUS,AUS,CHE,DEU,DNK,FIN,FIN,FRA,FRA,FRA,ITA,NLD,NLD,SWE,USA,USA"
144,australia_as_legislated,fixed_real_rule,0.6609335493638877,0.6564096596487121,0.6891869503560688,balanced_all_equity,balanced_all_equity,0.6609335493638877,10,"AUS,AUS,CHE,DEU,DNK,FIN,FIN,FRA,FRA,FRA,ITA,NLD,NLD,SWE,USA,USA"
144,australia_as_legislated,amortisation at 6%,1.3757032038319759,1.0655522991588213,29.10705602324699,balanced_all_equity,international_equity,1.5489363115595012,10,"AUS,AUS,CHE,DEU,DNK,FIN,FIN,FRA,FRA,FRA,ITA,NLD,NLD,SWE,USA,USA"
144,us_social_security,fixed_real_rule,1.0703749908721867,0.9487321132419823,12.821625402193849,balanced_all_equity,international_equity,1.1550127269898318,10,"AUS,AUS,CHE,DEU,DNK,FIN,FIN,FRA,FRA,FRA,ITA,NLD,NLD,SWE,USA,USA"
144,us_social_security,amortisation at 6%,1.2798709625167743,1.0400525724986838,23.058294970795256,balanced_all_equity,international_equity,1.4304036665835342,10,"AUS,AUS,CHE,DEU,DNK,FIN,FIN,FRA,FRA,FRA,ITA,NLD,NLD,SWE,USA,USA"
145,age_pension_matched,fixed_real_rule,0.500048901998555,0.49449652678118716,1.1228340173609963,balanced_all_equity,international_equity,0.5141611349121192,9,"AUS,AUS,AUS,CHE,DEU,DEU,DNK,ESP,ESP,FIN,FIN,JPN,NLD,NLD,NOR,NOR"
145,age_pension_matched,amortisation at 6%,1.2041368857690777,0.9500500482263942,26.74457393239724,balanced_all_equity,international_equity,1.3232753350104594,9,"AUS,AUS,AUS,CHE,DEU,DEU,DNK,ESP,ESP,FIN,FIN,JPN,NLD,NLD,NOR,NOR"
145,australia_as_legislated,fixed_real_rule,0.8334176014987663,0.709879320292503,17.40271588068798,balanced_all_equity,international_equity,0.8963271726168347,9,"AUS,AUS,AUS,CHE,DEU,DEU,DNK,ESP,ESP,FIN,FIN,JPN,NLD,NLD,NOR,NOR"
145,australia_as_legislated,amortisation at 6%,1.623796211514054,1.2307510846632088,31.935387402758273,balanced_all_equity,international_equity,1.7782047904098977,9,"AUS,AUS,AUS,CHE,DEU,DEU,DNK,ESP,ESP,FIN,FIN,JPN,NLD,NLD,NOR,NOR"
145,us_social_security,fixed_real_rule,1.1906738716852183,1.0171241109371456,17.0627909496875,balanced_all_equity,international_equity,1.287683516298807,9,"AUS,AUS,AUS,CHE,DEU,DEU,DNK,ESP,ESP,FIN,FIN,JPN,NLD,NLD,NOR,NOR"
145,us_social_security,amortisation at 6%,1.4780857071257247,1.1470380501036086,28.861087650249573,balanced_all_equity,international_equity,1.6253556883008167,9,"AUS,AUS,AUS,CHE,DEU,DEU,DNK,ESP,ESP,FIN,FIN,JPN,NLD,NLD,NOR,NOR"
146,age_pension_matched,fixed_real_rule,0.3847591810267834,0.4789454021748715,-19.665335698054996,target_date_fund,target_date_fund,0.4789454021748715,11,"BEL,DEU,DNK,DNK,DNK,FIN,FRA,FRA,FRA,GBR,GBR,ITA,NLD,PRT,SWE,USA"
146,age_pension_matched,amortisation at 6%,0.9965649401829301,0.8344827147437056,19.423077623483763,balanced_all_equity,international_equity,1.1009393385349773,11,"BEL,DEU,DNK,DNK,DNK,FIN,FRA,FRA,FRA,GBR,GBR,ITA,NLD,PRT,SWE,USA"
146,australia_as_legislated,fixed_real_rule,0.5971929094993506,0.6328637842923109,-5.636422193576573,target_date_fund,target_date_fund,0.6328637842923109,11,"BEL,DEU,DNK,DNK,DNK,FIN,FRA,FRA,FRA,GBR,GBR,ITA,NLD,PRT,SWE,USA"
146,australia_as_legislated,amortisation at 6%,1.2733162904039868,1.0174888810864167,25.143017685305047,balanced_all_equity,international_equity,1.4331669423673659,11,"BEL,DEU,DNK,DNK,DNK,FIN,FRA,FRA,FRA,GBR,GBR,ITA,NLD,PRT,SWE,USA"
146,us_social_security,fixed_real_rule,1.0145939961841637,0.9173324968232226,10.602644046489518,balanced_all_equity,international_equity,1.0872465690888682,11,"BEL,DEU,DNK,DNK,DNK,FIN,FRA,FRA,FRA,GBR,GBR,ITA,NLD,PRT,SWE,USA"
146,us_social_security,amortisation at 6%,1.1958739598353678,0.9989425058482926,19.71399283083293,balanced_all_equity,international_equity,1.327634295856238,11,"BEL,DEU,DNK,DNK,DNK,FIN,FRA,FRA,FRA,GBR,GBR,ITA,NLD,PRT,SWE,USA"
147,age_pension_matched,fixed_real_rule,0.41031748041606814,0.4972467680776103,-17.482122206166707,target_date_fund,target_date_fund,0.4972467680776103,10,"AUS,AUS,DEU,DNK,ESP,ESP,FRA,FRA,GBR,ITA,ITA,JPN,JPN,SWE,SWE,USA"
147,age_pension_matched,amortisation at 6%,1.0884094917820313,0.8835926345954352,23.18000956180155,balanced_all_equity,international_equity,1.164931736416073,10,"AUS,AUS,DEU,DNK,ESP,ESP,FRA,FRA,GBR,ITA,ITA,JPN,JPN,SWE,SWE,USA"
147,australia_as_legislated,fixed_real_rule,0.6537825081702763,0.6827044391112549,-4.236376575876555,target_date_fund,target_date_fund,0.6827044391112549,10,"AUS,AUS,DEU,DNK,ESP,ESP,FRA,FRA,GBR,ITA,ITA,JPN,JPN,SWE,SWE,USA"
147,australia_as_legislated,amortisation at 6%,1.4235308447813426,1.1012845778082592,29.260944306911796,balanced_all_equity,international_equity,1.523637511277874,10,"AUS,AUS,DEU,DNK,ESP,ESP,FRA,FRA,GBR,ITA,ITA,JPN,JPN,SWE,SWE,USA"
147,us_social_security,fixed_real_rule,1.094587090329717,0.9640742271925649,13.537636362006333,balanced_all_equity,international_equity,1.1517755654702826,10,"AUS,AUS,DEU,DNK,ESP,ESP,FRA,FRA,GBR,ITA,ITA,JPN,JPN,SWE,SWE,USA"
147,us_social_security,amortisation at 6%,1.3228625560826741,1.0635208323586356,24.385203922040755,balanced_all_equity,international_equity,1.4177588382759774,10,"AUS,AUS,DEU,DNK,ESP,ESP,FRA,FRA,GBR,ITA,ITA,JPN,JPN,SWE,SWE,USA"
148,age_pension_matched,fixed_real_rule,0.3394247244436439,0.44151085511601684,-23.121997905475624,target_date_fund,target_date_fund,0.44151085511601684,10,"BEL,CHE,CHE,DEU,ESP,FIN,FIN,FIN,FRA,FRA,FRA,GBR,ITA,ITA,NLD,NOR"
148,age_pension_matched,amortisation at 6%,0.958179301650801,0.8036349762258492,19.230661929467765,balanced_all_equity,international_equity,1.0371916325616948,10,"BEL,CHE,CHE,DEU,ESP,FIN,FIN,FIN,FRA,FRA,FRA,GBR,ITA,ITA,NLD,NOR"
148,australia_as_legislated,fixed_real_rule,0.5447119867412793,0.5796238444456963,-6.023192116570664,target_date_fund,target_date_fund,0.5796238444456963,10,"BEL,CHE,CHE,DEU,ESP,FIN,FIN,FIN,FRA,FRA,FRA,GBR,ITA,ITA,NLD,NOR"
148,australia_as_legislated,amortisation at 6%,1.211611073930361,0.9699269519139647,24.917765357430156,balanced_all_equity,international_equity,1.3175959147112428,10,"BEL,CHE,CHE,DEU,ESP,FIN,FIN,FIN,FRA,FRA,FRA,GBR,ITA,ITA,NLD,NOR"
148,us_social_security,fixed_real_rule,0.9719224415445232,0.8799227203362859,10.45543194669154,balanced_all_equity,international_equity,1.0322934373187316,10,"BEL,CHE,CHE,DEU,ESP,FIN,FIN,FIN,FRA,FRA,FRA,GBR,ITA,ITA,NLD,NOR"
148,us_social_security,amortisation at 6%,1.1439953245255527,0.9597622563248096,19.195698412461184,balanced_all_equity,international_equity,1.2463316854242004,10,"BEL,CHE,CHE,DEU,ESP,FIN,FIN,FIN,FRA,FRA,FRA,GBR,ITA,ITA,NLD,NOR"
149,age_pension_matched,fixed_real_rule,0.4283902587353046,0.4733952264730351,-9.50684865857937,target_date_fund,target_date_fund,0.4733952264730351,10,"CHE,DEU,DEU,DEU,DNK,ESP,FIN,FIN,FRA,JPN,NOR,PRT,PRT,USA,USA,USA"
149,age_pension_matched,amortisation at 6%,1.040420598017537,0.8632624826205715,20.521929188810994,balanced_all_equity,international_equity,1.1204946184402855,10,"CHE,DEU,DEU,DEU,DNK,ESP,FIN,FIN,FRA,JPN,NOR,PRT,PRT,USA,USA,USA"
149,australia_as_legislated,fixed_real_rule,0.683751325334778,0.6383787790325409,7.107464689067333,balanced_all_equity,balanced_all_equity,0.683751325334778,10,"CHE,DEU,DEU,DEU,DNK,ESP,FIN,FIN,FRA,JPN,NOR,PRT,PRT,USA,USA,USA"
149,australia_as_legislated,amortisation at 6%,1.3502937444904721,1.0697069864878566,26.230244501240406,balanced_all_equity,international_equity,1.4740561552106068,10,"CHE,DEU,DEU,DEU,DNK,ESP,FIN,FIN,FRA,JPN,NOR,PRT,PRT,USA,USA,USA"
149,us_social_security,fixed_real_rule,1.0545450919075576,0.9416624469727848,11.98759123268247,balanced_all_equity,international_equity,1.1089829556552768,10,"CHE,DEU,DEU,DEU,DNK,ESP,FIN,FIN,FRA,JPN,NOR,PRT,PRT,USA,USA,USA"
149,us_social_security,amortisation at 6%,1.253270830475882,1.0349599235201892,21.09365802427945,balanced_all_equity,international_equity,1.3578326938913972,10,"CHE,DEU,DEU,DEU,DNK,ESP,FIN,FIN,FRA,JPN,NOR,PRT,PRT,USA,USA,USA"
150,age_pension_matched,fixed_real_rule,0.45699988511930106,0.5143279852881665,-11.146214440722247,target_date_fund,target_date_fund,0.5143279852881665,12,"AUS,AUS,BEL,DEU,DNK,FIN,GBR,ITA,JPN,NLD,NLD,NOR,SWE,SWE,USA,USA"
150,age_pension_matched,amortisation at 6%,1.1584660922945254,0.9465222742548297,22.39184684867064,balanced_all_equity,international_equity,1.2192944265676524,12,"AUS,AUS,BEL,DEU,DNK,FIN,GBR,ITA,JPN,NLD,NLD,NOR,SWE,SWE,USA,USA"
150,australia_as_legislated,fixed_real_rule,0.7545031331587922,0.7366418640613999,2.424688300895106,balanced_all_equity,balanced_all_equity,0.7545031331587922,12,"AUS,AUS,BEL,DEU,DNK,FIN,GBR,ITA,JPN,NLD,NLD,NOR,SWE,SWE,USA,USA"
150,australia_as_legislated,amortisation at 6%,1.5437637105071758,1.2253166721859494,25.9889582464524,balanced_all_equity,international_equity,1.6189372368885928,12,"AUS,AUS,BEL,DEU,DNK,FIN,GBR,ITA,JPN,NLD,NLD,NOR,SWE,SWE,USA,USA"
150,us_social_security,fixed_real_rule,1.148034374193572,1.0213521746918193,12.40338079663632,balanced_all_equity,international_equity,1.188116950763843,12,"AUS,AUS,BEL,DEU,DNK,FIN,GBR,ITA,JPN,NLD,NLD,NOR,SWE,SWE,USA,USA"
150,us_social_security,amortisation at 6%,1.4132317096460534,1.141162054190127,23.84145656236456,balanced_all_equity,international_equity,1.4851024331482332,12,"AUS,AUS,BEL,DEU,DNK,FIN,GBR,ITA,JPN,NLD,NLD,NOR,SWE,SWE,USA,USA"
151,age_pension_matched,fixed_real_rule,0.3867487734444573,0.4806899139206834,-19.54298140146268,target_date_fund,target_date_fund,0.4806899139206834,10,"AUS,BEL,DEU,DEU,ESP,ESP,ESP,FRA,GBR,ITA,ITA,ITA,JPN,NLD,SWE,SWE"
151,age_pension_matched,amortisation at 6%,1.038136631333321,0.8620031581572282,20.433042676157598,balanced_all_equity,international_equity,1.0979528270547478,10,"AUS,BEL,DEU,DEU,ESP,ESP,ESP,FRA,GBR,ITA,ITA,ITA,JPN,NLD,SWE,SWE"
151,australia_as_legislated,fixed_real_rule,0.5911520132771568,0.6564545598969941,-9.947763426319112,target_date_fund,target_date_fund,0.6564545598969941,10,"AUS,BEL,DEU,DEU,ESP,ESP,ESP,FRA,GBR,ITA,ITA,ITA,JPN,NLD,SWE,SWE"
151,australia_as_legislated,amortisation at 6%,1.343816094628062,1.0719956892928064,25.356483057742054,balanced_all_equity,international_equity,1.4214077768412394,10,"AUS,BEL,DEU,DEU,ESP,ESP,ESP,FRA,GBR,ITA,ITA,ITA,JPN,NLD,SWE,SWE"
151,us_social_security,fixed_real_rule,1.0422501477383455,0.9342953726536044,11.55467299148938,balanced_all_equity,international_equity,1.0887697848227027,10,"AUS,BEL,DEU,DEU,ESP,ESP,ESP,FRA,GBR,ITA,ITA,ITA,JPN,NLD,SWE,SWE"
151,us_social_security,amortisation at 6%,1.253606523370242,1.033216580034031,21.33046909961047,balanced_all_equity,international_equity,1.3256711589817076,10,"AUS,BEL,DEU,DEU,ESP,ESP,ESP,FRA,GBR,ITA,ITA,ITA,JPN,NLD,SWE,SWE"
152,age_pension_matched,fixed_real_rule,0.3972721132517794,0.4982773246981174,-20.27088258682698,target_date_fund,target_date_fund,0.4982773246981174,11,"AUS,AUS,DEU,DNK,ESP,FRA,FRA,FRA,GBR,ITA,JPN,JPN,NLD,NOR,SWE,SWE"
152,age_pension_matched,amortisation at 6%,1.051891266524949,0.8629359451940075,21.896795745188236,balanced_all_equity,international_equity,1.1512618015847844,11,"AUS,AUS,DEU,DNK,ESP,FRA,FRA,FRA,GBR,ITA,JPN,JPN,NLD,NOR,SWE,SWE"
152,australia_as_legislated,fixed_real_rule,0.6139431475532396,0.6756201236339029,-9.128943014445213,target_date_fund,target_date_fund,0.6756201236339029,11,"AUS,AUS,DEU,DNK,ESP,FRA,FRA,FRA,GBR,ITA,JPN,JPN,NLD,NOR,SWE,SWE"
152,australia_as_legislated,amortisation at 6%,1.3678761965826973,1.067001550052846,28.198145214967084,balanced_all_equity,international_equity,1.5088093279393815,11,"AUS,AUS,DEU,DNK,ESP,FRA,FRA,FRA,GBR,ITA,JPN,JPN,NLD,NOR,SWE,SWE"
152,us_social_security,fixed_real_rule,1.0667606497808746,0.9496206017097448,12.335457745990874,balanced_all_equity,international_equity,1.1496413069012212,11,"AUS,AUS,DEU,DNK,ESP,FRA,FRA,FRA,GBR,ITA,JPN,JPN,NLD,NOR,SWE,SWE"
152,us_social_security,amortisation at 6%,1.2744626206277063,1.0376397062520115,22.823231700635937,balanced_all_equity,international_equity,1.4019902097918546,11,"AUS,AUS,DEU,DNK,ESP,FRA,FRA,FRA,GBR,ITA,JPN,JPN,NLD,NOR,SWE,SWE"
153,age_pension_matched,fixed_real_rule,0.4355865897145393,0.47158832585535176,-7.634144902869188,target_date_fund,target_date_fund,0.47158832585535176,11,"AUS,BEL,BEL,DNK,DNK,ESP,FIN,FRA,GBR,ITA,ITA,NLD,NOR,USA,USA,USA"
153,age_pension_matched,amortisation at 6%,0.9907868715100399,0.846801356526173,17.003458234235413,balanced_all_equity,international_equity,1.0034660611685176,11,"AUS,BEL,BEL,DNK,DNK,ESP,FIN,FRA,GBR,ITA,ITA,NLD,NOR,USA,USA,USA"
153,australia_as_legislated,fixed_real_rule,0.6364981382022592,0.6540634338462826,-2.685564539318308,target_date_fund,target_date_fund,0.6540634338462826,11,"AUS,BEL,BEL,DNK,DNK,ESP,FIN,FRA,GBR,ITA,ITA,NLD,NOR,USA,USA,USA"
153,australia_as_legislated,amortisation at 6%,1.2716441049620495,1.04499674281331,21.688810391749747,balanced_all_equity,international_equity,1.2850787048149996,11,"AUS,BEL,BEL,DNK,DNK,ESP,FIN,FRA,GBR,ITA,ITA,NLD,NOR,USA,USA,USA"
153,us_social_security,fixed_real_rule,1.0185533997559792,0.931291068869604,9.370038412619364,balanced_all_equity,international_equity,1.0190747516728726,11,"AUS,BEL,BEL,DNK,DNK,ESP,FIN,FRA,GBR,ITA,ITA,NLD,NOR,USA,USA,USA"
153,us_social_security,amortisation at 6%,1.190646780713347,1.014400341961803,17.374445912615876,balanced_all_equity,international_equity,1.204620796951905,11,"AUS,BEL,BEL,DNK,DNK,ESP,FIN,FRA,GBR,ITA,ITA,NLD,NOR,USA,USA,USA"
154,age_pension_matched,fixed_real_rule,0.4047750746568115,0.4779566107978339,-15.311334645808827,target_date_fund,target_date_fund,0.4779566107978339,10,"BEL,BEL,DNK,DNK,ESP,FRA,GBR,GBR,ITA,ITA,JPN,NLD,NLD,PRT,PRT,SWE"
154,age_pension_matched,amortisation at 6%,0.9402392041183385,0.8159539134117929,15.231900805140409,balanced_all_equity,international_equity,0.9792348468238883,10,"BEL,BEL,DNK,DNK,ESP,FRA,GBR,GBR,ITA,ITA,JPN,NLD,NLD,PRT,PRT,SWE"
154,australia_as_legislated,fixed_real_rule,0.5966437494673807,0.6300092856425829,-5.296038794280733,target_date_fund,target_date_fund,0.6300092856425829,10,"BEL,BEL,DNK,DNK,ESP,FRA,GBR,GBR,ITA,ITA,JPN,NLD,NLD,PRT,PRT,SWE"
154,australia_as_legislated,amortisation at 6%,1.1950766395626848,0.9998284325771194,19.528171096545144,balanced_all_equity,international_equity,1.2567355306250165,10,"BEL,BEL,DNK,DNK,ESP,FRA,GBR,GBR,ITA,ITA,JPN,NLD,NLD,PRT,PRT,SWE"
154,us_social_security,fixed_real_rule,0.9714257129861904,0.8987170047063147,8.090278463534318,balanced_all_equity,international_equity,1.0012111125189322,10,"BEL,BEL,DNK,DNK,ESP,FRA,GBR,GBR,ITA,ITA,JPN,NLD,NLD,PRT,PRT,SWE"
154,us_social_security,amortisation at 6%,1.121959032660391,0.9734856919650843,15.25172294988717,balanced_all_equity,international_equity,1.1708361905418654,10,"BEL,BEL,DNK,DNK,ESP,FRA,GBR,GBR,ITA,ITA,JPN,NLD,NLD,PRT,PRT,SWE"
155,age_pension_matched,fixed_real_rule,0.41503034228079755,0.4950999080143248,-16.17240569780324,target_date_fund,target_date_fund,0.4950999080143248,8,"CHE,CHE,DEU,DEU,ESP,FRA,NLD,NLD,NLD,NLD,PRT,SWE,SWE,SWE,USA,USA"
155,age_pension_matched,amortisation at 6%,1.023951286678639,0.884912519627778,15.712148259507641,balanced_all_equity,international_equity,1.0458518207413492,8,"CHE,CHE,DEU,DEU,ESP,FRA,NLD,NLD,NLD,NLD,PRT,SWE,SWE,SWE,USA,USA"
155,australia_as_legislated,fixed_real_rule,0.6537397354155456,0.6809592599434223,-3.997232452663646,target_date_fund,target_date_fund,0.6809592599434223,8,"CHE,CHE,DEU,DEU,ESP,FRA,NLD,NLD,NLD,NLD,PRT,SWE,SWE,SWE,USA,USA"
155,australia_as_legislated,amortisation at 6%,1.3167820346332517,1.1121431712579284,18.400406410251957,balanced_all_equity,international_equity,1.3461420873484333,8,"CHE,CHE,DEU,DEU,ESP,FRA,NLD,NLD,NLD,NLD,PRT,SWE,SWE,SWE,USA,USA"
155,us_social_security,fixed_real_rule,1.0330289663177779,0.967602163632744,6.761746215965148,balanced_all_equity,international_equity,1.0427046814379242,8,"CHE,CHE,DEU,DEU,ESP,FRA,NLD,NLD,NLD,NLD,PRT,SWE,SWE,SWE,USA,USA"
155,us_social_security,amortisation at 6%,1.23280682480532,1.062074347123415,16.0753791054578,balanced_all_equity,international_equity,1.260069733996635,8,"CHE,CHE,DEU,DEU,ESP,FRA,NLD,NLD,NLD,NLD,PRT,SWE,SWE,SWE,USA,USA"
156,age_pension_matched,fixed_real_rule,0.48445846735833675,0.5080295107755273,-4.639699646819406,target_date_fund,target_date_fund,0.5080295107755273,9,"CHE,CHE,CHE,DNK,DNK,DNK,FIN,GBR,JPN,JPN,NLD,PRT,PRT,SWE,USA,USA"
156,age_pension_matched,amortisation at 6%,1.0797592735885706,0.9049742284281518,19.313814655694973,balanced_all_equity,international_equity,1.1192234503108929,9,"CHE,CHE,CHE,DNK,DNK,DNK,FIN,GBR,JPN,JPN,NLD,PRT,PRT,SWE,USA,USA"
156,australia_as_legislated,fixed_real_rule,0.7719775556245476,0.7171410071988003,7.646550382043071,balanced_all_equity,balanced_all_equity,0.7719775556245476,9,"CHE,CHE,CHE,DNK,DNK,DNK,FIN,GBR,JPN,JPN,NLD,PRT,PRT,SWE,USA,USA"
156,australia_as_legislated,amortisation at 6%,1.4281781827752942,1.153579202875656,23.8040855118673,balanced_all_equity,international_equity,1.48678333022551,9,"CHE,CHE,CHE,DNK,DNK,DNK,FIN,GBR,JPN,JPN,NLD,PRT,PRT,SWE,USA,USA"
156,us_social_security,fixed_real_rule,1.0942322534500384,0.993142642347308,10.178760511561924,balanced_all_equity,international_equity,1.1151722301510072,9,"CHE,CHE,CHE,DNK,DNK,DNK,FIN,GBR,JPN,JPN,NLD,PRT,PRT,SWE,USA,USA"
156,us_social_security,amortisation at 6%,1.309450058338784,1.0909792138441767,20.025206871247626,balanced_all_equity,international_equity,1.360186727328844,9,"CHE,CHE,CHE,DNK,DNK,DNK,FIN,GBR,JPN,JPN,NLD,PRT,PRT,SWE,USA,USA"
157,age_pension_matched,fixed_real_rule,0.44031215581720645,0.4724581517859663,-6.803988003433304,target_date_fund,target_date_fund,0.4724581517859663,9,"AUS,AUS,AUS,AUS,CHE,DEU,DEU,ESP,FIN,FIN,ITA,NLD,NLD,NLD,NOR,SWE"
157,age_pension_matched,amortisation at 6%,1.1178578498285665,0.9243470436380884,20.93486505120947,balanced_all_equity,international_equity,1.1524891050723607,9,"AUS,AUS,AUS,AUS,CHE,DEU,DEU,ESP,FIN,FIN,ITA,NLD,NLD,NLD,NOR,SWE"
157,australia_as_legislated,fixed_real_rule,0.6963419821007684,0.6766551245508327,2.9094374424495806,balanced_all_equity,balanced_all_equity,0.6963419821007684,9,"AUS,AUS,AUS,AUS,CHE,DEU,DEU,ESP,FIN,FIN,ITA,NLD,NLD,NLD,NOR,SWE"
157,australia_as_legislated,amortisation at 6%,1.4591857529272036,1.1726376183765181,24.436205189067948,balanced_all_equity,international_equity,1.5007735217357903,9,"AUS,AUS,AUS,AUS,CHE,DEU,DEU,ESP,FIN,FIN,ITA,NLD,NLD,NLD,NOR,SWE"
157,us_social_security,fixed_real_rule,1.1105698469197167,0.9940903185194742,11.717197746550712,balanced_all_equity,international_equity,1.1323148015273194,9,"AUS,AUS,AUS,AUS,CHE,DEU,DEU,ESP,FIN,FIN,ITA,NLD,NLD,NLD,NOR,SWE"
157,us_social_security,amortisation at 6%,1.3547974931793603,1.1139781533920066,21.617958938788085,balanced_all_equity,international_equity,1.394774482996723,9,"AUS,AUS,AUS,AUS,CHE,DEU,DEU,ESP,FIN,FIN,ITA,NLD,NLD,NLD,NOR,SWE"
158,age_pension_matched,fixed_real_rule,0.3936674805693697,0.4668350310933814,-15.673106268962922,target_date_fund,target_date_fund,0.4668350310933814,10,"BEL,DNK,DNK,FIN,FRA,FRA,FRA,GBR,ITA,ITA,ITA,JPN,NLD,PRT,PRT,SWE"
158,age_pension_matched,amortisation at 6%,0.9285193155493375,0.7904661328021116,17.464781477461045,balanced_all_equity,international_equity,1.0180868953034998,10,"BEL,DNK,DNK,FIN,FRA,FRA,FRA,GBR,ITA,ITA,ITA,JPN,NLD,PRT,PRT,SWE"
158,australia_as_legislated,fixed_real_rule,0.5688348549064058,0.6039887262278006,-5.8202860078113705,target_date_fund,target_date_fund,0.6039887262278006,10,"BEL,DNK,DNK,FIN,FRA,FRA,FRA,GBR,ITA,ITA,ITA,JPN,NLD,PRT,PRT,SWE"
158,australia_as_legislated,amortisation at 6%,1.1707424793913257,0.9505674768431672,23.162480088142633,balanced_all_equity,international_equity,1.305723891772364,10,"BEL,DNK,DNK,FIN,FRA,FRA,FRA,GBR,ITA,ITA,ITA,JPN,NLD,PRT,PRT,SWE"
158,us_social_security,fixed_real_rule,0.9564087817652581,0.8724659836491152,9.621326182259814,balanced_all_equity,international_equity,1.0290961117122326,10,"BEL,DNK,DNK,FIN,FRA,FRA,FRA,GBR,ITA,ITA,ITA,JPN,NLD,PRT,PRT,SWE"
158,us_social_security,amortisation at 6%,1.104324835463158,0.9428698845196596,17.123778539787704,balanced_all_equity,international_equity,1.2226565086873495,10,"BEL,DNK,DNK,FIN,FRA,FRA,FRA,GBR,ITA,ITA,ITA,JPN,NLD,PRT,PRT,SWE"
159,age_pension_matched,fixed_real_rule,0.43737176492579133,0.4986141042582457,-12.282512429839997,target_date_fund,target_date_fund,0.4986141042582457,10,"AUS,AUS,AUS,DNK,FIN,FIN,FRA,GBR,GBR,JPN,NLD,NOR,NOR,SWE,USA,USA"
159,age_pension_matched,amortisation at 6%,1.0856035842355978,0.8943653563075044,21.382562124011994,balanced_all_equity,international_equity,1.1240653112985552,10,"AUS,AUS,AUS,DNK,FIN,FIN,FRA,GBR,GBR,JPN,NLD,NOR,NOR,SWE,USA,USA"
159,australia_as_legislated,fixed_real_rule,0.7054676680578038,0.6811017440533615,3.5774279272045684,balanced_all_equity,international_equity,0.7214492675601796,10,"AUS,AUS,AUS,DNK,FIN,FIN,FRA,GBR,GBR,JPN,NLD,NOR,NOR,SWE,USA,USA"
159,australia_as_legislated,amortisation at 6%,1.4393526056389814,1.1320815595886782,27.142129773931202,balanced_all_equity,international_equity,1.5155075997053686,10,"AUS,AUS,AUS,DNK,FIN,FIN,FRA,GBR,GBR,JPN,NLD,NOR,NOR,SWE,USA,USA"
159,us_social_security,fixed_real_rule,1.1010759467566702,0.9763584146946701,12.773744783159579,balanced_all_equity,international_equity,1.1303091847929572,10,"AUS,AUS,AUS,DNK,FIN,FIN,FRA,GBR,GBR,JPN,NLD,NOR,NOR,SWE,USA,USA"
159,us_social_security,amortisation at 6%,1.3239359714900927,1.0751969794690939,23.134271837688768,balanced_all_equity,international_equity,1.3768596880476078,10,"AUS,AUS,AUS,DNK,FIN,FIN,FRA,GBR,GBR,JPN,NLD,NOR,NOR,SWE,USA,USA"
160,age_pension_matched,fixed_real_rule,0.44883401215943214,0.4727468709619205,-5.058279656897935,target_date_fund,target_date_fund,0.4727468709619205,10,"AUS,BEL,DEU,DEU,ESP,ESP,FIN,FIN,GBR,GBR,ITA,JPN,JPN,NLD,NLD,NOR"
160,age_pension_matched,amortisation at 6%,1.1070578809676226,0.9038840018626177,22.477870908913978,balanced_all_equity,international_equity,1.144163372865163,10,"AUS,BEL,DEU,DEU,ESP,ESP,FIN,FIN,GBR,GBR,ITA,JPN,JPN,NLD,NLD,NOR"
160,australia_as_legislated,fixed_real_rule,0.7118264868558354,0.6654893822453047,6.962861594304215,balanced_all_equity,balanced_all_equity,0.7118264868558354,10,"AUS,BEL,DEU,DEU,ESP,ESP,FIN,FIN,GBR,GBR,ITA,JPN,JPN,NLD,NLD,NOR"
160,australia_as_legislated,amortisation at 6%,1.4588881839054408,1.1495857606733948,26.905554488676465,balanced_all_equity,international_equity,1.4902697816125332,10,"AUS,BEL,DEU,DEU,ESP,ESP,FIN,FIN,GBR,GBR,ITA,JPN,JPN,NLD,NLD,NOR"
160,us_social_security,fixed_real_rule,1.1038774494772594,0.9721922714861065,13.545178443957084,balanced_all_equity,international_equity,1.1319002984656565,10,"AUS,BEL,DEU,DEU,ESP,ESP,FIN,FIN,GBR,GBR,ITA,JPN,JPN,NLD,NLD,NOR"
160,us_social_security,amortisation at 6%,1.3437131670096707,1.08533830552766,23.805928544685084,balanced_all_equity,international_equity,1.3883999748640912,10,"AUS,BEL,DEU,DEU,ESP,ESP,FIN,FIN,GBR,GBR,ITA,JPN,JPN,NLD,NLD,NOR"
161,age_pension_matched,fixed_real_rule,0.49245771473323413,0.5381150218600896,-8.484674330226461,target_date_fund,target_date_fund,0.5381150218600896,9,"AUS,AUS,BEL,DEU,DEU,DNK,DNK,DNK,ESP,JPN,NOR,PRT,USA,USA,USA,USA"
161,age_pension_matched,amortisation at 6%,1.154620335797662,0.9515716975480616,21.338238492464722,balanced_all_equity,international_equity,1.1901687564582686,9,"AUS,AUS,BEL,DEU,DEU,DNK,DNK,DNK,ESP,JPN,NOR,PRT,USA,USA,USA,USA"
161,australia_as_legislated,fixed_real_rule,0.8155445676076282,0.7676515115423371,6.238905980796683,balanced_all_equity,balanced_all_equity,0.8155445676076282,9,"AUS,AUS,BEL,DEU,DEU,DNK,DNK,DNK,ESP,JPN,NOR,PRT,USA,USA,USA,USA"
161,australia_as_legislated,amortisation at 6%,1.5426110469021554,1.23451299937967,24.95705170195062,balanced_all_equity,international_equity,1.5885387806029458,9,"AUS,AUS,BEL,DEU,DEU,DNK,DNK,DNK,ESP,JPN,NOR,PRT,USA,USA,USA,USA"
161,us_social_security,fixed_real_rule,1.1577009025339082,1.0358899480563117,11.75906327753793,balanced_all_equity,international_equity,1.173818801751415,9,"AUS,AUS,BEL,DEU,DEU,DNK,DNK,DNK,ESP,JPN,NOR,PRT,USA,USA,USA,USA"
161,us_social_security,amortisation at 6%,1.406843530520548,1.1504513834531176,22.286221804337437,balanced_all_equity,international_equity,1.4509111324682018,9,"AUS,AUS,BEL,DEU,DEU,DNK,DNK,DNK,ESP,JPN,NOR,PRT,USA,USA,USA,USA"
162,age_pension_matched,fixed_real_rule,0.4075271343522963,0.4711318921263089,-13.50041439286822,target_date_fund,target_date_fund,0.4711318921263089,9,"CHE,DNK,ESP,ITA,ITA,ITA,ITA,JPN,JPN,NLD,NOR,NOR,PRT,PRT,USA,USA"
162,age_pension_matched,amortisation at 6%,0.9793629496180318,0.8304566089330497,17.930658758474237,balanced_all_equity,international_equity,1.0191846972918828,9,"CHE,DNK,ESP,ITA,ITA,ITA,ITA,JPN,JPN,NLD,NOR,NOR,PRT,PRT,USA,USA"
162,australia_as_legislated,fixed_real_rule,0.6245998468039536,0.6299494907518866,-0.8492179177012726,target_date_fund,target_date_fund,0.6299494907518866,9,"CHE,DNK,ESP,ITA,ITA,ITA,ITA,JPN,JPN,NLD,NOR,NOR,PRT,PRT,USA,USA"
162,australia_as_legislated,amortisation at 6%,1.2575065644963217,1.0252490899369888,22.65376061671094,balanced_all_equity,international_equity,1.3139467259178683,9,"CHE,DNK,ESP,ITA,ITA,ITA,ITA,JPN,JPN,NLD,NOR,NOR,PRT,PRT,USA,USA"
162,us_social_security,fixed_real_rule,0.9989087844230568,0.9098882708998582,9.783675245660572,balanced_all_equity,international_equity,1.0262787134970908,9,"CHE,DNK,ESP,ITA,ITA,ITA,ITA,JPN,JPN,NLD,NOR,NOR,PRT,PRT,USA,USA"
162,us_social_security,amortisation at 6%,1.175860310416439,0.9930085593335904,18.41391490175679,balanced_all_equity,international_equity,1.2296554300482325,9,"CHE,DNK,ESP,ITA,ITA,ITA,ITA,JPN,JPN,NLD,NOR,NOR,PRT,PRT,USA,USA"
163,age_pension_matched,fixed_real_rule,0.3844961517299054,0.4689426645330132,-18.007854518249488,target_date_fund,target_date_fund,0.4689426645330132,11,"AUS,AUS,BEL,BEL,CHE,DEU,DEU,FIN,FRA,ITA,ITA,NLD,NLD,NOR,PRT,USA"
163,age_pension_matched,amortisation at 6%,0.9834780842958052,0.841272969170946,16.903564043546872,balanced_all_equity,international_equity,1.0333890792978169,11,"AUS,AUS,BEL,BEL,CHE,DEU,DEU,FIN,FRA,ITA,ITA,NLD,NLD,NOR,PRT,USA"
163,australia_as_legislated,fixed_real_rule,0.5719285234985102,0.6187974075670556,-7.574188820994133,target_date_fund,target_date_fund,0.6187974075670556,11,"AUS,AUS,BEL,BEL,CHE,DEU,DEU,FIN,FRA,ITA,ITA,NLD,NLD,NOR,PRT,USA"
163,australia_as_legislated,amortisation at 6%,1.2517696296314917,1.0316776237651237,21.333408886308767,balanced_all_equity,international_equity,1.322325603811892,11,"AUS,AUS,BEL,BEL,CHE,DEU,DEU,FIN,FRA,ITA,ITA,NLD,NLD,NOR,PRT,USA"
163,us_social_security,fixed_real_rule,1.0016321430612336,0.9191687017407456,8.971524069990267,balanced_all_equity,international_equity,1.0323024283990445,11,"AUS,AUS,BEL,BEL,CHE,DEU,DEU,FIN,FRA,ITA,ITA,NLD,NLD,NOR,PRT,USA"
163,us_social_security,amortisation at 6%,1.175060824776204,1.0047307643285723,16.952806313386603,balanced_all_equity,international_equity,1.2388346111365713,11,"AUS,AUS,BEL,BEL,CHE,DEU,DEU,FIN,FRA,ITA,ITA,NLD,NLD,NOR,PRT,USA"
164,age_pension_matched,fixed_real_rule,0.40793618393475867,0.5047798563226296,-19.185328252475543,target_date_fund,target_date_fund,0.5047798563226296,10,"CHE,DEU,DEU,DNK,DNK,FIN,GBR,GBR,ITA,NLD,NLD,PRT,SWE,SWE,USA,USA"
164,age_pension_matched,amortisation at 6%,1.101399646505941,0.916350480065938,20.194147377615536,balanced_all_equity,international_equity,1.1617519170566761,10,"CHE,DEU,DEU,DNK,DNK,FIN,GBR,GBR,ITA,NLD,NLD,PRT,SWE,SWE,USA,USA"
164,australia_as_legislated,fixed_real_rule,0.6487916396677885,0.6958059305714228,-6.756810891942866,target_date_fund,target_date_fund,0.6958059305714228,10,"CHE,DEU,DEU,DNK,DNK,FIN,GBR,GBR,ITA,NLD,NLD,PRT,SWE,SWE,USA,USA"
164,australia_as_legislated,amortisation at 6%,1.4378350255882035,1.1602574984219358,23.92378653392031,balanced_all_equity,international_equity,1.5221518854800886,10,"CHE,DEU,DEU,DNK,DNK,FIN,GBR,GBR,ITA,NLD,NLD,PRT,SWE,SWE,USA,USA"
164,us_social_security,fixed_real_rule,1.0957475153373382,0.9930533792636034,10.341250351505526,balanced_all_equity,international_equity,1.1309654627676595,10,"CHE,DEU,DEU,DNK,DNK,FIN,GBR,GBR,ITA,NLD,NLD,PRT,SWE,SWE,USA,USA"
164,us_social_security,amortisation at 6%,1.3287864708564592,1.1005713197998823,20.736061984431274,balanced_all_equity,international_equity,1.405306038137699,10,"CHE,DEU,DEU,DNK,DNK,FIN,GBR,GBR,ITA,NLD,NLD,PRT,SWE,SWE,USA,USA"
165,age_pension_matched,fixed_real_rule,0.44775428052960453,0.49021433822047084,-8.661529127238655,target_date_fund,target_date_fund,0.49021433822047084,9,"AUS,CHE,CHE,CHE,DNK,DNK,FIN,FIN,FIN,ITA,ITA,JPN,NLD,SWE,SWE,USA"
165,age_pension_matched,amortisation at 6%,1.145877434254164,0.9299357862002428,23.221135400785897,balanced_all_equity,international_equity,1.1940481688775053,9,"AUS,CHE,CHE,CHE,DNK,DNK,FIN,FIN,FIN,ITA,ITA,JPN,NLD,SWE,SWE,USA"
165,australia_as_legislated,fixed_real_rule,0.7078103328896121,0.7033821265661964,0.6295591195974337,balanced_all_equity,balanced_all_equity,0.7078103328896121,9,"AUS,CHE,CHE,CHE,DNK,DNK,FIN,FIN,FIN,ITA,ITA,JPN,NLD,SWE,SWE,USA"
165,australia_as_legislated,amortisation at 6%,1.5203578944825158,1.1893494632031734,27.83104894905033,balanced_all_equity,international_equity,1.5851511345266025,9,"AUS,CHE,CHE,CHE,DNK,DNK,FIN,FIN,FIN,ITA,ITA,JPN,NLD,SWE,SWE,USA"
165,us_social_security,fixed_real_rule,1.1328570007864565,1.0029095707692468,12.957043566504002,balanced_all_equity,international_equity,1.1708193798278514,9,"AUS,CHE,CHE,CHE,DNK,DNK,FIN,FIN,FIN,ITA,ITA,JPN,NLD,SWE,SWE,USA"
165,us_social_security,amortisation at 6%,1.3934192180021419,1.1210995542647044,24.290408706481358,balanced_all_equity,international_equity,1.4569007116858839,9,"AUS,CHE,CHE,CHE,DNK,DNK,FIN,FIN,FIN,ITA,ITA,JPN,NLD,SWE,SWE,USA"
166,age_pension_matched,fixed_real_rule,0.384877602452133,0.48530305489144127,-20.693348501952602,target_date_fund,target_date_fund,0.48530305489144127,10,"AUS,AUS,BEL,CHE,CHE,DEU,DEU,DEU,FRA,ITA,ITA,ITA,JPN,NLD,NOR,PRT"
166,age_pension_matched,amortisation at 6%,0.9958114941367479,0.8498737780442724,17.171693004613807,balanced_all_equity,international_equity,1.0364474809672957,10,"AUS,AUS,BEL,CHE,CHE,DEU,DEU,DEU,FRA,ITA,ITA,ITA,JPN,NLD,NOR,PRT"
166,australia_as_legislated,fixed_real_rule,0.5850925451846363,0.6512069481655616,-10.15259483443296,target_date_fund,target_date_fund,0.6512069481655616,10,"AUS,AUS,BEL,CHE,CHE,DEU,DEU,DEU,FRA,ITA,ITA,ITA,JPN,NLD,NOR,PRT"
166,australia_as_legislated,amortisation at 6%,1.2800479065784758,1.0509376002865947,21.800562300692427,balanced_all_equity,international_equity,1.3353809694268768,10,"AUS,AUS,BEL,CHE,CHE,DEU,DEU,DEU,FRA,ITA,ITA,ITA,JPN,NLD,NOR,PRT"
166,us_social_security,fixed_real_rule,1.0108809503335072,0.9261496592514391,9.148768801637551,balanced_all_equity,international_equity,1.0375932405225818,10,"AUS,AUS,BEL,CHE,CHE,DEU,DEU,DEU,FRA,ITA,ITA,ITA,JPN,NLD,NOR,PRT"
166,us_social_security,amortisation at 6%,1.1939166223532491,1.015501670999671,17.5691440446321,balanced_all_equity,international_equity,1.2466180686611503,10,"AUS,AUS,BEL,CHE,CHE,DEU,DEU,DEU,FRA,ITA,ITA,ITA,JPN,NLD,NOR,PRT"
167,age_pension_matched,fixed_real_rule,0.3980331381153642,0.48868589162465265,-18.55031116366186,target_date_fund,target_date_fund,0.48868589162465265,12,"BEL,CHE,DEU,ESP,FRA,FRA,GBR,GBR,ITA,JPN,NLD,NLD,PRT,SWE,USA,USA"
167,age_pension_matched,amortisation at 6%,1.003455738889147,0.8475252680970373,18.398327066073563,balanced_all_equity,international_equity,1.0729813449686738,12,"BEL,CHE,DEU,ESP,FRA,FRA,GBR,GBR,ITA,JPN,NLD,NLD,PRT,SWE,USA,USA"
167,australia_as_legislated,fixed_real_rule,0.6279618947699918,0.6632021766910238,-5.313655949813012,target_date_fund,target_date_fund,0.6632021766910238,12,"BEL,CHE,DEU,ESP,FRA,FRA,GBR,GBR,ITA,JPN,NLD,NLD,PRT,SWE,USA,USA"
167,australia_as_legislated,amortisation at 6%,1.291646483355361,1.04867823687204,23.168998644239824,balanced_all_equity,international_equity,1.3902443850114845,12,"BEL,CHE,DEU,ESP,FRA,FRA,GBR,GBR,ITA,JPN,NLD,NLD,PRT,SWE,USA,USA"
167,us_social_security,fixed_real_rule,1.0176561233939223,0.9278771372781631,9.675740732131533,balanced_all_equity,international_equity,1.0687386561979177,12,"BEL,CHE,DEU,ESP,FRA,FRA,GBR,GBR,ITA,JPN,NLD,NLD,PRT,SWE,USA,USA"
167,us_social_security,amortisation at 6%,1.1992644329844147,1.0100558213812334,18.732490581009852,balanced_all_equity,international_equity,1.2876268750693756,12,"BEL,CHE,DEU,ESP,FRA,FRA,GBR,GBR,ITA,JPN,NLD,NLD,PRT,SWE,USA,USA"
168,age_pension_matched,fixed_real_rule,0.3889549874267836,0.4537155499431917,-14.273383957088658,target_date_fund,target_date_fund,0.4537155499431917,10,"AUS,DEU,DNK,DNK,DNK,FIN,FIN,FIN,FRA,ITA,NOR,NOR,PRT,SWE,USA,USA"
168,age_pension_matched,amortisation at 6%,1.0384518861809149,0.8660170210160226,19.911255896863246,balanced_all_equity,international_equity,1.0912396435095308,10,"AUS,DEU,DNK,DNK,DNK,FIN,FIN,FIN,FRA,ITA,NOR,NOR,PRT,SWE,USA,USA"
168,australia_as_legislated,fixed_real_rule,0.5808858216174944,0.6241168586615709,-6.926753610980185,target_date_fund,target_date_fund,0.6241168586615709,10,"AUS,DEU,DNK,DNK,DNK,FIN,FIN,FIN,FRA,ITA,NOR,NOR,PRT,SWE,USA,USA"
168,australia_as_legislated,amortisation at 6%,1.3367517795145394,1.0698855390137658,24.943438411811258,balanced_all_equity,international_equity,1.4155042834488778,10,"AUS,DEU,DNK,DNK,DNK,FIN,FIN,FIN,FRA,ITA,NOR,NOR,PRT,SWE,USA,USA"
168,us_social_security,fixed_real_rule,1.048010984721267,0.9411433417847381,11.355086753721322,balanced_all_equity,international_equity,1.0800592037207828,10,"AUS,DEU,DNK,DNK,DNK,FIN,FIN,FIN,FRA,ITA,NOR,NOR,PRT,SWE,USA,USA"
168,us_social_security,amortisation at 6%,1.250359795404487,1.0383099792517978,20.422592519576032,balanced_all_equity,international_equity,1.3168893662635393,10,"AUS,DEU,DNK,DNK,DNK,FIN,FIN,FIN,FRA,ITA,NOR,NOR,PRT,SWE,USA,USA"
169,age_pension_matched,fixed_real_rule,0.44750394597170323,0.5050605352074128,-11.395978347837621,target_date_fund,target_date_fund,0.5050605352074128,9,"BEL,BEL,CHE,CHE,CHE,CHE,DEU,DEU,ESP,GBR,GBR,JPN,JPN,NOR,PRT,SWE"
169,age_pension_matched,amortisation at 6%,1.0713891491190162,0.9059722495443703,18.25849518656195,balanced_all_equity,international_equity,1.1036972738827107,9,"BEL,BEL,CHE,CHE,CHE,CHE,DEU,DEU,ESP,GBR,GBR,JPN,JPN,NOR,PRT,SWE"
169,australia_as_legislated,fixed_real_rule,0.7196823462906653,0.6984948243428035,3.0333112300147125,balanced_all_equity,balanced_all_equity,0.7196823462906653,9,"BEL,BEL,CHE,CHE,CHE,CHE,DEU,DEU,ESP,GBR,GBR,JPN,JPN,NOR,PRT,SWE"
169,australia_as_legislated,amortisation at 6%,1.4104831849793675,1.16057468504839,21.53316827865823,balanced_all_equity,international_equity,1.4383437046522227,9,"BEL,BEL,CHE,CHE,CHE,CHE,DEU,DEU,ESP,GBR,GBR,JPN,JPN,NOR,PRT,SWE"
169,us_social_security,fixed_real_rule,1.079736389026264,0.9847720204604589,9.643284597119406,balanced_all_equity,international_equity,1.0952666219572613,9,"BEL,BEL,CHE,CHE,CHE,CHE,DEU,DEU,ESP,GBR,GBR,JPN,JPN,NOR,PRT,SWE"
169,us_social_security,amortisation at 6%,1.299970760587069,1.0878731625348654,19.49653740496664,balanced_all_equity,international_equity,1.3387082555123415,9,"BEL,BEL,CHE,CHE,CHE,CHE,DEU,DEU,ESP,GBR,GBR,JPN,JPN,NOR,PRT,SWE"
170,age_pension_matched,fixed_real_rule,0.48375503185908675,0.5194827115420267,-6.877549317644538,target_date_fund,target_date_fund,0.5194827115420267,10,"AUS,AUS,BEL,BEL,BEL,DEU,DNK,ESP,ESP,JPN,JPN,JPN,NLD,NOR,SWE,USA"
170,age_pension_matched,amortisation at 6%,1.1578579742434771,0.9510823230161758,21.74108867585214,balanced_all_equity,international_equity,1.2081268775902985,10,"AUS,AUS,BEL,BEL,BEL,DEU,DNK,ESP,ESP,JPN,JPN,JPN,NLD,NOR,SWE,USA"
170,australia_as_legislated,fixed_real_rule,0.7978237732821081,0.7426790814758026,7.4251036796035175,balanced_all_equity,balanced_all_equity,0.7978237732821081,10,"AUS,AUS,BEL,BEL,BEL,DEU,DNK,ESP,ESP,JPN,JPN,JPN,NLD,NOR,SWE,USA"
170,australia_as_legislated,amortisation at 6%,1.5486814382669611,1.2400003780549078,24.8936262984256,balanced_all_equity,international_equity,1.5967125165540244,10,"AUS,AUS,BEL,BEL,BEL,DEU,DNK,ESP,ESP,JPN,JPN,JPN,NLD,NOR,SWE,USA"
170,us_social_security,fixed_real_rule,1.1513460611592714,1.0241568077155814,12.418923790331515,balanced_all_equity,international_equity,1.190669770698633,10,"AUS,AUS,BEL,BEL,BEL,DEU,DNK,ESP,ESP,JPN,JPN,JPN,NLD,NOR,SWE,USA"
170,us_social_security,amortisation at 6%,1.4106915410010237,1.144387720792596,23.27041922679729,balanced_all_equity,international_equity,1.4725950596262722,10,"AUS,AUS,BEL,BEL,BEL,DEU,DNK,ESP,ESP,JPN,JPN,JPN,NLD,NOR,SWE,USA"
171,age_pension_matched,fixed_real_rule,0.44768118054077294,0.5005566705271792,-10.563337400082705,target_date_fund,target_date_fund,0.5005566705271792,10,"AUS,AUS,CHE,CHE,DNK,ESP,FRA,GBR,JPN,PRT,PRT,SWE,SWE,SWE,USA,USA"
171,age_pension_matched,amortisation at 6%,1.0182297942059035,0.8652329564377468,17.68273349157439,balanced_all_equity,international_equity,1.0626042577572576,10,"AUS,AUS,CHE,CHE,DNK,ESP,FRA,GBR,JPN,PRT,PRT,SWE,SWE,SWE,USA,USA"
171,australia_as_legislated,fixed_real_rule,0.6840683136588207,0.6764605737004183,1.1246390778971715,balanced_all_equity,international_equity,0.7502114324469087,10,"AUS,AUS,CHE,CHE,DNK,ESP,FRA,GBR,JPN,PRT,PRT,SWE,SWE,SWE,USA,USA"
171,australia_as_legislated,amortisation at 6%,1.327093754404626,1.0823019795306277,22.617696308765822,balanced_all_equity,international_equity,1.422340589062547,10,"AUS,AUS,CHE,CHE,DNK,ESP,FRA,GBR,JPN,PRT,PRT,SWE,SWE,SWE,USA,USA"
171,us_social_security,fixed_real_rule,1.048079546576141,0.956010738270665,9.630520309010326,balanced_all_equity,international_equity,1.0817162138551233,10,"AUS,AUS,CHE,CHE,DNK,ESP,FRA,GBR,JPN,PRT,PRT,SWE,SWE,SWE,USA,USA"
171,us_social_security,amortisation at 6%,1.2324705233135316,1.0411739438727405,18.37316238718443,balanced_all_equity,international_equity,1.2915415535882246,10,"AUS,AUS,CHE,CHE,DNK,ESP,FRA,GBR,JPN,PRT,PRT,SWE,SWE,SWE,USA,USA"
172,age_pension_matched,fixed_real_rule,0.3591565848992547,0.43404956254308563,-17.254476010765874,target_date_fund,target_date_fund,0.43404956254308563,10,"AUS,CHE,DEU,DEU,DEU,ESP,FIN,FIN,FRA,ITA,ITA,ITA,NLD,NOR,NOR,PRT"
172,age_pension_matched,amortisation at 6%,0.9564827297370816,0.8129427657301241,17.656835149771055,balanced_all_equity,international_equity,1.0050281829896281,10,"AUS,CHE,DEU,DEU,DEU,ESP,FIN,FIN,FRA,ITA,ITA,ITA,NLD,NOR,NOR,PRT"
172,australia_as_legislated,fixed_real_rule,0.5393268594780326,0.5789645565334438,-6.846308052558925,target_date_fund,target_date_fund,0.5789645565334438,10,"AUS,CHE,DEU,DEU,DEU,ESP,FIN,FIN,FRA,ITA,ITA,ITA,NLD,NOR,NOR,PRT"
172,australia_as_legislated,amortisation at 6%,1.2064007153380252,0.9849357771785701,22.485216121792195,balanced_all_equity,international_equity,1.2717417598463783,10,"AUS,CHE,DEU,DEU,DEU,ESP,FIN,FIN,FRA,ITA,ITA,ITA,NLD,NOR,NOR,PRT"
172,us_social_security,fixed_real_rule,0.9722669834601548,0.8868813539155059,9.627627096643598,balanced_all_equity,international_equity,1.00326793293849,10,"AUS,CHE,DEU,DEU,DEU,ESP,FIN,FIN,FRA,ITA,ITA,ITA,NLD,NOR,NOR,PRT"
172,us_social_security,amortisation at 6%,1.140085272673072,0.970245117583074,17.504870883872915,balanced_all_equity,international_equity,1.1989422590228622,10,"AUS,CHE,DEU,DEU,DEU,ESP,FIN,FIN,FRA,ITA,ITA,ITA,NLD,NOR,NOR,PRT"
173,age_pension_matched,fixed_real_rule,0.4852643559375172,0.516312290536241,-6.013402192397432,target_date_fund,target_date_fund,0.516312290536241,7,"DEU,DEU,DEU,DNK,DNK,DNK,DNK,ESP,ESP,GBR,JPN,JPN,PRT,PRT,USA,USA"
173,age_pension_matched,amortisation at 6%,1.1480947967129103,0.934928787939884,22.800240138367943,balanced_all_equity,international_equity,1.2007697219231006,7,"DEU,DEU,DEU,DNK,DNK,DNK,DNK,ESP,ESP,GBR,JPN,JPN,PRT,PRT,USA,USA"
173,australia_as_legislated,fixed_real_rule,0.7922446283809305,0.7292327004374084,8.640853311395148,balanced_all_equity,balanced_all_equity,0.7922446283809305,7,"DEU,DEU,DEU,DNK,DNK,DNK,DNK,ESP,ESP,GBR,JPN,JPN,PRT,PRT,USA,USA"
173,australia_as_legislated,amortisation at 6%,1.5257772745301663,1.1970756768719248,27.458714934144403,balanced_all_equity,international_equity,1.592785394209548,7,"DEU,DEU,DEU,DNK,DNK,DNK,DNK,ESP,ESP,GBR,JPN,JPN,PRT,PRT,USA,USA"
173,us_social_security,fixed_real_rule,1.15046578372362,1.0149932459700994,13.347136869274445,balanced_all_equity,international_equity,1.1896535257076848,7,"DEU,DEU,DEU,DNK,DNK,DNK,DNK,ESP,ESP,GBR,JPN,JPN,PRT,PRT,USA,USA"
173,us_social_security,amortisation at 6%,1.4013359388607523,1.12890723553231,24.132071684347455,balanced_all_equity,international_equity,1.4694021227113037,7,"DEU,DEU,DEU,DNK,DNK,DNK,DNK,ESP,ESP,GBR,JPN,JPN,PRT,PRT,USA,USA"
174,age_pension_matched,fixed_real_rule,0.40565423650890564,0.4731117028163638,-14.258253580685887,target_date_fund,target_date_fund,0.4731117028163638,11,"AUS,AUS,BEL,BEL,CHE,DEU,DEU,ESP,FRA,GBR,ITA,NOR,PRT,SWE,SWE,SWE"
174,age_pension_matched,amortisation at 6%,0.9812031899310989,0.8493864416532848,15.519054909946517,balanced_all_equity,international_equity,1.0271652552475097,11,"AUS,AUS,BEL,BEL,CHE,DEU,DEU,ESP,FRA,GBR,ITA,NOR,PRT,SWE,SWE,SWE"
174,australia_as_legislated,fixed_real_rule,0.628269153538902,0.6369688754243389,-1.365800154621566,target_date_fund,target_date_fund,0.6369688754243389,11,"AUS,AUS,BEL,BEL,CHE,DEU,DEU,ESP,FRA,GBR,ITA,NOR,PRT,SWE,SWE,SWE"
174,australia_as_legislated,amortisation at 6%,1.253406131116983,1.0515873135123355,19.19182696590036,balanced_all_equity,international_equity,1.3242524765255947,11,"AUS,AUS,BEL,BEL,CHE,DEU,DEU,ESP,FRA,GBR,ITA,NOR,PRT,SWE,SWE,SWE"
174,us_social_security,fixed_real_rule,1.0006926565176666,0.9264222723858624,8.016903991365831,balanced_all_equity,international_equity,1.033344671035237,11,"AUS,AUS,BEL,BEL,CHE,DEU,DEU,ESP,FRA,GBR,ITA,NOR,PRT,SWE,SWE,SWE"
174,us_social_security,amortisation at 6%,1.1747971300873628,1.0149326875279847,15.751235971003252,balanced_all_equity,international_equity,1.2369738823602103,11,"AUS,AUS,BEL,BEL,CHE,DEU,DEU,ESP,FRA,GBR,ITA,NOR,PRT,SWE,SWE,SWE"
175,age_pension_matched,fixed_real_rule,0.4085651125699322,0.45923292722633946,-11.033140624830429,target_date_fund,target_date_fund,0.45923292722633946,8,"BEL,BEL,BEL,DNK,ESP,ESP,FIN,FRA,FRA,ITA,NLD,NLD,USA,USA,USA,USA"
175,age_pension_matched,amortisation at 6%,0.9654496905596657,0.8339343936503469,15.770460831294209,balanced_all_equity,international_equity,0.9729698897205109,8,"BEL,BEL,BEL,DNK,ESP,ESP,FIN,FRA,FRA,ITA,NLD,NLD,USA,USA,USA,USA"
175,australia_as_legislated,fixed_real_rule,0.6047636611005845,0.6315259140786567,-4.2377125596050895,target_date_fund,target_date_fund,0.6315259140786567,8,"BEL,BEL,BEL,DNK,ESP,ESP,FIN,FRA,FRA,ITA,NLD,NLD,USA,USA,USA,USA"
175,australia_as_legislated,amortisation at 6%,1.2283117916035367,1.024848109159108,19.853057309279865,balanced_all_equity,international_equity,1.2319577539720297,8,"BEL,BEL,BEL,DNK,ESP,ESP,FIN,FRA,FRA,ITA,NLD,NLD,USA,USA,USA,USA"
175,us_social_security,fixed_real_rule,0.9890194975651632,0.9150631479842362,8.082103376564032,balanced_all_equity,balanced_all_equity,0.9890194975651632,8,"BEL,BEL,BEL,DNK,ESP,ESP,FIN,FRA,FRA,ITA,NLD,NLD,USA,USA,USA,USA"
175,us_social_security,amortisation at 6%,1.1549742870969981,0.9954166543571503,16.029230779034087,balanced_all_equity,international_equity,1.1599572189145646,8,"BEL,BEL,BEL,DNK,ESP,ESP,FIN,FRA,FRA,ITA,NLD,NLD,USA,USA,USA,USA"
176,age_pension_matched,fixed_real_rule,0.42478527743962197,0.46395569584466834,-8.442706654076847,target_date_fund,target_date_fund,0.46395569584466834,10,"BEL,CHE,DNK,DNK,ESP,ESP,ESP,ESP,FIN,GBR,ITA,ITA,NOR,SWE,SWE,USA"
176,age_pension_matched,amortisation at 6%,1.0079031916887993,0.8511711782113438,18.413688984020006,balanced_all_equity,international_equity,1.034145926889745,10,"BEL,CHE,DNK,DNK,ESP,ESP,ESP,ESP,FIN,GBR,ITA,ITA,NOR,SWE,SWE,USA"
176,australia_as_legislated,fixed_real_rule,0.6440788980202431,0.639639710402191,0.6940137621006759,balanced_all_equity,balanced_all_equity,0.6440788980202431,10,"BEL,CHE,DNK,DNK,ESP,ESP,ESP,ESP,FIN,GBR,ITA,ITA,NOR,SWE,SWE,USA"
176,australia_as_legislated,amortisation at 6%,1.2971908788089717,1.055882669991159,22.853695365587654,balanced_all_equity,international_equity,1.3313499601889756,10,"BEL,CHE,DNK,DNK,ESP,ESP,ESP,ESP,FIN,GBR,ITA,ITA,NOR,SWE,SWE,USA"
176,us_social_security,fixed_real_rule,1.0230572355460015,0.9273413829506107,10.321533618055788,balanced_all_equity,international_equity,1.0435013168612386,10,"BEL,CHE,DNK,DNK,ESP,ESP,ESP,ESP,FIN,GBR,ITA,ITA,NOR,SWE,SWE,USA"
176,us_social_security,amortisation at 6%,1.2113251173067696,1.018323526696232,18.952875540123927,balanced_all_equity,international_equity,1.2440295348162447,10,"BEL,CHE,DNK,DNK,ESP,ESP,ESP,ESP,FIN,GBR,ITA,ITA,NOR,SWE,SWE,USA"
177,age_pension_matched,fixed_real_rule,0.46872941392303746,0.4855446807288883,-3.4631759904378168,target_date_fund,target_date_fund,0.4855446807288883,10,"AUS,AUS,AUS,BEL,CHE,CHE,DEU,ESP,FIN,FIN,JPN,NLD,NOR,NOR,SWE,SWE"
177,age_pension_matched,amortisation at 6%,1.1574143193955435,0.9444461907977728,22.549524861535698,balanced_all_equity,international_equity,1.2265671317940225,10,"AUS,AUS,AUS,BEL,CHE,CHE,DEU,ESP,FIN,FIN,JPN,NLD,NOR,NOR,SWE,SWE"
177,australia_as_legislated,fixed_real_rule,0.7688024666834685,0.6948801317748676,10.63814196554851,balanced_all_equity,balanced_all_equity,0.7688024666834685,10,"AUS,AUS,AUS,BEL,CHE,CHE,DEU,ESP,FIN,FIN,JPN,NLD,NOR,NOR,SWE,SWE"
177,australia_as_legislated,amortisation at 6%,1.540357267968813,1.2226631255322566,25.983783742415213,balanced_all_equity,international_equity,1.630345480630529,10,"AUS,AUS,AUS,BEL,CHE,CHE,DEU,ESP,FIN,FIN,JPN,NLD,NOR,NOR,SWE,SWE"
177,us_social_security,fixed_real_rule,1.1477788334179582,1.012692234223582,13.33935371766184,balanced_all_equity,international_equity,1.2024078694645883,10,"AUS,AUS,AUS,BEL,CHE,CHE,DEU,ESP,FIN,FIN,JPN,NLD,NOR,NOR,SWE,SWE"
177,us_social_security,amortisation at 6%,1.4135406365591006,1.138026312856329,24.20983773312402,balanced_all_equity,international_equity,1.5004398273532138,10,"AUS,AUS,AUS,BEL,CHE,CHE,DEU,ESP,FIN,FIN,JPN,NLD,NOR,NOR,SWE,SWE"
178,age_pension_matched,fixed_real_rule,0.4501202879856726,0.48025091255578145,-6.273933850486779,target_date_fund,target_date_fund,0.48025091255578145,11,"AUS,AUS,BEL,BEL,DNK,ESP,FIN,GBR,GBR,GBR,NLD,NOR,PRT,SWE,SWE,USA"
178,age_pension_matched,amortisation at 6%,1.0299158240455135,0.8767388522989946,17.47121977597508,balanced_all_equity,international_equity,1.0698472181005287,11,"AUS,AUS,BEL,BEL,DNK,ESP,FIN,GBR,GBR,GBR,NLD,NOR,PRT,SWE,SWE,USA"
178,australia_as_legislated,fixed_real_rule,0.7085070454612377,0.6688111328088359,5.935294839619232,balanced_all_equity,international_equity,0.7226602818819777,11,"AUS,AUS,BEL,BEL,DNK,ESP,FIN,GBR,GBR,GBR,NLD,NOR,PRT,SWE,SWE,USA"
178,australia_as_legislated,amortisation at 6%,1.345493819539406,1.1110198358005323,21.104392215457256,balanced_all_equity,international_equity,1.4186509411596402,11,"AUS,AUS,BEL,BEL,DNK,ESP,FIN,GBR,GBR,GBR,NLD,NOR,PRT,SWE,SWE,USA"
178,us_social_security,fixed_real_rule,1.0501927271299263,0.9547638125478513,9.99502843822877,balanced_all_equity,international_equity,1.0761982765155385,11,"AUS,AUS,BEL,BEL,DNK,ESP,FIN,GBR,GBR,GBR,NLD,NOR,PRT,SWE,SWE,USA"
178,us_social_security,amortisation at 6%,1.2409596814973436,1.0486691406444477,18.336626243690723,balanced_all_equity,international_equity,1.2953237156720303,11,"AUS,AUS,BEL,BEL,DNK,ESP,FIN,GBR,GBR,GBR,NLD,NOR,PRT,SWE,SWE,USA"
179,age_pension_matched,fixed_real_rule,0.4169310003261232,0.48102866287564433,-13.325123323491372,target_date_fund,target_date_fund,0.48102866287564433,10,"AUS,CHE,DEU,DEU,DEU,DEU,DNK,ESP,ESP,FIN,GBR,ITA,PRT,SWE,SWE,SWE"
179,age_pension_matched,amortisation at 6%,1.0709807504901367,0.8934938970959312,19.864361018142397,balanced_all_equity,international_equity,1.1433032483213295,10,"AUS,CHE,DEU,DEU,DEU,DEU,DNK,ESP,ESP,FIN,GBR,ITA,PRT,SWE,SWE,SWE"
179,australia_as_legislated,fixed_real_rule,0.6550699878180664,0.661831671728694,-1.0216621838248008,target_date_fund,target_date_fund,0.661831671728694,10,"AUS,CHE,DEU,DEU,DEU,DEU,DNK,ESP,ESP,FIN,GBR,ITA,PRT,SWE,SWE,SWE"
179,australia_as_legislated,amortisation at 6%,1.3887511752753483,1.1197611844381528,24.022085653215687,balanced_all_equity,international_equity,1.4994432193210114,10,"AUS,CHE,DEU,DEU,DEU,DEU,DNK,ESP,ESP,FIN,GBR,ITA,PRT,SWE,SWE,SWE"
179,us_social_security,fixed_real_rule,1.0684317014852691,0.9622624219637959,11.033297892356831,balanced_all_equity,international_equity,1.125229764368078,10,"AUS,CHE,DEU,DEU,DEU,DEU,DNK,ESP,ESP,FIN,GBR,ITA,PRT,SWE,SWE,SWE"
179,us_social_security,amortisation at 6%,1.2909914604207529,1.0719047779738415,20.439006052481457,balanced_all_equity,international_equity,1.3832705138358181,10,"AUS,CHE,DEU,DEU,DEU,DEU,DNK,ESP,ESP,FIN,GBR,ITA,PRT,SWE,SWE,SWE"
180,age_pension_matched,fixed_real_rule,0.4623478178729673,0.5005075497786321,-7.624207051930054,target_date_fund,target_date_fund,0.5005075497786321,11,"AUS,BEL,DEU,DEU,DEU,DNK,DNK,ESP,ESP,FIN,GBR,GBR,NLD,NOR,SWE,USA"
180,age_pension_matched,amortisation at 6%,1.1496686299833625,0.938103635708905,22.552411718837682,balanced_all_equity,international_equity,1.2421043946450465,11,"AUS,BEL,DEU,DEU,DEU,DNK,DNK,ESP,ESP,FIN,GBR,GBR,NLD,NOR,SWE,USA"
180,australia_as_legislated,fixed_real_rule,0.7601036653932239,0.6946618202230219,9.420676833684594,balanced_all_equity,international_equity,0.815648452669159,11,"AUS,BEL,DEU,DEU,DEU,DNK,DNK,ESP,ESP,FIN,GBR,GBR,NLD,NOR,SWE,USA"
180,australia_as_legislated,amortisation at 6%,1.5329248189167306,1.2148148422654022,26.185881632637354,balanced_all_equity,international_equity,1.6705367421466986,11,"AUS,BEL,DEU,DEU,DEU,DNK,DNK,ESP,ESP,FIN,GBR,GBR,NLD,NOR,SWE,USA"
180,us_social_security,fixed_real_rule,1.1461232294320702,1.0084007823673582,13.657510929472894,balanced_all_equity,international_equity,1.22198976669769,11,"AUS,BEL,DEU,DEU,DEU,DNK,DNK,ESP,ESP,FIN,GBR,GBR,NLD,NOR,SWE,USA"
180,us_social_security,amortisation at 6%,1.4052186588635591,1.1296111835658578,24.398437206303836,balanced_all_equity,international_equity,1.5258906363390812,11,"AUS,BEL,DEU,DEU,DEU,DNK,DNK,ESP,ESP,FIN,GBR,GBR,NLD,NOR,SWE,USA"
181,age_pension_matched,fixed_real_rule,0.4041116599605224,0.48291054888010965,-16.317491738858315,target_date_fund,target_date_fund,0.48291054888010965,10,"AUS,AUS,CHE,DNK,FIN,FRA,ITA,NLD,NLD,NLD,NOR,PRT,SWE,SWE,SWE,SWE"
181,age_pension_matched,amortisation at 6%,0.964179127315907,0.8436943369144694,14.280620970157344,balanced_all_equity,international_equity,0.9757627568772183,10,"AUS,AUS,CHE,DNK,FIN,FRA,ITA,NLD,NLD,NLD,NOR,PRT,SWE,SWE,SWE,SWE"
181,australia_as_legislated,fixed_real_rule,0.6208050709834403,0.6255430444022414,-0.7574176487452844,target_date_fund,target_date_fund,0.6255430444022414,10,"AUS,AUS,CHE,DNK,FIN,FRA,ITA,NLD,NLD,NLD,NOR,PRT,SWE,SWE,SWE,SWE"
181,australia_as_legislated,amortisation at 6%,1.2283482292018786,1.042853473730033,17.787230914461638,balanced_all_equity,international_equity,1.2530856630844704,10,"AUS,AUS,CHE,DNK,FIN,FRA,ITA,NLD,NLD,NLD,NOR,PRT,SWE,SWE,SWE,SWE"
181,us_social_security,fixed_real_rule,0.9907189661259732,0.9288489703494228,6.660931728575381,balanced_all_equity,international_equity,0.9965171793040232,10,"AUS,AUS,CHE,DNK,FIN,FRA,ITA,NLD,NLD,NLD,NOR,PRT,SWE,SWE,SWE,SWE"
181,us_social_security,amortisation at 6%,1.1577896328004083,1.0122465278563728,14.378227135266242,balanced_all_equity,international_equity,1.1718682249939123,10,"AUS,AUS,CHE,DNK,FIN,FRA,ITA,NLD,NLD,NLD,NOR,PRT,SWE,SWE,SWE,SWE"
182,age_pension_matched,fixed_real_rule,0.4426381821343276,0.49039430579585364,-9.738311211428796,target_date_fund,target_date_fund,0.49039430579585364,10,"AUS,CHE,ESP,FIN,FIN,FIN,GBR,GBR,JPN,JPN,NLD,NOR,SWE,USA,USA,USA"
182,age_pension_matched,amortisation at 6%,1.1292661521712692,0.9150878374597055,23.40521925262664,balanced_all_equity,international_equity,1.1394936550300532,10,"AUS,CHE,ESP,FIN,FIN,FIN,GBR,GBR,JPN,JPN,NLD,NOR,SWE,USA,USA,USA"
182,australia_as_legislated,fixed_real_rule,0.7128771711602011,0.6833605822458045,4.319328577219506,balanced_all_equity,balanced_all_equity,0.7128771711602011,10,"AUS,CHE,ESP,FIN,FIN,FIN,GBR,GBR,JPN,JPN,NLD,NOR,SWE,USA,USA,USA"
182,australia_as_legislated,amortisation at 6%,1.5106117121717826,1.173948360994681,28.677867133086533,balanced_all_equity,international_equity,1.521463330665221,10,"AUS,CHE,ESP,FIN,FIN,FIN,GBR,GBR,JPN,JPN,NLD,NOR,SWE,USA,USA,USA"
182,us_social_security,fixed_real_rule,1.1234897874214194,0.9863901199947426,13.899132264971147,balanced_all_equity,international_equity,1.1336423756449179,10,"AUS,CHE,ESP,FIN,FIN,FIN,GBR,GBR,JPN,JPN,NLD,NOR,SWE,USA,USA,USA"
182,us_social_security,amortisation at 6%,1.3746091482464706,1.0979367460333496,25.19930252928406,balanced_all_equity,international_equity,1.3871420506688958,10,"AUS,CHE,ESP,FIN,FIN,FIN,GBR,GBR,JPN,JPN,NLD,NOR,SWE,USA,USA,USA"
183,age_pension_matched,fixed_real_rule,0.4087897013714113,0.46457722572049787,-12.008234855371459,target_date_fund,target_date_fund,0.46457722572049787,10,"AUS,AUS,BEL,BEL,BEL,CHE,ESP,ESP,FIN,FRA,FRA,JPN,NOR,PRT,SWE,SWE"
183,age_pension_matched,amortisation at 6%,0.9545088120904597,0.8242717213594075,15.800261898620294,balanced_all_equity,international_equity,1.0063269068736949,10,"AUS,AUS,BEL,BEL,BEL,CHE,ESP,ESP,FIN,FRA,FRA,JPN,NOR,PRT,SWE,SWE"
183,australia_as_legislated,fixed_real_rule,0.6249429763105914,0.6237031687138415,0.19878167354938636,balanced_all_equity,international_equity,0.6494154407231477,10,"AUS,AUS,BEL,BEL,BEL,CHE,ESP,ESP,FIN,FRA,FRA,JPN,NOR,PRT,SWE,SWE"
183,australia_as_legislated,amortisation at 6%,1.2156982009445423,1.0109394887337546,20.254299539456788,balanced_all_equity,international_equity,1.3061787930048956,10,"AUS,AUS,BEL,BEL,BEL,CHE,ESP,ESP,FIN,FRA,FRA,JPN,NOR,PRT,SWE,SWE"
183,us_social_security,fixed_real_rule,0.9819389926009535,0.9054003349248181,8.453570727085168,balanced_all_equity,international_equity,1.0219255709854873,10,"AUS,AUS,BEL,BEL,BEL,CHE,ESP,ESP,FIN,FRA,FRA,JPN,NOR,PRT,SWE,SWE"
183,us_social_security,amortisation at 6%,1.1414315991315451,0.9853129755278938,15.84457197673752,balanced_all_equity,international_equity,1.214034717437486,10,"AUS,AUS,BEL,BEL,BEL,CHE,ESP,ESP,FIN,FRA,FRA,JPN,NOR,PRT,SWE,SWE"
184,age_pension_matched,fixed_real_rule,0.44018843226494303,0.47204844065169316,-6.749309105388701,target_date_fund,target_date_fund,0.47204844065169316,12,"CHE,DEU,DEU,DEU,DNK,ESP,FIN,FRA,GBR,JPN,JPN,NOR,PRT,PRT,SWE,USA"
184,age_pension_matched,amortisation at 6%,1.0390515801279427,0.8645742918499453,20.18071667440693,balanced_all_equity,international_equity,1.1295557844115667,12,"CHE,DEU,DEU,DEU,DNK,ESP,FIN,FRA,GBR,JPN,JPN,NOR,PRT,PRT,SWE,USA"
184,australia_as_legislated,fixed_real_rule,0.7050120588292158,0.6532440959596327,7.924750210491305,balanced_all_equity,balanced_all_equity,0.7050120588292158,12,"CHE,DEU,DEU,DEU,DNK,ESP,FIN,FRA,GBR,JPN,JPN,NOR,PRT,PRT,SWE,USA"
184,australia_as_legislated,amortisation at 6%,1.3528891030811667,1.0749588364435476,25.854968322055825,balanced_all_equity,international_equity,1.4913978850295218,12,"CHE,DEU,DEU,DEU,DNK,ESP,FIN,FRA,GBR,JPN,JPN,NOR,PRT,PRT,SWE,USA"
184,us_social_security,fixed_real_rule,1.0572764346838863,0.9461359280824392,11.746780066443385,balanced_all_equity,international_equity,1.1266851835400469,12,"CHE,DEU,DEU,DEU,DNK,ESP,FIN,FRA,GBR,JPN,JPN,NOR,PRT,PRT,SWE,USA"
184,us_social_security,amortisation at 6%,1.2550169226739283,1.0381218322590107,20.89302851313144,balanced_all_equity,international_equity,1.3741473421128176,12,"CHE,DEU,DEU,DEU,DNK,ESP,FIN,FRA,GBR,JPN,JPN,NOR,PRT,PRT,SWE,USA"
185,age_pension_matched,fixed_real_rule,0.43544621538325895,0.4889603482567136,-10.944472913652026,target_date_fund,target_date_fund,0.4889603482567136,9,"AUS,AUS,CHE,DNK,FRA,FRA,JPN,NLD,NLD,NLD,NOR,PRT,PRT,PRT,PRT,USA"
185,age_pension_matched,amortisation at 6%,0.9445769591796711,0.8034714621660075,17.561979940553172,balanced_all_equity,international_equity,1.058860386938198,9,"AUS,AUS,CHE,DNK,FRA,FRA,JPN,NLD,NLD,NLD,NOR,PRT,PRT,PRT,PRT,USA"
185,australia_as_legislated,fixed_real_rule,0.662727612274153,0.6366383413498353,4.097973563609414,balanced_all_equity,international_equity,0.7675248272109477,9,"AUS,AUS,CHE,DNK,FRA,FRA,JPN,NLD,NLD,NLD,NOR,PRT,PRT,PRT,PRT,USA"
185,australia_as_legislated,amortisation at 6%,1.2073015106495224,0.976382436148464,23.650474030643664,balanced_all_equity,international_equity,1.4150805368465116,9,"AUS,AUS,CHE,DNK,FRA,FRA,JPN,NLD,NLD,NLD,NOR,PRT,PRT,PRT,PRT,USA"
185,us_social_security,fixed_real_rule,0.9860478192695046,0.8958144759793752,10.072771283527103,balanced_all_equity,international_equity,1.080550086520605,9,"AUS,AUS,CHE,DNK,FRA,FRA,JPN,NLD,NLD,NLD,NOR,PRT,PRT,PRT,PRT,USA"
185,us_social_security,amortisation at 6%,1.1301317946262872,0.9614952653749959,17.538986963760127,balanced_all_equity,international_equity,1.2906674647230927,9,"AUS,AUS,CHE,DNK,FRA,FRA,JPN,NLD,NLD,NLD,NOR,PRT,PRT,PRT,PRT,USA"
186,age_pension_matched,fixed_real_rule,0.43476564938116546,0.4975863314933191,-12.625081947814131,target_date_fund,target_date_fund,0.4975863314933191,11,"BEL,BEL,BEL,CHE,DNK,ESP,FRA,GBR,JPN,JPN,NLD,NLD,PRT,SWE,USA,USA"
186,age_pension_matched,amortisation at 6%,0.9875058149405013,0.8579776992486479,15.096909372502854,balanced_all_equity,international_equity,1.00473324169144,11,"BEL,BEL,BEL,CHE,DNK,ESP,FRA,GBR,JPN,JPN,NLD,NLD,PRT,SWE,USA,USA"
186,australia_as_legislated,fixed_real_rule,0.6653581929627128,0.6807874300411744,-2.2663810166895115,target_date_fund,target_date_fund,0.6807874300411744,11,"BEL,BEL,BEL,CHE,DNK,ESP,FRA,GBR,JPN,JPN,NLD,NLD,PRT,SWE,USA,USA"
186,australia_as_legislated,amortisation at 6%,1.2770422488648299,1.075797979421324,18.706511193835485,balanced_all_equity,international_equity,1.3069564785406558,11,"BEL,BEL,BEL,CHE,DNK,ESP,FRA,GBR,JPN,JPN,NLD,NLD,PRT,SWE,USA,USA"
186,us_social_security,fixed_real_rule,1.017616816133331,0.9447750321609132,7.7099607306315265,balanced_all_equity,international_equity,1.0202430375367837,11,"BEL,BEL,BEL,CHE,DNK,ESP,FRA,GBR,JPN,JPN,NLD,NLD,PRT,SWE,USA,USA"
186,us_social_security,amortisation at 6%,1.1877377643575204,1.0276099725614092,15.582545525222823,balanced_all_equity,international_equity,1.2049843210328823,11,"BEL,BEL,BEL,CHE,DNK,ESP,FRA,GBR,JPN,JPN,NLD,NLD,PRT,SWE,USA,USA"
187,age_pension_matched,fixed_real_rule,0.40001732316959576,0.4621444549023455,-13.44322777731427,target_date_fund,target_date_fund,0.4621444549023455,7,"ESP,FIN,FIN,FIN,FIN,GBR,JPN,JPN,JPN,NOR,NOR,PRT,PRT,SWE,SWE,SWE"
187,age_pension_matched,amortisation at 6%,0.9844331673902089,0.8366954182944957,17.65729151437916,balanced_all_equity,international_equity,0.9916195884813126,7,"ESP,FIN,FIN,FIN,FIN,GBR,JPN,JPN,JPN,NOR,NOR,PRT,PRT,SWE,SWE,SWE"
187,australia_as_legislated,fixed_real_rule,0.6301379142152141,0.5900490807086564,6.794152353972072,balanced_all_equity,balanced_all_equity,0.6301379142152141,7,"ESP,FIN,FIN,FIN,FIN,GBR,JPN,JPN,JPN,NOR,NOR,PRT,PRT,SWE,SWE,SWE"
187,australia_as_legislated,amortisation at 6%,1.2655927499124036,1.0333619005094747,22.47333187806062,balanced_all_equity,international_equity,1.2760907354201643,7,"ESP,FIN,FIN,FIN,FIN,GBR,JPN,JPN,JPN,NOR,NOR,PRT,PRT,SWE,SWE,SWE"
187,us_social_security,fixed_real_rule,1.0030956889416556,0.9094480199129003,10.297198627990213,balanced_all_equity,international_equity,1.0058797297941549,7,"ESP,FIN,FIN,FIN,FIN,GBR,JPN,JPN,JPN,NOR,NOR,PRT,PRT,SWE,SWE,SWE"
187,us_social_security,amortisation at 6%,1.181541361692855,1.0009075567514074,18.047001815804165,balanced_all_equity,international_equity,1.1932043896439848,7,"ESP,FIN,FIN,FIN,FIN,GBR,JPN,JPN,JPN,NOR,NOR,PRT,PRT,SWE,SWE,SWE"
188,age_pension_matched,fixed_real_rule,0.4041210299852206,0.4865043238081754,-16.933722845069276,target_date_fund,target_date_fund,0.4865043238081754,10,"AUS,AUS,BEL,CHE,DNK,FIN,FRA,FRA,GBR,GBR,ITA,NLD,NLD,NLD,NOR,NOR"
188,age_pension_matched,amortisation at 6%,0.9687569534306498,0.8325805083974709,16.355949203673738,balanced_all_equity,international_equity,1.0118976882374924,10,"AUS,AUS,BEL,CHE,DNK,FIN,FRA,FRA,GBR,GBR,ITA,NLD,NLD,NLD,NOR,NOR"
188,australia_as_legislated,fixed_real_rule,0.6215710428672384,0.6481865936749321,-4.10615570692311,target_date_fund,target_date_fund,0.6481865936749321,10,"AUS,AUS,BEL,CHE,DNK,FIN,FRA,FRA,GBR,GBR,ITA,NLD,NLD,NLD,NOR,NOR"
188,australia_as_legislated,amortisation at 6%,1.2410816958769852,1.0256570865581907,21.003570505391565,balanced_all_equity,international_equity,1.3128369067207242,10,"AUS,AUS,BEL,CHE,DNK,FIN,FRA,FRA,GBR,GBR,ITA,NLD,NLD,NLD,NOR,NOR"
188,us_social_security,fixed_real_rule,0.9995211152509941,0.9166176655929078,9.04449616999916,balanced_all_equity,international_equity,1.0300041610598105,10,"AUS,AUS,BEL,CHE,DNK,FIN,FRA,FRA,GBR,GBR,ITA,NLD,NLD,NLD,NOR,NOR"
188,us_social_security,amortisation at 6%,1.1613132593273152,0.994860321133271,16.731287262963047,balanced_all_equity,international_equity,1.216106134333334,10,"AUS,AUS,BEL,CHE,DNK,FIN,FRA,FRA,GBR,GBR,ITA,NLD,NLD,NLD,NOR,NOR"
189,age_pension_matched,fixed_real_rule,0.4909164943119715,0.5318554795252212,-7.697389006839838,target_date_fund,target_date_fund,0.5318554795252212,7,"BEL,BEL,CHE,CHE,CHE,CHE,CHE,DNK,GBR,GBR,GBR,NLD,SWE,USA,USA,USA"
189,age_pension_matched,amortisation at 6%,1.0933554214900247,0.9372774366211383,16.652271650915207,balanced_all_equity,international_equity,1.0998308407590016,7,"BEL,BEL,CHE,CHE,CHE,CHE,CHE,DNK,GBR,GBR,GBR,NLD,SWE,USA,USA,USA"
189,australia_as_legislated,fixed_real_rule,0.7916727267862098,0.7806814245504676,1.407911331061995,balanced_all_equity,balanced_all_equity,0.7916727267862098,7,"BEL,BEL,CHE,CHE,CHE,CHE,CHE,DNK,GBR,GBR,GBR,NLD,SWE,USA,USA,USA"
189,australia_as_legislated,amortisation at 6%,1.4679491027431535,1.242761668839025,18.11992110397935,balanced_all_equity,balanced_all_equity,1.4679491027431535,7,"BEL,BEL,CHE,CHE,CHE,CHE,CHE,DNK,GBR,GBR,GBR,NLD,SWE,USA,USA,USA"
189,us_social_security,fixed_real_rule,1.1084537561033674,1.0262019134727245,8.01517143466417,balanced_all_equity,balanced_all_equity,1.1084537561033674,7,"BEL,BEL,CHE,CHE,CHE,CHE,CHE,DNK,GBR,GBR,GBR,NLD,SWE,USA,USA,USA"
189,us_social_security,amortisation at 6%,1.3335919112186716,1.1293209858490212,18.087942040329665,balanced_all_equity,balanced_all_equity,1.3335919112186716,7,"BEL,BEL,CHE,CHE,CHE,CHE,CHE,DNK,GBR,GBR,GBR,NLD,SWE,USA,USA,USA"
190,age_pension_matched,fixed_real_rule,0.4879084334311974,0.5259501921102613,-7.232958415022073,target_date_fund,target_date_fund,0.5259501921102613,9,"AUS,AUS,AUS,BEL,CHE,CHE,DNK,FRA,JPN,NOR,NOR,SWE,SWE,USA,USA,USA"
190,age_pension_matched,amortisation at 6%,1.0697529334633082,0.9108278159804544,17.448426002644645,balanced_all_equity,international_equity,1.0732771942076869,9,"AUS,AUS,AUS,BEL,CHE,CHE,DNK,FRA,JPN,NOR,NOR,SWE,SWE,USA,USA,USA"
190,australia_as_legislated,fixed_real_rule,0.7794572799543737,0.7493077710625063,4.023648233237442,balanced_all_equity,balanced_all_equity,0.7794572799543737,9,"AUS,AUS,AUS,BEL,CHE,CHE,DNK,FRA,JPN,NOR,NOR,SWE,SWE,USA,USA,USA"
190,australia_as_legislated,amortisation at 6%,1.4239795696397557,1.1722228620564543,21.4768638057135,balanced_all_equity,international_equity,1.4377028240425311,9,"AUS,AUS,AUS,BEL,CHE,CHE,DNK,FRA,JPN,NOR,NOR,SWE,SWE,USA,USA,USA"
190,us_social_security,fixed_real_rule,1.0965284073650274,1.0038525361927368,9.232020424411935,balanced_all_equity,balanced_all_equity,1.0965284073650274,9,"AUS,AUS,AUS,BEL,CHE,CHE,DNK,FRA,JPN,NOR,NOR,SWE,SWE,USA,USA,USA"
190,us_social_security,amortisation at 6%,1.305361792180979,1.0987951560242177,18.799376300873362,balanced_all_equity,international_equity,1.3127660166923072,9,"AUS,AUS,AUS,BEL,CHE,CHE,DNK,FRA,JPN,NOR,NOR,SWE,SWE,USA,USA,USA"
191,age_pension_matched,fixed_real_rule,0.3768645903502555,0.4802959733990894,-21.534926124165178,target_date_fund,target_date_fund,0.4802959733990894,10,"CHE,CHE,DNK,ESP,FIN,ITA,NLD,NLD,NLD,NOR,PRT,PRT,SWE,SWE,SWE,USA"
191,age_pension_matched,amortisation at 6%,0.9724089436884797,0.8423352009426364,15.44204048462905,balanced_all_equity,international_equity,1.013395081746132,10,"CHE,CHE,DNK,ESP,FIN,ITA,NLD,NLD,NLD,NOR,PRT,PRT,SWE,SWE,SWE,USA"
191,australia_as_legislated,fixed_real_rule,0.5743089136012601,0.6129128039840461,-6.298431054442588,target_date_fund,target_date_fund,0.6129128039840461,10,"CHE,CHE,DNK,ESP,FIN,ITA,NLD,NLD,NLD,NOR,PRT,PRT,SWE,SWE,SWE,USA"
191,australia_as_legislated,amortisation at 6%,1.238023166314961,1.0419285249530301,18.82035443561456,balanced_all_equity,international_equity,1.3064890691267155,10,"CHE,CHE,DNK,ESP,FIN,ITA,NLD,NLD,NLD,NOR,PRT,PRT,SWE,SWE,SWE,USA"
191,us_social_security,fixed_real_rule,0.99167266322384,0.9251637531524899,7.188879789628744,balanced_all_equity,international_equity,1.0224565072490395,10,"CHE,CHE,DNK,ESP,FIN,ITA,NLD,NLD,NLD,NOR,PRT,PRT,SWE,SWE,SWE,USA"
191,us_social_security,amortisation at 6%,1.164983915194403,1.009068980507912,15.451365337581935,balanced_all_equity,international_equity,1.2199860828456839,10,"CHE,CHE,DNK,ESP,FIN,ITA,NLD,NLD,NLD,NOR,PRT,PRT,SWE,SWE,SWE,USA"
192,age_pension_matched,fixed_real_rule,0.40488194175091374,0.47744330018899134,-15.197900653199003,target_date_fund,target_date_fund,0.47744330018899134,12,"AUS,DEU,DNK,ESP,FIN,FRA,ITA,JPN,JPN,JPN,NLD,NOR,NOR,PRT,USA,USA"
192,age_pension_matched,amortisation at 6%,1.039158296923361,0.8673517864806801,19.808169317295544,balanced_all_equity,international_equity,1.069296157926089,12,"AUS,DEU,DNK,ESP,FIN,FRA,ITA,JPN,JPN,JPN,NLD,NOR,NOR,PRT,USA,USA"
192,australia_as_legislated,fixed_real_rule,0.6351023660763793,0.6397207888990258,-0.7219435264242402,target_date_fund,target_date_fund,0.6397207888990258,12,"AUS,DEU,DNK,ESP,FIN,FRA,ITA,JPN,JPN,JPN,NLD,NOR,NOR,PRT,USA,USA"
192,australia_as_legislated,amortisation at 6%,1.3485978668697673,1.0795641466938828,24.92058679419731,balanced_all_equity,international_equity,1.3798618834486467,12,"AUS,DEU,DNK,ESP,FIN,FRA,ITA,JPN,JPN,JPN,NLD,NOR,NOR,PRT,USA,USA"
192,us_social_security,fixed_real_rule,1.0513306421944295,0.9487667742048258,10.810229740134393,balanced_all_equity,international_equity,1.0657374302931313,12,"AUS,DEU,DNK,ESP,FIN,FRA,ITA,JPN,JPN,JPN,NLD,NOR,NOR,PRT,USA,USA"
192,us_social_security,amortisation at 6%,1.2527449384757068,1.0407485526425917,20.36960659660103,balanced_all_equity,international_equity,1.2880487862122803,12,"AUS,DEU,DNK,ESP,FIN,FRA,ITA,JPN,JPN,JPN,NLD,NOR,NOR,PRT,USA,USA"
193,age_pension_matched,fixed_real_rule,0.4166002620026692,0.4922201464047287,-15.363020988555999,target_date_fund,target_date_fund,0.4922201464047287,8,"AUS,DNK,ESP,FRA,FRA,FRA,GBR,GBR,ITA,ITA,JPN,JPN,JPN,JPN,NLD,NLD"
193,age_pension_matched,amortisation at 6%,0.9956834751875158,0.8344530841807646,19.32168435389525,balanced_all_equity,international_equity,1.0181269271918916,8,"AUS,DNK,ESP,FRA,FRA,FRA,GBR,GBR,ITA,ITA,JPN,JPN,JPN,JPN,NLD,NLD"
193,australia_as_legislated,fixed_real_rule,0.6264131962356295,0.6648023736865851,-5.774524726509744,target_date_fund,target_date_fund,0.6648023736865851,8,"AUS,DNK,ESP,FRA,FRA,FRA,GBR,GBR,ITA,ITA,JPN,JPN,JPN,JPN,NLD,NLD"
193,australia_as_legislated,amortisation at 6%,1.2885095158018327,1.0257709933310881,25.61376020368129,balanced_all_equity,international_equity,1.3107767044850467,8,"AUS,DNK,ESP,FRA,FRA,FRA,GBR,GBR,ITA,ITA,JPN,JPN,JPN,JPN,NLD,NLD"
193,us_social_security,fixed_real_rule,1.0161480780536993,0.9192034386948453,10.546592329604799,balanced_all_equity,international_equity,1.0338653725199105,8,"AUS,DNK,ESP,FRA,FRA,FRA,GBR,GBR,ITA,ITA,JPN,JPN,JPN,JPN,NLD,NLD"
193,us_social_security,amortisation at 6%,1.194288279426885,0.9965708553896597,19.839775864197605,balanced_all_equity,international_equity,1.2263976623548882,8,"AUS,DNK,ESP,FRA,FRA,FRA,GBR,GBR,ITA,ITA,JPN,JPN,JPN,JPN,NLD,NLD"
194,age_pension_matched,fixed_real_rule,0.4432730151180519,0.5036818129070012,-11.993444321584645,target_date_fund,target_date_fund,0.5036818129070012,10,"AUS,AUS,AUS,AUS,CHE,CHE,DEU,DEU,DNK,FIN,GBR,ITA,NLD,NLD,PRT,SWE"
194,age_pension_matched,amortisation at 6%,1.1114114892641107,0.9211616453038999,20.653252871535432,balanced_all_equity,international_equity,1.1645996320619088,10,"AUS,AUS,AUS,AUS,CHE,CHE,DEU,DEU,DNK,FIN,GBR,ITA,NLD,NLD,PRT,SWE"
194,australia_as_legislated,fixed_real_rule,0.7077478932528669,0.7010300864179821,0.9582765369187562,balanced_all_equity,balanced_all_equity,0.7077478932528669,10,"AUS,AUS,AUS,AUS,CHE,CHE,DEU,DEU,DNK,FIN,GBR,ITA,NLD,NLD,PRT,SWE"
194,australia_as_legislated,amortisation at 6%,1.4586242854513947,1.1662720080917661,25.06724634830002,balanced_all_equity,international_equity,1.5352125586677636,10,"AUS,AUS,AUS,AUS,CHE,CHE,DEU,DEU,DNK,FIN,GBR,ITA,NLD,NLD,PRT,SWE"
194,us_social_security,fixed_real_rule,1.1103027246039636,0.9984947500019654,11.19765272694504,balanced_all_equity,international_equity,1.1422870538450873,10,"AUS,AUS,AUS,AUS,CHE,CHE,DEU,DEU,DNK,FIN,GBR,ITA,NLD,NLD,PRT,SWE"
194,us_social_security,amortisation at 6%,1.3488272295965273,1.1093934202466516,21.582407555350613,balanced_all_equity,international_equity,1.4132411724546028,10,"AUS,AUS,AUS,AUS,CHE,CHE,DEU,DEU,DNK,FIN,GBR,ITA,NLD,NLD,PRT,SWE"
195,age_pension_matched,fixed_real_rule,0.4629559229761631,0.49396376320454677,-6.277351202287185,target_date_fund,target_date_fund,0.49396376320454677,9,"AUS,AUS,CHE,DEU,DEU,DNK,DNK,DNK,FIN,FIN,FRA,FRA,ITA,JPN,SWE,SWE"
195,age_pension_matched,amortisation at 6%,1.1278021825412237,0.9100093746785792,23.933029034955844,balanced_all_equity,international_equity,1.2138082041458607,9,"AUS,AUS,CHE,DEU,DEU,DNK,DNK,DNK,FIN,FIN,FRA,FRA,ITA,JPN,SWE,SWE"
195,australia_as_legislated,fixed_real_rule,0.7635545575307308,0.6894284554169887,10.75181935577465,balanced_all_equity,balanced_all_equity,0.7635545575307308,9,"AUS,AUS,CHE,DEU,DEU,DNK,DNK,DNK,FIN,FIN,FRA,FRA,ITA,JPN,SWE,SWE"
195,australia_as_legislated,amortisation at 6%,1.484924605274792,1.1397695606154545,30.282879679025655,balanced_all_equity,international_equity,1.6019173962457112,9,"AUS,AUS,CHE,DEU,DEU,DNK,DNK,DNK,FIN,FIN,FRA,FRA,ITA,JPN,SWE,SWE"
195,us_social_security,fixed_real_rule,1.12525826917493,0.9868283678728009,14.02775860614216,balanced_all_equity,international_equity,1.1935919347084674,9,"AUS,AUS,CHE,DEU,DEU,DNK,DNK,DNK,FIN,FIN,FRA,FRA,ITA,JPN,SWE,SWE"
195,us_social_security,amortisation at 6%,1.3704308593870171,1.0973467531527525,24.885853578157977,balanced_all_equity,international_equity,1.4809517659936131,9,"AUS,AUS,CHE,DEU,DEU,DNK,DNK,DNK,FIN,FIN,FRA,FRA,ITA,JPN,SWE,SWE"
196,age_pension_matched,fixed_real_rule,0.4208616198338091,0.49591851901332373,-15.134925658522969,target_date_fund,target_date_fund,0.49591851901332373,12,"AUS,CHE,CHE,DEU,DNK,DNK,ESP,FRA,GBR,ITA,ITA,NLD,PRT,SWE,USA,USA"
196,age_pension_matched,amortisation at 6%,1.0231952580698536,0.8625862053071431,18.61947846772276,balanced_all_equity,international_equity,1.0905376043207853,12,"AUS,CHE,CHE,DEU,DNK,DNK,ESP,FRA,GBR,ITA,ITA,NLD,PRT,SWE,USA,USA"
196,australia_as_legislated,fixed_real_rule,0.6160417571653786,0.6709283691588761,-8.18069625857486,target_date_fund,target_date_fund,0.6709283691588761,12,"AUS,CHE,CHE,DEU,DNK,DNK,ESP,FRA,GBR,ITA,ITA,NLD,PRT,SWE,USA,USA"
196,australia_as_legislated,amortisation at 6%,1.3145521974522731,1.0652280222403419,23.40570938863995,balanced_all_equity,international_equity,1.419123836918231,12,"AUS,CHE,CHE,DEU,DNK,DNK,ESP,FRA,GBR,ITA,ITA,NLD,PRT,SWE,USA,USA"
196,us_social_security,fixed_real_rule,1.0443655060979051,0.9505782252684886,9.866340121869154,balanced_all_equity,international_equity,1.0900942825519102,12,"AUS,CHE,CHE,DEU,DNK,DNK,ESP,FRA,GBR,ITA,ITA,NLD,PRT,SWE,USA,USA"
196,us_social_security,amortisation at 6%,1.2327605050849553,1.0374467032224237,18.826393804700082,balanced_all_equity,international_equity,1.3208040037323474,12,"AUS,CHE,CHE,DEU,DNK,DNK,ESP,FRA,GBR,ITA,ITA,NLD,PRT,SWE,USA,USA"
197,age_pension_matched,fixed_real_rule,0.44897164965868136,0.4935562625643061,-9.033339517157025,target_date_fund,target_date_fund,0.4935562625643061,9,"AUS,AUS,AUS,BEL,CHE,CHE,ESP,ESP,ESP,FIN,FRA,GBR,GBR,JPN,JPN,SWE"
197,age_pension_matched,amortisation at 6%,1.054539330150994,0.8809483363036723,19.705014096023344,balanced_all_equity,balanced_all_equity,1.054539330150994,9,"AUS,AUS,AUS,BEL,CHE,CHE,ESP,ESP,ESP,FIN,FRA,GBR,GBR,JPN,JPN,SWE"
197,australia_as_legislated,fixed_real_rule,0.7162719263455343,0.6757195979663735,6.001354482126309,balanced_all_equity,balanced_all_equity,0.7162719263455343,9,"AUS,AUS,AUS,BEL,CHE,CHE,ESP,ESP,ESP,FIN,FRA,GBR,GBR,JPN,JPN,SWE"
197,australia_as_legislated,amortisation at 6%,1.3882311496836197,1.113434004160084,24.680146690043657,balanced_all_equity,balanced_all_equity,1.3882311496836197,9,"AUS,AUS,AUS,BEL,CHE,CHE,ESP,ESP,ESP,FIN,FRA,GBR,GBR,JPN,JPN,SWE"
197,us_social_security,fixed_real_rule,1.0686762322001904,0.9602992632775735,11.285749460300343,balanced_all_equity,balanced_all_equity,1.0686762322001904,9,"AUS,AUS,AUS,BEL,CHE,CHE,ESP,ESP,ESP,FIN,FRA,GBR,GBR,JPN,JPN,SWE"
197,us_social_security,amortisation at 6%,1.2827179645780566,1.0599338765135629,21.01867795727945,balanced_all_equity,balanced_all_equity,1.2827179645780566,9,"AUS,AUS,AUS,BEL,CHE,CHE,ESP,ESP,ESP,FIN,FRA,GBR,GBR,JPN,JPN,SWE"
198,age_pension_matched,fixed_real_rule,0.39318146920201164,0.4666759197739545,-15.74849857424434,target_date_fund,target_date_fund,0.4666759197739545,12,"AUS,BEL,DNK,FIN,FIN,FIN,FRA,GBR,JPN,NLD,NOR,PRT,PRT,PRT,SWE,USA"
198,age_pension_matched,amortisation at 6%,0.9701294388925232,0.818942305627079,18.461267933847616,balanced_all_equity,international_equity,1.055589570714149,12,"AUS,BEL,DNK,FIN,FIN,FIN,FRA,GBR,JPN,NLD,NOR,PRT,PRT,PRT,SWE,USA"
198,australia_as_legislated,fixed_real_rule,0.6100953660106241,0.6029858909240492,1.1790450147481701,balanced_all_equity,international_equity,0.6161009116038195,12,"AUS,BEL,DNK,FIN,FIN,FIN,FRA,GBR,JPN,NLD,NOR,PRT,PRT,PRT,SWE,USA"
198,australia_as_legislated,amortisation at 6%,1.2430083994953638,1.001025697377185,24.173475541357668,balanced_all_equity,international_equity,1.4008145858733592,12,"AUS,BEL,DNK,FIN,FIN,FIN,FRA,GBR,JPN,NLD,NOR,PRT,PRT,PRT,SWE,USA"
198,us_social_security,fixed_real_rule,0.9994337621430198,0.8988169901753084,11.1943558107515,balanced_all_equity,international_equity,1.065551639406551,12,"AUS,BEL,DNK,FIN,FIN,FIN,FRA,GBR,JPN,NLD,NOR,PRT,PRT,PRT,SWE,USA"
198,us_social_security,amortisation at 6%,1.1633510902079223,0.9797755868787749,18.736484740751223,balanced_all_equity,international_equity,1.2793643256114653,12,"AUS,BEL,DNK,FIN,FIN,FIN,FRA,GBR,JPN,NLD,NOR,PRT,PRT,PRT,SWE,USA"
199,age_pension_matched,fixed_real_rule,0.40096780330474074,0.49045022498245544,-18.244954761905895,target_date_fund,target_date_fund,0.49045022498245544,10,"DEU,DEU,DNK,DNK,DNK,ESP,ESP,FIN,GBR,ITA,JPN,JPN,NLD,NOR,NOR,SWE"
199,age_pension_matched,amortisation at 6%,1.1383429911919638,0.9270889360066094,22.786816558864476,balanced_all_equity,international_equity,1.1946859804625733,10,"DEU,DEU,DNK,DNK,DNK,ESP,ESP,FIN,GBR,ITA,JPN,JPN,NLD,NOR,NOR,SWE"
199,australia_as_legislated,fixed_real_rule,0.6374617942598326,0.693369281885236,-8.063161880115855,target_date_fund,target_date_fund,0.693369281885236,10,"DEU,DEU,DNK,DNK,DNK,ESP,ESP,FIN,GBR,ITA,JPN,JPN,NLD,NOR,NOR,SWE"
199,australia_as_legislated,amortisation at 6%,1.5070015821022966,1.187841647067185,26.868895851827258,balanced_all_equity,international_equity,1.5608611274394777,10,"DEU,DEU,DNK,DNK,DNK,ESP,ESP,FIN,GBR,ITA,JPN,JPN,NLD,NOR,NOR,SWE"
199,us_social_security,fixed_real_rule,1.1314294012132147,0.9990304822936703,13.252740658680429,balanced_all_equity,international_equity,1.1721836926747977,10,"DEU,DEU,DNK,DNK,DNK,ESP,ESP,FIN,GBR,ITA,JPN,JPN,NLD,NOR,NOR,SWE"
199,us_social_security,amortisation at 6%,1.3875764686874732,1.1168068722231108,24.244979431884197,balanced_all_equity,international_equity,1.4510084958710046,10,"DEU,DEU,DNK,DNK,DNK,ESP,ESP,FIN,GBR,ITA,JPN,JPN,NLD,NOR,NOR,SWE"
