household,household_label,homeowner,partnered,rule,scale,equity,free_area,cutoff,full_rate,cec,median_wealth,prob_ruin,mean_consumption,p5_consumption,position
single_homeowner,"single, homeowner",True,False,constant_real,0.02,0.0,3.014330021789434,6.767475613460695,0.29274535615035835,0.40585410001838795,1.1054709873460817,0.4568,0.4720833364815139,0.30375090830043966,below the free area
single_homeowner,"single, homeowner",True,False,constant_real,0.02,0.1,3.014330021789434,6.767475613460695,0.29274535615035835,0.40132223458976124,1.1054709873460817,0.3815,0.47273041551827016,0.3033052774318809,below the free area
single_homeowner,"single, homeowner",True,False,constant_real,0.02,0.2,3.014330021789434,6.767475613460695,0.29274535615035835,0.3897528970773787,1.1054709873460817,0.30575,0.47275591244048965,0.30249748247898023,below the free area
single_homeowner,"single, homeowner",True,False,constant_real,0.02,0.3,3.014330021789434,6.767475613460695,0.29274535615035835,0.3715465150540542,1.1054709873460817,0.23995,0.47204461200456116,0.30113097049899856,below the free area
single_homeowner,"single, homeowner",True,False,constant_real,0.02,0.4,3.014330021789434,6.767475613460695,0.29274535615035835,0.33809269496833183,1.1054709873460817,0.1916,0.47047792555260637,0.29921223334770386,below the free area
single_homeowner,"single, homeowner",True,False,constant_real,0.02,0.5,3.014330021789434,6.767475613460695,0.29274535615035835,0.2898280723620175,1.1054709873460817,0.15755,0.46798993462949284,0.2966614680930596,below the free area
single_homeowner,"single, homeowner",True,False,constant_real,0.02,0.6,3.014330021789434,6.767475613460695,0.29274535615035835,0.23977417587810024,1.1054709873460817,0.12995,0.4645263297085673,0.29345948474801326,below the free area
single_homeowner,"single, homeowner",True,False,constant_real,0.02,0.7,3.014330021789434,6.767475613460695,0.29274535615035835,0.19569629524439544,1.1054709873460817,0.11,0.4600884512738631,0.28900407574714115,below the free area
single_homeowner,"single, homeowner",True,False,constant_real,0.02,0.8,3.014330021789434,6.767475613460695,0.29274535615035835,0.15735509703329345,1.1054709873460817,0.0948,0.45480565896913866,0.28300516255563124,below the free area
single_homeowner,"single, homeowner",True,False,constant_real,0.02,0.9,3.014330021789434,6.767475613460695,0.29274535615035835,0.12319181858223895,1.1054709873460817,0.0874,0.4487943307919426,0.25140710484026435,below the free area
single_homeowner,"single, homeowner",True,False,constant_real,0.02,1.0,3.014330021789434,6.767475613460695,0.29274535615035835,0.10622761670240653,1.1054709873460817,0.083,0.44216302469387075,0.1867567254559926,below the free area
single_homeowner,"single, homeowner",True,False,constant_real,0.04,0.0,3.014330021789434,6.767475613460695,0.29274535615035835,0.42476073282776716,2.2109419746921635,0.4568,0.5074425219152119,0.33034576571438246,below the free area
single_homeowner,"single, homeowner",True,False,constant_real,0.04,0.1,3.014330021789434,6.767475613460695,0.29274535615035835,0.4170026890130949,2.2109419746921635,0.3815,0.5068241084491125,0.3267423327760249,below the free area
single_homeowner,"single, homeowner",True,False,constant_real,0.04,0.2,3.014330021789434,6.767475613460695,0.29274535615035835,0.40088333283650235,2.2109419746921635,0.30575,0.5046473078173779,0.3218277960752275,below the free area
single_homeowner,"single, homeowner",True,False,constant_real,0.04,0.3,3.014330021789434,6.767475613460695,0.29274535615035835,0.36933084146934964,2.2109419746921635,0.23995,0.5006326074817069,0.3144772590612232,below the free area
single_homeowner,"single, homeowner",True,False,constant_real,0.04,0.4,3.014330021789434,6.767475613460695,0.29274535615035835,0.3277378801838386,2.2109419746921635,0.1916,0.4948390718842264,0.3048646470374745,below the free area
single_homeowner,"single, homeowner",True,False,constant_real,0.04,0.5,3.014330021789434,6.767475613460695,0.29274535615035835,0.2863461024049306,2.2109419746921635,0.15755,0.487505748951496,0.2902848492752985,below the free area
single_homeowner,"single, homeowner",True,False,constant_real,0.04,0.6,3.014330021789434,6.767475613460695,0.29274535615035835,0.23572834550808824,2.2109419746921635,0.12995,0.47894125193461806,0.24644147352384466,below the free area
single_homeowner,"single, homeowner",True,False,constant_real,0.04,0.7,3.014330021789434,6.767475613460695,0.29274535615035835,0.19899189986398536,2.2109419746921635,0.11,0.4696513979716055,0.20202332436118384,below the free area
single_homeowner,"single, homeowner",True,False,constant_real,0.04,0.8,3.014330021789434,6.767475613460695,0.29274535615035835,0.16817398048779125,2.2109419746921635,0.0948,0.4598523291478953,0.16955618356266206,below the free area
single_homeowner,"single, homeowner",True,False,constant_real,0.04,0.9,3.014330021789434,6.767475613460695,0.29274535615035835,0.14410180330732672,2.2109419746921635,0.0874,0.4497066440981381,0.14252963777923347,below the free area
single_homeowner,"single, homeowner",True,False,constant_real,0.04,1.0,3.014330021789434,6.767475613460695,0.29274535615035835,0.1265847607963724,2.2109419746921635,0.083,0.43966081078707114,0.12343435025790173,below the free area
single_homeowner,"single, homeowner",True,False,constant_real,0.07,0.0,3.014330021789434,6.767475613460695,0.29274535615035835,0.44087275911828416,3.8691484557112865,0.4568,0.5477601092362083,0.35464069478963534,inside the taper band
single_homeowner,"single, homeowner",True,False,constant_real,0.07,0.1,3.014330021789434,6.767475613460695,0.29274535615035835,0.4264084791192217,3.8691484557112865,0.3815,0.5441846715365375,0.3434300268254436,inside the taper band
single_homeowner,"single, homeowner",True,False,constant_real,0.07,0.2,3.014330021789434,6.767475613460695,0.29274535615035835,0.4043298085649256,3.8691484557112865,0.30575,0.5381066135248128,0.3299762768808355,inside the taper band
single_homeowner,"single, homeowner",True,False,constant_real,0.07,0.3,3.014330021789434,6.767475613460695,0.29274535615035835,0.3724323217749169,3.8691484557112865,0.23995,0.5298445167781403,0.3118386034486181,inside the taper band
single_homeowner,"single, homeowner",True,False,constant_real,0.07,0.4,3.014330021789434,6.767475613460695,0.29274535615035835,0.333125991684582,3.8691484557112865,0.1916,0.519527189320748,0.28172282325930215,inside the taper band
single_homeowner,"single, homeowner",True,False,constant_real,0.07,0.5,3.014330021789434,6.767475613460695,0.29274535615035835,0.29629373490196026,3.8691484557112865,0.15755,0.5078641879512509,0.24493908340749934,inside the taper band
single_homeowner,"single, homeowner",True,False,constant_real,0.07,0.6,3.014330021789434,6.767475613460695,0.29274535615035835,0.2544197240641456,3.8691484557112865,0.12995,0.495536569180223,0.21351583146024192,inside the taper band
single_homeowner,"single, homeowner",True,False,constant_real,0.07,0.7,3.014330021789434,6.767475613460695,0.29274535615035835,0.22226314412052378,3.8691484557112865,0.11,0.48322860843663384,0.18597015654414772,inside the taper band
single_homeowner,"single, homeowner",True,False,constant_real,0.07,0.8,3.014330021789434,6.767475613460695,0.29274535615035835,0.19904396625532458,3.8691484557112865,0.0948,0.4712556133103357,0.16629637519550344,inside the taper band
single_homeowner,"single, homeowner",True,False,constant_real,0.07,0.9,3.014330021789434,6.767475613460695,0.29274535615035835,0.17754614071541738,3.8691484557112865,0.0874,0.4598587506758996,0.15020947557612327,inside the taper band
single_homeowner,"single, homeowner",True,False,constant_real,0.07,1.0,3.014330021789434,6.767475613460695,0.29274535615035835,0.16257358463568825,3.8691484557112865,0.083,0.4495707930234381,0.13725918875808282,inside the taper band
single_homeowner,"single, homeowner",True,False,constant_real,0.1,0.0,3.014330021789434,6.767475613460695,0.29274535615035835,0.46011170272561924,5.52735493673041,0.4568,0.5848225907211803,0.36755228212240054,inside the taper band
single_homeowner,"single, homeowner",True,False,constant_real,0.1,0.1,3.014330021789434,6.767475613460695,0.29274535615035835,0.4427513081174084,5.52735493673041,0.3815,0.5794007293476904,0.35219419699076204,inside the taper band
single_homeowner,"single, homeowner",True,False,constant_real,0.1,0.2,3.014330021789434,6.767475613460695,0.29274535615035835,0.41987880684220097,5.52735493673041,0.30575,0.5714924329932486,0.33208994091387717,inside the taper band
single_homeowner,"single, homeowner",True,False,constant_real,0.1,0.3,3.014330021789434,6.767475613460695,0.29274535615035835,0.3886235736837071,5.52735493673041,0.23995,0.5611551995505311,0.30758258642203906,inside the taper band
single_homeowner,"single, homeowner",True,False,constant_real,0.1,0.4,3.014330021789434,6.767475613460695,0.29274535615035835,0.35210408234416785,5.52735493673041,0.1916,0.5487910979719969,0.2750284017610926,inside the taper band
single_homeowner,"single, homeowner",True,False,constant_real,0.1,0.5,3.014330021789434,6.767475613460695,0.29274535615035835,0.315577703580944,5.52735493673041,0.15755,0.535596654755456,0.2452733463811152,inside the taper band
single_homeowner,"single, homeowner",True,False,constant_real,0.1,0.6,3.014330021789434,6.767475613460695,0.29274535615035835,0.27842428565564764,5.52735493673041,0.12995,0.5225900023609114,0.22016057254813776,inside the taper band
single_homeowner,"single, homeowner",True,False,constant_real,0.1,0.7,3.014330021789434,6.767475613460695,0.29274535615035835,0.2502228814210576,5.52735493673041,0.11,0.5102183983841642,0.19941865906397158,inside the taper band
single_homeowner,"single, homeowner",True,False,constant_real,0.1,0.8,3.014330021789434,6.767475613460695,0.29274535615035835,0.22736392366271982,5.52735493673041,0.0948,0.4987859500709076,0.1821803517592047,inside the taper band
single_homeowner,"single, homeowner",True,False,constant_real,0.1,0.9,3.014330021789434,6.767475613460695,0.29274535615035835,0.20690891968411326,5.52735493673041,0.0874,0.4885066401431449,0.16653744996250244,inside the taper band
single_homeowner,"single, homeowner",True,False,constant_real,0.1,1.0,3.014330021789434,6.767475613460695,0.29274535615035835,0.19306202196515151,5.52735493673041,0.083,0.4794936264046273,0.15540093817743866,inside the taper band
single_homeowner,"single, homeowner",True,False,constant_real,0.14,0.0,3.014330021789434,6.767475613460695,0.29274535615035835,0.47993420175903356,7.738296911422573,0.4568,0.640139696428101,0.38145212194074885,above the cut-off
single_homeowner,"single, homeowner",True,False,constant_real,0.14,0.1,3.014330021789434,6.767475613460695,0.29274535615035835,0.46416417646258445,7.738296911422573,0.3815,0.6343723082336318,0.36205556612228423,above the cut-off
single_homeowner,"single, homeowner",True,False,constant_real,0.14,0.2,3.014330021789434,6.767475613460695,0.29274535615035835,0.43909378652088815,7.738296911422573,0.30575,0.6260197389358172,0.34064991363789937,above the cut-off
single_homeowner,"single, homeowner",True,False,constant_real,0.14,0.3,3.014330021789434,6.767475613460695,0.29274535615035835,0.40982790238026134,7.738296911422573,0.23995,0.6150752219223747,0.3153260860170606,above the cut-off
single_homeowner,"single, homeowner",True,False,constant_real,0.14,0.4,3.014330021789434,6.767475613460695,0.29274535615035835,0.37421465362918166,7.738296911422573,0.1916,0.602536895415595,0.2881688365932826,above the cut-off
single_homeowner,"single, homeowner",True,False,constant_real,0.14,0.5,3.014330021789434,6.767475613460695,0.29274535615035835,0.339338752892084,7.738296911422573,0.15755,0.5898228179117558,0.2622334064338394,above the cut-off
single_homeowner,"single, homeowner",True,False,constant_real,0.14,0.6,3.014330021789434,6.767475613460695,0.29274535615035835,0.3085830645767484,7.738296911422573,0.12995,0.5777992275249931,0.23855592012435406,above the cut-off
single_homeowner,"single, homeowner",True,False,constant_real,0.14,0.7,3.014330021789434,6.767475613460695,0.29274535615035835,0.2807647807599249,7.738296911422573,0.11,0.5669742151180523,0.21886702088484025,above the cut-off
single_homeowner,"single, homeowner",True,False,constant_real,0.14,0.8,3.014330021789434,6.767475613460695,0.29274535615035835,0.2607910385762726,7.738296911422573,0.0948,0.5574035451947595,0.2021640442813159,above the cut-off
single_homeowner,"single, homeowner",True,False,constant_real,0.14,0.9,3.014330021789434,6.767475613460695,0.29274535615035835,0.2452719187067058,7.738296911422573,0.0874,0.5491076997757506,0.1902275801285036,above the cut-off
single_homeowner,"single, homeowner",True,False,constant_real,0.14,1.0,3.014330021789434,6.767475613460695,0.29274535615035835,0.23072841640814334,7.738296911422573,0.083,0.5418661418193405,0.1809084302775383,above the cut-off
single_homeowner,"single, homeowner",True,False,constant_real,0.2,0.0,3.014330021789434,6.767475613460695,0.29274535615035835,0.5135700501371248,11.05470987346082,0.4568,0.7391047326664758,0.406278611233476,above the cut-off
single_homeowner,"single, homeowner",True,False,constant_real,0.2,0.1,3.014330021789434,6.767475613460695,0.29274535615035835,0.49585465092390824,11.05470987346082,0.3815,0.7352282530989134,0.3880335040926174,above the cut-off
single_homeowner,"single, homeowner",True,False,constant_real,0.2,0.2,3.014330021789434,6.767475613460695,0.29274535615035835,0.4720166975822625,11.05470987346082,0.30575,0.7286396680975107,0.36481485788031665,above the cut-off
single_homeowner,"single, homeowner",True,False,constant_real,0.2,0.3,3.014330021789434,6.767475613460695,0.29274535615035835,0.4411666455633652,11.05470987346082,0.23995,0.7194544076407673,0.33673279152859065,above the cut-off
single_homeowner,"single, homeowner",True,False,constant_real,0.2,0.4,3.014330021789434,6.767475613460695,0.29274535615035835,0.40759878983431697,11.05470987346082,0.1916,0.7092010062301229,0.31140133380143387,above the cut-off
single_homeowner,"single, homeowner",True,False,constant_real,0.2,0.5,3.014330021789434,6.767475613460695,0.29274535615035835,0.3755719652459888,11.05470987346082,0.15755,0.6991372317333976,0.2878719655587323,above the cut-off
single_homeowner,"single, homeowner",True,False,constant_real,0.2,0.6,3.014330021789434,6.767475613460695,0.29274535615035835,0.35216987626545976,11.05470987346082,0.12995,0.6898226657713483,0.2678947557356349,above the cut-off
single_homeowner,"single, homeowner",True,False,constant_real,0.2,0.7,3.014330021789434,6.767475613460695,0.29274535615035835,0.32783621159831816,11.05470987346082,0.11,0.6819389165668434,0.2524415467760992,above the cut-off
single_homeowner,"single, homeowner",True,False,constant_real,0.2,0.8,3.014330021789434,6.767475613460695,0.29274535615035835,0.3112815473370916,11.05470987346082,0.0948,0.6752009433142967,0.23877933216380498,above the cut-off
single_homeowner,"single, homeowner",True,False,constant_real,0.2,0.9,3.014330021789434,6.767475613460695,0.29274535615035835,0.2939209887544232,11.05470987346082,0.0874,0.6693641613418417,0.22726479306629618,above the cut-off
single_homeowner,"single, homeowner",True,False,constant_real,0.2,1.0,3.014330021789434,6.767475613460695,0.29274535615035835,0.28000644619249887,11.05470987346082,0.083,0.6642327016490581,0.2175197207496351,above the cut-off
single_homeowner,"single, homeowner",True,False,constant_real,0.28,0.0,3.014330021789434,6.767475613460695,0.29274535615035835,0.5522118315425589,15.476593822845146,0.4568,0.8927287661467438,0.42596956580748846,above the cut-off
single_homeowner,"single, homeowner",True,False,constant_real,0.28,0.1,3.014330021789434,6.767475613460695,0.29274535615035835,0.5363781267550316,15.476593822845146,0.3815,0.8936183022819914,0.41211856630402044,above the cut-off
single_homeowner,"single, homeowner",True,False,constant_real,0.28,0.2,3.014330021789434,6.767475613460695,0.29274535615035835,0.5122774423809684,15.476593822845146,0.30575,0.8916879887509527,0.3907457009753932,above the cut-off
single_homeowner,"single, homeowner",True,False,constant_real,0.28,0.3,3.014330021789434,6.767475613460695,0.29274535615035835,0.4827557204229585,15.476593822845146,0.23995,0.887280550909763,0.36990877924166954,above the cut-off
single_homeowner,"single, homeowner",True,False,constant_real,0.28,0.4,3.014330021789434,6.767475613460695,0.29274535615035835,0.4568468169042286,15.476593822845146,0.1916,0.881470937166721,0.3474513521229622,above the cut-off
single_homeowner,"single, homeowner",True,False,constant_real,0.28,0.5,3.014330021789434,6.767475613460695,0.29274535615035835,0.4304397584940693,15.476593822845146,0.15755,0.8754810778834508,0.3263733628089605,above the cut-off
single_homeowner,"single, homeowner",True,False,constant_real,0.28,0.6,3.014330021789434,6.767475613460695,0.29274535615035835,0.40698769121586126,15.476593822845146,0.12995,0.8699765863672676,0.30863171050665256,above the cut-off
single_homeowner,"single, homeowner",True,False,constant_real,0.28,0.7,3.014330021789434,6.767475613460695,0.29274535615035835,0.3871807448820077,15.476593822845146,0.11,0.8657963814119832,0.29455115457311826,above the cut-off
single_homeowner,"single, homeowner",True,False,constant_real,0.28,0.8,3.014330021789434,6.767475613460695,0.29274535615035835,0.3696615718680225,15.476593822845146,0.0948,0.8620902577594857,0.2840159772377799,above the cut-off
single_homeowner,"single, homeowner",True,False,constant_real,0.28,0.9,3.014330021789434,6.767475613460695,0.29274535615035835,0.352298599945167,15.476593822845146,0.0874,0.8586369263189568,0.2739801624578213,above the cut-off
single_homeowner,"single, homeowner",True,False,constant_real,0.28,1.0,3.014330021789434,6.767475613460695,0.29274535615035835,0.34115197144212833,15.476593822845146,0.083,0.8553104617902283,0.26653961559548817,above the cut-off
single_homeowner,"single, homeowner",True,False,constant_real,0.4,0.0,3.014330021789434,6.767475613460695,0.29274535615035835,0.605518620543392,22.10941974692164,0.4568,1.1501975516685732,0.4492869049050311,above the cut-off
single_homeowner,"single, homeowner",True,False,constant_real,0.4,0.1,3.014330021789434,6.767475613460695,0.29274535615035835,0.5915149243647054,22.10941974692164,0.3815,1.1604178639852765,0.44164044732800817,above the cut-off
single_homeowner,"single, homeowner",True,False,constant_real,0.4,0.2,3.014330021789434,6.767475613460695,0.29274535615035835,0.5726232588990042,22.10941974692164,0.30575,1.1674097578282387,0.42732204595450257,above the cut-off
single_homeowner,"single, homeowner",True,False,constant_real,0.4,0.3,3.014330021789434,6.767475613460695,0.29274535615035835,0.5505238289982293,22.10941974692164,0.23995,1.1709100583974354,0.41381908406775414,above the cut-off
single_homeowner,"single, homeowner",True,False,constant_real,0.4,0.4,3.014330021789434,6.767475613460695,0.29274535615035835,0.528823415884223,22.10941974692164,0.1916,1.1719343836273295,0.39867071843763985,above the cut-off
single_homeowner,"single, homeowner",True,False,constant_real,0.4,0.5,3.014330021789434,6.767475613460695,0.29274535615035835,0.5093852368666841,22.10941974692164,0.15755,1.1716823137187289,0.3826307357360321,above the cut-off
single_homeowner,"single, homeowner",True,False,constant_real,0.4,0.6,3.014330021789434,6.767475613460695,0.29274535615035835,0.48906113306487864,22.10941974692164,0.12995,1.1712862466409484,0.3691957820696181,above the cut-off
single_homeowner,"single, homeowner",True,False,constant_real,0.4,0.7,3.014330021789434,6.767475613460695,0.29274535615035835,0.4668272277393322,22.10941974692164,0.11,1.1711950975969696,0.35911773011399073,above the cut-off
single_homeowner,"single, homeowner",True,False,constant_real,0.4,0.8,3.014330021789434,6.767475613460695,0.29274535615035835,0.4494030191468576,22.10941974692164,0.0948,1.170741230067746,0.3505736069900342,above the cut-off
single_homeowner,"single, homeowner",True,False,constant_real,0.4,0.9,3.014330021789434,6.767475613460695,0.29274535615035835,0.43791458873769307,22.10941974692164,0.0874,1.1695945539232724,0.3447844323524128,above the cut-off
single_homeowner,"single, homeowner",True,False,constant_real,0.4,1.0,3.014330021789434,6.767475613460695,0.29274535615035835,0.42105744782487364,22.10941974692164,0.083,1.1677092141787635,0.33892449491954685,above the cut-off
single_homeowner,"single, homeowner",True,False,constant_real,0.6,0.0,3.014330021789434,6.767475613460695,0.29274535615035835,0.6778524905891341,33.164129620382454,0.4568,1.613338536948681,0.4492869049050311,above the cut-off
single_homeowner,"single, homeowner",True,False,constant_real,0.6,0.1,3.014330021789434,6.767475613460695,0.29274535615035835,0.6774016024840812,33.164129620382454,0.3815,1.64040892482477,0.4492869049050311,above the cut-off
single_homeowner,"single, homeowner",True,False,constant_real,0.6,0.2,3.014330021789434,6.767475613460695,0.29274535615035835,0.6717838379989244,33.164129620382454,0.30575,1.662452897902242,0.4492869049050311,above the cut-off
single_homeowner,"single, homeowner",True,False,constant_real,0.6,0.3,3.014330021789434,6.767475613460695,0.29274535615035835,0.662846300658845,33.164129620382454,0.23995,1.6784099948588438,0.4492869049050311,above the cut-off
single_homeowner,"single, homeowner",True,False,constant_real,0.6,0.4,3.014330021789434,6.767475613460695,0.29274535615035835,0.6461972596613861,33.164129620382454,0.1916,1.6892716575336366,0.4492869049050311,above the cut-off
single_homeowner,"single, homeowner",True,False,constant_real,0.6,0.5,3.014330021789434,6.767475613460695,0.29274535615035835,0.6251380382287942,33.164129620382454,0.15755,1.697109931769156,0.4492869049050311,above the cut-off
single_homeowner,"single, homeowner",True,False,constant_real,0.6,0.6,3.014330021789434,6.767475613460695,0.29274535615035835,0.6074559756585771,33.164129620382454,0.12995,1.7032175541798804,0.4492869049050311,above the cut-off
single_homeowner,"single, homeowner",True,False,constant_real,0.6,0.7,3.014330021789434,6.767475613460695,0.29274535615035835,0.5948651250383792,33.164129620382454,0.11,1.7082679694593348,0.4492869049050311,above the cut-off
single_homeowner,"single, homeowner",True,False,constant_real,0.6,0.8,3.014330021789434,6.767475613460695,0.29274535615035835,0.57736965917299,33.164129620382454,0.0948,1.711712132753151,0.4492349041860702,above the cut-off
single_homeowner,"single, homeowner",True,False,constant_real,0.6,0.9,3.014330021789434,6.767475613460695,0.29274535615035835,0.5572603115791334,33.164129620382454,0.0874,1.7130915930134039,0.4462941200197525,above the cut-off
single_homeowner,"single, homeowner",True,False,constant_real,0.6,1.0,3.014330021789434,6.767475613460695,0.29274535615035835,0.5146569993649591,33.164129620382454,0.083,1.7122678635779955,0.44341915066564175,above the cut-off
single_homeowner,"single, homeowner",True,False,constant_real,1.0,0.0,3.014330021789434,6.767475613460695,0.29274535615035835,0.7694112981914333,55.273549367304085,0.4568,2.581820847886153,0.4492869049050311,above the cut-off
single_homeowner,"single, homeowner",True,False,constant_real,1.0,0.1,3.014330021789434,6.767475613460695,0.29274535615035835,0.7918388791518299,55.273549367304085,0.3815,2.6415317152015794,0.4492869049050311,above the cut-off
single_homeowner,"single, homeowner",True,False,constant_real,1.0,0.2,3.014330021789434,6.767475613460695,0.29274535615035835,0.8078346839008543,55.273549367304085,0.30575,2.6916511883585907,0.4492869049050311,above the cut-off
single_homeowner,"single, homeowner",True,False,constant_real,1.0,0.3,3.014330021789434,6.767475613460695,0.29274535615035835,0.8165140424329193,55.273549367304085,0.23995,2.730084228350242,0.4492869049050311,above the cut-off
single_homeowner,"single, homeowner",True,False,constant_real,1.0,0.4,3.014330021789434,6.767475613460695,0.29274535615035835,0.8238610003490082,55.273549367304085,0.1916,2.758289657161783,0.4492869049050311,above the cut-off
single_homeowner,"single, homeowner",True,False,constant_real,1.0,0.5,3.014330021789434,6.767475613460695,0.29274535615035835,0.827135840649444,55.273549367304085,0.15755,2.7796802795605915,0.4492869049050311,above the cut-off
single_homeowner,"single, homeowner",True,False,constant_real,1.0,0.6,3.014330021789434,6.767475613460695,0.29274535615035835,0.8237538291546989,55.273549367304085,0.12995,2.7961070636023826,0.5003337586538531,above the cut-off
single_homeowner,"single, homeowner",True,False,constant_real,1.0,0.7,3.014330021789434,6.767475613460695,0.29274535615035835,0.8060145094926906,55.273549367304085,0.11,2.809584663275393,0.5319832049953105,above the cut-off
single_homeowner,"single, homeowner",True,False,constant_real,1.0,0.8,3.014330021789434,6.767475613460695,0.29274535615035835,0.7767308470918354,55.273549367304085,0.0948,2.819078361095225,0.5572520499268491,above the cut-off
single_homeowner,"single, homeowner",True,False,constant_real,1.0,0.9,3.014330021789434,6.767475613460695,0.29274535615035835,0.7679536073014737,55.273549367304085,0.0874,2.82391399087168,0.5694591952194888,above the cut-off
single_homeowner,"single, homeowner",True,False,constant_real,1.0,1.0,3.014330021789434,6.767475613460695,0.29274535615035835,0.7585924449260265,55.273549367304085,0.083,2.8238220711358024,0.5713566742618081,above the cut-off
single_homeowner,"single, homeowner",True,False,constant_percent,0.02,0.0,3.014330021789434,6.767475613460695,0.29274535615035835,0.4113066957617292,1.1054709873460817,0.0,0.46679647094620635,0.3029124858904436,below the free area
single_homeowner,"single, homeowner",True,False,constant_percent,0.02,0.1,3.014330021789434,6.767475613460695,0.29274535615035835,0.4124610350142998,1.1054709873460817,0.0,0.46969930398176335,0.30329316464806344,below the free area
single_homeowner,"single, homeowner",True,False,constant_percent,0.02,0.2,3.014330021789434,6.767475613460695,0.29274535615035835,0.41361524821684165,1.1054709873460817,0.0,0.4727201576137281,0.3036531257061045,below the free area
single_homeowner,"single, homeowner",True,False,constant_percent,0.02,0.3,3.014330021789434,6.767475613460695,0.29274535615035835,0.4147591208825106,1.1054709873460817,0.0,0.4758383870992953,0.30400677559428346,below the free area
single_homeowner,"single, homeowner",True,False,constant_percent,0.02,0.4,3.014330021789434,6.767475613460695,0.29274535615035835,0.41587762835616837,1.1054709873460817,0.0,0.4790164692894349,0.3043257056791292,below the free area
single_homeowner,"single, homeowner",True,False,constant_percent,0.02,0.5,3.014330021789434,6.767475613460695,0.29274535615035835,0.4169615826954734,1.1054709873460817,0.0,0.48222500015837977,0.3046573816181731,below the free area
single_homeowner,"single, homeowner",True,False,constant_percent,0.02,0.6,3.014330021789434,6.767475613460695,0.29274535615035835,0.41799391326066704,1.1054709873460817,0.0,0.4854201876370756,0.3049233591297257,below the free area
single_homeowner,"single, homeowner",True,False,constant_percent,0.02,0.7,3.014330021789434,6.767475613460695,0.29274535615035835,0.4189520647496642,1.1054709873460817,0.0,0.48855116399276244,0.3051551750441478,below the free area
single_homeowner,"single, homeowner",True,False,constant_percent,0.02,0.8,3.014330021789434,6.767475613460695,0.29274535615035835,0.4198172176403611,1.1054709873460817,0.0,0.49160267457021456,0.305369198475973,below the free area
single_homeowner,"single, homeowner",True,False,constant_percent,0.02,0.9,3.014330021789434,6.767475613460695,0.29274535615035835,0.4205833223471931,1.1054709873460817,0.0,0.4946255963437655,0.3055454668714237,below the free area
single_homeowner,"single, homeowner",True,False,constant_percent,0.02,1.0,3.014330021789434,6.767475613460695,0.29274535615035835,0.4212509893829894,1.1054709873460817,0.0,0.49774323173532814,0.3057266247589036,below the free area
single_homeowner,"single, homeowner",True,False,constant_percent,0.04,0.0,3.014330021789434,6.767475613460695,0.29274535615035835,0.44497587800211846,2.2109419746921635,0.0,0.4964947961313745,0.3362528288378686,below the free area
single_homeowner,"single, homeowner",True,False,constant_percent,0.04,0.1,3.014330021789434,6.767475613460695,0.29274535615035835,0.4468398534324357,2.2109419746921635,0.0,0.5005339545453985,0.3370141863531083,below the free area
single_homeowner,"single, homeowner",True,False,constant_percent,0.04,0.2,3.014330021789434,6.767475613460695,0.29274535615035835,0.44860179384280074,2.2109419746921635,0.0,0.5045199643490283,0.3377341084691903,below the free area
single_homeowner,"single, homeowner",True,False,constant_percent,0.04,0.3,3.014330021789434,6.767475613460695,0.29274535615035835,0.45023445385810557,2.2109419746921635,0.0,0.5084104560435033,0.33844140824554836,below the free area
single_homeowner,"single, homeowner",True,False,constant_percent,0.04,0.4,3.014330021789434,6.767475613460695,0.29274535615035835,0.45168940997908985,2.2109419746921635,0.0,0.5121629312147269,0.3390792684152397,below the free area
single_homeowner,"single, homeowner",True,False,constant_percent,0.04,0.5,3.014330021789434,6.767475613460695,0.29274535615035835,0.4529733042483007,2.2109419746921635,0.0,0.5158838153196038,0.33974262029332747,below the free area
single_homeowner,"single, homeowner",True,False,constant_percent,0.04,0.6,3.014330021789434,6.767475613460695,0.29274535615035835,0.45407859274579015,2.2109419746921635,0.0,0.5196484132609712,0.3402745753164328,below the free area
single_homeowner,"single, homeowner",True,False,constant_percent,0.04,0.7,3.014330021789434,6.767475613460695,0.29274535615035835,0.455015940939904,2.2109419746921635,0.0,0.523626202832751,0.340738207145277,below the free area
single_homeowner,"single, homeowner",True,False,constant_percent,0.04,0.8,3.014330021789434,6.767475613460695,0.29274535615035835,0.4557935908600744,2.2109419746921635,0.0,0.5280799396169894,0.3411662540089273,below the free area
single_homeowner,"single, homeowner",True,False,constant_percent,0.04,0.9,3.014330021789434,6.767475613460695,0.29274535615035835,0.4564487368501383,2.2109419746921635,0.0,0.5333482667362063,0.3415187907998287,below the free area
single_homeowner,"single, homeowner",True,False,constant_percent,0.04,1.0,3.014330021789434,6.767475613460695,0.29274535615035835,0.4570090961606801,2.2109419746921635,0.0,0.539814992149139,0.3418811065747887,below the free area
single_homeowner,"single, homeowner",True,False,constant_percent,0.07,0.0,3.014330021789434,6.767475613460695,0.29274535615035835,0.4767978473112653,3.8691484557112865,0.0,0.5244536119550468,0.3862633432590062,inside the taper band
single_homeowner,"single, homeowner",True,False,constant_percent,0.07,0.1,3.014330021789434,6.767475613460695,0.29274535615035835,0.47874221332335076,3.8691484557112865,0.0,0.5288255222151977,0.38759571891067557,inside the taper band
single_homeowner,"single, homeowner",True,False,constant_percent,0.07,0.2,3.014330021789434,6.767475613460695,0.29274535615035835,0.4803759047584548,3.8691484557112865,0.0,0.5331778695931045,0.3888555826138191,inside the taper band
single_homeowner,"single, homeowner",True,False,constant_percent,0.07,0.3,3.014330021789434,6.767475613460695,0.29274535615035835,0.4817737386833739,3.8691484557112865,0.0,0.5377214374890658,0.3900933572224457,inside the taper band
single_homeowner,"single, homeowner",True,False,constant_percent,0.07,0.4,3.014330021789434,6.767475613460695,0.29274535615035835,0.4829729659332789,3.8691484557112865,0.0,0.5427259423495414,0.3912096125194056,inside the taper band
single_homeowner,"single, homeowner",True,False,constant_percent,0.07,0.5,3.014330021789434,6.767475613460695,0.29274535615035835,0.4840376506342948,3.8691484557112865,0.0,0.5484994555217791,0.39237047830605915,inside the taper band
single_homeowner,"single, homeowner",True,False,constant_percent,0.07,0.6,3.014330021789434,6.767475613460695,0.29274535615035835,0.4849086088818904,3.8691484557112865,0.0,0.5553472960309374,0.39330139959649335,inside the taper band
single_homeowner,"single, homeowner",True,False,constant_percent,0.07,0.7,3.014330021789434,6.767475613460695,0.29274535615035835,0.48566821106468283,3.8691484557112865,0.0,0.563765322829302,0.39411275529697076,inside the taper band
single_homeowner,"single, homeowner",True,False,constant_percent,0.07,0.8,3.014330021789434,6.767475613460695,0.29274535615035835,0.48635626339024496,3.8691484557112865,0.0,0.574242539726491,0.39486183730835883,inside the taper band
single_homeowner,"single, homeowner",True,False,constant_percent,0.07,0.9,3.014330021789434,6.767475613460695,0.29274535615035835,0.48703841520987645,3.8691484557112865,0.0,0.5873548277682015,0.3954787766924364,inside the taper band
single_homeowner,"single, homeowner",True,False,constant_percent,0.07,1.0,3.014330021789434,6.767475613460695,0.29274535615035835,0.48778794164508765,3.8691484557112865,0.0,0.6036700928524213,0.39611282929861624,inside the taper band
single_homeowner,"single, homeowner",True,False,constant_percent,0.1,0.0,3.014330021789434,6.767475613460695,0.29274535615035835,0.49477209636378067,5.52735493673041,0.0,0.546256890903537,0.4193802768542526,inside the taper band
single_homeowner,"single, homeowner",True,False,constant_percent,0.1,0.1,3.014330021789434,6.767475613460695,0.29274535615035835,0.49639984502862455,5.52735493673041,0.0,0.5517361722636467,0.41943510507416537,inside the taper band
single_homeowner,"single, homeowner",True,False,constant_percent,0.1,0.2,3.014330021789434,6.767475613460695,0.29274535615035835,0.497820324831551,5.52735493673041,0.0,0.5578982541519844,0.4194699249112291,inside the taper band
single_homeowner,"single, homeowner",True,False,constant_percent,0.1,0.3,3.014330021789434,6.767475613460695,0.29274535615035835,0.49914349293791765,5.52735493673041,0.0,0.5651568930915918,0.4196225968820619,inside the taper band
single_homeowner,"single, homeowner",True,False,constant_percent,0.1,0.4,3.014330021789434,6.767475613460695,0.29274535615035835,0.500254765755682,5.52735493673041,0.0,0.5737953667663938,0.41957085568618663,inside the taper band
single_homeowner,"single, homeowner",True,False,constant_percent,0.1,0.5,3.014330021789434,6.767475613460695,0.29274535615035835,0.5012564883142003,5.52735493673041,0.0,0.5842869250149462,0.4195923972833236,inside the taper band
single_homeowner,"single, homeowner",True,False,constant_percent,0.1,0.6,3.014330021789434,6.767475613460695,0.29274535615035835,0.502274209926873,5.52735493673041,0.0,0.5972431965208209,0.4194497654397037,inside the taper band
single_homeowner,"single, homeowner",True,False,constant_percent,0.1,0.7,3.014330021789434,6.767475613460695,0.29274535615035835,0.5033848466654147,5.52735493673041,0.0,0.6132713322408067,0.4195204562588665,inside the taper band
single_homeowner,"single, homeowner",True,False,constant_percent,0.1,0.8,3.014330021789434,6.767475613460695,0.29274535615035835,0.5045802485059793,5.52735493673041,0.0,0.6329614948131174,0.4195304136032975,inside the taper band
single_homeowner,"single, homeowner",True,False,constant_percent,0.1,0.9,3.014330021789434,6.767475613460695,0.29274535615035835,0.5059306411100172,5.52735493673041,0.0,0.6568822825244568,0.41962982865926934,inside the taper band
single_homeowner,"single, homeowner",True,False,constant_percent,0.1,1.0,3.014330021789434,6.767475613460695,0.29274535615035835,0.5074329619916985,5.52735493673041,0.0,0.6855375024512926,0.41984985887161086,inside the taper band
single_homeowner,"single, homeowner",True,False,constant_percent,0.14,0.0,3.014330021789434,6.767475613460695,0.29274535615035835,0.5104405714581719,7.738296911422573,0.0,0.5801381998091386,0.424574325185129,above the cut-off
single_homeowner,"single, homeowner",True,False,constant_percent,0.14,0.1,3.014330021789434,6.767475613460695,0.29274535615035835,0.5121961414639188,7.738296911422573,0.0,0.5893692675699247,0.4244333693022046,above the cut-off
single_homeowner,"single, homeowner",True,False,constant_percent,0.14,0.2,3.014330021789434,6.767475613460695,0.29274535615035835,0.5138279979288851,7.738296911422573,0.0,0.6003614029942104,0.4243192916651514,above the cut-off
single_homeowner,"single, homeowner",True,False,constant_percent,0.14,0.3,3.014330021789434,6.767475613460695,0.29274535615035835,0.5153743548312669,7.738296911422573,0.0,0.6135943040120042,0.4241201081874274,above the cut-off
single_homeowner,"single, homeowner",True,False,constant_percent,0.14,0.4,3.014330021789434,6.767475613460695,0.29274535615035835,0.5169869371381867,7.738296911422573,0.0,0.6296426251282444,0.4241368856619534,above the cut-off
single_homeowner,"single, homeowner",True,False,constant_percent,0.14,0.5,3.014330021789434,6.767475613460695,0.29274535615035835,0.518693284964292,7.738296911422573,0.0,0.649130752107898,0.4240954808834207,above the cut-off
single_homeowner,"single, homeowner",True,False,constant_percent,0.14,0.6,3.014330021789434,6.767475613460695,0.29274535615035835,0.5205594418929993,7.738296911422573,0.0,0.6726950316769427,0.42409772978608534,above the cut-off
single_homeowner,"single, homeowner",True,False,constant_percent,0.14,0.7,3.014330021789434,6.767475613460695,0.29274535615035835,0.5225756637453659,7.738296911422573,0.0,0.7009769200574362,0.42416465361879657,above the cut-off
single_homeowner,"single, homeowner",True,False,constant_percent,0.14,0.8,3.014330021789434,6.767475613460695,0.29274535615035835,0.5248373074542857,7.738296911422573,0.0,0.7346228297690642,0.4241318013387511,above the cut-off
single_homeowner,"single, homeowner",True,False,constant_percent,0.14,0.9,3.014330021789434,6.767475613460695,0.29274535615035835,0.5272510851977094,7.738296911422573,0.0,0.7741082923698718,0.4243806246928371,above the cut-off
single_homeowner,"single, homeowner",True,False,constant_percent,0.14,1.0,3.014330021789434,6.767475613460695,0.29274535615035835,0.5296734646177724,7.738296911422573,0.0,0.819811212626092,0.4244678183805294,above the cut-off
single_homeowner,"single, homeowner",True,False,constant_percent,0.2,0.0,3.014330021789434,6.767475613460695,0.29274535615035835,0.530155699447688,11.05470987346082,0.0,0.6488312919207199,0.4278410678626534,above the cut-off
single_homeowner,"single, homeowner",True,False,constant_percent,0.2,0.1,3.014330021789434,6.767475613460695,0.29274535615035835,0.5327659336853042,11.05470987346082,0.0,0.666574544264499,0.4277341543631335,above the cut-off
single_homeowner,"single, homeowner",True,False,constant_percent,0.2,0.2,3.014330021789434,6.767475613460695,0.29274535615035835,0.5354353068573564,11.05470987346082,0.0,0.6877122851303318,0.42750564728869206,above the cut-off
single_homeowner,"single, homeowner",True,False,constant_percent,0.2,0.3,3.014330021789434,6.767475613460695,0.29274535615035835,0.5381508735896646,11.05470987346082,0.0,0.7128134983069531,0.4274055049489044,above the cut-off
single_homeowner,"single, homeowner",True,False,constant_percent,0.2,0.4,3.014330021789434,6.767475613460695,0.29274535615035835,0.541059134189553,11.05470987346082,0.0,0.742562562414005,0.4275454087734736,above the cut-off
single_homeowner,"single, homeowner",True,False,constant_percent,0.2,0.5,3.014330021789434,6.767475613460695,0.29274535615035835,0.5442086038656286,11.05470987346082,0.0,0.7777163159982514,0.42756600564150493,above the cut-off
single_homeowner,"single, homeowner",True,False,constant_percent,0.2,0.6,3.014330021789434,6.767475613460695,0.29274535615035835,0.5475099042624089,11.05470987346082,0.0,0.8189223984168448,0.42756601811018696,above the cut-off
single_homeowner,"single, homeowner",True,False,constant_percent,0.2,0.7,3.014330021789434,6.767475613460695,0.29274535615035835,0.551163247673295,11.05470987346082,0.0,0.8668698643202989,0.4278476813259696,above the cut-off
single_homeowner,"single, homeowner",True,False,constant_percent,0.2,0.8,3.014330021789434,6.767475613460695,0.29274535615035835,0.5548719312848721,11.05470987346082,0.0,0.9219798841790312,0.4282326516272694,above the cut-off
single_homeowner,"single, homeowner",True,False,constant_percent,0.2,0.9,3.014330021789434,6.767475613460695,0.29274535615035835,0.5584705629776281,11.05470987346082,0.0,0.9846580367110297,0.4284988173425604,above the cut-off
single_homeowner,"single, homeowner",True,False,constant_percent,0.2,1.0,3.014330021789434,6.767475613460695,0.29274535615035835,0.5619613382236265,11.05470987346082,0.0,1.0554478089272643,0.42882744484295665,above the cut-off
single_homeowner,"single, homeowner",True,False,constant_percent,0.28,0.0,3.014330021789434,6.767475613460695,0.29274535615035835,0.5553405995060101,15.476593822845146,0.0,0.767115263268926,0.4306796419691595,above the cut-off
single_homeowner,"single, homeowner",True,False,constant_percent,0.28,0.1,3.014330021789434,6.767475613460695,0.29274535615035835,0.5596501156436989,15.476593822845146,0.0,0.798653783263707,0.43071824658200203,above the cut-off
single_homeowner,"single, homeowner",True,False,constant_percent,0.28,0.2,3.014330021789434,6.767475613460695,0.29274535615035835,0.5641520488823695,15.476593822845146,0.0,0.8354987611026551,0.43073507078199263,above the cut-off
single_homeowner,"single, homeowner",True,False,constant_percent,0.28,0.3,3.014330021789434,6.767475613460695,0.29274535615035835,0.5689433182753352,15.476593822845146,0.0,0.8783388913959203,0.4310078671912108,above the cut-off
single_homeowner,"single, homeowner",True,False,constant_percent,0.28,0.4,3.014330021789434,6.767475613460695,0.29274535615035835,0.5740711760760199,15.476593822845146,0.0,0.9279947450006868,0.4314355099956558,above the cut-off
single_homeowner,"single, homeowner",True,False,constant_percent,0.28,0.5,3.014330021789434,6.767475613460695,0.29274535615035835,0.5793435212794934,15.476593822845146,0.0,0.9851037915140979,0.4317166988713388,above the cut-off
single_homeowner,"single, homeowner",True,False,constant_percent,0.28,0.6,3.014330021789434,6.767475613460695,0.29274535615035835,0.584999173431976,15.476593822845146,0.0,1.050400275999701,0.43220444208968883,above the cut-off
single_homeowner,"single, homeowner",True,False,constant_percent,0.28,0.7,3.014330021789434,6.767475613460695,0.29274535615035835,0.590753056126369,15.476593822845146,0.0,1.1243276851335278,0.43290317223896463,above the cut-off
single_homeowner,"single, homeowner",True,False,constant_percent,0.28,0.8,3.014330021789434,6.767475613460695,0.29274535615035835,0.5963946573930173,15.476593822845146,0.0,1.2073673900509134,0.4336521148011268,above the cut-off
single_homeowner,"single, homeowner",True,False,constant_percent,0.28,0.9,3.014330021789434,6.767475613460695,0.29274535615035835,0.6016300050598778,15.476593822845146,0.0,1.3000848859048457,0.43428021642843107,above the cut-off
single_homeowner,"single, homeowner",True,False,constant_percent,0.28,1.0,3.014330021789434,6.767475613460695,0.29274535615035835,0.6062840129551341,15.476593822845146,0.0,1.403215598303889,0.4349533478618546,above the cut-off
single_homeowner,"single, homeowner",True,False,constant_percent,0.4,0.0,3.014330021789434,6.767475613460695,0.29274535615035835,0.5935823937288371,22.10941974692164,0.0,0.9789778279334133,0.43572845664069493,above the cut-off
single_homeowner,"single, homeowner",True,False,constant_percent,0.4,0.1,3.014330021789434,6.767475613460695,0.29274535615035835,0.601158880918604,22.10941974692164,0.0,1.032959228251549,0.4360926734730706,above the cut-off
single_homeowner,"single, homeowner",True,False,constant_percent,0.4,0.2,3.014330021789434,6.767475613460695,0.29274535615035835,0.6091116687985173,22.10941974692164,0.0,1.0946743986290886,0.4366519646706143,above the cut-off
single_homeowner,"single, homeowner",True,False,constant_percent,0.4,0.3,3.014330021789434,6.767475613460695,0.29274535615035835,0.6175534473492216,22.10941974692164,0.0,1.1649506955862279,0.43763312082456657,above the cut-off
single_homeowner,"single, homeowner",True,False,constant_percent,0.4,0.4,3.014330021789434,6.767475613460695,0.29274535615035835,0.6266336638715796,22.10941974692164,0.0,1.2445932198867555,0.4387770160319681,above the cut-off
single_homeowner,"single, homeowner",True,False,constant_percent,0.4,0.5,3.014330021789434,6.767475613460695,0.29274535615035835,0.636403087387937,22.10941974692164,0.0,1.334318214760421,0.440750718449299,above the cut-off
single_homeowner,"single, homeowner",True,False,constant_percent,0.4,0.6,3.014330021789434,6.767475613460695,0.29274535615035835,0.6458235613009864,22.10941974692164,0.0,1.4345698013333372,0.4424121543307311,above the cut-off
single_homeowner,"single, homeowner",True,False,constant_percent,0.4,0.7,3.014330021789434,6.767475613460695,0.29274535615035835,0.6546939297829304,22.10941974692164,0.0,1.5459918541735977,0.44410910996007147,above the cut-off
single_homeowner,"single, homeowner",True,False,constant_percent,0.4,0.8,3.014330021789434,6.767475613460695,0.29274535615035835,0.6627041850666117,22.10941974692164,0.0,1.669329071781767,0.4455289611002453,above the cut-off
single_homeowner,"single, homeowner",True,False,constant_percent,0.4,0.9,3.014330021789434,6.767475613460695,0.29274535615035835,0.6698469423188405,22.10941974692164,0.0,1.8055465087666478,0.4472887878447401,above the cut-off
single_homeowner,"single, homeowner",True,False,constant_percent,0.4,1.0,3.014330021789434,6.767475613460695,0.29274535615035835,0.6759373414011742,22.10941974692164,0.0,1.9557624015970723,0.4486207248297042,above the cut-off
single_homeowner,"single, homeowner",True,False,constant_percent,0.6,0.0,3.014330021789434,6.767475613460695,0.29274535615035835,0.6581497480617405,33.164129620382454,0.0,1.3759106693366243,0.4472144651284893,above the cut-off
single_homeowner,"single, homeowner",True,False,constant_percent,0.6,0.1,3.014330021789434,6.767475613460695,0.29274535615035835,0.6726943505551422,33.164129620382454,0.0,1.4676236221012586,0.449409803014735,above the cut-off
single_homeowner,"single, homeowner",True,False,constant_percent,0.6,0.2,3.014330021789434,6.767475613460695,0.29274535615035835,0.6876371580337242,33.164129620382454,0.0,1.5704320829414573,0.4524389354907129,above the cut-off
single_homeowner,"single, homeowner",True,False,constant_percent,0.6,0.3,3.014330021789434,6.767475613460695,0.29274535615035835,0.7037000387210295,33.164129620382454,0.0,1.685306995327595,0.4575028801215071,above the cut-off
single_homeowner,"single, homeowner",True,False,constant_percent,0.6,0.4,3.014330021789434,6.767475613460695,0.29274535615035835,0.7199185858991637,33.164129620382454,0.0,1.8130201740115772,0.46277331465837385,above the cut-off
single_homeowner,"single, homeowner",True,False,constant_percent,0.6,0.5,3.014330021789434,6.767475613460695,0.29274535615035835,0.7356844946937563,33.164129620382454,0.0,1.9543651591051583,0.4690624044404776,above the cut-off
single_homeowner,"single, homeowner",True,False,constant_percent,0.6,0.6,3.014330021789434,6.767475613460695,0.29274535615035835,0.7500913359831185,33.164129620382454,0.0,2.110206717285159,0.47516649257301147,above the cut-off
single_homeowner,"single, homeowner",True,False,constant_percent,0.6,0.7,3.014330021789434,6.767475613460695,0.29274535615035835,0.763286682070298,33.164129620382454,0.0,2.2816736554430883,0.48086516100842025,above the cut-off
single_homeowner,"single, homeowner",True,False,constant_percent,0.6,0.8,3.014330021789434,6.767475613460695,0.29274535615035835,0.7749532739024959,33.164129620382454,0.0,2.4700632008327674,0.4873258089887585,above the cut-off
single_homeowner,"single, homeowner",True,False,constant_percent,0.6,0.9,3.014330021789434,6.767475613460695,0.29274535615035835,0.7848637969584755,33.164129620382454,0.0,2.6768953955260817,0.49377264115572084,above the cut-off
single_homeowner,"single, homeowner",True,False,constant_percent,0.6,1.0,3.014330021789434,6.767475613460695,0.29274535615035835,0.7925560196401783,33.164129620382454,0.0,2.9039545770136734,0.4984947420261877,above the cut-off
single_homeowner,"single, homeowner",True,False,constant_percent,1.0,0.0,3.014330021789434,6.767475613460695,0.29274535615035835,0.7799327533110746,55.273549367304085,0.0,2.2236632668999365,0.47947288912080477,above the cut-off
single_homeowner,"single, homeowner",True,False,constant_percent,1.0,0.1,3.014330021789434,6.767475613460695,0.29274535615035835,0.808263114917199,55.273549367304085,0.0,2.3878569191102135,0.4911756782105887,above the cut-off
single_homeowner,"single, homeowner",True,False,constant_percent,1.0,0.2,3.014330021789434,6.767475613460695,0.29274535615035835,0.8379590134518875,55.273549367304085,0.0,2.5692222849484465,0.505683970939915,above the cut-off
single_homeowner,"single, homeowner",True,False,constant_percent,1.0,0.3,3.014330021789434,6.767475613460695,0.29274535615035835,0.8681436035945945,55.273549367304085,0.0,2.769045058213437,0.5228901467882761,above the cut-off
single_homeowner,"single, homeowner",True,False,constant_percent,1.0,0.4,3.014330021789434,6.767475613460695,0.29274535615035835,0.8973158358149725,55.273549367304085,0.0,2.9886310728343903,0.5428203621457042,above the cut-off
single_homeowner,"single, homeowner",True,False,constant_percent,1.0,0.5,3.014330021789434,6.767475613460695,0.29274535615035835,0.9252377300747668,55.273549367304085,0.0,3.229502080791449,0.5642730082254499,above the cut-off
single_homeowner,"single, homeowner",True,False,constant_percent,1.0,0.6,3.014330021789434,6.767475613460695,0.29274535615035835,0.9505222046117475,55.273549367304085,0.0,3.4933521033754693,0.5877674814867464,above the cut-off
single_homeowner,"single, homeowner",True,False,constant_percent,1.0,0.7,3.014330021789434,6.767475613460695,0.29274535615035835,0.973062092480202,55.273549367304085,0.0,3.782190240018339,0.6116168461860341,above the cut-off
single_homeowner,"single, homeowner",True,False,constant_percent,1.0,0.8,3.014330021789434,6.767475613460695,0.29274535615035835,0.9910680586909187,55.273549367304085,0.0,4.098300189402249,0.6318897222894704,above the cut-off
single_homeowner,"single, homeowner",True,False,constant_percent,1.0,0.9,3.014330021789434,6.767475613460695,0.29274535615035835,1.0044773279484922,55.273549367304085,0.0,4.4444126596919675,0.653360711379144,above the cut-off
single_homeowner,"single, homeowner",True,False,constant_percent,1.0,1.0,3.014330021789434,6.767475613460695,0.29274535615035835,1.0136308557543718,55.273549367304085,0.0,4.823709743527635,0.6692976353684001,above the cut-off
single_renter,"single, renter",False,False,constant_real,0.02,0.0,5.625499263059597,9.378644854730858,0.29274535615035835,0.4143269923267565,1.1054709873460817,0.4568,0.47448323138919435,0.30448421778270673,below the free area
single_renter,"single, renter",False,False,constant_real,0.02,0.1,5.625499263059597,9.378644854730858,0.29274535615035835,0.41360469018727475,1.1054709873460817,0.3815,0.47578583866520113,0.3044150409922199,below the free area
single_renter,"single, renter",False,False,constant_real,0.02,0.2,5.625499263059597,9.378644854730858,0.29274535615035835,0.41126390538369473,1.1054709873460817,0.30575,0.4767205519367792,0.3042229359111969,below the free area
single_renter,"single, renter",False,False,constant_real,0.02,0.3,5.625499263059597,9.378644854730858,0.29274535615035835,0.4074759514058656,1.1054709873460817,0.23995,0.4771257254794019,0.30379969326828293,below the free area
single_renter,"single, renter",False,False,constant_real,0.02,0.4,5.625499263059597,9.378644854730858,0.29274535615035835,0.3950461025356841,1.1054709873460817,0.1916,0.47697824652276843,0.30304493642816316,below the free area
single_renter,"single, renter",False,False,constant_real,0.02,0.5,5.625499263059597,9.378644854730858,0.29274535615035835,0.36914111688651013,1.1054709873460817,0.15755,0.47627698772099925,0.3019724764685598,below the free area
single_renter,"single, renter",False,False,constant_real,0.02,0.6,5.625499263059597,9.378644854730858,0.29274535615035835,0.31971221308520537,1.1054709873460817,0.12995,0.47498808813412935,0.3003572074483298,below the free area
single_renter,"single, renter",False,False,constant_real,0.02,0.7,5.625499263059597,9.378644854730858,0.29274535615035835,0.2628503665763172,1.1054709873460817,0.11,0.47306644165943174,0.2981931248074101,below the free area
single_renter,"single, renter",False,False,constant_real,0.02,0.8,5.625499263059597,9.378644854730858,0.29274535615035835,0.20751978016159725,1.1054709873460817,0.0948,0.4703821413088427,0.29551564643724193,below the free area
single_renter,"single, renter",False,False,constant_real,0.02,0.9,5.625499263059597,9.378644854730858,0.29274535615035835,0.16929611212084858,1.1054709873460817,0.0874,0.4669548803105566,0.2919406568928544,below the free area
single_renter,"single, renter",False,False,constant_real,0.02,1.0,5.625499263059597,9.378644854730858,0.29274535615035835,0.13617633274911167,1.1054709873460817,0.083,0.46281154782455725,0.28774701052282053,below the free area
single_renter,"single, renter",False,False,constant_real,0.04,0.0,5.625499263059597,9.378644854730858,0.29274535615035835,0.44742948219829204,2.2109419746921635,0.4568,0.5194086301484182,0.33751721967695336,below the free area
single_renter,"single, renter",False,False,constant_real,0.04,0.1,5.625499263059597,9.378644854730858,0.29274535615035835,0.44506729437901793,2.2109419746921635,0.3815,0.520961222805933,0.33606855353930903,below the free area
single_renter,"single, renter",False,False,constant_real,0.04,0.2,5.625499263059597,9.378644854730858,0.29274535615035835,0.4402347241846693,2.2109419746921635,0.30575,0.521529442418464,0.33415682996886,below the free area
single_renter,"single, renter",False,False,constant_real,0.04,0.3,5.625499263059597,9.378644854730858,0.29274535615035835,0.4297204649163208,2.2109419746921635,0.23995,0.5209204167793478,0.33098533748073256,below the free area
single_renter,"single, renter",False,False,constant_real,0.04,0.4,5.625499263059597,9.378644854730858,0.29274535615035835,0.4050920907666554,2.2109419746921635,0.1916,0.5189530528748464,0.3263282082059597,below the free area
single_renter,"single, renter",False,False,constant_real,0.04,0.5,5.625499263059597,9.378644854730858,0.29274535615035835,0.365160484294207,2.2109419746921635,0.15755,0.5155813368274003,0.31989801913753774,below the free area
single_renter,"single, renter",False,False,constant_real,0.04,0.6,5.625499263059597,9.378644854730858,0.29274535615035835,0.3189398680160994,2.2109419746921635,0.12995,0.5108176879524331,0.31134679749251254,below the free area
single_renter,"single, renter",False,False,constant_real,0.04,0.7,5.625499263059597,9.378644854730858,0.29274535615035835,0.26840080380044434,2.2109419746921635,0.11,0.5049796368631702,0.30047693604296905,below the free area
single_renter,"single, renter",False,False,constant_real,0.04,0.8,5.625499263059597,9.378644854730858,0.29274535615035835,0.2193174453972174,2.2109419746921635,0.0948,0.4982422069543691,0.28012047869528345,below the free area
single_renter,"single, renter",False,False,constant_real,0.04,0.9,5.625499263059597,9.378644854730858,0.29274535615035835,0.18353976184006063,2.2109419746921635,0.0874,0.4907774172950863,0.22448193343353282,below the free area
single_renter,"single, renter",False,False,constant_real,0.04,1.0,5.625499263059597,9.378644854730858,0.29274535615035835,0.1560337794860897,2.2109419746921635,0.083,0.4826754832205543,0.18259168350403918,below the free area
single_renter,"single, renter",False,False,constant_real,0.07,0.0,5.625499263059597,9.378644854730858,0.29274535615035835,0.48646113860212353,3.8691484557112865,0.4568,0.5784661690034527,0.3796549074482034,below the free area
single_renter,"single, renter",False,False,constant_real,0.07,0.1,5.625499263059597,9.378644854730858,0.29274535615035835,0.48317133158148406,3.8691484557112865,0.3815,0.579494958595267,0.37440615273068156,below the free area
single_renter,"single, renter",False,False,constant_real,0.07,0.2,5.625499263059597,9.378644854730858,0.29274535615035835,0.4728496213122037,3.8691484557112865,0.30575,0.5783807251653574,0.3667506286184785,below the free area
single_renter,"single, renter",False,False,constant_real,0.07,0.3,5.625499263059597,9.378644854730858,0.29274535615035835,0.45234410430953925,3.8691484557112865,0.23995,0.5747428471464149,0.35603982931435246,below the free area
single_renter,"single, renter",False,False,constant_real,0.07,0.4,5.625499263059597,9.378644854730858,0.29274535615035835,0.4219888556923303,3.8691484557112865,0.1916,0.5689263239215953,0.34169771894368717,below the free area
single_renter,"single, renter",False,False,constant_real,0.07,0.5,5.625499263059597,9.378644854730858,0.29274535615035835,0.37161767332812484,3.8691484557112865,0.15755,0.5613346567795439,0.3250842702454401,below the free area
single_renter,"single, renter",False,False,constant_real,0.07,0.6,5.625499263059597,9.378644854730858,0.29274535615035835,0.327082214339877,3.8691484557112865,0.12995,0.5524434045891199,0.30214305864198704,below the free area
single_renter,"single, renter",False,False,constant_real,0.07,0.7,5.625499263059597,9.378644854730858,0.29274535615035835,0.2805095155759641,3.8691484557112865,0.11,0.5427532131284326,0.2624868726463728,below the free area
single_renter,"single, renter",False,False,constant_real,0.07,0.8,5.625499263059597,9.378644854730858,0.29274535615035835,0.2454980427879488,3.8691484557112865,0.0948,0.5324788897996557,0.22500938884527208,below the free area
single_renter,"single, renter",False,False,constant_real,0.07,0.9,5.625499263059597,9.378644854730858,0.29274535615035835,0.21502134782044383,3.8691484557112865,0.0874,0.5218585170842804,0.19608578484487357,below the free area
single_renter,"single, renter",False,False,constant_real,0.07,1.0,5.625499263059597,9.378644854730858,0.29274535615035835,0.19297766911094752,3.8691484557112865,0.083,0.5113172396809967,0.17405673510716502,below the free area
single_renter,"single, renter",False,False,constant_real,0.1,0.0,5.625499263059597,9.378644854730858,0.29274535615035835,0.5159844994403219,5.52735493673041,0.4568,0.6313909119609845,0.41437507291892267,below the free area
single_renter,"single, renter",False,False,constant_real,0.1,0.1,5.625499263059597,9.378644854730858,0.29274535615035835,0.5094942284831243,5.52735493673041,0.3815,0.6311193790760281,0.40256780906356726,below the free area
single_renter,"single, renter",False,False,constant_real,0.1,0.2,5.625499263059597,9.378644854730858,0.29274535615035835,0.4956572394559994,5.52735493673041,0.30575,0.6279551784273615,0.3890264193316436,below the free area
single_renter,"single, renter",False,False,constant_real,0.1,0.3,5.625499263059597,9.378644854730858,0.29274535615035835,0.4711528679066169,5.52735493673041,0.23995,0.6220672310039572,0.3706522553324268,below the free area
single_renter,"single, renter",False,False,constant_real,0.1,0.4,5.625499263059597,9.378644854730858,0.29274535615035835,0.43661118353063294,5.52735493673041,0.1916,0.6137417353058037,0.35031741162017993,below the free area
single_renter,"single, renter",False,False,constant_real,0.1,0.5,5.625499263059597,9.378644854730858,0.29274535615035835,0.39538209098045396,5.52735493673041,0.15755,0.6035452249567351,0.3257825624169574,below the free area
single_renter,"single, renter",False,False,constant_real,0.1,0.6,5.625499263059597,9.378644854730858,0.29274535615035835,0.348576142538617,5.52735493673041,0.12995,0.5923088917253366,0.2944221211273372,below the free area
single_renter,"single, renter",False,False,constant_real,0.1,0.7,5.625499263059597,9.378644854730858,0.29274535615035835,0.3081591121527961,5.52735493673041,0.11,0.580717602647768,0.25800398319728446,below the free area
single_renter,"single, renter",False,False,constant_real,0.1,0.8,5.625499263059597,9.378644854730858,0.29274535615035835,0.2768607349951528,5.52735493673041,0.0948,0.5690983000177263,0.23178246078833567,below the free area
single_renter,"single, renter",False,False,constant_real,0.1,0.9,5.625499263059597,9.378644854730858,0.29274535615035835,0.24909145059397136,5.52735493673041,0.0874,0.5576427901114039,0.20990942798736115,below the free area
single_renter,"single, renter",False,False,constant_real,0.1,1.0,5.625499263059597,9.378644854730858,0.29274535615035835,0.22818107027917098,5.52735493673041,0.083,0.547036242089794,0.191788611291238,below the free area
single_renter,"single, renter",False,False,constant_real,0.14,0.0,5.625499263059597,9.378644854730858,0.29274535615035835,0.5502155095893175,7.738296911422573,0.4568,0.6982447866743233,0.447524240486858,inside the taper band
single_renter,"single, renter",False,False,constant_real,0.14,0.1,5.625499263059597,9.378644854730858,0.29274535615035835,0.5417202537491833,7.738296911422573,0.3815,0.6970102955003874,0.43107884062022567,inside the taper band
single_renter,"single, renter",False,False,constant_real,0.14,0.2,5.625499263059597,9.378644854730858,0.29274535615035835,0.5266600965479018,7.738296911422573,0.30575,0.6926309489431064,0.41052183545183185,inside the taper band
single_renter,"single, renter",False,False,constant_real,0.14,0.3,5.625499263059597,9.378644854730858,0.29274535615035835,0.5002124414579157,7.738296911422573,0.23995,0.6852948173268683,0.3875117736556456,inside the taper band
single_renter,"single, renter",False,False,constant_real,0.14,0.4,5.625499263059597,9.378644854730858,0.29274535615035835,0.4649512671724236,7.738296911422573,0.1916,0.6750935139082519,0.36145377947036683,inside the taper band
single_renter,"single, renter",False,False,constant_real,0.14,0.5,5.625499263059597,9.378644854730858,0.29274535615035835,0.42454152238271736,7.738296911422573,0.15755,0.6633649921824554,0.3340256019889804,inside the taper band
single_renter,"single, renter",False,False,constant_real,0.14,0.6,5.625499263059597,9.378644854730858,0.29274535615035835,0.3797466863267415,7.738296911422573,0.12995,0.6511904551757552,0.305015220438512,inside the taper band
single_renter,"single, renter",False,False,constant_real,0.14,0.7,5.625499263059597,9.378644854730858,0.29274535615035835,0.34379165597023276,7.738296911422573,0.11,0.6393313071983215,0.277317128657348,inside the taper band
single_renter,"single, renter",False,False,constant_real,0.14,0.8,5.625499263059597,9.378644854730858,0.29274535615035835,0.3132240588274317,7.738296911422573,0.0948,0.6280084283367141,0.25291543371880987,inside the taper band
single_renter,"single, renter",False,False,constant_real,0.14,0.9,5.625499263059597,9.378644854730858,0.29274535615035835,0.28647290027438443,7.738296911422573,0.0874,0.6174765092159331,0.2318312267743177,inside the taper band
single_renter,"single, renter",False,False,constant_real,0.14,1.0,5.625499263059597,9.378644854730858,0.29274535615035835,0.267988805809945,7.738296911422573,0.083,0.6079811269775935,0.21604493962096125,inside the taper band
single_renter,"single, renter",False,False,constant_real,0.2,0.0,5.625499263059597,9.378644854730858,0.29274535615035835,0.5882281696057521,11.05470987346082,0.4568,0.8019133864240369,0.4492869049050311,above the cut-off
single_renter,"single, renter",False,False,constant_real,0.2,0.1,5.625499263059597,9.378644854730858,0.29274535615035835,0.5816668601330334,11.05470987346082,0.3815,0.8013696586417739,0.4492869049050311,above the cut-off
single_renter,"single, renter",False,False,constant_real,0.2,0.2,5.625499263059597,9.378644854730858,0.29274535615035835,0.5641389568461718,11.05470987346082,0.30575,0.7975076183903498,0.4426495307668897,above the cut-off
single_renter,"single, renter",False,False,constant_real,0.2,0.3,5.625499263059597,9.378644854730858,0.29274535615035835,0.5386062074132212,11.05470987346082,0.23995,0.7899367772909182,0.41770688816227686,above the cut-off
single_renter,"single, renter",False,False,constant_real,0.2,0.4,5.625499263059597,9.378644854730858,0.29274535615035835,0.5018059906931395,11.05470987346082,0.1916,0.7796498863709312,0.3894977272915168,above the cut-off
single_renter,"single, renter",False,False,constant_real,0.2,0.5,5.625499263059597,9.378644854730858,0.29274535615035835,0.4606088127709802,11.05470987346082,0.15755,0.768419539262555,0.35928688401049474,above the cut-off
single_renter,"single, renter",False,False,constant_real,0.2,0.6,5.625499263059597,9.378644854730858,0.29274535615035835,0.42419582838558395,11.05470987346082,0.12995,0.7574447337822768,0.3311872770755088,above the cut-off
single_renter,"single, renter",False,False,constant_real,0.2,0.7,5.625499263059597,9.378644854730858,0.29274535615035835,0.3888831278850473,11.05470987346082,0.11,0.7472448066546986,0.3054911315340547,above the cut-off
single_renter,"single, renter",False,False,constant_real,0.2,0.8,5.625499263059597,9.378644854730858,0.29274535615035835,0.36411694924133386,11.05470987346082,0.0948,0.7378986445375564,0.2843076051037298,above the cut-off
single_renter,"single, renter",False,False,constant_real,0.2,0.9,5.625499263059597,9.378644854730858,0.29274535615035835,0.3432912026423588,11.05470987346082,0.0874,0.7294726315831984,0.2676366227061716,above the cut-off
single_renter,"single, renter",False,False,constant_real,0.2,1.0,5.625499263059597,9.378644854730858,0.29274535615035835,0.32397000059178116,11.05470987346082,0.083,0.7217497828962742,0.25526438062560186,above the cut-off
single_renter,"single, renter",False,False,constant_real,0.28,0.0,5.625499263059597,9.378644854730858,0.29274535615035835,0.6316078938264081,15.476593822845146,0.4568,0.9532241288076774,0.4492869049050311,above the cut-off
single_renter,"single, renter",False,False,constant_real,0.28,0.1,5.625499263059597,9.378644854730858,0.29274535615035835,0.6251054571460053,15.476593822845146,0.3815,0.9559467228359642,0.4492869049050311,above the cut-off
single_renter,"single, renter",False,False,constant_real,0.28,0.2,5.625499263059597,9.378644854730858,0.29274535615035835,0.6096482031837359,15.476593822845146,0.30575,0.9547559944685564,0.4492869049050311,above the cut-off
single_renter,"single, renter",False,False,constant_real,0.28,0.3,5.625499263059597,9.378644854730858,0.29274535615035835,0.582421178070619,15.476593822845146,0.23995,0.9494584617346152,0.4492869049050311,above the cut-off
single_renter,"single, renter",False,False,constant_real,0.28,0.4,5.625499263059597,9.378644854730858,0.29274535615035835,0.547146141920982,15.476593822845146,0.1916,0.9418294422003946,0.4218051888375695,above the cut-off
single_renter,"single, renter",False,False,constant_real,0.28,0.5,5.625499263059597,9.378644854730858,0.29274535615035835,0.5105913120581603,15.476593822845146,0.15755,0.9334353588649318,0.39518785903471043,above the cut-off
single_renter,"single, renter",False,False,constant_real,0.28,0.6,5.625499263059597,9.378644854730858,0.29274535615035835,0.4822154619407726,15.476593822845146,0.12995,0.9252373664199715,0.37102772774529785,above the cut-off
single_renter,"single, renter",False,False,constant_real,0.28,0.7,5.625499263059597,9.378644854730858,0.29274535615035835,0.4514851997998684,15.476593822845146,0.11,0.9179806500246656,0.3504889066033368,above the cut-off
single_renter,"single, renter",False,False,constant_real,0.28,0.8,5.625499263059597,9.378644854730858,0.29274535615035835,0.4299954770883461,15.476593822845146,0.0948,0.9115907202596747,0.33195711605918327,above the cut-off
single_renter,"single, renter",False,False,constant_real,0.28,0.9,5.625499263059597,9.378644854730858,0.29274535615035835,0.40701805244227673,15.476593822845146,0.0874,0.9056236786192501,0.3156214834906945,above the cut-off
single_renter,"single, renter",False,False,constant_real,0.28,1.0,5.625499263059597,9.378644854730858,0.29274535615035835,0.38824369249793045,15.476593822845146,0.083,0.8999353341329606,0.30311828682626507,above the cut-off
single_renter,"single, renter",False,False,constant_real,0.4,0.0,5.625499263059597,9.378644854730858,0.29274535615035835,0.6785719810725505,22.10941974692164,0.4568,1.201845393585347,0.4492869049050311,above the cut-off
single_renter,"single, renter",False,False,constant_real,0.4,0.1,5.625499263059597,9.378644854730858,0.29274535615035835,0.677627203349798,22.10941974692164,0.3815,1.211851665853393,0.4492869049050311,above the cut-off
single_renter,"single, renter",False,False,constant_real,0.4,0.2,5.625499263059597,9.378644854730858,0.29274535615035835,0.6647716886069837,22.10941974692164,0.30575,1.2172642196212762,0.4492869049050311,above the cut-off
single_renter,"single, renter",False,False,constant_real,0.4,0.3,5.625499263059597,9.378644854730858,0.29274535615035835,0.6418774157826885,22.10941974692164,0.23995,1.2183773720236275,0.4492869049050311,above the cut-off
single_renter,"single, renter",False,False,constant_real,0.4,0.4,5.625499263059597,9.378644854730858,0.29274535615035835,0.6179800900872373,22.10941974692164,0.1916,1.216435665945851,0.4492869049050311,above the cut-off
single_renter,"single, renter",False,False,constant_real,0.4,0.5,5.625499263059597,9.378644854730858,0.29274535615035835,0.5896201097606735,22.10941974692164,0.15755,1.2132796578587002,0.4492869049050311,above the cut-off
single_renter,"single, renter",False,False,constant_real,0.4,0.6,5.625499263059597,9.378644854730858,0.29274535615035835,0.5618808807942568,22.10941974692164,0.12995,1.2097458841471627,0.4295434903593116,above the cut-off
single_renter,"single, renter",False,False,constant_real,0.4,0.7,5.625499263059597,9.378644854730858,0.29274535615035835,0.5385383709558651,22.10941974692164,0.11,1.2071940837804531,0.4128578464772578,above the cut-off
single_renter,"single, renter",False,False,constant_real,0.4,0.8,5.625499263059597,9.378644854730858,0.29274535615035835,0.5157315204251487,22.10941974692164,0.0948,1.2045633569352836,0.39856334441505087,above the cut-off
single_renter,"single, renter",False,False,constant_real,0.4,0.9,5.625499263059597,9.378644854730858,0.29274535615035835,0.49322937758768115,22.10941974692164,0.0874,1.2015630434909492,0.38506452542652797,above the cut-off
single_renter,"single, renter",False,False,constant_real,0.4,1.0,5.625499263059597,9.378644854730858,0.29274535615035835,0.47794400092775874,22.10941974692164,0.083,1.1979879705714875,0.3765968495491287,above the cut-off
single_renter,"single, renter",False,False,constant_real,0.6,0.0,5.625499263059597,9.378644854730858,0.29274535615035835,0.7331768920483461,33.164129620382454,0.4568,1.6506817323233072,0.4492869049050311,above the cut-off
single_renter,"single, renter",False,False,constant_real,0.6,0.1,5.625499263059597,9.378644854730858,0.29274535615035835,0.7413481464803666,33.164129620382454,0.3815,1.6758098799898067,0.4492869049050311,above the cut-off
single_renter,"single, renter",False,False,constant_real,0.6,0.2,5.625499263059597,9.378644854730858,0.29274535615035835,0.7418957058887075,33.164129620382454,0.30575,1.6953981272685612,0.4492869049050311,above the cut-off
single_renter,"single, renter",False,False,constant_real,0.6,0.3,5.625499263059597,9.378644854730858,0.29274535615035835,0.7355543829911454,33.164129620382454,0.23995,1.7086923133280643,0.4492869049050311,above the cut-off
single_renter,"single, renter",False,False,constant_real,0.6,0.4,5.625499263059597,9.378644854730858,0.29274535615035835,0.7222219911296265,33.164129620382454,0.1916,1.7170441533510714,0.4492869049050311,above the cut-off
single_renter,"single, renter",False,False,constant_real,0.6,0.5,5.625499263059597,9.378644854730858,0.29274535615035835,0.7079832458179154,33.164129620382454,0.15755,1.722252869111726,0.4492869049050311,above the cut-off
single_renter,"single, renter",False,False,constant_real,0.6,0.6,5.625499263059597,9.378644854730858,0.29274535615035835,0.6837750843619516,33.164129620382454,0.12995,1.7260846140193522,0.4492869049050311,above the cut-off
single_renter,"single, renter",False,False,constant_real,0.6,0.7,5.625499263059597,9.378644854730858,0.29274535615035835,0.6624147233234411,33.164129620382454,0.11,1.729437999715305,0.4492869049050311,above the cut-off
single_renter,"single, renter",False,False,constant_real,0.6,0.8,5.625499263059597,9.378644854730858,0.29274535615035835,0.6448874835109082,33.164129620382454,0.0948,1.7314035129445637,0.4492869049050311,above the cut-off
single_renter,"single, renter",False,False,constant_real,0.6,0.9,5.625499263059597,9.378644854730858,0.29274535615035835,0.6228588631683991,33.164129620382454,0.0874,1.7314629281324763,0.4492869049050311,above the cut-off
single_renter,"single, renter",False,False,constant_real,0.6,1.0,5.625499263059597,9.378644854730858,0.29274535615035835,0.6022922830950286,33.164129620382454,0.083,1.7296434182588885,0.4492869049050311,above the cut-off
single_renter,"single, renter",False,False,constant_real,1.0,0.0,5.625499263059597,9.378644854730858,0.29274535615035835,0.7924332305213598,55.273549367304085,0.4568,2.6034854318024703,0.4492869049050311,above the cut-off
single_renter,"single, renter",False,False,constant_real,1.0,0.1,5.625499263059597,9.378644854730858,0.29274535615035835,0.8220516651384548,55.273549367304085,0.3815,2.661326479707025,0.4492869049050311,above the cut-off
single_renter,"single, renter",False,False,constant_real,1.0,0.2,5.625499263059597,9.378644854730858,0.29274535615035835,0.8484558410452181,55.273549367304085,0.30575,2.7093789892618414,0.4492869049050311,above the cut-off
single_renter,"single, renter",False,False,constant_real,1.0,0.3,5.625499263059597,9.378644854730858,0.29274535615035835,0.8680101745716309,55.273549367304085,0.23995,2.745878206207174,0.4492869049050311,above the cut-off
single_renter,"single, renter",False,False,constant_real,1.0,0.4,5.625499263059597,9.378644854730858,0.29274535615035835,0.8744396002455258,55.273549367304085,0.1916,2.772132622709208,0.4492869049050311,above the cut-off
single_renter,"single, renter",False,False,constant_real,1.0,0.5,5.625499263059597,9.378644854730858,0.29274535615035835,0.8783042236727453,55.273549367304085,0.15755,2.791746582657765,0.49356029884188146,above the cut-off
single_renter,"single, renter",False,False,constant_real,1.0,0.6,5.625499263059597,9.378644854730858,0.29274535615035835,0.8812342794073615,55.273549367304085,0.12995,2.806948012383383,0.5496853605381921,above the cut-off
single_renter,"single, renter",False,False,constant_real,1.0,0.7,5.625499263059597,9.378644854730858,0.29274535615035835,0.8731977104846836,55.273549367304085,0.11,2.819331176161224,0.5811106423773214,above the cut-off
single_renter,"single, renter",False,False,constant_real,1.0,0.8,5.625499263059597,9.378644854730858,0.29274535615035835,0.861737773446985,55.273549367304085,0.0948,2.828050625626583,0.5972837014568367,above the cut-off
single_renter,"single, renter",False,False,constant_real,1.0,0.9,5.625499263059597,9.378644854730858,0.29274535615035835,0.8154989962675961,55.273549367304085,0.0874,2.832293719122465,0.6038065786514205,above the cut-off
single_renter,"single, renter",False,False,constant_real,1.0,1.0,5.625499263059597,9.378644854730858,0.29274535615035835,0.8014523874553058,55.273549367304085,0.083,2.8318443425063875,0.6029723445591636,above the cut-off
single_renter,"single, renter",False,False,constant_percent,0.02,0.0,5.625499263059597,9.378644854730858,0.29274535615035835,0.41170325940098174,1.1054709873460817,0.0,0.46878750689417714,0.3029124858904436,below the free area
single_renter,"single, renter",False,False,constant_percent,0.02,0.1,5.625499263059597,9.378644854730858,0.29274535615035835,0.41291117397616683,1.1054709873460817,0.0,0.472105754134938,0.30329316464806344,below the free area
single_renter,"single, renter",False,False,constant_percent,0.02,0.2,5.625499263059597,9.378644854730858,0.29274535615035835,0.41413953653936175,1.1054709873460817,0.0,0.47569500939806203,0.3036531257061045,below the free area
single_renter,"single, renter",False,False,constant_percent,0.02,0.3,5.625499263059597,9.378644854730858,0.29274535615035835,0.4153815893915476,1.1054709873460817,0.0,0.47955124655237497,0.30400677559428346,below the free area
single_renter,"single, renter",False,False,constant_percent,0.02,0.4,5.625499263059597,9.378644854730858,0.29274535615035835,0.41662766555648345,1.1054709873460817,0.0,0.4836532804896139,0.3043257056791292,below the free area
single_renter,"single, renter",False,False,constant_percent,0.02,0.5,5.625499263059597,9.378644854730858,0.29274535615035835,0.41786714392353796,1.1054709873460817,0.0,0.48796795281850414,0.3046573816181731,below the free area
single_renter,"single, renter",False,False,constant_percent,0.02,0.6,5.625499263059597,9.378644854730858,0.29274535615035835,0.41909068332805544,1.1054709873460817,0.0,0.4925332345747148,0.3049233591297257,below the free area
single_renter,"single, renter",False,False,constant_percent,0.02,0.7,5.625499263059597,9.378644854730858,0.29274535615035835,0.4202844516888634,1.1054709873460817,0.0,0.4973398671945675,0.3051551750441478,below the free area
single_renter,"single, renter",False,False,constant_percent,0.02,0.8,5.625499263059597,9.378644854730858,0.29274535615035835,0.4214328614428578,1.1054709873460817,0.0,0.5023545134320688,0.305369198475973,below the free area
single_renter,"single, renter",False,False,constant_percent,0.02,0.9,5.625499263059597,9.378644854730858,0.29274535615035835,0.42252090429390177,1.1054709873460817,0.0,0.5075392641722313,0.3055454668714237,below the free area
single_renter,"single, renter",False,False,constant_percent,0.02,1.0,5.625499263059597,9.378644854730858,0.29274535615035835,0.4235353315255674,1.1054709873460817,0.0,0.5129004091546349,0.3057266247589036,below the free area
single_renter,"single, renter",False,False,constant_percent,0.04,0.0,5.625499263059597,9.378644854730858,0.29274535615035835,0.44872873931675955,2.2109419746921635,0.0,0.5085277079768561,0.3362528288378686,below the free area
single_renter,"single, renter",False,False,constant_percent,0.04,0.1,5.625499263059597,9.378644854730858,0.29274535615035835,0.45105456559847457,2.2109419746921635,0.0,0.5144012110655779,0.3370141863531083,below the free area
single_renter,"single, renter",False,False,constant_percent,0.04,0.2,5.625499263059597,9.378644854730858,0.29274535615035835,0.4533761869352223,2.2109419746921635,0.0,0.5206030000509769,0.3377341084691903,below the free area
single_renter,"single, renter",False,False,constant_percent,0.04,0.3,5.625499263059597,9.378644854730858,0.29274535615035835,0.45567264243976213,2.2109419746921635,0.0,0.5271384508043016,0.33844140824554836,below the free area
single_renter,"single, renter",False,False,constant_percent,0.04,0.4,5.625499263059597,9.378644854730858,0.29274535615035835,0.4579248228345003,2.2109419746921635,0.0,0.5340096868457134,0.3390792684152397,below the free area
single_renter,"single, renter",False,False,constant_percent,0.04,0.5,5.625499263059597,9.378644854730858,0.29274535615035835,0.4600953820543603,2.2109419746921635,0.0,0.5411202688392577,0.33974262029332747,below the free area
single_renter,"single, renter",False,False,constant_percent,0.04,0.6,5.625499263059597,9.378644854730858,0.29274535615035835,0.46215474360344205,2.2109419746921635,0.0,0.5484397409953049,0.3402745753164328,below the free area
single_renter,"single, renter",False,False,constant_percent,0.04,0.7,5.625499263059597,9.378644854730858,0.29274535615035835,0.4640766805591367,2.2109419746921635,0.0,0.5559796254553856,0.340738207145277,below the free area
single_renter,"single, renter",False,False,constant_percent,0.04,0.8,5.625499263059597,9.378644854730858,0.29274535615035835,0.46584211841607126,2.2109419746921635,0.0,0.5638515645012996,0.3411662540089273,below the free area
single_renter,"single, renter",False,False,constant_percent,0.04,0.9,5.625499263059597,9.378644854730858,0.29274535615035835,0.4674394928849381,2.2109419746921635,0.0,0.5722555336965222,0.3415187907998287,below the free area
single_renter,"single, renter",False,False,constant_percent,0.04,1.0,5.625499263059597,9.378644854730858,0.29274535615035835,0.4688585200003722,2.2109419746921635,0.0,0.581450421180475,0.3418811065747887,below the free area
single_renter,"single, renter",False,False,constant_percent,0.07,0.0,5.625499263059597,9.378644854730858,0.29274535615035835,0.49341690363992463,3.8691484557112865,0.0,0.558591006628965,0.3862633432590062,below the free area
single_renter,"single, renter",False,False,constant_percent,0.07,0.1,5.625499263059597,9.378644854730858,0.29274535615035835,0.4972604877567139,3.8691484557112865,0.0,0.5672015809847784,0.38759571891067557,below the free area
single_renter,"single, renter",False,False,constant_percent,0.07,0.2,5.625499263059597,9.378644854730858,0.29274535615035835,0.5010109018743855,3.8691484557112865,0.0,0.5761300014252508,0.3888555826138191,below the free area
single_renter,"single, renter",False,False,constant_percent,0.07,0.3,5.625499263059597,9.378644854730858,0.29274535615035835,0.5046093578080824,3.8691484557112865,0.0,0.585296177385713,0.3900933572224457,below the free area
single_renter,"single, renter",False,False,constant_percent,0.07,0.4,5.625499263059597,9.378644854730858,0.29274535615035835,0.5080127735238977,3.8691484557112865,0.0,0.5947493181237804,0.3912096125194056,below the free area
single_renter,"single, renter",False,False,constant_percent,0.07,0.5,5.625499263059597,9.378644854730858,0.29274535615035835,0.5111900838374223,3.8691484557112865,0.0,0.6047236981239384,0.39237047830605915,below the free area
single_renter,"single, renter",False,False,constant_percent,0.07,0.6,5.625499263059597,9.378644854730858,0.29274535615035835,0.5141151809667984,3.8691484557112865,0.0,0.6154194796173262,0.39330139959649335,below the free area
single_renter,"single, renter",False,False,constant_percent,0.07,0.7,5.625499263059597,9.378644854730858,0.29274535615035835,0.5167618710382899,3.8691484557112865,0.0,0.6270968275087098,0.39411275529697076,below the free area
single_renter,"single, renter",False,False,constant_percent,0.07,0.8,5.625499263059597,9.378644854730858,0.29274535615035835,0.5191067942406244,3.8691484557112865,0.0,0.6400972801593765,0.39486183730835883,below the free area
single_renter,"single, renter",False,False,constant_percent,0.07,0.9,5.625499263059597,9.378644854730858,0.29274535615035835,0.5211532941578253,3.8691484557112865,0.0,0.6549019194048465,0.3954787766924364,below the free area
single_renter,"single, renter",False,False,constant_percent,0.07,1.0,5.625499263059597,9.378644854730858,0.29274535615035835,0.5228872052109254,3.8691484557112865,0.0,0.6719839742102864,0.39611282929861624,below the free area
single_renter,"single, renter",False,False,constant_percent,0.1,0.0,5.625499263059597,9.378644854730858,0.29274535615035835,0.5292954960574517,5.52735493673041,0.0,0.6005968341339367,0.43627385768014365,below the free area
single_renter,"single, renter",False,False,constant_percent,0.1,0.1,5.625499263059597,9.378644854730858,0.29274535615035835,0.534369688698977,5.52735493673041,0.0,0.6111465634846396,0.43817725146824277,below the free area
single_renter,"single, renter",False,False,constant_percent,0.1,0.2,5.625499263059597,9.378644854730858,0.29274535615035835,0.5391947737482548,5.52735493673041,0.0,0.6220500635804306,0.4399770567584478,below the free area
single_renter,"single, renter",False,False,constant_percent,0.1,0.3,5.625499263059597,9.378644854730858,0.29274535615035835,0.5437678627099456,5.52735493673041,0.0,0.633644569005966,0.441745306199343,below the free area
single_renter,"single, renter",False,False,constant_percent,0.1,0.4,5.625499263059597,9.378644854730858,0.29274535615035835,0.5480424654156916,5.52735493673041,0.0,0.6461910185497591,0.44333995662357145,below the free area
single_renter,"single, renter",False,False,constant_percent,0.1,0.5,5.625499263059597,9.378644854730858,0.29274535615035835,0.5519847281173417,5.52735493673041,0.0,0.660005138309001,0.44499833631879077,below the free area
single_renter,"single, renter",False,False,constant_percent,0.1,0.6,5.625499263059597,9.378644854730858,0.29274535615035835,0.5555098885042967,5.52735493673041,0.0,0.6753217617590739,0.44632822387655396,below the free area
single_renter,"single, renter",False,False,constant_percent,0.1,0.7,5.625499263059597,9.378644854730858,0.29274535615035835,0.5586469313581204,5.52735493673041,0.0,0.6927574053404005,0.4474873034486645,below the free area
single_renter,"single, renter",False,False,constant_percent,0.1,0.8,5.625499263059597,9.378644854730858,0.29274535615035835,0.5613863653750112,5.52735493673041,0.0,0.712867918885211,0.4485574206077903,below the free area
single_renter,"single, renter",False,False,constant_percent,0.1,0.9,5.625499263059597,9.378644854730858,0.29274535615035835,0.5637643286215221,5.52735493673041,0.0,0.7363036995095726,0.449438762585044,below the free area
single_renter,"single, renter",False,False,constant_percent,0.1,1.0,5.625499263059597,9.378644854730858,0.29274535615035835,0.5657996145370034,5.52735493673041,0.0,0.7637585488971114,0.4502821008842594,below the free area
single_renter,"single, renter",False,False,constant_percent,0.14,0.0,5.625499263059597,9.378644854730858,0.29274535615035835,0.5673037135264161,7.738296911422573,0.0,0.6507565215183325,0.4602947697203253,inside the taper band
single_renter,"single, renter",False,False,constant_percent,0.14,0.1,5.625499263059597,9.378644854730858,0.29274535615035835,0.5736232486117689,7.738296911422573,0.0,0.664208413961891,0.46471179116413575,inside the taper band
single_renter,"single, renter",False,False,constant_percent,0.14,0.2,5.625499263059597,9.378644854730858,0.29274535615035835,0.5796026870735761,7.738296911422573,0.0,0.67881737913584,0.46929260010812046,inside the taper band
single_renter,"single, renter",False,False,constant_percent,0.14,0.3,5.625499263059597,9.378644854730858,0.29274535615035835,0.5852272135513974,7.738296911422573,0.0,0.6950329351338623,0.47384440892226953,inside the taper band
single_renter,"single, renter",False,False,constant_percent,0.14,0.4,5.625499263059597,9.378644854730858,0.29274535615035835,0.5903645180348539,7.738296911422573,0.0,0.7131797717655646,0.4780073748933838,inside the taper band
single_renter,"single, renter",False,False,constant_percent,0.14,0.5,5.625499263059597,9.378644854730858,0.29274535615035835,0.595009218657645,7.738296911422573,0.0,0.7337376170185774,0.48191387228230415,inside the taper band
single_renter,"single, renter",False,False,constant_percent,0.14,0.6,5.625499263059597,9.378644854730858,0.29274535615035835,0.5991978616622937,7.738296911422573,0.0,0.7574062683765257,0.48541597878011356,inside the taper band
single_renter,"single, renter",False,False,constant_percent,0.14,0.7,5.625499263059597,9.378644854730858,0.29274535615035835,0.6029630132277829,7.738296911422573,0.0,0.7849266586569533,0.4881096838130695,inside the taper band
single_renter,"single, renter",False,False,constant_percent,0.14,0.8,5.625499263059597,9.378644854730858,0.29274535615035835,0.6062933311681165,7.738296911422573,0.0,0.8169114033994208,0.49028904317827743,inside the taper band
single_renter,"single, renter",False,False,constant_percent,0.14,0.9,5.625499263059597,9.378644854730858,0.29274535615035835,0.6092536897358298,7.738296911422573,0.0,0.8541864635970827,0.49192097978790855,inside the taper band
single_renter,"single, renter",False,False,constant_percent,0.14,1.0,5.625499263059597,9.378644854730858,0.29274535615035835,0.6118643760037159,7.738296911422573,0.0,0.8974704927939291,0.4930218250605116,inside the taper band
single_renter,"single, renter",False,False,constant_percent,0.2,0.0,5.625499263059597,9.378644854730858,0.29274535615035835,0.6109764369878187,11.05470987346082,0.0,0.7272814913311767,0.4786990259039521,above the cut-off
single_renter,"single, renter",False,False,constant_percent,0.2,0.1,5.625499263059597,9.378644854730858,0.29274535615035835,0.6189164081335526,11.05470987346082,0.0,0.7472664096514163,0.48732231877743065,above the cut-off
single_renter,"single, renter",False,False,constant_percent,0.2,0.2,5.625499263059597,9.378644854730858,0.29274535615035835,0.626347707216313,11.05470987346082,0.0,0.769786353414204,0.4958638226111492,above the cut-off
single_renter,"single, renter",False,False,constant_percent,0.2,0.3,5.625499263059597,9.378644854730858,0.29274535615035835,0.6332591441774352,11.05470987346082,0.0,0.7954411914375666,0.5039453542436676,above the cut-off
single_renter,"single, renter",False,False,constant_percent,0.2,0.4,5.625499263059597,9.378644854730858,0.29274535615035835,0.6396394959369301,11.05470987346082,0.0,0.8248073232364987,0.5115842924596412,above the cut-off
single_renter,"single, renter",False,False,constant_percent,0.2,0.5,5.625499263059597,9.378644854730858,0.29274535615035835,0.6454825274335431,11.05470987346082,0.0,0.8586567466965436,0.5184871204584828,above the cut-off
single_renter,"single, renter",False,False,constant_percent,0.2,0.6,5.625499263059597,9.378644854730858,0.29274535615035835,0.6508383774193691,11.05470987346082,0.0,0.8977791492747007,0.5247452237058089,above the cut-off
single_renter,"single, renter",False,False,constant_percent,0.2,0.7,5.625499263059597,9.378644854730858,0.29274535615035835,0.6556954294930808,11.05470987346082,0.0,0.9429349326180306,0.5295849224051541,above the cut-off
single_renter,"single, renter",False,False,constant_percent,0.2,0.8,5.625499263059597,9.378644854730858,0.29274535615035835,0.6601664341739918,11.05470987346082,0.0,0.9950117348104744,0.5334578478253539,above the cut-off
single_renter,"single, renter",False,False,constant_percent,0.2,0.9,5.625499263059597,9.378644854730858,0.29274535615035835,0.6641883501574444,11.05470987346082,0.0,1.0546765436111485,0.5364481576728526,above the cut-off
single_renter,"single, renter",False,False,constant_percent,0.2,1.0,5.625499263059597,9.378644854730858,0.29274535615035835,0.6676686146887141,11.05470987346082,0.0,1.122547328061804,0.5383179635625494,above the cut-off
single_renter,"single, renter",False,False,constant_percent,0.28,0.0,5.625499263059597,9.378644854730858,0.29274535615035835,0.6562521465775337,15.476593822845146,0.0,0.8431643833332598,0.5019929340188811,above the cut-off
single_renter,"single, renter",False,False,constant_percent,0.28,0.1,5.625499263059597,9.378644854730858,0.29274535615035835,0.6662397331029415,15.476593822845146,0.0,0.8746844385687536,0.5145529426345345,above the cut-off
single_renter,"single, renter",False,False,constant_percent,0.28,0.2,5.625499263059597,9.378644854730858,0.29274535615035835,0.6756424364499599,15.476593822845146,0.0,0.9106560133370193,0.527719744234542,above the cut-off
single_renter,"single, renter",False,False,constant_percent,0.28,0.3,5.625499263059597,9.378644854730858,0.29274535615035835,0.6843907116533191,15.476593822845146,0.0,0.9517474609326253,0.5405243897490446,above the cut-off
single_renter,"single, renter",False,False,constant_percent,0.28,0.4,5.625499263059597,9.378644854730858,0.29274535615035835,0.6925435075710844,15.476593822845146,0.0,0.998790395875051,0.5525861438476534,above the cut-off
single_renter,"single, renter",False,False,constant_percent,0.28,0.5,5.625499263059597,9.378644854730858,0.29274535615035835,0.7001057814787046,15.476593822845146,0.0,1.0526518133384515,0.5634320593731345,above the cut-off
single_renter,"single, renter",False,False,constant_percent,0.28,0.6,5.625499263059597,9.378644854730858,0.29274535615035835,0.7070146813700326,15.476593822845146,0.0,1.1141315303006385,0.5728881707056449,above the cut-off
single_renter,"single, renter",False,False,constant_percent,0.28,0.7,5.625499263059597,9.378644854730858,0.29274535615035835,0.713563166527635,15.476593822845146,0.0,1.1843288423748999,0.5768344733135907,above the cut-off
single_renter,"single, renter",False,False,constant_percent,0.28,0.8,5.625499263059597,9.378644854730858,0.29274535615035835,0.7194964988515966,15.476593822845146,0.0,1.2638854416929606,0.5780506230849988,above the cut-off
single_renter,"single, renter",False,False,constant_percent,0.28,0.9,5.625499263059597,9.378644854730858,0.29274535615035835,0.7247371612440565,15.476593822845146,0.0,1.3535139207477118,0.5788969193127099,above the cut-off
single_renter,"single, renter",False,False,constant_percent,0.28,1.0,5.625499263059597,9.378644854730858,0.29274535615035835,0.7293098841734815,15.476593822845146,0.0,1.45398766400732,0.5794452772552067,above the cut-off
single_renter,"single, renter",False,False,constant_percent,0.4,0.0,5.625499263059597,9.378644854730858,0.29274535615035835,0.7102505903090702,22.10941974692164,0.0,1.0433389923101948,0.5342376820529662,above the cut-off
single_renter,"single, renter",False,False,constant_percent,0.4,0.1,5.625499263059597,9.378644854730858,0.29274535615035835,0.7234102029134276,22.10941974692164,0.0,1.0949960174227664,0.5537974536297217,above the cut-off
single_renter,"single, renter",False,False,constant_percent,0.4,0.2,5.625499263059597,9.378644854730858,0.29274535615035835,0.7358660327098683,22.10941974692164,0.0,1.1536606382589962,0.5739009521621827,above the cut-off
single_renter,"single, renter",False,False,constant_percent,0.4,0.3,5.625499263059597,9.378644854730858,0.29274535615035835,0.7476898513970116,22.10941974692164,0.0,1.2202685466158252,0.5794104121955904,above the cut-off
single_renter,"single, renter",False,False,constant_percent,0.4,0.4,5.625499263059597,9.378644854730858,0.29274535615035835,0.7588002883023661,22.10941974692164,0.0,1.2957564628562348,0.5825793208087657,above the cut-off
single_renter,"single, renter",False,False,constant_percent,0.4,0.5,5.625499263059597,9.378644854730858,0.29274535615035835,0.7691936067182872,22.10941974692164,0.0,1.381118615891483,0.5852401761462384,above the cut-off
single_renter,"single, renter",False,False,constant_percent,0.4,0.6,5.625499263059597,9.378644854730858,0.29274535615035835,0.7791990149003767,22.10941974692164,0.0,1.4774415135310248,0.5873015641683464,above the cut-off
single_renter,"single, renter",False,False,constant_percent,0.4,0.7,5.625499263059597,9.378644854730858,0.29274535615035835,0.7885562349714047,22.10941974692164,0.0,1.5854672702967458,0.589145250387092,above the cut-off
single_renter,"single, renter",False,False,constant_percent,0.4,0.8,5.625499263059597,9.378644854730858,0.29274535615035835,0.7970722892133597,22.10941974692164,0.0,1.7059577148034446,0.5905047013003805,above the cut-off
single_renter,"single, renter",False,False,constant_percent,0.4,0.9,5.625499263059597,9.378644854730858,0.29274535615035835,0.8044774589381685,22.10941974692164,0.0,1.8397838066261405,0.5917836511522387,above the cut-off
single_renter,"single, renter",False,False,constant_percent,0.4,1.0,5.625499263059597,9.378644854730858,0.29274535615035835,0.8105960104014155,22.10941974692164,0.0,1.9880580264597847,0.5926833836051043,above the cut-off
single_renter,"single, renter",False,False,constant_percent,0.6,0.0,5.625499263059597,9.378644854730858,0.29274535615035835,0.7850961898885946,33.164129620382454,0.0,1.4207527587369024,0.5779721205901578,above the cut-off
single_renter,"single, renter",False,False,constant_percent,0.6,0.1,5.625499263059597,9.378644854730858,0.29274535615035835,0.8043547708070563,33.164129620382454,0.0,1.5085275403441087,0.5838743693917996,above the cut-off
single_renter,"single, renter",False,False,constant_percent,0.6,0.2,5.625499263059597,9.378644854730858,0.29274535615035835,0.8229767777677116,33.164129620382454,0.0,1.607205777350802,0.5893500080371371,above the cut-off
single_renter,"single, renter",False,False,constant_percent,0.6,0.3,5.625499263059597,9.378644854730858,0.29274535615035835,0.8410640495159231,33.164129620382454,0.0,1.7179038108729572,0.5941406936279223,above the cut-off
single_renter,"single, renter",False,False,constant_percent,0.6,0.4,5.625499263059597,9.378644854730858,0.29274535615035835,0.8588939723923356,33.164129620382454,0.0,1.841804818905013,0.5990124265034223,above the cut-off
single_renter,"single, renter",False,False,constant_percent,0.6,0.5,5.625499263059597,9.378644854730858,0.29274535615035835,0.8761306848565811,33.164129620382454,0.0,1.979933579999977,0.6033812494870631,above the cut-off
single_renter,"single, renter",False,False,constant_percent,0.6,0.6,5.625499263059597,9.378644854730858,0.29274535615035835,0.8918542497579872,33.164129620382454,0.0,2.133079898010635,0.606834702256041,above the cut-off
single_renter,"single, renter",False,False,constant_percent,0.6,0.7,5.625499263059597,9.378644854730858,0.29274535615035835,0.9060552204600079,33.164129620382454,0.0,2.302342914873721,0.6102836816670693,above the cut-off
single_renter,"single, renter",False,False,constant_percent,0.6,0.8,5.625499263059597,9.378644854730858,0.29274535615035835,0.9181811484421595,33.164129620382454,0.0,2.488895898617747,0.6129665041626178,above the cut-off
single_renter,"single, renter",False,False,constant_percent,0.6,0.9,5.625499263059597,9.378644854730858,0.29274535615035835,0.9285986358505828,33.164129620382454,0.0,2.6943476030227305,0.6161823457792794,above the cut-off
single_renter,"single, renter",False,False,constant_percent,0.6,1.0,5.625499263059597,9.378644854730858,0.29274535615035835,0.9369214709149024,33.164129620382454,0.0,2.920434829433615,0.61902127917784,above the cut-off
single_renter,"single, renter",False,False,constant_percent,1.0,0.0,5.625499263059597,9.378644854730858,0.29274535615035835,0.9139647192693569,55.273549367304085,0.0,2.246657117707507,0.5994855544181538,above the cut-off
single_renter,"single, renter",False,False,constant_percent,1.0,0.1,5.625499263059597,9.378644854730858,0.29274535615035835,0.9486509954136677,55.273549367304085,0.0,2.407558796629328,0.610678008706151,above the cut-off
single_renter,"single, renter",False,False,constant_percent,1.0,0.2,5.625499263059597,9.378644854730858,0.29274535615035835,0.9829474227152949,55.273549367304085,0.0,2.5858870664190348,0.6233730422311377,above the cut-off
single_renter,"single, renter",False,False,constant_percent,1.0,0.3,5.625499263059597,9.378644854730858,0.29274535615035835,1.0163983022413443,55.273549367304085,0.0,2.7830477289187625,0.6366641345037359,above the cut-off
single_renter,"single, renter",False,False,constant_percent,1.0,0.4,5.625499263059597,9.378644854730858,0.29274535615035835,1.048562230875423,55.273549367304085,0.0,3.000428273264341,0.6512216471266854,above the cut-off
single_renter,"single, renter",False,False,constant_percent,1.0,0.5,5.625499263059597,9.378644854730858,0.29274535615035835,1.077965777469695,55.273549367304085,0.0,3.2394696456345375,0.6652303646214733,above the cut-off
single_renter,"single, renter",False,False,constant_percent,1.0,0.6,5.625499263059597,9.378644854730858,0.29274535615035835,1.104155926854075,55.273549367304085,0.0,3.5018706235715227,0.6798383771987054,above the cut-off
single_renter,"single, renter",False,False,constant_percent,1.0,0.7,5.625499263059597,9.378644854730858,0.29274535615035835,1.127158000242486,55.273549367304085,0.0,3.7896116277773166,0.6943734231695454,above the cut-off
single_renter,"single, renter",False,False,constant_percent,1.0,0.8,5.625499263059597,9.378644854730858,0.29274535615035835,1.1469862713406764,55.273549367304085,0.0,4.105001528670347,0.7077089273077231,above the cut-off
single_renter,"single, renter",False,False,constant_percent,1.0,0.9,5.625499263059597,9.378644854730858,0.29274535615035835,1.1625415637808632,55.273549367304085,0.0,4.450634722946238,0.7188531723148434,above the cut-off
single_renter,"single, renter",False,False,constant_percent,1.0,1.0,5.625499263059597,9.378644854730858,0.29274535615035835,1.1735537720107219,55.273549367304085,0.0,4.82962629888449,0.7272602458836175,above the cut-off
couple_homeowner,"couple, homeowners",True,True,constant_real,0.02,0.0,4.521495032684151,10.188744876107755,0.4420454877870411,0.6007599454131538,1.1054709873460817,0.4568,0.6907522128426286,0.441928414929281,below the free area
couple_homeowner,"couple, homeowners",True,True,constant_real,0.02,0.1,4.521495032684151,10.188744876107755,0.4420454877870411,0.5988465410852498,1.1054709873460817,0.3815,0.6918482540682419,0.4417621168958638,below the free area
couple_homeowner,"couple, homeowners",True,True,constant_real,0.02,0.2,4.521495032684151,10.188744876107755,0.4420454877870411,0.5918004362006855,1.1054709873460817,0.30575,0.6924593066720456,0.44141380365993177,below the free area
couple_homeowner,"couple, homeowners",True,True,constant_real,0.02,0.3,4.521495032684151,10.188744876107755,0.4420454877870411,0.5713916474206282,1.1054709873460817,0.23995,0.692399588028266,0.4409306578085066,below the free area
couple_homeowner,"couple, homeowners",True,True,constant_real,0.02,0.4,4.521495032684151,10.188744876107755,0.4420454877870411,0.527197924795465,1.1054709873460817,0.1916,0.6915915329563469,0.4400491121302989,below the free area
couple_homeowner,"couple, homeowners",True,True,constant_real,0.02,0.5,4.521495032684151,10.188744876107755,0.4420454877870411,0.4669799622307458,1.1054709873460817,0.15755,0.6900076698195643,0.43875990896813727,below the free area
couple_homeowner,"couple, homeowners",True,True,constant_real,0.02,0.6,4.521495032684151,10.188744876107755,0.4420454877870411,0.3721060981048015,1.1054709873460817,0.12995,0.6875414389474076,0.43691524984574726,below the free area
couple_homeowner,"couple, homeowners",True,True,constant_real,0.02,0.7,4.521495032684151,10.188744876107755,0.4420454877870411,0.2928208826937568,1.1054709873460817,0.11,0.6840634378880459,0.43457917333779084,below the free area
couple_homeowner,"couple, homeowners",True,True,constant_real,0.02,0.8,4.521495032684151,10.188744876107755,0.4420454877870411,0.23088611025847766,1.1054709873460817,0.0948,0.679504395006833,0.43172038144417807,below the free area
couple_homeowner,"couple, homeowners",True,True,constant_real,0.02,0.9,4.521495032684151,10.188744876107755,0.4420454877870411,0.1818449270006019,1.1054709873460817,0.0874,0.6738745406851689,0.4276866234305492,below the free area
couple_homeowner,"couple, homeowners",True,True,constant_real,0.02,1.0,4.521495032684151,10.188744876107755,0.4420454877870411,0.1439465789114778,1.1054709873460817,0.083,0.6672995096498548,0.4229524671999261,below the free area
couple_homeowner,"couple, homeowners",True,True,constant_real,0.04,0.0,4.521495032684151,10.188744876107755,0.4420454877870411,0.6179665626491281,2.2109419746921635,0.4568,0.7317919304994291,0.4735657759810387,below the free area
couple_homeowner,"couple, homeowners",True,True,constant_real,0.04,0.1,4.521495032684151,10.188744876107755,0.4420454877870411,0.607636563869922,2.2109419746921635,0.3815,0.7323043765172952,0.471747197068179,below the free area
couple_homeowner,"couple, homeowners",True,True,constant_real,0.04,0.2,4.521495032684151,10.188744876107755,0.4420454877870411,0.5904825040832432,2.2109419746921635,0.30575,0.7314891068463596,0.4690709600106203,below the free area
couple_homeowner,"couple, homeowners",True,True,constant_real,0.04,0.3,4.521495032684151,10.188744876107755,0.4420454877870411,0.5583888007679167,2.2109419746921635,0.23995,0.7290136598134451,0.46496132194306883,below the free area
couple_homeowner,"couple, homeowners",True,True,constant_real,0.04,0.4,4.521495032684151,10.188744876107755,0.4420454877870411,0.5020215873822734,2.2109419746921635,0.1916,0.7246317182157481,0.4592924142024575,below the free area
couple_homeowner,"couple, homeowners",True,True,constant_real,0.04,0.5,4.521495032684151,10.188744876107755,0.4420454877870411,0.4287024759184038,2.2109419746921635,0.15755,0.7183577568164082,0.4514287136896279,below the free area
couple_homeowner,"couple, homeowners",True,True,constant_real,0.04,0.6,4.521495032684151,10.188744876107755,0.4420454877870411,0.36193882370322494,2.2109419746921635,0.12995,0.7102279741689701,0.44126450941591033,below the free area
couple_homeowner,"couple, homeowners",True,True,constant_real,0.04,0.7,4.521495032684151,10.188744876107755,0.4420454877870411,0.2951936989349292,2.2109419746921635,0.11,0.7006270385732012,0.4241575573665281,below the free area
couple_homeowner,"couple, homeowners",True,True,constant_real,0.04,0.8,4.521495032684151,10.188744876107755,0.4420454877870411,0.23674841871719265,2.2109419746921635,0.0948,0.6898100041282546,0.33524979832065405,below the free area
couple_homeowner,"couple, homeowners",True,True,constant_real,0.04,0.9,4.521495032684151,10.188744876107755,0.4420454877870411,0.19909743224814672,2.2109419746921635,0.0874,0.6780721352840043,0.2580575427941489,below the free area
couple_homeowner,"couple, homeowners",True,True,constant_real,0.04,1.0,4.521495032684151,10.188744876107755,0.4420454877870411,0.1688400505583462,2.2109419746921635,0.083,0.6656185881403698,0.20600056541021114,below the free area
couple_homeowner,"couple, homeowners",True,True,constant_real,0.07,0.0,4.521495032684151,10.188744876107755,0.4420454877870411,0.6494653906900403,3.8691484557112865,0.4568,0.7800966751508942,0.5085528363589815,below the free area
couple_homeowner,"couple, homeowners",True,True,constant_real,0.07,0.1,4.521495032684151,10.188744876107755,0.4420454877870411,0.6344948010008897,3.8691484557112865,0.3815,0.7781965353138087,0.5011378257866596,below the free area
couple_homeowner,"couple, homeowners",True,True,constant_real,0.07,0.2,4.521495032684151,10.188744876107755,0.4420454877870411,0.6029447557472123,3.8691484557112865,0.30575,0.7734853938579143,0.4907842250822512,below the free area
couple_homeowner,"couple, homeowners",True,True,constant_real,0.07,0.3,4.521495032684151,10.188744876107755,0.4420454877870411,0.5531828897047668,3.8691484557112865,0.23995,0.7656471888484878,0.4754646811029349,below the free area
couple_homeowner,"couple, homeowners",True,True,constant_real,0.07,0.4,4.521495032684151,10.188744876107755,0.4420454877870411,0.49859449445282256,3.8691484557112865,0.1916,0.7549985157543543,0.45474318886938764,below the free area
couple_homeowner,"couple, homeowners",True,True,constant_real,0.07,0.5,4.521495032684151,10.188744876107755,0.4420454877870411,0.4289969529527203,3.8691484557112865,0.15755,0.7419502416487708,0.41308975004699894,below the free area
couple_homeowner,"couple, homeowners",True,True,constant_real,0.07,0.6,4.521495032684151,10.188744876107755,0.4420454877870411,0.3591551686924073,3.8691484557112865,0.12995,0.7272687262660376,0.3446897111222461,below the free area
couple_homeowner,"couple, homeowners",True,True,constant_real,0.07,0.7,4.521495032684151,10.188744876107755,0.4420454877870411,0.3095446629844182,3.8691484557112865,0.11,0.7117263545320852,0.29232427632648855,below the free area
couple_homeowner,"couple, homeowners",True,True,constant_real,0.07,0.8,4.521495032684151,10.188744876107755,0.4420454877870411,0.26550970404186514,3.8691484557112865,0.0948,0.6956106120933746,0.24634779644905166,below the free area
couple_homeowner,"couple, homeowners",True,True,constant_real,0.07,0.9,4.521495032684151,10.188744876107755,0.4420454877870411,0.22993982067655971,3.8691484557112865,0.0874,0.67932747010906,0.21327588254752786,below the free area
couple_homeowner,"couple, homeowners",True,True,constant_real,0.07,1.0,4.521495032684151,10.188744876107755,0.4420454877870411,0.20132422744687375,3.8691484557112865,0.083,0.6635570507465894,0.1868579446850836,below the free area
couple_homeowner,"couple, homeowners",True,True,constant_real,0.1,0.0,4.521495032684151,10.188744876107755,0.4420454877870411,0.659837972375634,5.52735493673041,0.4568,0.8194845339678231,0.5322829664816322,inside the taper band
couple_homeowner,"couple, homeowners",True,True,constant_real,0.1,0.1,4.521495032684151,10.188744876107755,0.4420454877870411,0.6394319845600364,5.52735493673041,0.3815,0.8145373892394046,0.5164254193564984,inside the taper band
couple_homeowner,"couple, homeowners",True,True,constant_real,0.1,0.2,4.521495032684151,10.188744876107755,0.4420454877870411,0.6073802764951047,5.52735493673041,0.30575,0.8058905732529388,0.4965846466369379,inside the taper band
couple_homeowner,"couple, homeowners",True,True,constant_real,0.1,0.3,4.521495032684151,10.188744876107755,0.4420454877870411,0.5586545590737733,5.52735493673041,0.23995,0.7938896834627147,0.4705766927946379,inside the taper band
couple_homeowner,"couple, homeowners",True,True,constant_real,0.1,0.4,4.521495032684151,10.188744876107755,0.4420454877870411,0.4968865456714293,5.52735493673041,0.1916,0.7788754981075997,0.4294436856251844,inside the taper band
couple_homeowner,"couple, homeowners",True,True,constant_real,0.1,0.5,4.521495032684151,10.188744876107755,0.4420454877870411,0.4436380212535993,5.52735493673041,0.15755,0.7617691490440475,0.37034385232711214,inside the taper band
couple_homeowner,"couple, homeowners",True,True,constant_real,0.1,0.6,4.521495032684151,10.188744876107755,0.4420454877870411,0.3829305293792019,5.52735493673041,0.12995,0.7435518580558631,0.32143605582884394,inside the taper band
couple_homeowner,"couple, homeowners",True,True,constant_real,0.1,0.7,4.521495032684151,10.188744876107755,0.4420454877870411,0.33232421018368113,5.52735493673041,0.11,0.7251805995969658,0.2800502335035198,inside the taper band
couple_homeowner,"couple, homeowners",True,True,constant_real,0.1,0.8,4.521495032684151,10.188744876107755,0.4420454877870411,0.2940607628261969,5.52735493673041,0.0948,0.7071842154743183,0.24736444470288715,inside the taper band
couple_homeowner,"couple, homeowners",True,True,constant_real,0.1,0.9,4.521495032684151,10.188744876107755,0.4420454877870411,0.26256360879725305,5.52735493673041,0.0874,0.6899061738452522,0.223408227528888,inside the taper band
couple_homeowner,"couple, homeowners",True,True,constant_real,0.1,1.0,4.521495032684151,10.188744876107755,0.4420454877870411,0.2382683610430788,5.52735493673041,0.083,0.6742040132671466,0.20288827833993048,inside the taper band
couple_homeowner,"couple, homeowners",True,True,constant_real,0.14,0.0,4.521495032684151,10.188744876107755,0.4420454877870411,0.686924413407427,7.738296911422573,0.4568,0.868402365692127,0.5494480648669366,inside the taper band
couple_homeowner,"couple, homeowners",True,True,constant_real,0.14,0.1,4.521495032684151,10.188744876107755,0.4420454877870411,0.6612062436046346,7.738296911422573,0.3815,0.8606142489425533,0.5284361436549224,inside the taper band
couple_homeowner,"couple, homeowners",True,True,constant_real,0.14,0.2,4.521495032684151,10.188744876107755,0.4420454877870411,0.6261133015607049,7.738296911422573,0.30575,0.8490468531121856,0.4999090464880265,inside the taper band
couple_homeowner,"couple, homeowners",True,True,constant_real,0.14,0.3,4.521495032684151,10.188744876107755,0.4420454877870411,0.5796010239451598,7.738296911422573,0.23995,0.8339178450411646,0.4628932342681871,inside the taper band
couple_homeowner,"couple, homeowners",True,True,constant_real,0.14,0.4,4.521495032684151,10.188744876107755,0.4420454877870411,0.5245053551340283,7.738296911422573,0.1916,0.8156891799403742,0.4153680081996832,inside the taper band
couple_homeowner,"couple, homeowners",True,True,constant_real,0.14,0.5,4.521495032684151,10.188744876107755,0.4420454877870411,0.4664292616565931,7.738296911422573,0.15755,0.7959484031117071,0.36602753366765683,inside the taper band
couple_homeowner,"couple, homeowners",True,True,constant_real,0.14,0.6,4.521495032684151,10.188744876107755,0.4420454877870411,0.41073436662528795,7.738296911422573,0.12995,0.776290158926264,0.32669041578820784,inside the taper band
couple_homeowner,"couple, homeowners",True,True,constant_real,0.14,0.7,4.521495032684151,10.188744876107755,0.4420454877870411,0.36958223371313076,7.738296911422573,0.11,0.7574235633610135,0.295080484912904,inside the taper band
couple_homeowner,"couple, homeowners",True,True,constant_real,0.14,0.8,4.521495032684151,10.188744876107755,0.4420454877870411,0.3319610805838513,7.738296911422573,0.0948,0.7397867766212158,0.26827822009952096,inside the taper band
couple_homeowner,"couple, homeowners",True,True,constant_real,0.14,0.9,4.521495032684151,10.188744876107755,0.4420454877870411,0.3022996089035787,7.738296911422573,0.0874,0.723797870677702,0.2465311335679778,inside the taper band
couple_homeowner,"couple, homeowners",True,True,constant_real,0.14,1.0,4.521495032684151,10.188744876107755,0.4420454877870411,0.2800729165574614,7.738296911422573,0.083,0.7096761601368112,0.22698208285041394,inside the taper band
couple_homeowner,"couple, homeowners",True,True,constant_real,0.2,0.0,4.521495032684151,10.188744876107755,0.4420454877870411,0.7169331090667396,11.05470987346082,0.4568,0.9488906863148041,0.5699453213907755,above the cut-off
couple_homeowner,"couple, homeowners",True,True,constant_real,0.2,0.1,4.521495032684151,10.188744876107755,0.4420454877870411,0.6928984835217807,11.05470987346082,0.3815,0.9400405269263828,0.543575592440336,above the cut-off
couple_homeowner,"couple, homeowners",True,True,constant_real,0.2,0.2,4.521495032684151,10.188744876107755,0.4420454877870411,0.6564121814077039,11.05470987346082,0.30575,0.927281990661115,0.5084800033871315,above the cut-off
couple_homeowner,"couple, homeowners",True,True,constant_real,0.2,0.3,4.521495032684151,10.188744876107755,0.4420454877870411,0.6111567692043308,11.05470987346082,0.23995,0.9106771634204193,0.47153784853511294,above the cut-off
couple_homeowner,"couple, homeowners",True,True,constant_real,0.2,0.4,4.521495032684151,10.188744876107755,0.4420454877870411,0.5589039604541302,11.05470987346082,0.1916,0.8915505173225903,0.4292257860619029,above the cut-off
couple_homeowner,"couple, homeowners",True,True,constant_real,0.2,0.5,4.521495032684151,10.188744876107755,0.4420454877870411,0.5044715618826376,11.05470987346082,0.15755,0.8720735189285255,0.3899301393244656,above the cut-off
couple_homeowner,"couple, homeowners",True,True,constant_real,0.2,0.6,4.521495032684151,10.188744876107755,0.4420454877870411,0.45709170176259634,11.05470987346082,0.12995,0.8534774510214929,0.3546444656360645,above the cut-off
couple_homeowner,"couple, homeowners",True,True,constant_real,0.2,0.7,4.521495032684151,10.188744876107755,0.4420454877870411,0.415449077421922,11.05470987346082,0.11,0.8366283608967733,0.32405464460075,above the cut-off
couple_homeowner,"couple, homeowners",True,True,constant_real,0.2,0.8,4.521495032684151,10.188744876107755,0.4420454877870411,0.3826023060811021,11.05470987346082,0.0948,0.8216462719295785,0.29879797908274874,above the cut-off
couple_homeowner,"couple, homeowners",True,True,constant_real,0.2,0.9,4.521495032684151,10.188744876107755,0.4420454877870411,0.36011438656677697,11.05470987346082,0.0874,0.8086363431863277,0.2798341075013596,above the cut-off
couple_homeowner,"couple, homeowners",True,True,constant_real,0.2,1.0,4.521495032684151,10.188744876107755,0.4420454877870411,0.3379857520942065,11.05470987346082,0.083,0.7972782012545148,0.264848273793706,above the cut-off
couple_homeowner,"couple, homeowners",True,True,constant_real,0.28,0.0,4.521495032684151,10.188744876107755,0.4420454877870411,0.7623939389140211,15.476593822845146,0.4568,1.0765138754830506,0.6023609520821973,above the cut-off
couple_homeowner,"couple, homeowners",True,True,constant_real,0.28,0.1,4.521495032684151,10.188744876107755,0.4420454877870411,0.7351230623036079,15.476593822845146,0.3815,1.0696392223531577,0.5745285467792125,above the cut-off
couple_homeowner,"couple, homeowners",True,True,constant_real,0.28,0.2,4.521495032684151,10.188744876107755,0.4420454877870411,0.6991982695257044,15.476593822845146,0.30575,1.05877767318835,0.5430060823417,above the cut-off
couple_homeowner,"couple, homeowners",True,True,constant_real,0.28,0.3,4.521495032684151,10.188744876107755,0.4420454877870411,0.652308720409495,15.476593822845146,0.23995,1.0439030959252131,0.5010404196298051,above the cut-off
couple_homeowner,"couple, homeowners",True,True,constant_real,0.28,0.4,4.521495032684151,10.188744876107755,0.4420454877870411,0.6007379131602849,15.476593822845146,0.1916,1.0273351741787542,0.4604526804505062,above the cut-off
couple_homeowner,"couple, homeowners",True,True,constant_real,0.28,0.5,4.521495032684151,10.188744876107755,0.4420454877870411,0.5518560228881884,15.476593822845146,0.15755,1.0110823957394353,0.42284868046858887,above the cut-off
couple_homeowner,"couple, homeowners",True,True,constant_real,0.28,0.6,4.521495032684151,10.188744876107755,0.4420454877870411,0.5141139618073586,15.476593822845146,0.12995,0.9960401877265387,0.39265817862391567,above the cut-off
couple_homeowner,"couple, homeowners",True,True,constant_real,0.28,0.7,4.521495032684151,10.188744876107755,0.4420454877870411,0.48048155207142573,15.476593822845146,0.11,0.9830900766426637,0.36776755975891073,above the cut-off
couple_homeowner,"couple, homeowners",True,True,constant_real,0.28,0.8,4.521495032684151,10.188744876107755,0.4420454877870411,0.451099203348399,15.476593822845146,0.0948,0.9719781279646093,0.34757511809247943,above the cut-off
couple_homeowner,"couple, homeowners",True,True,constant_real,0.28,0.9,4.521495032684151,10.188744876107755,0.4420454877870411,0.4257954193367812,15.476593822845146,0.0874,0.96237418479894,0.33032167231689663,above the cut-off
couple_homeowner,"couple, homeowners",True,True,constant_real,0.28,1.0,4.521495032684151,10.188744876107755,0.4420454877870411,0.4031210652520065,15.476593822845146,0.083,0.9539730647563616,0.31431310045041,above the cut-off
couple_homeowner,"couple, homeowners",True,True,constant_real,0.4,0.0,4.521495032684151,10.188744876107755,0.4420454877870411,0.8206800804087169,22.10941974692164,0.4568,1.301259962839953,0.6377097040479762,above the cut-off
couple_homeowner,"couple, homeowners",True,True,constant_real,0.4,0.1,4.521495032684151,10.188744876107755,0.4420454877870411,0.796448189791547,22.10941974692164,0.3815,1.301045156153071,0.6141559300657169,above the cut-off
couple_homeowner,"couple, homeowners",True,True,constant_real,0.4,0.2,4.521495032684151,10.188744876107755,0.4420454877870411,0.7596944858548776,22.10941974692164,0.30575,1.2965775413746838,0.5805811094102841,above the cut-off
couple_homeowner,"couple, homeowners",True,True,constant_real,0.4,0.3,4.521495032684151,10.188744876107755,0.4420454877870411,0.7146479597191832,22.10941974692164,0.23995,1.288475454362704,0.5464340253518573,above the cut-off
couple_homeowner,"couple, homeowners",True,True,constant_real,0.4,0.4,4.521495032684151,10.188744876107755,0.4420454877870411,0.6732129998058577,22.10941974692164,0.1916,1.2784517155725201,0.5141951297669789,above the cut-off
couple_homeowner,"couple, homeowners",True,True,constant_real,0.4,0.5,4.521495032684151,10.188744876107755,0.4420454877870411,0.6334244376750998,22.10941974692164,0.15755,1.2682769050368334,0.48215675276131054,above the cut-off
couple_homeowner,"couple, homeowners",True,True,constant_real,0.4,0.6,4.521495032684151,10.188744876107755,0.4420454877870411,0.6006155010268333,22.10941974692164,0.12995,1.2589286235769563,0.45529795418512364,above the cut-off
couple_homeowner,"couple, homeowners",True,True,constant_real,0.4,0.7,4.521495032684151,10.188744876107755,0.4420454877870411,0.5675952102362941,22.10941974692164,0.11,1.25168224900576,0.4322311874117356,above the cut-off
couple_homeowner,"couple, homeowners",True,True,constant_real,0.4,0.8,4.521495032684151,10.188744876107755,0.4420454877870411,0.540651374143826,22.10941974692164,0.0948,1.2453764202914468,0.4147295798486029,above the cut-off
couple_homeowner,"couple, homeowners",True,True,constant_real,0.4,0.9,4.521495032684151,10.188744876107755,0.4420454877870411,0.5165441741912452,22.10941974692164,0.0874,1.2396263645059549,0.4006861169887849,above the cut-off
couple_homeowner,"couple, homeowners",True,True,constant_real,0.4,1.0,4.521495032684151,10.188744876107755,0.4420454877870411,0.4961560619159963,22.10941974692164,0.083,1.2342158239285481,0.3881465191255277,above the cut-off
couple_homeowner,"couple, homeowners",True,True,constant_real,0.6,0.0,4.521495032684151,10.188744876107755,0.4420454877870411,0.9095592678164302,33.164129620382454,0.4568,1.7272308142215704,0.6784232264065969,above the cut-off
couple_homeowner,"couple, homeowners",True,True,constant_real,0.6,0.1,4.521495032684151,10.188744876107755,0.4420454877870411,0.8886360926872355,33.164129620382454,0.3815,1.7423510746574822,0.6642919507144859,above the cut-off
couple_homeowner,"couple, homeowners",True,True,constant_real,0.6,0.2,4.521495032684151,10.188744876107755,0.4420454877870411,0.8604319044634581,33.164129620382454,0.30575,1.7526372249188988,0.6427904528708583,above the cut-off
couple_homeowner,"couple, homeowners",True,True,constant_real,0.6,0.3,4.521495032684151,10.188744876107755,0.4420454877870411,0.8271593593060151,33.164129620382454,0.23995,1.7576994370526835,0.6226246584224079,above the cut-off
couple_homeowner,"couple, homeowners",True,True,constant_real,0.6,0.4,4.521495032684151,10.188744876107755,0.4420454877870411,0.7944288129926915,33.164129620382454,0.1916,1.7590714372376237,0.5989632164843207,above the cut-off
couple_homeowner,"couple, homeowners",True,True,constant_real,0.6,0.5,4.521495032684151,10.188744876107755,0.4420454877870411,0.7652898186221172,33.164129620382454,0.15755,1.758555456667419,0.5752913957936167,above the cut-off
couple_homeowner,"couple, homeowners",True,True,constant_real,0.6,0.6,4.521495032684151,10.188744876107755,0.4420454877870411,0.7347172842019866,33.164129620382454,0.12995,1.7578448236807358,0.5546489833637306,above the cut-off
couple_homeowner,"couple, homeowners",True,True,constant_real,0.6,0.7,4.521495032684151,10.188744876107755,0.4420454877870411,0.7011947681742077,33.164129620382454,0.11,1.7576177541891524,0.5394380044729211,above the cut-off
couple_homeowner,"couple, homeowners",True,True,constant_real,0.6,0.8,4.521495032684151,10.188744876107755,0.4420454877870411,0.6751187057836567,33.164129620382454,0.0948,1.7568667414058725,0.5266561408229139,above the cut-off
couple_homeowner,"couple, homeowners",True,True,constant_real,0.6,0.9,4.521495032684151,10.188744876107755,0.4420454877870411,0.6576496084487563,33.164129620382454,0.0874,1.7550952925730818,0.5174238588598502,above the cut-off
couple_homeowner,"couple, homeowners",True,True,constant_real,0.6,1.0,4.521495032684151,10.188744876107755,0.4420454877870411,0.6323499629536066,33.164129620382454,0.083,1.7522339669516322,0.5092173912726294,above the cut-off
couple_homeowner,"couple, homeowners",True,True,constant_real,1.0,0.0,4.521495032684151,10.188744876107755,0.4420454877870411,1.0481656315614267,55.273549367304085,0.4568,2.6598465114251595,0.6784232264065969,above the cut-off
couple_homeowner,"couple, homeowners",True,True,constant_real,1.0,0.1,4.521495032684151,10.188744876107755,0.4420454877870411,1.0547337842110311,55.273549367304085,0.3815,2.7086455577475874,0.6784232264065969,above the cut-off
couple_homeowner,"couple, homeowners",True,True,constant_real,1.0,0.2,4.521495032684151,10.188744876107755,0.4420454877870411,1.0526691756853122,55.273549367304085,0.30575,2.748731484601651,0.6784232264065969,above the cut-off
couple_homeowner,"couple, homeowners",True,True,constant_real,1.0,0.3,4.521495032684151,10.188744876107755,0.4420454877870411,1.0435254639459228,55.273549367304085,0.23995,2.778415843251915,0.6784232264065969,above the cut-off
couple_homeowner,"couple, homeowners",True,True,constant_real,1.0,0.4,4.521495032684151,10.188744876107755,0.4420454877870411,1.0155010706985235,55.273549367304085,0.1916,2.799139532840445,0.6784232264065969,above the cut-off
couple_homeowner,"couple, homeowners",True,True,constant_real,1.0,0.5,4.521495032684151,10.188744876107755,0.4420454877870411,0.9921564555451732,55.273549367304085,0.15755,2.814441477480104,0.6784232264065969,above the cut-off
couple_homeowner,"couple, homeowners",True,True,constant_real,1.0,0.6,4.521495032684151,10.188744876107755,0.4420454877870411,0.9734035426054641,55.273549367304085,0.12995,2.8263217065627466,0.6784232264065969,above the cut-off
couple_homeowner,"couple, homeowners",True,True,constant_real,1.0,0.7,4.521495032684151,10.188744876107755,0.4420454877870411,0.9557050439712635,55.273549367304085,0.11,2.8360862931935533,0.6784232264065969,above the cut-off
couple_homeowner,"couple, homeowners",True,True,constant_real,1.0,0.8,4.521495032684151,10.188744876107755,0.4420454877870411,0.9290877332154548,55.273549367304085,0.0948,2.8428747630408897,0.6784232264065969,above the cut-off
couple_homeowner,"couple, homeowners",True,True,constant_real,1.0,0.9,4.521495032684151,10.188744876107755,0.4420454877870411,0.8769626108580189,55.273549367304085,0.0874,2.84592364392302,0.6784232264065969,above the cut-off
couple_homeowner,"couple, homeowners",True,True,constant_real,1.0,1.0,4.521495032684151,10.188744876107755,0.4420454877870411,0.839285400112655,55.273549367304085,0.083,2.8449392663580158,0.6784232264065969,above the cut-off
couple_homeowner,"couple, homeowners",True,True,constant_percent,0.02,0.0,4.521495032684151,10.188744876107755,0.4420454877870411,0.5993895144557468,1.1054709873460817,0.0,0.6852293663025508,0.44039427879138315,below the free area
couple_homeowner,"couple, homeowners",True,True,constant_percent,0.02,0.1,4.521495032684151,10.188744876107755,0.4420454877870411,0.6006188417864583,1.1054709873460817,0.0,0.6884492868999356,0.440774957549003,below the free area
couple_homeowner,"couple, homeowners",True,True,constant_percent,0.02,0.2,4.521495032684151,10.188744876107755,0.4420454877870411,0.601868582252838,1.1054709873460817,0.0,0.6918730246741416,0.441134918607044,below the free area
couple_homeowner,"couple, homeowners",True,True,constant_percent,0.02,0.3,4.521495032684151,10.188744876107755,0.4420454877870411,0.6031328265189713,1.1054709873460817,0.0,0.6954905195498627,0.441488568495223,below the free area
couple_homeowner,"couple, homeowners",True,True,constant_percent,0.02,0.4,4.521495032684151,10.188744876107755,0.4420454877870411,0.6043977945695824,1.1054709873460817,0.0,0.6992552959940138,0.44180749858006874,below the free area
couple_homeowner,"couple, homeowners",True,True,constant_percent,0.02,0.5,4.521495032684151,10.188744876107755,0.4420454877870411,0.6056487088783434,1.1054709873460817,0.0,0.7031492255966701,0.4421391745191126,below the free area
couple_homeowner,"couple, homeowners",True,True,constant_percent,0.02,0.6,4.521495032684151,10.188744876107755,0.4420454877870411,0.6068812301485107,1.1054709873460817,0.0,0.707150423390619,0.4424051520306652,below the free area
couple_homeowner,"couple, homeowners",True,True,constant_percent,0.02,0.7,4.521495032684151,10.188744876107755,0.4420454877870411,0.6080766306380829,1.1054709873460817,0.0,0.7112125295558951,0.44263696794508733,below the free area
couple_homeowner,"couple, homeowners",True,True,constant_percent,0.02,0.8,4.521495032684151,10.188744876107755,0.4420454877870411,0.6092169597006487,1.1054709873460817,0.0,0.7152739148798505,0.44285099137691253,below the free area
couple_homeowner,"couple, homeowners",True,True,constant_percent,0.02,0.9,4.521495032684151,10.188744876107755,0.4420454877870411,0.6102715258589981,1.1054709873460817,0.0,0.719247373647195,0.44302725977236324,below the free area
couple_homeowner,"couple, homeowners",True,True,constant_percent,0.02,1.0,4.521495032684151,10.188744876107755,0.4420454877870411,0.611223491855236,1.1054709873460817,0.0,0.7231394257505223,0.44320841765984315,below the free area
couple_homeowner,"couple, homeowners",True,True,constant_percent,0.04,0.0,4.521495032684151,10.188744876107755,0.4420454877870411,0.6394066321883525,2.2109419746921635,0.0,0.7214005782396273,0.47373462173880815,below the free area
couple_homeowner,"couple, homeowners",True,True,constant_percent,0.04,0.1,4.521495032684151,10.188744876107755,0.4420454877870411,0.641579453505864,2.2109419746921635,0.0,0.7265106961787103,0.47449597925404785,below the free area
couple_homeowner,"couple, homeowners",True,True,constant_percent,0.04,0.2,4.521495032684151,10.188744876107755,0.4420454877870411,0.6437135296043193,2.2109419746921635,0.0,0.7317574704480876,0.4752159013701298,below the free area
couple_homeowner,"couple, homeowners",True,True,constant_percent,0.04,0.3,4.521495032684151,10.188744876107755,0.4420454877870411,0.6457909941595441,2.2109419746921635,0.0,0.7370812284351336,0.4759232011464879,below the free area
couple_homeowner,"couple, homeowners",True,True,constant_percent,0.04,0.4,4.521495032684151,10.188744876107755,0.4420454877870411,0.6477976209985997,2.2109419746921635,0.0,0.7424150802175628,0.47656106131617926,below the free area
couple_homeowner,"couple, homeowners",True,True,constant_percent,0.04,0.5,4.521495032684151,10.188744876107755,0.4420454877870411,0.6496860289995829,2.2109419746921635,0.0,0.7476673032539013,0.477224413194267,below the free area
couple_homeowner,"couple, homeowners",True,True,constant_percent,0.04,0.6,4.521495032684151,10.188744876107755,0.4420454877870411,0.6514000985790956,2.2109419746921635,0.0,0.7527578956063161,0.47775636821737233,below the free area
couple_homeowner,"couple, homeowners",True,True,constant_percent,0.04,0.7,4.521495032684151,10.188744876107755,0.4420454877870411,0.6529175471526364,2.2109419746921635,0.0,0.7577335444678395,0.4782200000462165,below the free area
couple_homeowner,"couple, homeowners",True,True,constant_percent,0.04,0.8,4.521495032684151,10.188744876107755,0.4420454877870411,0.6542299481205397,2.2109419746921635,0.0,0.7626905126227863,0.47864804690986684,below the free area
couple_homeowner,"couple, homeowners",True,True,constant_percent,0.04,0.9,4.521495032684151,10.188744876107755,0.4420454877870411,0.65534377009467,2.2109419746921635,0.0,0.767899715338019,0.47900058370076826,below the free area
couple_homeowner,"couple, homeowners",True,True,constant_percent,0.04,1.0,4.521495032684151,10.188744876107755,0.4420454877870411,0.6562778793078538,2.2109419746921635,0.0,0.7736627678980658,0.47936289947572824,below the free area
couple_homeowner,"couple, homeowners",True,True,constant_percent,0.07,0.0,4.521495032684151,10.188744876107755,0.4420454877870411,0.6843038104996871,3.8691484557112865,0.0,0.7601453537495808,0.5237451361599457,below the free area
couple_homeowner,"couple, homeowners",True,True,constant_percent,0.07,0.1,4.521495032684151,10.188744876107755,0.4420454877870411,0.6872436589628641,3.8691484557112865,0.0,0.7663429895832563,0.5250775118116151,below the free area
couple_homeowner,"couple, homeowners",True,True,constant_percent,0.07,0.2,4.521495032684151,10.188744876107755,0.4420454877870411,0.6899736728657428,3.8691484557112865,0.0,0.7724181555845693,0.5263373755147586,below the free area
couple_homeowner,"couple, homeowners",True,True,constant_percent,0.07,0.3,4.521495032684151,10.188744876107755,0.4420454877870411,0.6924212852945164,3.8691484557112865,0.0,0.7782782277203111,0.5275751501233852,below the free area
couple_homeowner,"couple, homeowners",True,True,constant_percent,0.07,0.4,4.521495032684151,10.188744876107755,0.4420454877870411,0.6945753481830262,3.8691484557112865,0.0,0.7840584824838112,0.5286914054203451,below the free area
couple_homeowner,"couple, homeowners",True,True,constant_percent,0.07,0.5,4.521495032684151,10.188744876107755,0.4420454877870411,0.6964178609099732,3.8691484557112865,0.0,0.7899033941993024,0.5298522712069986,below the free area
couple_homeowner,"couple, homeowners",True,True,constant_percent,0.07,0.6,4.521495032684151,10.188744876107755,0.4420454877870411,0.697968089208296,3.8691484557112865,0.0,0.796044131934277,0.5307831924974329,below the free area
couple_homeowner,"couple, homeowners",True,True,constant_percent,0.07,0.7,4.521495032684151,10.188744876107755,0.4420454877870411,0.6992688089844978,3.8691484557112865,0.0,0.8028759325794897,0.5315945481979103,below the free area
couple_homeowner,"couple, homeowners",True,True,constant_percent,0.07,0.8,4.521495032684151,10.188744876107755,0.4420454877870411,0.7003504120813226,3.8691484557112865,0.0,0.8109206327982655,0.5323436302092984,below the free area
couple_homeowner,"couple, homeowners",True,True,constant_percent,0.07,0.9,4.521495032684151,10.188744876107755,0.4420454877870411,0.7012590953129668,3.8691484557112865,0.0,0.8207606435990712,0.5329605695933759,below the free area
couple_homeowner,"couple, homeowners",True,True,constant_percent,0.07,1.0,4.521495032684151,10.188744876107755,0.4420454877870411,0.7020153952897583,3.8691484557112865,0.0,0.8330196254898813,0.5335946221995558,below the free area
couple_homeowner,"couple, homeowners",True,True,constant_percent,0.1,0.0,4.521495032684151,10.188744876107755,0.4420454877870411,0.7148153122490001,5.52735493673041,0.0,0.7868692180881561,0.5737556505810831,inside the taper band
couple_homeowner,"couple, homeowners",True,True,constant_percent,0.1,0.1,4.521495032684151,10.188744876107755,0.4420454877870411,0.7177944669482599,5.52735493673041,0.0,0.7933355985137603,0.5756590443691824,inside the taper band
couple_homeowner,"couple, homeowners",True,True,constant_percent,0.1,0.2,4.521495032684151,10.188744876107755,0.4420454877870411,0.7203142888297462,5.52735493673041,0.0,0.7996983941182381,0.5774588496593873,inside the taper band
couple_homeowner,"couple, homeowners",True,True,constant_percent,0.1,0.3,4.521495032684151,10.188744876107755,0.4420454877870411,0.722447526388434,5.52735493673041,0.0,0.8062224959250115,0.5792270991002826,inside the taper band
couple_homeowner,"couple, homeowners",True,True,constant_percent,0.1,0.4,4.521495032684151,10.188744876107755,0.4420454877870411,0.7242489361488113,5.52735493673041,0.0,0.8132641774350695,0.5808217495245109,inside the taper band
couple_homeowner,"couple, homeowners",True,True,constant_percent,0.1,0.5,4.521495032684151,10.188744876107755,0.4420454877870411,0.7258122897566788,5.52735493673041,0.0,0.8212617902039078,0.5824801292197302,inside the taper band
couple_homeowner,"couple, homeowners",True,True,constant_percent,0.1,0.6,4.521495032684151,10.188744876107755,0.4420454877870411,0.7271389829091996,5.52735493673041,0.0,0.8306868629449887,0.5838100167774934,inside the taper band
couple_homeowner,"couple, homeowners",True,True,constant_percent,0.1,0.7,4.521495032684151,10.188744876107755,0.4420454877870411,0.7282528846461831,5.52735493673041,0.0,0.8422022620307401,0.584969096349604,inside the taper band
couple_homeowner,"couple, homeowners",True,True,constant_percent,0.1,0.8,4.521495032684151,10.188744876107755,0.4420454877870411,0.7292511659621115,5.52735493673041,0.0,0.856527778947067,0.5860392135087299,inside the taper band
couple_homeowner,"couple, homeowners",True,True,constant_percent,0.1,0.9,4.521495032684151,10.188744876107755,0.4420454877870411,0.7301751756024113,5.52735493673041,0.0,0.8744723308030147,0.5869205554859835,inside the taper band
couple_homeowner,"couple, homeowners",True,True,constant_percent,0.1,1.0,4.521495032684151,10.188744876107755,0.4420454877870411,0.7311838267244455,5.52735493673041,0.0,0.8969225795532201,0.5878263449233834,inside the taper band
couple_homeowner,"couple, homeowners",True,True,constant_percent,0.14,0.0,4.521495032684151,10.188744876107755,0.4420454877870411,0.7407539659190009,7.738296911422573,0.0,0.8158456906261237,0.6286958497114055,inside the taper band
couple_homeowner,"couple, homeowners",True,True,constant_percent,0.14,0.1,4.521495032684151,10.188744876107755,0.4420454877870411,0.7432407840072539,7.738296911422573,0.0,0.8234149934635195,0.629047365137623,inside the taper band
couple_homeowner,"couple, homeowners",True,True,constant_percent,0.14,0.2,4.521495032684151,10.188744876107755,0.4420454877870411,0.7454039649514,7.738296911422573,0.0,0.8317469518061283,0.6292626118900267,inside the taper band
couple_homeowner,"couple, homeowners",True,True,constant_percent,0.14,0.3,4.521495032684151,10.188744876107755,0.4420454877870411,0.7473371598820127,7.738296911422573,0.0,0.8413790834467093,0.6295196013882639,inside the taper band
couple_homeowner,"couple, homeowners",True,True,constant_percent,0.14,0.4,4.521495032684151,10.188744876107755,0.4420454877870411,0.7490304222652099,7.738296911422573,0.0,0.8528022001916202,0.6296760358801146,inside the taper band
couple_homeowner,"couple, homeowners",True,True,constant_percent,0.14,0.5,4.521495032684151,10.188744876107755,0.4420454877870411,0.7504365685798224,7.738296911422573,0.0,0.8665569735108237,0.6297461745973959,inside the taper band
couple_homeowner,"couple, homeowners",True,True,constant_percent,0.14,0.6,4.521495032684151,10.188744876107755,0.4420454877870411,0.7518049790981468,7.738296911422573,0.0,0.883562528185033,0.6298245052173381,inside the taper band
couple_homeowner,"couple, homeowners",True,True,constant_percent,0.14,0.7,4.521495032684151,10.188744876107755,0.4420454877870411,0.7532672850816354,7.738296911422573,0.0,0.9046684333367208,0.6299535115608002,inside the taper band
couple_homeowner,"couple, homeowners",True,True,constant_percent,0.14,0.8,4.521495032684151,10.188744876107755,0.4420454877870411,0.7548339024472298,7.738296911422573,0.0,0.9307959476763138,0.6300753891645322,inside the taper band
couple_homeowner,"couple, homeowners",True,True,constant_percent,0.14,0.9,4.521495032684151,10.188744876107755,0.4420454877870411,0.7565724815717474,7.738296911422573,0.0,0.9627923873742125,0.6301529182238979,inside the taper band
couple_homeowner,"couple, homeowners",True,True,constant_percent,0.14,1.0,4.521495032684151,10.188744876107755,0.4420454877870411,0.7585032850205392,7.738296911422573,0.0,1.001421276701138,0.6302368182330803,inside the taper band
couple_homeowner,"couple, homeowners",True,True,constant_percent,0.2,0.0,4.521495032684151,10.188744876107755,0.4420454877870411,0.7654989606026102,11.05470987346082,0.0,0.8641518804935648,0.6387234069461726,above the cut-off
couple_homeowner,"couple, homeowners",True,True,constant_percent,0.2,0.1,4.521495032684151,10.188744876107755,0.4420454877870411,0.767994991364433,11.05470987346082,0.0,0.8767319591661235,0.6383336809439834,above the cut-off
couple_homeowner,"couple, homeowners",True,True,constant_percent,0.2,0.2,4.521495032684151,10.188744876107755,0.4420454877870411,0.7703341868349652,11.05470987346082,0.0,0.8917042423908401,0.6382073090105114,above the cut-off
couple_homeowner,"couple, homeowners",True,True,constant_percent,0.2,0.3,4.521495032684151,10.188744876107755,0.4420454877870411,0.7724714580605919,11.05470987346082,0.0,0.9096960077629661,0.6379886008602195,above the cut-off
couple_homeowner,"couple, homeowners",True,True,constant_percent,0.2,0.4,4.521495032684151,10.188744876107755,0.4420454877870411,0.7746326009965429,11.05470987346082,0.0,0.9315390103940776,0.6377143290208569,above the cut-off
couple_homeowner,"couple, homeowners",True,True,constant_percent,0.2,0.5,4.521495032684151,10.188744876107755,0.4420454877870411,0.7769543220267517,11.05470987346082,0.0,0.9582022542022957,0.6377322820975087,above the cut-off
couple_homeowner,"couple, homeowners",True,True,constant_percent,0.2,0.6,4.521495032684151,10.188744876107755,0.4420454877870411,0.7794663444302572,11.05470987346082,0.0,0.9905993469373272,0.6376088966906057,above the cut-off
couple_homeowner,"couple, homeowners",True,True,constant_percent,0.2,0.7,4.521495032684151,10.188744876107755,0.4420454877870411,0.7822217173575408,11.05470987346082,0.0,1.029704721510131,0.6375675432452543,above the cut-off
couple_homeowner,"couple, homeowners",True,True,constant_percent,0.2,0.8,4.521495032684151,10.188744876107755,0.4420454877870411,0.7853340544696403,11.05470987346082,0.0,1.076486223738846,0.6378054461442907,above the cut-off
couple_homeowner,"couple, homeowners",True,True,constant_percent,0.2,0.9,4.521495032684151,10.188744876107755,0.4420454877870411,0.7886927073209118,11.05470987346082,0.0,1.1316824661757727,0.6379553121571473,above the cut-off
couple_homeowner,"couple, homeowners",True,True,constant_percent,0.2,1.0,4.521495032684151,10.188744876107755,0.4420454877870411,0.7921437211773336,11.05470987346082,0.0,1.1959001649035033,0.6383204312231868,above the cut-off
couple_homeowner,"couple, homeowners",True,True,constant_percent,0.28,0.0,4.521495032684151,10.188744876107755,0.4420454877870411,0.7919053159682223,15.476593822845146,0.0,0.9505593522210066,0.6430751376483717,above the cut-off
couple_homeowner,"couple, homeowners",True,True,constant_percent,0.28,0.1,4.521495032684151,10.188744876107755,0.4420454877870411,0.7954068390279508,15.476593822845146,0.0,0.9738781996416962,0.6428735971121075,above the cut-off
couple_homeowner,"couple, homeowners",True,True,constant_percent,0.28,0.2,4.521495032684151,10.188744876107755,0.4420454877870411,0.7990184819822059,15.476593822845146,0.0,1.0018088799062412,0.6428412752997307,above the cut-off
couple_homeowner,"couple, homeowners",True,True,constant_percent,0.28,0.3,4.521495032684151,10.188744876107755,0.4420454877870411,0.8026319224699104,15.476593822845146,0.0,1.0351174538057348,0.6425947987014552,above the cut-off
couple_homeowner,"couple, homeowners",True,True,constant_percent,0.28,0.4,4.521495032684151,10.188744876107755,0.4420454877870411,0.8064329317865381,15.476593822845146,0.0,1.0747925356476837,0.642502172741305,above the cut-off
couple_homeowner,"couple, homeowners",True,True,constant_percent,0.28,0.5,4.521495032684151,10.188744876107755,0.4420454877870411,0.8106323321361568,15.476593822845146,0.0,1.1219674305582943,0.6427559070578858,above the cut-off
couple_homeowner,"couple, homeowners",True,True,constant_percent,0.28,0.6,4.521495032684151,10.188744876107755,0.4420454877870411,0.8150897130525462,15.476593822845146,0.0,1.177654076748537,0.6426840221081048,above the cut-off
couple_homeowner,"couple, homeowners",True,True,constant_percent,0.28,0.7,4.521495032684151,10.188744876107755,0.4420454877870411,0.8199683567228113,15.476593822845146,0.0,1.2428385772709396,0.6429377865130994,above the cut-off
couple_homeowner,"couple, homeowners",True,True,constant_percent,0.28,0.8,4.521495032684151,10.188744876107755,0.4420454877870411,0.8250971551010656,15.476593822845146,0.0,1.3182872574868267,0.643294855932142,above the cut-off
couple_homeowner,"couple, homeowners",True,True,constant_percent,0.28,0.9,4.521495032684151,10.188744876107755,0.4420454877870411,0.8301486722630514,15.476593822845146,0.0,1.4045567688169933,0.643785023480503,above the cut-off
couple_homeowner,"couple, homeowners",True,True,constant_percent,0.28,1.0,4.521495032684151,10.188744876107755,0.4420454877870411,0.8350298652442856,15.476593822845146,0.0,1.5023914537327103,0.6442587962489843,above the cut-off
couple_homeowner,"couple, homeowners",True,True,constant_percent,0.4,0.0,4.521495032684151,10.188744876107755,0.4420454877870411,0.8297738732988083,22.10941974692164,0.0,1.120880615041121,0.647620907642045,above the cut-off
couple_homeowner,"couple, homeowners",True,True,constant_percent,0.4,0.1,4.521495032684151,10.188744876107755,0.4420454877870411,0.8357070639397118,22.10941974692164,0.0,1.1644141344236663,0.647585492970713,above the cut-off
couple_homeowner,"couple, homeowners",True,True,constant_percent,0.4,0.2,4.521495032684151,10.188744876107755,0.4420454877870411,0.8418730872444873,22.10941974692164,0.0,1.2154481036012703,0.6476340541752591,above the cut-off
couple_homeowner,"couple, homeowners",True,True,constant_percent,0.4,0.3,4.521495032684151,10.188744876107755,0.4420454877870411,0.8484078394490316,22.10941974692164,0.0,1.274988678803342,0.6477313155034858,above the cut-off
couple_homeowner,"couple, homeowners",True,True,constant_percent,0.4,0.4,4.521495032684151,10.188744876107755,0.4420454877870411,0.8555111650182975,22.10941974692164,0.0,1.3442889639216542,0.6484364458339695,above the cut-off
couple_homeowner,"couple, homeowners",True,True,constant_percent,0.4,0.5,4.521495032684151,10.188744876107755,0.4420454877870411,0.8628582478379392,22.10941974692164,0.0,1.4243220936893675,0.648907027750519,above the cut-off
couple_homeowner,"couple, homeowners",True,True,constant_percent,0.4,0.6,4.521495032684151,10.188744876107755,0.4420454877870411,0.8707178632941066,22.10941974692164,0.0,1.5161634677448292,0.6495985025381877,above the cut-off
couple_homeowner,"couple, homeowners",True,True,constant_percent,0.4,0.7,4.521495032684151,10.188744876107755,0.4420454877870411,0.8786856255482758,22.10941974692164,0.0,1.620510241092855,0.6502461032657085,above the cut-off
couple_homeowner,"couple, homeowners",True,True,constant_percent,0.4,0.8,4.521495032684151,10.188744876107755,0.4420454877870411,0.8866388791832268,22.10941974692164,0.0,1.7380942982826089,0.6513530552257119,above the cut-off
couple_homeowner,"couple, homeowners",True,True,constant_percent,0.4,0.9,4.521495032684151,10.188744876107755,0.4420454877870411,0.8941541203625261,22.10941974692164,0.0,1.869708983311319,0.6522629747707205,above the cut-off
couple_homeowner,"couple, homeowners",True,True,constant_percent,0.4,1.0,4.521495032684151,10.188744876107755,0.4420454877870411,0.900867435159022,22.10941974692164,0.0,2.016368208861494,0.6528446061519488,above the cut-off
couple_homeowner,"couple, homeowners",True,True,constant_percent,0.6,0.0,4.521495032684151,10.188744876107755,0.4420454877870411,0.8932381361371264,33.164129620382454,0.0,1.4699647959574837,0.6558532563164441,above the cut-off
couple_homeowner,"couple, homeowners",True,True,constant_percent,0.6,0.1,4.521495032684151,10.188744876107755,0.4420454877870411,0.904538757605154,33.164129620382454,0.0,1.5507690531354166,0.6564451462415192,above the cut-off
couple_homeowner,"couple, homeowners",True,True,constant_percent,0.6,0.2,4.521495032684151,10.188744876107755,0.4420454877870411,0.9164152393155482,33.164129620382454,0.0,1.6431845075533098,0.6572127497216728,above the cut-off
couple_homeowner,"couple, homeowners",True,True,constant_percent,0.6,0.3,4.521495032684151,10.188744876107755,0.4420454877870411,0.9290164076135201,33.164129620382454,0.0,1.7484518396926418,0.6587930728979933,above the cut-off
couple_homeowner,"couple, homeowners",True,True,constant_percent,0.6,0.4,4.521495032684151,10.188744876107755,0.4420454877870411,0.9425775504201855,33.164129620382454,0.0,1.8677838022907691,0.6603972047089282,above the cut-off
couple_homeowner,"couple, homeowners",True,True,constant_percent,0.6,0.5,4.521495032684151,10.188744876107755,0.4420454877870411,0.9571884551492537,33.164129620382454,0.0,2.0022602904600806,0.6633480024656354,above the cut-off
couple_homeowner,"couple, homeowners",True,True,constant_percent,0.6,0.6,4.521495032684151,10.188744876107755,0.4420454877870411,0.9713144778412423,33.164129620382454,0.0,2.152551166752728,0.6659508287430398,above the cut-off
couple_homeowner,"couple, homeowners",True,True,constant_percent,0.6,0.7,4.521495032684151,10.188744876107755,0.4420454877870411,0.9846129609700099,33.164129620382454,0.0,2.319613497374703,0.6683727319049382,above the cut-off
couple_homeowner,"couple, homeowners",True,True,constant_percent,0.6,0.8,4.521495032684151,10.188744876107755,0.4420454877870411,0.9966358967124714,33.164129620382454,0.0,2.5045652981438975,0.6704614736373724,above the cut-off
couple_homeowner,"couple, homeowners",True,True,constant_percent,0.6,0.9,4.521495032684151,10.188744876107755,0.4420454877870411,1.0073519314140864,33.164129620382454,0.0,2.708849096729402,0.6731620291118919,above the cut-off
couple_homeowner,"couple, homeowners",True,True,constant_percent,0.6,1.0,4.521495032684151,10.188744876107755,0.4420454877870411,1.016510765999483,33.164129620382454,0.0,2.9341445283451733,0.6751717566949674,above the cut-off
couple_homeowner,"couple, homeowners",True,True,constant_percent,1.0,0.0,4.521495032684151,10.188744876107755,0.4420454877870411,1.0219788578648836,55.273549367304085,0.0,2.2720803698585157,0.6801686916061135,above the cut-off
couple_homeowner,"couple, homeowners",True,True,constant_percent,1.0,0.1,4.521495032684151,10.188744876107755,0.4420454877870411,1.047057588691408,55.273549367304085,0.0,2.428018546552337,0.6853447836705865,above the cut-off
couple_homeowner,"couple, homeowners",True,True,constant_percent,1.0,0.2,4.521495032684151,10.188744876107755,0.4420454877870411,1.0733366140387968,55.273549367304085,0.0,2.602202339348781,0.6926297532649963,above the cut-off
couple_homeowner,"couple, homeowners",True,True,constant_percent,1.0,0.3,4.521495032684151,10.188744876107755,0.4420454877870411,1.1010549389333895,55.273549367304085,0.0,2.79607561630724,0.7022491921322902,above the cut-off
couple_homeowner,"couple, homeowners",True,True,constant_percent,1.0,0.4,4.521495032684151,10.188744876107755,0.4420454877870411,1.1286484852496983,55.273549367304085,0.0,3.0109112911602542,0.7126891683179245,above the cut-off
couple_homeowner,"couple, homeowners",True,True,constant_percent,1.0,0.5,4.521495032684151,10.188744876107755,0.4420454877870411,1.1551295551285132,55.273549367304085,0.0,3.248048849856966,0.724355734226961,above the cut-off
couple_homeowner,"couple, homeowners",True,True,constant_percent,1.0,0.6,4.521495032684151,10.188744876107755,0.4420454877870411,1.179518886364346,55.273549367304085,0.0,3.5090422788688516,0.7355244277990184,above the cut-off
couple_homeowner,"couple, homeowners",True,True,constant_percent,1.0,0.7,4.521495032684151,10.188744876107755,0.4420454877870411,1.2014574059802083,55.273549367304085,0.0,3.7957816230072097,0.7487544691492737,above the cut-off
couple_homeowner,"couple, homeowners",True,True,constant_percent,1.0,0.8,4.521495032684151,10.188744876107755,0.4420454877870411,1.2207626177196942,55.273549367304085,0.0,4.110468863396271,0.7622431743007981,above the cut-off
couple_homeowner,"couple, homeowners",True,True,constant_percent,1.0,0.9,4.521495032684151,10.188744876107755,0.4420454877870411,1.2369234548086732,55.273549367304085,0.0,4.455669415411089,0.7729188832693381,above the cut-off
couple_homeowner,"couple, homeowners",True,True,constant_percent,1.0,1.0,4.521495032684151,10.188744876107755,0.4420454877870411,1.2489652635259523,55.273549367304085,0.0,4.834397260325444,0.7811834921780801,above the cut-off
couple_renter,"couple, renters",False,True,constant_real,0.02,0.0,6.919364093563304,12.586613936986907,0.4420454877870411,0.6021708734221964,1.1054709873460817,0.4568,0.6916388110332577,0.44211471407016517,below the free area
couple_renter,"couple, renters",False,True,constant_real,0.02,0.1,6.919364093563304,12.586613936986907,0.4420454877870411,0.6024248313291112,1.1054709873460817,0.3815,0.6930069907308971,0.4420708396662824,below the free area
couple_renter,"couple, renters",False,True,constant_real,0.02,0.2,6.919364093563304,12.586613936986907,0.4420454877870411,0.6019708401381203,1.1054709873460817,0.30575,0.6940562443357671,0.44193878821144966,below the free area
couple_renter,"couple, renters",False,True,constant_real,0.02,0.3,6.919364093563304,12.586613936986907,0.4420454877870411,0.599289771221746,1.1054709873460817,0.23995,0.694647682627368,0.4417621168958638,below the free area
couple_renter,"couple, renters",False,True,constant_real,0.02,0.4,6.919364093563304,12.586613936986907,0.4420454877870411,0.5882396270818316,1.1054709873460817,0.1916,0.6946815877814067,0.4413134482186636,below the free area
couple_renter,"couple, renters",False,True,constant_real,0.02,0.5,6.919364093563304,12.586613936986907,0.4420454877870411,0.5410076901869463,1.1054709873460817,0.15755,0.6941518369094968,0.4406484890428137,below the free area
couple_renter,"couple, renters",False,True,constant_real,0.02,0.6,6.919364093563304,12.586613936986907,0.4420454877870411,0.45589874116011675,1.1054709873460817,0.12995,0.6929939675173877,0.439654782717351,below the free area
couple_renter,"couple, renters",False,True,constant_real,0.02,0.7,6.919364093563304,12.586613936986907,0.4420454877870411,0.3687927135772559,1.1054709873460817,0.11,0.6911625036971285,0.43817367969304943,below the free area
couple_renter,"couple, renters",False,True,constant_real,0.02,0.8,6.919364093563304,12.586613936986907,0.4420454877870411,0.28432504766139943,1.1054709873460817,0.0948,0.6884997156610883,0.4362666693735716,below the free area
couple_renter,"couple, renters",False,True,constant_real,0.02,0.9,6.919364093563304,12.586613936986907,0.4420454877870411,0.21866807599547525,1.1054709873460817,0.0874,0.6849145164860592,0.4338323657224459,below the free area
couple_renter,"couple, renters",False,True,constant_real,0.02,1.0,6.919364093563304,12.586613936986907,0.4420454877870411,0.17534642168034958,1.1054709873460817,0.083,0.680442155494617,0.4309112194304388,below the free area
couple_renter,"couple, renters",False,True,constant_real,0.04,0.0,6.919364093563304,12.586613936986907,0.4420454877870411,0.6375330141941572,2.2109419746921635,0.4568,0.7377538275086697,0.4758983198766532,below the free area
couple_renter,"couple, renters",False,True,constant_real,0.04,0.1,6.919364093563304,12.586613936986907,0.4420454877870411,0.6345892265063915,2.2109419746921635,0.3815,0.7395711089438037,0.4752624546363554,below the free area
couple_renter,"couple, renters",False,True,constant_real,0.04,0.2,6.919364093563304,12.586613936986907,0.4420454877870411,0.6241920203101043,2.2109419746921635,0.30575,0.7403437756071292,0.47377734974233604,below the free area
couple_renter,"couple, renters",False,True,constant_real,0.04,0.3,6.919364093563304,12.586613936986907,0.4420454877870411,0.6063778240680273,2.2109419746921635,0.23995,0.7398847175202975,0.47159348741353413,below the free area
couple_renter,"couple, renters",False,True,constant_real,0.04,0.4,6.919364093563304,12.586613936986907,0.4420454877870411,0.5726549710411323,2.2109419746921635,0.1916,0.7380805385382037,0.468237535071417,below the free area
couple_renter,"couple, renters",False,True,constant_real,0.04,0.5,6.919364093563304,12.586613936986907,0.4420454877870411,0.5077171850223393,2.2109419746921635,0.15755,0.7348248817859778,0.4636109823811217,below the free area
couple_renter,"couple, renters",False,True,constant_real,0.04,0.6,6.919364093563304,12.586613936986907,0.4420454877870411,0.43192600889881916,2.2109419746921635,0.12995,0.7300327915978996,0.4576963913625731,below the free area
couple_renter,"couple, renters",False,True,constant_real,0.04,0.7,6.919364093563304,12.586613936986907,0.4420454877870411,0.3577646929733115,2.2109419746921635,0.11,0.7236654937922198,0.44927603694249896,below the free area
couple_renter,"couple, renters",False,True,constant_real,0.04,0.8,6.919364093563304,12.586613936986907,0.4420454877870411,0.2937106675503795,2.2109419746921635,0.0948,0.7159446376772561,0.43866657544591575,below the free area
couple_renter,"couple, renters",False,True,constant_real,0.04,0.9,6.919364093563304,12.586613936986907,0.4420454877870411,0.2349151346416087,2.2109419746921635,0.0874,0.7070295829869709,0.4174945871508053,below the free area
couple_renter,"couple, renters",False,True,constant_real,0.04,1.0,6.919364093563304,12.586613936986907,0.4420454877870411,0.19416399461130954,2.2109419746921635,0.083,0.697092871019514,0.3087770350880112,below the free area
couple_renter,"couple, renters",False,True,constant_real,0.07,0.0,6.919364093563304,12.586613936986907,0.4420454877870411,0.67974169819804,3.8691484557112865,0.4568,0.7983268957634035,0.5204501149066607,below the free area
couple_renter,"couple, renters",False,True,constant_real,0.07,0.1,6.919364093563304,12.586613936986907,0.4420454877870411,0.6739283115788808,3.8691484557112865,0.3815,0.7995666278258321,0.5161335813557616,below the free area
couple_renter,"couple, renters",False,True,constant_real,0.07,0.2,6.919364093563304,12.586613936986907,0.4420454877870411,0.6604689682779367,3.8691484557112865,0.30575,0.7987457821715641,0.5096829278824279,below the free area
couple_renter,"couple, renters",False,True,constant_real,0.07,0.3,6.919364093563304,12.586613936986907,0.4420454877870411,0.629290321928563,3.8691484557112865,0.23995,0.7952194236079543,0.5007684233932151,below the free area
couple_renter,"couple, renters",False,True,constant_real,0.07,0.4,6.919364093563304,12.586613936986907,0.4420454877870411,0.5731605561057741,3.8691484557112865,0.1916,0.7889054537022852,0.4878089765240399,below the free area
couple_renter,"couple, renters",False,True,constant_real,0.07,0.5,6.919364093563304,12.586613936986907,0.4420454877870411,0.5152771016871064,3.8691484557112865,0.15755,0.7801024936834019,0.4707456923400213,below the free area
couple_renter,"couple, renters",False,True,constant_real,0.07,0.6,6.919364093563304,12.586613936986907,0.4420454877870411,0.4397065137633443,3.8691484557112865,0.12995,0.7692942666108714,0.4475237614193319,below the free area
couple_renter,"couple, renters",False,True,constant_real,0.07,0.7,6.919364093563304,12.586613936986907,0.4420454877870411,0.35904966018866613,3.8691484557112865,0.11,0.7571201543324148,0.3901132866950969,below the free area
couple_renter,"couple, renters",False,True,constant_real,0.07,0.8,6.919364093563304,12.586613936986907,0.4420454877870411,0.30554007812941314,3.8691484557112865,0.0948,0.743851804287736,0.3227342176240637,below the free area
couple_renter,"couple, renters",False,True,constant_real,0.07,0.9,6.919364093563304,12.586613936986907,0.4420454877870411,0.2644318134454189,3.8691484557112865,0.0874,0.7297385448930295,0.2690078471371668,below the free area
couple_renter,"couple, renters",False,True,constant_real,0.07,1.0,6.919364093563304,12.586613936986907,0.4420454877870411,0.23212725689718774,3.8691484557112865,0.083,0.715220209628018,0.2301659919782428,below the free area
couple_renter,"couple, renters",False,True,constant_real,0.1,0.0,6.919364093563304,12.586613936986907,0.4420454877870411,0.7113272131636477,5.52735493673041,0.4568,0.8515005286821878,0.5572670111946783,below the free area
couple_renter,"couple, renters",False,True,constant_real,0.1,0.1,6.919364093563304,12.586613936986907,0.4420454877870411,0.7010108632485553,5.52735493673041,0.3815,0.8512797470659804,0.5480624909801567,below the free area
couple_renter,"couple, renters",False,True,constant_real,0.1,0.2,6.919364093563304,12.586613936986907,0.4420454877870411,0.6794700741691845,5.52735493673041,0.30575,0.8476385994256513,0.5349250357113489,below the free area
couple_renter,"couple, renters",False,True,constant_real,0.1,0.3,6.919364093563304,12.586613936986907,0.4420454877870411,0.643025780382986,5.52735493673041,0.23995,0.8403051513117215,0.5155480781393007,below the free area
couple_renter,"couple, renters",False,True,constant_real,0.1,0.4,6.919364093563304,12.586613936986907,0.4420454877870411,0.5863800959783441,5.52735493673041,0.1916,0.829841059790368,0.49190526000777407,below the free area
couple_renter,"couple, renters",False,True,constant_real,0.1,0.5,6.919364093563304,12.586613936986907,0.4420454877870411,0.5151969202418831,5.52735493673041,0.15755,0.8167591785448377,0.46238857530115907,below the free area
couple_renter,"couple, renters",False,True,constant_real,0.1,0.6,6.919364093563304,12.586613936986907,0.4420454877870411,0.452878004170532,5.52735493673041,0.12995,0.8018893905320196,0.4083768882424851,below the free area
couple_renter,"couple, renters",False,True,constant_real,0.1,0.7,6.919364093563304,12.586613936986907,0.4420454877870411,0.3857509372634035,5.52735493673041,0.11,0.7860658918417445,0.3481051572151651,below the free area
couple_renter,"couple, renters",False,True,constant_real,0.1,0.8,6.919364093563304,12.586613936986907,0.4420454877870411,0.33781264582331205,5.52735493673041,0.0948,0.7696304676296194,0.302026368272736,below the free area
couple_renter,"couple, renters",False,True,constant_real,0.1,0.9,6.919364093563304,12.586613936986907,0.4420454877870411,0.2987550880687656,5.52735493673041,0.0874,0.7530019173186304,0.2637257200084375,below the free area
couple_renter,"couple, renters",False,True,constant_real,0.1,1.0,6.919364093563304,12.586613936986907,0.4420454877870411,0.26818131825365277,5.52735493673041,0.083,0.7369023629087531,0.2376682455443929,below the free area
couple_renter,"couple, renters",False,True,constant_real,0.14,0.0,6.919364093563304,12.586613936986907,0.4420454877870411,0.7465829034081635,7.738296911422573,0.4568,0.9155624990977995,0.5968920339133317,inside the taper band
couple_renter,"couple, renters",False,True,constant_real,0.14,0.1,6.919364093563304,12.586613936986907,0.4420454877870411,0.7318003498840319,7.738296911422573,0.3815,0.9129158784648714,0.5792891379677472,inside the taper band
couple_renter,"couple, renters",False,True,constant_real,0.14,0.2,6.919364093563304,12.586613936986907,0.4420454877870411,0.7043339238711345,7.738296911422573,0.30575,0.9060476209685046,0.555201914235758,inside the taper band
couple_renter,"couple, renters",False,True,constant_real,0.14,0.3,6.919364093563304,12.586613936986907,0.4420454877870411,0.6618475959375993,7.738296911422573,0.23995,0.8954009538010975,0.5278573810458972,inside the taper band
couple_renter,"couple, renters",False,True,constant_real,0.14,0.4,6.919364093563304,12.586613936986907,0.4420454877870411,0.6077536633103957,7.738296911422573,0.1916,0.8812074637498806,0.4946235399015832,inside the taper band
couple_renter,"couple, renters",False,True,constant_real,0.14,0.5,6.919364093563304,12.586613936986907,0.4420454877870411,0.5446125257862116,7.738296911422573,0.15755,0.8644775623921263,0.45001877769054416,inside the taper band
couple_renter,"couple, renters",False,True,constant_real,0.14,0.6,6.919364093563304,12.586613936986907,0.4420454877870411,0.47984876386638614,7.738296911422573,0.12995,0.8465167014784006,0.395764766081353,inside the taper band
couple_renter,"couple, renters",False,True,constant_real,0.14,0.7,6.919364093563304,12.586613936986907,0.4420454877870411,0.4223374271914068,7.738296911422573,0.11,0.8283457670502187,0.3488150558725392,inside the taper band
couple_renter,"couple, renters",False,True,constant_real,0.14,0.8,6.919364093563304,12.586613936986907,0.4420454877870411,0.3796241297034515,7.738296911422573,0.0948,0.8104510080893822,0.31398862567810243,inside the taper band
couple_renter,"couple, renters",False,True,constant_real,0.14,0.9,6.919364093563304,12.586613936986907,0.4420454877870411,0.34182270862747194,7.738296911422573,0.0874,0.7932150640538482,0.2844324402394224,inside the taper band
couple_renter,"couple, renters",False,True,constant_real,0.14,1.0,6.919364093563304,12.586613936986907,0.4420454877870411,0.31256773396943016,7.738296911422573,0.083,0.7775198145309921,0.26146180545910797,inside the taper band
couple_renter,"couple, renters",False,True,constant_real,0.2,0.0,6.919364093563304,12.586613936986907,0.4420454877870411,0.7928180162690515,11.05470987346082,0.4568,1.007914212994471,0.6358214219713502,inside the taper band
couple_renter,"couple, renters",False,True,constant_real,0.2,0.1,6.919364093563304,12.586613936986907,0.4420454877870411,0.7741131507997936,11.05470987346082,0.3815,1.003505739205931,0.6105194560211424,inside the taper band
couple_renter,"couple, renters",False,True,constant_real,0.2,0.2,6.919364093563304,12.586613936986907,0.4420454877870411,0.7459730469063167,11.05470987346082,0.30575,0.9946621269223983,0.5800281237176533,inside the taper band
couple_renter,"couple, renters",False,True,constant_real,0.2,0.3,6.919364093563304,12.586613936986907,0.4420454877870411,0.7012655396293968,11.05470987346082,0.23995,0.981560214190889,0.5442561456340644,inside the taper band
couple_renter,"couple, renters",False,True,constant_real,0.2,0.4,6.919364093563304,12.586613936986907,0.4420454877870411,0.646355948789069,11.05470987346082,0.1916,0.9645468310480741,0.5033053820876476,inside the taper band
couple_renter,"couple, renters",False,True,constant_real,0.2,0.5,6.919364093563304,12.586613936986907,0.4420454877870411,0.5830741303641737,11.05470987346082,0.15755,0.9458562951866812,0.4584023370065784,inside the taper band
couple_renter,"couple, renters",False,True,constant_real,0.2,0.6,6.919364093563304,12.586613936986907,0.4420454877870411,0.5255666993007868,11.05470987346082,0.12995,0.9270044895204725,0.41598233367821075,inside the taper band
couple_renter,"couple, renters",False,True,constant_real,0.2,0.7,6.919364093563304,12.586613936986907,0.4420454877870411,0.47614016847222673,11.05470987346082,0.11,0.9089966484098464,0.3779999387695172,inside the taper band
couple_renter,"couple, renters",False,True,constant_real,0.2,0.8,6.919364093563304,12.586613936986907,0.4420454877870411,0.4311648791660539,11.05470987346082,0.0948,0.8921382314121972,0.3448233162006272,inside the taper band
couple_renter,"couple, renters",False,True,constant_real,0.2,0.9,6.919364093563304,12.586613936986907,0.4420454877870411,0.3968891153426676,11.05470987346082,0.0874,0.8768207110689881,0.3180574666536709,inside the taper band
couple_renter,"couple, renters",False,True,constant_real,0.2,1.0,6.919364093563304,12.586613936986907,0.4420454877870411,0.37170779706482177,11.05470987346082,0.083,0.863165623541619,0.29656825448436847,inside the taper band
couple_renter,"couple, renters",False,True,constant_real,0.28,0.0,6.919364093563304,12.586613936986907,0.4420454877870411,0.8394712519586112,15.476593822845146,0.4568,1.1395432090444886,0.6784232264065969,above the cut-off
couple_renter,"couple, renters",False,True,constant_real,0.28,0.1,6.919364093563304,12.586613936986907,0.4420454877870411,0.8235514640327556,15.476593822845146,0.3815,1.1360347230062233,0.6497213477907888,above the cut-off
couple_renter,"couple, renters",False,True,constant_real,0.28,0.2,6.919364093563304,12.586613936986907,0.4420454877870411,0.7915356469315042,15.476593822845146,0.30575,1.127857502756486,0.6159500931082426,above the cut-off
couple_renter,"couple, renters",False,True,constant_real,0.28,0.3,6.919364093563304,12.586613936986907,0.4420454877870411,0.747769559563468,15.476593822845146,0.23995,1.1144895837971045,0.5790686950936828,above the cut-off
couple_renter,"couple, renters",False,True,constant_real,0.28,0.4,6.919364093563304,12.586613936986907,0.4420454877870411,0.692076585768113,15.476593822845146,0.1916,1.0978933035940501,0.5364187325207995,above the cut-off
couple_renter,"couple, renters",False,True,constant_real,0.28,0.5,6.919364093563304,12.586613936986907,0.4420454877870411,0.6337531862549212,15.476593822845146,0.15755,1.0804124567642748,0.49313489994396675,above the cut-off
couple_renter,"couple, renters",False,True,constant_real,0.28,0.6,6.919364093563304,12.586613936986907,0.4420454877870411,0.5797723914599267,15.476593822845146,0.12995,1.06367027353244,0.45162074778312067,above the cut-off
couple_renter,"couple, renters",False,True,constant_real,0.28,0.7,6.919364093563304,12.586613936986907,0.4420454877870411,0.5341681513152314,15.476593822845146,0.11,1.0483174695754556,0.4155278372588277,above the cut-off
couple_renter,"couple, renters",False,True,constant_real,0.28,0.8,6.919364093563304,12.586613936986907,0.4420454877870411,0.501192854182023,15.476593822845146,0.0948,1.0345540568966642,0.3885709244775617,above the cut-off
couple_renter,"couple, renters",False,True,constant_real,0.28,0.9,6.919364093563304,12.586613936986907,0.4420454877870411,0.4727759647597945,15.476593822845146,0.0874,1.022340584668885,0.3673285197049284,above the cut-off
couple_renter,"couple, renters",False,True,constant_real,0.28,1.0,6.919364093563304,12.586613936986907,0.4420454877870411,0.44531349103983453,15.476593822845146,0.083,1.0113366579322227,0.3497758121436159,above the cut-off
couple_renter,"couple, renters",False,True,constant_real,0.4,0.0,6.919364093563304,12.586613936986907,0.4420454877870411,0.9038682151229995,22.10941974692164,0.4568,1.361422900160166,0.6784232264065969,above the cut-off
couple_renter,"couple, renters",False,True,constant_real,0.4,0.1,6.919364093563304,12.586613936986907,0.4420454877870411,0.8871416545717639,22.10941974692164,0.3815,1.3629596618723088,0.6784232264065969,above the cut-off
couple_renter,"couple, renters",False,True,constant_real,0.4,0.2,6.919364093563304,12.586613936986907,0.4420454877870411,0.857557178838793,22.10941974692164,0.30575,1.3590331259781672,0.6695746393236931,above the cut-off
couple_renter,"couple, renters",False,True,constant_real,0.4,0.3,6.919364093563304,12.586613936986907,0.4420454877870411,0.8126814024975743,22.10941974692164,0.23995,1.3498180470781105,0.625363579699533,above the cut-off
couple_renter,"couple, renters",False,True,constant_real,0.4,0.4,6.919364093563304,12.586613936986907,0.4420454877870411,0.7586147232793747,22.10941974692164,0.1916,1.3377061774116132,0.5836207697804419,above the cut-off
couple_renter,"couple, renters",False,True,constant_real,0.4,0.5,6.919364093563304,12.586613936986907,0.4420454877870411,0.7112843232132984,22.10941974692164,0.15755,1.3251033010076936,0.5461853124345087,above the cut-off
couple_renter,"couple, renters",False,True,constant_real,0.4,0.6,6.919364093563304,12.586613936986907,0.4420454877870411,0.6688347361502983,22.10941974692164,0.12995,1.312936418439204,0.5138771041858777,above the cut-off
couple_renter,"couple, renters",False,True,constant_real,0.4,0.7,6.919364093563304,12.586613936986907,0.4420454877870411,0.6296903546327537,22.10941974692164,0.11,1.3026291665545802,0.4838392956585338,above the cut-off
couple_renter,"couple, renters",False,True,constant_real,0.4,0.8,6.919364093563304,12.586613936986907,0.4420454877870411,0.5986744884457781,22.10941974692164,0.0948,1.2935993977725933,0.45919917544477784,above the cut-off
couple_renter,"couple, renters",False,True,constant_real,0.4,0.9,6.919364093563304,12.586613936986907,0.4420454877870411,0.5629171345378032,22.10941974692164,0.0874,1.2853848807466663,0.43773674006313856,above the cut-off
couple_renter,"couple, renters",False,True,constant_real,0.4,1.0,6.919364093563304,12.586613936986907,0.4420454877870411,0.5399100623477766,22.10941974692164,0.083,1.277684697289613,0.4215068567004444,above the cut-off
couple_renter,"couple, renters",False,True,constant_real,0.6,0.0,6.919364093563304,12.586613936986907,0.4420454877870411,0.9842686264113492,33.164129620382454,0.4568,1.7763186610599417,0.6784232264065969,above the cut-off
couple_renter,"couple, renters",False,True,constant_real,0.6,0.1,6.919364093563304,12.586613936986907,0.4420454877870411,0.9750024878955215,33.164129620382454,0.3815,1.7907840609263381,0.6784232264065969,above the cut-off
couple_renter,"couple, renters",False,True,constant_real,0.6,0.2,6.919364093563304,12.586613936986907,0.4420454877870411,0.9499284023524835,33.164129620382454,0.30575,1.7991762086057415,0.6784232264065969,above the cut-off
couple_renter,"couple, renters",False,True,constant_real,0.6,0.3,6.919364093563304,12.586613936986907,0.4420454877870411,0.9165788290522326,33.164129620382454,0.23995,1.801622830333763,0.6784232264065969,above the cut-off
couple_renter,"couple, renters",False,True,constant_real,0.6,0.4,6.919364093563304,12.586613936986907,0.4420454877870411,0.8775527979148523,33.164129620382454,0.1916,1.7999607750283406,0.6699051042579761,above the cut-off
couple_renter,"couple, renters",False,True,constant_real,0.6,0.5,6.919364093563304,12.586613936986907,0.4420454877870411,0.8393079666793781,33.164129620382454,0.15755,1.796612788006722,0.6386713609991518,above the cut-off
couple_renter,"couple, renters",False,True,constant_real,0.6,0.6,6.919364093563304,12.586613936986907,0.4420454877870411,0.8035015847566788,33.164129620382454,0.12995,1.7928282036403032,0.6126584616292666,above the cut-off
couple_renter,"couple, renters",False,True,constant_real,0.6,0.7,6.919364093563304,12.586613936986907,0.4420454877870411,0.7724909175488006,33.164129620382454,0.11,1.7903600738557948,0.5902996293492967,above the cut-off
couple_renter,"couple, renters",False,True,constant_real,0.6,0.8,6.919364093563304,12.586613936986907,0.4420454877870411,0.7348459223908275,33.164129620382454,0.0948,1.787534831028308,0.5699624980776395,above the cut-off
couple_renter,"couple, renters",False,True,constant_real,0.6,0.9,6.919364093563304,12.586613936986907,0.4420454877870411,0.7113716042900563,33.164129620382454,0.0874,1.784039425225866,0.5537972248276904,above the cut-off
couple_renter,"couple, renters",False,True,constant_real,0.6,1.0,6.919364093563304,12.586613936986907,0.4420454877870411,0.6860886022391144,33.164129620382454,0.083,1.7796298814943203,0.5422080933172265,above the cut-off
couple_renter,"couple, renters",False,True,constant_real,1.0,0.0,6.919364093563304,12.586613936986907,0.4420454877870411,1.0953358396262949,55.273549367304085,0.4568,2.6909588139597096,0.6784232264065969,above the cut-off
couple_renter,"couple, renters",False,True,constant_real,1.0,0.1,6.919364093563304,12.586613936986907,0.4420454877870411,1.1093215708899586,55.273549367304085,0.3815,2.7375802846428887,0.6784232264065969,above the cut-off
couple_renter,"couple, renters",False,True,constant_real,1.0,0.2,6.919364093563304,12.586613936986907,0.4420454877870411,1.1144926747285309,55.273549367304085,0.30575,2.775374486315994,0.6784232264065969,above the cut-off
couple_renter,"couple, renters",False,True,constant_real,1.0,0.3,6.919364093563304,12.586613936986907,0.4420454877870411,1.1091828076495376,55.273549367304085,0.23995,2.802562454324443,0.6784232264065969,above the cut-off
couple_renter,"couple, renters",False,True,constant_real,1.0,0.4,6.919364093563304,12.586613936986907,0.4420454877870411,1.0975099787387648,55.273549367304085,0.1916,2.8209240771988973,0.6784232264065969,above the cut-off
couple_renter,"couple, renters",False,True,constant_real,1.0,0.5,6.919364093563304,12.586613936986907,0.4420454877870411,1.0660317803692316,55.273549367304085,0.15755,2.8338780433093578,0.6784232264065969,above the cut-off
couple_renter,"couple, renters",False,True,constant_real,1.0,0.6,6.919364093563304,12.586613936986907,0.4420454877870411,1.0389894692059065,55.273549367304085,0.12995,2.8439142803958934,0.6784232264065969,above the cut-off
couple_renter,"couple, renters",False,True,constant_real,1.0,0.7,6.919364093563304,12.586613936986907,0.4420454877870411,1.0157085266173203,55.273549367304085,0.11,2.8522256270630466,0.6784232264065969,above the cut-off
couple_renter,"couple, renters",False,True,constant_real,1.0,0.8,6.919364093563304,12.586613936986907,0.4420454877870411,0.9936552467593004,55.273549367304085,0.0948,2.8577856964602444,0.6784232264065969,above the cut-off
couple_renter,"couple, renters",False,True,constant_real,1.0,0.9,6.919364093563304,12.586613936986907,0.4420454877870411,0.9596691983584456,55.273549367304085,0.0874,2.85976958892402,0.6784232264065969,above the cut-off
couple_renter,"couple, renters",False,True,constant_real,1.0,1.0,6.919364093563304,12.586613936986907,0.4420454877870411,0.9011672877815797,55.273549367304085,0.083,2.8581543766900976,0.6784232264065969,above the cut-off
couple_renter,"couple, renters",False,True,constant_percent,0.02,0.0,6.919364093563304,12.586613936986907,0.4420454877870411,0.5995036197315667,1.1054709873460817,0.0,0.6858921673302665,0.44039427879138315,below the free area
couple_renter,"couple, renters",False,True,constant_percent,0.02,0.1,6.919364093563304,12.586613936986907,0.4420454877870411,0.6007502131684752,1.1054709873460817,0.0,0.6892497055332727,0.440774957549003,below the free area
couple_renter,"couple, renters",False,True,constant_percent,0.02,0.2,6.919364093563304,12.586613936986907,0.4420454877870411,0.6020251375157802,1.1054709873460817,0.0,0.692885101392472,0.441134918607044,below the free area
couple_renter,"couple, renters",False,True,constant_percent,0.02,0.3,6.919364093563304,12.586613936986907,0.4420454877870411,0.6033236532243917,1.1054709873460817,0.0,0.6968129944995822,0.441488568495223,below the free area
couple_renter,"couple, renters",False,True,constant_percent,0.02,0.4,6.919364093563304,12.586613936986907,0.4420454877870411,0.6046393507846319,1.1054709873460817,0.0,0.7010365461914241,0.44180749858006874,below the free area
couple_renter,"couple, renters",False,True,constant_percent,0.02,0.5,6.919364093563304,12.586613936986907,0.4420454877870411,0.6059616103145818,1.1054709873460817,0.0,0.7055209258311056,0.4421391745191126,below the free area
couple_renter,"couple, renters",False,True,constant_percent,0.02,0.6,6.919364093563304,12.586613936986907,0.4420454877870411,0.60727821796312,1.1054709873460817,0.0,0.7102319004237176,0.4424051520306652,below the free area
couple_renter,"couple, renters",False,True,constant_percent,0.02,0.7,6.919364093563304,12.586613936986907,0.4420454877870411,0.6085808427776356,1.1054709873460817,0.0,0.7151909391774964,0.44263696794508733,below the free area
couple_renter,"couple, renters",False,True,constant_percent,0.02,0.8,6.919364093563304,12.586613936986907,0.4420454877870411,0.6098565552177989,1.1054709873460817,0.0,0.7203829190705742,0.44285099137691253,below the free area
couple_renter,"couple, renters",False,True,constant_percent,0.02,0.9,6.919364093563304,12.586613936986907,0.4420454877870411,0.6110889852385314,1.1054709873460817,0.0,0.7257714307308714,0.44302725977236324,below the free area
couple_renter,"couple, renters",False,True,constant_percent,0.02,1.0,6.919364093563304,12.586613936986907,0.4420454877870411,0.612258907846148,1.1054709873460817,0.0,0.7312846208622551,0.44320841765984315,below the free area
couple_renter,"couple, renters",False,True,constant_percent,0.04,0.0,6.919364093563304,12.586613936986907,0.4420454877870411,0.6408391542183315,2.2109419746921635,0.0,0.7268504747623472,0.47373462173880815,below the free area
couple_renter,"couple, renters",False,True,constant_percent,0.04,0.1,6.919364093563304,12.586613936986907,0.4420454877870411,0.6432211338393865,2.2109419746921635,0.0,0.7329971257954689,0.47449597925404785,below the free area
couple_renter,"couple, renters",False,True,constant_percent,0.04,0.2,6.919364093563304,12.586613936986907,0.4420454877870411,0.6456091608658471,2.2109419746921635,0.0,0.7394782280192418,0.4752159013701298,below the free area
couple_renter,"couple, renters",False,True,constant_percent,0.04,0.3,6.919364093563304,12.586613936986907,0.4420454877870411,0.647990456950751,2.2109419746921635,0.0,0.7462813416326533,0.4759232011464879,below the free area
couple_renter,"couple, renters",False,True,constant_percent,0.04,0.4,6.919364093563304,12.586613936986907,0.4420454877870411,0.6503398158943026,2.2109419746921635,0.0,0.7533900451220671,0.47656106131617926,below the free area
couple_renter,"couple, renters",False,True,constant_percent,0.04,0.5,6.919364093563304,12.586613936986907,0.4420454877870411,0.6526411663645348,2.2109419746921635,0.0,0.7607970131738233,0.477224413194267,below the free area
couple_renter,"couple, renters",False,True,constant_percent,0.04,0.6,6.919364093563304,12.586613936986907,0.4420454877870411,0.6548630930633537,2.2109419746921635,0.0,0.7684225439443136,0.47775636821737233,below the free area
couple_renter,"couple, renters",False,True,constant_percent,0.04,0.7,6.919364093563304,12.586613936986907,0.4420454877870411,0.6569692888129388,2.2109419746921635,0.0,0.7761870942643669,0.4782200000462165,below the free area
couple_renter,"couple, renters",False,True,constant_percent,0.04,0.8,6.919364093563304,12.586613936986907,0.4420454877870411,0.6589331279418685,2.2109419746921635,0.0,0.7840852318452104,0.47864804690986684,below the free area
couple_renter,"couple, renters",False,True,constant_percent,0.04,0.9,6.919364093563304,12.586613936986907,0.4420454877870411,0.6607347256835605,2.2109419746921635,0.0,0.7922088221344352,0.47900058370076826,below the free area
couple_renter,"couple, renters",False,True,constant_percent,0.04,1.0,6.919364093563304,12.586613936986907,0.4420454877870411,0.6623581535524673,2.2109419746921635,0.0,0.8007476158373141,0.47936289947572824,below the free area
couple_renter,"couple, renters",False,True,constant_percent,0.07,0.0,6.919364093563304,12.586613936986907,0.4420454877870411,0.6920117515216688,3.8691484557112865,0.0,0.779321279894449,0.5237451361599457,below the free area
couple_renter,"couple, renters",False,True,constant_percent,0.07,0.1,6.919364093563304,12.586613936986907,0.4420454877870411,0.6959115327654263,3.8691484557112865,0.0,0.7882833408161976,0.5250775118116151,below the free area
couple_renter,"couple, renters",False,True,constant_percent,0.07,0.2,6.919364093563304,12.586613936986907,0.4420454877870411,0.6997455395390628,3.8691484557112865,0.0,0.7976225538542896,0.5263373755147586,below the free area
couple_renter,"couple, renters",False,True,constant_percent,0.07,0.3,6.919364093563304,12.586613936986907,0.4420454877870411,0.7034684736138105,3.8691484557112865,0.0,0.807215051246135,0.5275751501233852,below the free area
couple_renter,"couple, renters",False,True,constant_percent,0.07,0.4,6.919364093563304,12.586613936986907,0.4420454877870411,0.7070140414446067,3.8691484557112865,0.0,0.816938287554801,0.5286914054203451,below the free area
couple_renter,"couple, renters",False,True,constant_percent,0.07,0.5,6.919364093563304,12.586613936986907,0.4420454877870411,0.7103366038035249,3.8691484557112865,0.0,0.8267768588920072,0.5298522712069986,below the free area
couple_renter,"couple, renters",False,True,constant_percent,0.07,0.6,6.919364093563304,12.586613936986907,0.4420454877870411,0.713414958264476,3.8691484557112865,0.0,0.8369161181980745,0.5307831924974329,below the free area
couple_renter,"couple, renters",False,True,constant_percent,0.07,0.7,6.919364093563304,12.586613936986907,0.4420454877870411,0.7162202360561523,3.8691484557112865,0.0,0.8475566082236587,0.5315945481979103,below the free area
couple_renter,"couple, renters",False,True,constant_percent,0.07,0.8,6.919364093563304,12.586613936986907,0.4420454877870411,0.7187354977313235,3.8691484557112865,0.0,0.8590337636332699,0.5323436302092984,below the free area
couple_renter,"couple, renters",False,True,constant_percent,0.07,0.9,6.919364093563304,12.586613936986907,0.4420454877870411,0.7209582478500919,3.8691484557112865,0.0,0.8717912956216712,0.5329605695933759,below the free area
couple_renter,"couple, renters",False,True,constant_percent,0.07,1.0,6.919364093563304,12.586613936986907,0.4420454877870411,0.7228881400376562,3.8691484557112865,0.0,0.8863463368105624,0.5335946221995558,below the free area
couple_renter,"couple, renters",False,True,constant_percent,0.1,0.0,6.919364093563304,12.586613936986907,0.4420454877870411,0.7339663747286312,5.52735493673041,0.0,0.8225696867684789,0.5737556505810831,below the free area
couple_renter,"couple, renters",False,True,constant_percent,0.1,0.1,6.919364093563304,12.586613936986907,0.4420454877870411,0.7390758960844575,5.52735493673041,0.0,0.8334195000632239,0.5756590443691824,below the free area
couple_renter,"couple, renters",False,True,constant_percent,0.1,0.2,6.919364093563304,12.586613936986907,0.4420454877870411,0.743981371058096,5.52735493673041,0.0,0.8444746628662126,0.5774588496593873,below the free area
couple_renter,"couple, renters",False,True,constant_percent,0.1,0.3,6.919364093563304,12.586613936986907,0.4420454877870411,0.748598209403618,5.52735493673041,0.0,0.8556515076608455,0.5792270991002826,below the free area
couple_renter,"couple, renters",False,True,constant_percent,0.1,0.4,6.919364093563304,12.586613936986907,0.4420454877870411,0.7528949394475536,5.52735493673041,0.0,0.867221084100435,0.5808217495245109,below the free area
couple_renter,"couple, renters",False,True,constant_percent,0.1,0.5,6.919364093563304,12.586613936986907,0.4420454877870411,0.7568489776876043,5.52735493673041,0.0,0.8794636351723222,0.5824801292197302,below the free area
couple_renter,"couple, renters",False,True,constant_percent,0.1,0.6,6.919364093563304,12.586613936986907,0.4420454877870411,0.7604391353428471,5.52735493673041,0.0,0.892699148492806,0.5838100167774934,below the free area
couple_renter,"couple, renters",False,True,constant_percent,0.1,0.7,6.919364093563304,12.586613936986907,0.4420454877870411,0.7636460732028056,5.52735493673041,0.0,0.9073709302880973,0.584969096349604,below the free area
couple_renter,"couple, renters",False,True,constant_percent,0.1,0.8,6.919364093563304,12.586613936986907,0.4420454877870411,0.766455029885225,5.52735493673041,0.0,0.9241071431551926,0.5860392135087299,below the free area
couple_renter,"couple, renters",False,True,constant_percent,0.1,0.9,6.919364093563304,12.586613936986907,0.4420454877870411,0.7688968170919352,5.52735493673041,0.0,0.9436142344241923,0.5869205554859835,below the free area
couple_renter,"couple, renters",False,True,constant_percent,0.1,1.0,6.919364093563304,12.586613936986907,0.4420454877870411,0.7709712618263257,5.52735493673041,0.0,0.9666418054023584,0.5878263449233834,below the free area
couple_renter,"couple, renters",False,True,constant_percent,0.14,0.0,6.919364093563304,12.586613936986907,0.4420454877870411,0.7788279414984705,7.738296911422573,0.0,0.8709184379590638,0.6404363364759332,inside the taper band
couple_renter,"couple, renters",False,True,constant_percent,0.14,0.1,6.919364093563304,12.586613936986907,0.4420454877870411,0.7850200359956991,7.738296911422573,0.0,0.8835825819478401,0.643101087779272,inside the taper band
couple_renter,"couple, renters",False,True,constant_percent,0.14,0.2,6.919364093563304,12.586613936986907,0.4420454877870411,0.7907898695815399,7.738296911422573,0.0,0.8966743210345531,0.645620815185559,inside the taper band
couple_renter,"couple, renters",False,True,constant_percent,0.14,0.3,6.919364093563304,12.586613936986907,0.4420454877870411,0.7961828421723832,7.738296911422573,0.0,0.9106595097536112,0.6480963644028124,inside the taper band
couple_renter,"couple, renters",False,True,constant_percent,0.14,0.4,6.919364093563304,12.586613936986907,0.4420454877870411,0.801172882158793,7.738296911422573,0.0,0.9259577581876959,0.6503288749967322,inside the taper band
couple_renter,"couple, renters",False,True,constant_percent,0.14,0.5,6.919364093563304,12.586613936986907,0.4420454877870411,0.8057173050164376,7.738296911422573,0.0,0.943018078888516,0.6526506065700391,inside the taper band
couple_renter,"couple, renters",False,True,constant_percent,0.14,0.6,6.919364093563304,12.586613936986907,0.4420454877870411,0.8097155651408382,7.738296911422573,0.0,0.9623175973150625,0.6545124491509077,inside the taper band
couple_renter,"couple, renters",False,True,constant_percent,0.14,0.7,6.919364093563304,12.586613936986907,0.4420454877870411,0.8132733447067207,7.738296911422573,0.0,0.9847831038418406,0.6561351605518624,inside the taper band
couple_renter,"couple, renters",False,True,constant_percent,0.14,0.8,6.919364093563304,12.586613936986907,0.4420454877870411,0.8164091197522473,7.738296911422573,0.0,1.0112359035141594,0.6576333245746385,inside the taper band
couple_renter,"couple, renters",False,True,constant_percent,0.14,0.9,6.919364093563304,12.586613936986907,0.4420454877870411,0.81921290473861,7.738296911422573,0.0,1.0426843868299727,0.6588672033427938,inside the taper band
couple_renter,"couple, renters",False,True,constant_percent,0.14,1.0,6.919364093563304,12.586613936986907,0.4420454877870411,0.8217062270504364,7.738296911422573,0.0,1.0800609613344445,0.6601353085551533,inside the taper band
couple_renter,"couple, renters",False,True,constant_percent,0.2,0.0,6.919364093563304,12.586613936986907,0.4420454877870411,0.8290840609403245,11.05470987346082,0.0,0.9361261890729575,0.6912386206322213,inside the taper band
couple_renter,"couple, renters",False,True,constant_percent,0.2,0.1,6.919364093563304,12.586613936986907,0.4420454877870411,0.8363126416946473,11.05470987346082,0.0,0.9528074905726496,0.6971095713917272,inside the taper band
couple_renter,"couple, renters",False,True,constant_percent,0.2,0.2,6.919364093563304,12.586613936986907,0.4420454877870411,0.8430402363939399,11.05470987346082,0.0,0.9712104327384005,0.7032114594089384,inside the taper band
couple_renter,"couple, renters",False,True,constant_percent,0.2,0.3,6.919364093563304,12.586613936986907,0.4420454877870411,0.8492954005989866,11.05470987346082,0.0,0.9920496330855678,0.709259364398574,inside the taper band
couple_renter,"couple, renters",False,True,constant_percent,0.2,0.4,6.919364093563304,12.586613936986907,0.4420454877870411,0.854925425519442,11.05470987346082,0.0,1.0158009645681199,0.714712668158174,inside the taper band
couple_renter,"couple, renters",False,True,constant_percent,0.2,0.5,6.919364093563304,12.586613936986907,0.4420454877870411,0.8600273030277931,11.05470987346082,0.0,1.0432903220830525,0.7198482382223528,inside the taper band
couple_renter,"couple, renters",False,True,constant_percent,0.2,0.6,6.919364093563304,12.586613936986907,0.4420454877870411,0.864764564905154,11.05470987346082,0.0,1.0756525947532598,0.7245493354304519,inside the taper band
couple_renter,"couple, renters",False,True,constant_percent,0.2,0.7,6.919364093563304,12.586613936986907,0.4420454877870411,0.8691354468985475,11.05470987346082,0.0,1.1137931886927066,0.7283227738296219,inside the taper band
couple_renter,"couple, renters",False,True,constant_percent,0.2,0.8,6.919364093563304,12.586613936986907,0.4420454877870411,0.8731659317164036,11.05470987346082,0.0,1.1587355402552324,0.7313594231691535,inside the taper band
couple_renter,"couple, renters",False,True,constant_percent,0.2,0.9,6.919364093563304,12.586613936986907,0.4420454877870411,0.876981227642275,11.05470987346082,0.0,1.2116252142212771,0.7335959552314474,inside the taper band
couple_renter,"couple, renters",False,True,constant_percent,0.2,1.0,6.919364093563304,12.586613936986907,0.4420454877870411,0.8805261964442516,11.05470987346082,0.0,1.2733192140762624,0.7350473966709401,inside the taper band
couple_renter,"couple, renters",False,True,constant_percent,0.28,0.0,6.919364093563304,12.586613936986907,0.4420454877870411,0.8783269337480727,15.476593822845146,0.0,1.0294170636104243,0.7162466637273398,above the cut-off
couple_renter,"couple, renters",False,True,constant_percent,0.28,0.1,6.919364093563304,12.586613936986907,0.4420454877870411,0.8869064998211331,15.476593822845146,0.0,1.0549388433948677,0.7279307270607002,above the cut-off
couple_renter,"couple, renters",False,True,constant_percent,0.28,0.2,6.919364093563304,12.586613936986907,0.4420454877870411,0.89483072829024,15.476593822845146,0.0,1.084136826813134,0.7395418418215509,above the cut-off
couple_renter,"couple, renters",False,True,constant_percent,0.28,0.3,6.919364093563304,12.586613936986907,0.4420454877870411,0.9022745655975655,15.476593822845146,0.0,1.1179216377960437,0.750445666696309,above the cut-off
couple_renter,"couple, renters",False,True,constant_percent,0.28,0.4,6.919364093563304,12.586613936986907,0.4420454877870411,0.9092135368216592,15.476593822845146,0.0,1.1571420770561909,0.7606988690327744,above the cut-off
couple_renter,"couple, renters",False,True,constant_percent,0.28,0.5,6.919364093563304,12.586613936986907,0.4420454877870411,0.9157472082857148,15.476593822845146,0.0,1.2029866908255822,0.770093593822016,above the cut-off
couple_renter,"couple, renters",False,True,constant_percent,0.28,0.6,6.919364093563304,12.586613936986907,0.4420454877870411,0.9219483428939532,15.476593822845146,0.0,1.2565151764461602,0.7740388415941226,above the cut-off
couple_renter,"couple, renters",False,True,constant_percent,0.28,0.7,6.919364093563304,12.586613936986907,0.4420454877870411,0.9278282916507107,15.476593822845146,0.0,1.3188509184370936,0.7754122517947877,above the cut-off
couple_renter,"couple, renters",False,True,constant_percent,0.28,0.8,6.919364093563304,12.586613936986907,0.4420454877870411,0.9335382405043952,15.476593822845146,0.0,1.3911845722096476,0.776541906040721,above the cut-off
couple_renter,"couple, renters",False,True,constant_percent,0.28,0.9,6.919364093563304,12.586613936986907,0.4420454877870411,0.9389127586247342,15.476593822845146,0.0,1.4744081502219588,0.777222887460885,above the cut-off
couple_renter,"couple, renters",False,True,constant_percent,0.28,1.0,6.919364093563304,12.586613936986907,0.4420454877870411,0.9437602445423536,15.476593822845146,0.0,1.569326897351562,0.7777891689545924,above the cut-off
couple_renter,"couple, renters",False,True,constant_percent,0.4,0.0,6.919364093563304,12.586613936986907,0.4420454877870411,0.9358374430513223,22.10941974692164,0.0,1.1965545867976428,0.7514077124185881,above the cut-off
couple_renter,"couple, renters",False,True,constant_percent,0.4,0.1,6.919364093563304,12.586613936986907,0.4420454877870411,0.9467880579750145,22.10941974692164,0.0,1.2398821364782444,0.7692603375710833,above the cut-off
couple_renter,"couple, renters",False,True,constant_percent,0.4,0.2,6.919364093563304,12.586613936986907,0.4420454877870411,0.9571607177599575,22.10941974692164,0.0,1.289850431041614,0.7765616742648793,above the cut-off
couple_renter,"couple, renters",False,True,constant_percent,0.4,0.3,6.919364093563304,12.586613936986907,0.4420454877870411,0.9669756098267881,22.10941974692164,0.0,1.3474603435038142,0.7801802165473511,above the cut-off
couple_renter,"couple, renters",False,True,constant_percent,0.4,0.4,6.919364093563304,12.586613936986907,0.4420454877870411,0.9763460952220407,22.10941974692164,0.0,1.4139002347654592,0.7830114156322013,above the cut-off
couple_renter,"couple, renters",False,True,constant_percent,0.4,0.5,6.919364093563304,12.586613936986907,0.4420454877870411,0.9853946130019797,22.10941974692164,0.0,1.4904330398419166,0.7852502601322137,above the cut-off
couple_renter,"couple, renters",False,True,constant_percent,0.4,0.6,6.919364093563304,12.586613936986907,0.4420454877870411,0.9940629066750802,22.10941974692164,0.0,1.5783375005150648,0.7867952852437478,above the cut-off
couple_renter,"couple, renters",False,True,constant_percent,0.4,0.7,6.919364093563304,12.586613936986907,0.4420454877870411,1.0026629272804404,22.10941974692164,0.0,1.6789409903451349,0.7881625974401717,above the cut-off
couple_renter,"couple, renters",False,True,constant_percent,0.4,0.8,6.919364093563304,12.586613936986907,0.4420454877870411,1.0106448571552435,22.10941974692164,0.0,1.7930221028164064,0.789116978825665,above the cut-off
couple_renter,"couple, renters",False,True,constant_percent,0.4,0.9,6.919364093563304,12.586613936986907,0.4420454877870411,1.0179818754481151,22.10941974692164,0.0,1.9215469248698764,0.7899387332215223,above the cut-off
couple_renter,"couple, renters",False,True,constant_percent,0.4,1.0,6.919364093563304,12.586613936986907,0.4420454877870411,1.0246967166398642,22.10941974692164,0.0,2.0656067725579446,0.7907155354753591,above the cut-off
couple_renter,"couple, renters",False,True,constant_percent,0.6,0.0,6.919364093563304,12.586613936986907,0.4420454877870411,1.0136167585226064,33.164129620382454,0.0,1.5309556145049072,0.7803722256942089,above the cut-off
couple_renter,"couple, renters",False,True,constant_percent,0.6,0.1,6.919364093563304,12.586613936986907,0.4420454877870411,1.029270979960236,33.164129620382454,0.0,1.6089410059727498,0.7857792607573082,above the cut-off
couple_renter,"couple, renters",False,True,constant_percent,0.6,0.2,6.919364093563304,12.586613936986907,0.4420454877870411,1.044580266346169,33.164129620382454,0.0,1.6979791729266993,0.7904224021556651,above the cut-off
couple_renter,"couple, renters",False,True,constant_percent,0.6,0.3,6.919364093563304,12.586613936986907,0.4420454877870411,1.0594733517033317,33.164129620382454,0.0,1.799254471480287,0.7941034289806237,above the cut-off
couple_renter,"couple, renters",False,True,constant_percent,0.6,0.4,6.919364093563304,12.586613936986907,0.4420454877870411,1.0738917411506577,33.164129620382454,0.0,1.9142280993404264,0.7970544362797048,above the cut-off
couple_renter,"couple, renters",False,True,constant_percent,0.6,0.5,6.919364093563304,12.586613936986907,0.4420454877870411,1.0882739515932538,33.164129620382454,0.0,2.044352826841442,0.7992605885465591,above the cut-off
couple_renter,"couple, renters",False,True,constant_percent,0.6,0.6,6.919364093563304,12.586613936986907,0.4420454877870411,1.1027410158635442,33.164129620382454,0.0,2.190939848977179,0.8017418554687421,above the cut-off
couple_renter,"couple, renters",False,True,constant_percent,0.6,0.7,6.919364093563304,12.586613936986907,0.4420454877870411,1.1165469407612971,33.164129620382454,0.0,2.35485962015429,0.8043943043648156,above the cut-off
couple_renter,"couple, renters",False,True,constant_percent,0.6,0.8,6.919364093563304,12.586613936986907,0.4420454877870411,1.1290951393055648,33.164129620382454,0.0,2.5371666934191324,0.8065639883328216,above the cut-off
couple_renter,"couple, renters",False,True,constant_percent,0.6,0.9,6.919364093563304,12.586613936986907,0.4420454877870411,1.139985130359088,33.164129620382454,0.0,2.7392152514892456,0.8079788314716891,above the cut-off
couple_renter,"couple, renters",False,True,constant_percent,0.6,1.0,6.919364093563304,12.586613936986907,0.4420454877870411,1.1493273968109732,33.164129620382454,0.0,2.9627722710920996,0.8096037210313698,above the cut-off
couple_renter,"couple, renters",False,True,constant_percent,1.0,0.0,6.919364093563304,12.586613936986907,0.4420454877870411,1.1501321977188583,55.273549367304085,0.0,2.3080326853198274,0.7996987936996294,above the cut-off
couple_renter,"couple, renters",False,True,constant_percent,1.0,0.1,6.919364093563304,12.586613936986907,0.4420454877870411,1.1793037652866636,55.273549367304085,0.0,2.4600745544875706,0.8091706200239915,above the cut-off
couple_renter,"couple, renters",False,True,constant_percent,1.0,0.2,6.919364093563304,12.586613936986907,0.4420454877870411,1.2078207147079687,55.273549367304085,0.0,2.6302596076829836,0.8162373020789713,above the cut-off
couple_renter,"couple, renters",False,True,constant_percent,1.0,0.3,6.919364093563304,12.586613936986907,0.4420454877870411,1.2366049836026642,55.273549367304085,0.0,2.820411598876545,0.8239849198518128,above the cut-off
couple_renter,"couple, renters",False,True,constant_percent,1.0,0.4,6.919364093563304,12.586613936986907,0.4420454877870411,1.2654724318887987,55.273549367304085,0.0,3.0320801533666906,0.8328995993553381,above the cut-off
couple_renter,"couple, renters",False,True,constant_percent,1.0,0.5,6.919364093563304,12.586613936986907,0.4420454877870411,1.2929409543234034,55.273549367304085,0.0,3.266552113105488,0.8423897856810187,above the cut-off
couple_renter,"couple, renters",False,True,constant_percent,1.0,0.6,6.919364093563304,12.586613936986907,0.4420454877870411,1.3184719688412057,55.273549367304085,0.0,3.5254023182953578,0.8521316295209798,above the cut-off
couple_renter,"couple, renters",False,True,constant_percent,1.0,0.7,6.919364093563304,12.586613936986907,0.4420454877870411,1.3407395132882587,55.273549367304085,0.0,3.8103368180465886,0.8602944783698457,above the cut-off
couple_renter,"couple, renters",False,True,constant_percent,1.0,0.8,6.919364093563304,12.586613936986907,0.4420454877870411,1.3605163919924188,55.273549367304085,0.0,4.123653081276731,0.8697841372935567,above the cut-off
couple_renter,"couple, renters",False,True,constant_percent,1.0,0.9,6.919364093563304,12.586613936986907,0.4420454877870411,1.3772147910096284,55.273549367304085,0.0,4.467870705094269,0.8773279703442451,above the cut-off
couple_renter,"couple, renters",False,True,constant_percent,1.0,1.0,6.919364093563304,12.586613936986907,0.4420454877870411,1.390429888403115,55.273549367304085,0.0,4.845957986517003,0.8841452345739932,above the cut-off
